Week of:,Week Number,World,Data,,,,,,,,Min,Max,Average,Data Points,Observed Variance,Prev 1W Average,Prev 2W Average,Prev 3W Average,Prev 4W Average,Prev 5W Average,Prev 6W Average,Prev 7W Average,Prev 8W Average,Prev 9W Average,Prev 10W Average
07/Feb/24,1,301,16,,,,,,,,16,16,16,1,0,,,,,,,,,,
,1,308,,,,,,,,,,,,0,,,,,,,,,,,
,1,316,23,,,,,,,,23,23,23,1,0,,,,,,,,,,
,1,326,23,21,,,,,,,21,23,22,2,2,,,,,,,,,,
,1,335,24,17,11,23,10,19,,,10,24,17.33333333,6,14,,,,,,,,,,
,1,372 (750),24,,,,,,,,24,24,24,1,0,,,,,,,,,,
,1,379,21,,,,,,,,21,21,21,1,0,,,,,,,,,,
,1,380,23,,,,,,,,23,23,23,1,0,,,,,,,,,,
,1,381 (500),9,,,,,,,,9,9,9,1,0,,,,,,,,,,
,1,382,14,,,,,,,,14,14,14,1,0,,,,,,,,,,
,1,383,27,27,,,,,,,27,27,27,2,0,,,,,,,,,,
,1,384,11,6,2,,,,,,2,11,6.333333333,3,9,,,,,,,,,,
,1,393 (750),,,,,,,,,,,,0,,,,,,,,,,,
,1,397,9,14,6,13,6,,,,6,14,9.6,5,8,,,,,,,,,,
,1,398,22,25,,,,,,,22,25,23.5,2,3,,,,,,,,,,
,1,399,29,23,,,,,,,23,29,26,2,6,,,,,,,,,,
,1,413 (500),,,,,,,,,,,,0,,,,,,,,,,,
,1,414 (750),8,0,,,,,,,0,8,4,1,8,,,,,,,,,,
,1,417,17,9,15,,,,,,9,17,13.66666667,3,8,,,,,,,,,,
,1,418,21,17,28,,,,,,17,28,22,3,11,,,,,,,,,,
,1,419 (500),,,,,,,,,,,,0,,,,,,,,,,,
,1,427 (500),,,,,,,,,,,,0,,,,,,,,,,,
,1,430,,,,,,,,,,,,0,,,,,,,,,,,
,1,431,5,,,,,,,,5,5,5,1,0,,,,,,,,,,
,1,432 (750),,,,,,,,,,,,0,,,,,,,,,,,
,1,433,17,,,,,,,,17,17,17,1,0,,,,,,,,,,
,1,434,32,27,,,,,,,27,32,29.5,2,5,,,,,,,,,,
,1,435,16,7,,,,,,,7,16,11.5,2,9,,,,,,,,,,
,1,436,31,,,,,,,,31,31,31,1,0,,,,,,,,,,
,1,437,12,13,21,,,,,,12,21,15.33333333,3,9,,,,,,,,,,
,1,451,11,13,7,5,6,,,,5,13,8.4,5,8,,,,,,,,,,
,1,452,14,18,,,,,,,14,18,16,2,4,,,,,,,,,,
,1,453,18,,,,,,,,18,18,18,1,0,,,,,,,,,,
,1,454,4,3,,,,,,,3,4,3.5,2,1,,,,,,,,,,
,1,455,34,25,,,,,,,25,34,29.5,2,9,,,,,,,,,,
,1,456,23,26,14,,,,,,14,26,21,3,12,,,,,,,,,,
,1,468 (500),13,16,,,,,,,13,16,14.5,2,3,,,,,,,,,,
,1,469,30,23,26,,,,,,23,30,26.33333333,3,7,,,,,,,,,,
,1,475,28,17,27,30,,,,,17,30,25.5,4,13,,,,,,,,,,
,1,476,30,32,34,23,,,,,23,34,29.75,4,11,,,,,,,,,,
,1,483,20,11,9,12,15,,,,9,20,13.4,5,11,,,,,,,,,,
,1,497,20,27,,,,,,,20,27,23.5,2,7,,,,,,,,,,
,1,498,0,14,16,,,,,,0,16,10,2,16,,,,,,,,,,
,1,499,24,12,9,,,,,,9,24,15,3,15,,,,,,,,,,
,1,500,24,23,20,24,15,,,,15,24,21.2,5,9,,,,,,,,,,
,1,501,29,32,41,34,,,,,29,41,34,4,12,,,,,,,,,,
,1,530 (750),37,29,,,,,,,29,37,33,2,8,,,,,,,,,,
,1,537,11,,,,,,,,11,11,11,1,0,,,,,,,,,,
,1,544,,,,,,,,,,,,0,,,,,,,,,,,
,1,545,31,35,38,31,,,,,31,38,33.75,4,7,,,,,,,,,,
,1,546,23,38,,,,,,,23,38,30.5,2,15,,,,,,,,,,
,1,547,2,8,14,10,10,,,,2,14,8.8,5,12,,,,,,,,,,
,1,552,18,22,,,,,,,18,22,20,2,4,,,,,,,,,,
,1,553,11,,,,,,,,11,11,11,1,0,,,,,,,,,,
,1,554,2,6,,,,,,,2,6,4,2,4,,,,,,,,,,
,1,555,28,28,37,,,,,,28,37,31,3,9,,,,,,,,,,
,1,561 (pvp),,,,,,,,,,,,0,,,,,,,,,,,
,1,571,34,36,32,32,40,,,,32,40,34.8,5,8,,,,,,,,,,
,1,575,24,28,26,,,,,,24,28,26,3,4,,,,,,,,,,
,1,577 (pvp),,,,,,,,,,,,0,,,,,,,,,,,
14/Feb/24,2,301,30,,,,,,,,30,30,30,1,0,16,,,,,,,,,
,2,308,,,,,,,,,,,,0,,,,,,,,,,,
,2,316,35,36,,,,,,,35,36,35.5,2,1,23,,,,,,,,,
,2,326,30,,,,,,,,30,30,30,1,0,22,,,,,,,,,
,2,335,16,,,,,,,,16,16,16,1,0,17.33333333,,,,,,,,,
,2,372 (750),38,,,,,,,,38,38,38,1,0,24,,,,,,,,,
,2,379,20,,,,,,,,20,20,20,1,0,21,,,,,,,,,
,2,380,13,4,5,,,,,,4,13,7.333333333,3,9,23,,,,,,,,,
,2,381 (500),34,,,,,,,,34,34,34,1,0,9,,,,,,,,,
,2,382,7,6,19,,,,,,6,19,10.66666667,3,13,14,,,,,,,,,
,2,383,21,17,16,,,,,,16,21,18,3,5,27,,,,,,,,,
,2,384,,,,,,,,,,,,0,,6.333333333,,,,,,,,,
,2,393 (750),24,,,,,,,,24,24,24,1,0,,,,,,,,,,
,2,397,26,20,27,14,16,,,,14,27,20.6,5,13,9.6,,,,,,,,,
,2,398,35,,,,,,,,35,35,35,1,0,23.5,,,,,,,,,
,2,399,28,31,32,31,36,,,,28,36,31.6,5,8,26,,,,,,,,,
,2,413 (500),16,16,,,,,,,16,16,16,2,0,,,,,,,,,,
,2,414 (750),,18,,,,,,,18,18,18,1,0,4,,,,,,,,,
,2,417,13,21,,,,,,,13,21,17,2,8,13.66666667,,,,,,,,,
,2,418,28,,,,,,,,28,28,28,1,0,22,,,,,,,,,
,2,419 (500),26,37,36,40,,,,,26,40,34.75,4,14,,,,,,,,,,
,2,427 (500),27,15,,,,,,,15,27,21,2,12,,,,,,,,,,
,2,430,9,,,,,,,,9,9,9,1,0,,,,,,,,,,
,2,431,26,19,,,,,,,19,26,22.5,2,7,5,,,,,,,,,
,2,432 (750),35,,,,,,,,35,35,35,1,0,,,,,,,,,,
,2,433,11,17,8,21,10,,,,8,21,13.4,5,13,17,,,,,,,,,
,2,434,30,,,,,,,,30,30,30,1,0,29.5,,,,,,,,,
,2,435,10,21,,,,,,,10,21,15.5,2,11,11.5,,,,,,,,,
,2,436,20,35,,,,,,,20,35,27.5,2,15,31,,,,,,,,,
,2,437,17,21,13,14,,,,,13,21,16.25,4,8,15.33333333,,,,,,,,,
,2,451,39,32,31,33,25,38,27,,25,39,32.14285714,7,14,8.4,,,,,,,,,
,2,452,,,,,,,,,,,,0,,16,,,,,,,,,
,2,453,28,37,29,,,,,,28,37,31.33333333,3,9,18,,,,,,,,,
,2,454,32,,,,,,,,32,32,32,1,0,3.5,,,,,,,,,
,2,455,,,,,,,,,,,,0,,29.5,,,,,,,,,
,2,456,37,39,33,39,,,,,33,39,37,4,6,21,,,,,,,,,
,2,468 (500),14,6,7,,,,,,6,14,9,3,8,14.5,,,,,,,,,
,2,469,22,,,,,,,,22,22,22,1,0,26.33333333,,,,,,,,,
,2,475,27,21,19,,,,,,19,27,22.33333333,3,8,25.5,,,,,,,,,
,2,476,21,19,20,,,,,,19,21,20,3,2,29.75,,,,,,,,,
,2,483,13,21,19,9,,,,,9,21,15.5,4,12,13.4,,,,,,,,,
,2,497,20,25,,,,,,,20,25,22.5,2,5,23.5,,,,,,,,,
,2,498,24,12,13,16,,,,,12,24,16.25,4,12,10,,,,,,,,,
,2,499,38,36,,,,,,,36,38,37,2,2,15,,,,,,,,,
,2,500,34,,,,,,,,34,34,34,1,0,21.2,,,,,,,,,
,2,501,15,22,,,,,,,15,22,18.5,2,7,34,,,,,,,,,
,2,530 (750),,,,,,,,,,,,0,,33,,,,,,,,,
,2,537,8,,,,,,,,8,8,8,1,0,11,,,,,,,,,
,2,544,27,33,,,,,,,27,33,30,2,6,,,,,,,,,,
,2,545,13,19,,,,,,,13,19,16,2,6,33.75,,,,,,,,,
,2,546,,,,,,,,,,,,0,,30.5,,,,,,,,,
,2,547,8,,,,,,,,8,8,8,1,0,8.8,,,,,,,,,
,2,552,31,,,,,,,,31,31,31,1,0,20,,,,,,,,,
,2,553,15,15,,,,,,,15,15,15,2,0,11,,,,,,,,,
,2,554,34,29,33,,,,,,29,34,32,3,5,4,,,,,,,,,
,2,555,0,2,2,,,,,,0,2,1.333333333,2,2,31,,,,,,,,,
,2,561 (pvp),15,,,,,,,,15,15,15,1,0,,,,,,,,,,
,2,571,30,25,29,,,,,,25,30,28,3,5,34.8,,,,,,,,,
,2,575,34,35,26,,,,,,26,35,31.66666667,3,9,26,,,,,,,,,
,2,577 (pvp),,,,,,,,,,,,0,,,,,,,,,,,
21/Feb/24,3,301,,,,,,,,,,,,0,,30,16,,,,,,,,
,3,308,21,24,25,33,,,,,21,33,25.75,4,12,,,,,,,,,,
,3,316,15,,,,,,,,15,15,15,1,0,35.5,23,,,,,,,,
,3,326,8,12,11,,,,,,8,12,10.33333333,3,4,30,22,,,,,,,,
,3,335,9,13,10,,,,,,9,13,10.66666667,3,4,16,17.33333333,,,,,,,,
,3,372 (750),20,,,,,,,,20,20,20,1,0,38,24,,,,,,,,
,3,379,12,1,2,3,,,,,1,12,4.5,4,11,20,21,,,,,,,,
,3,380,,,,,,,,,,,,0,,7.333333333,23,,,,,,,,
,3,381 (500),16,,,,,,,,16,16,16,1,0,34,9,,,,,,,,
,3,382,18,23,,,,,,,18,23,20.5,2,5,10.66666667,14,,,,,,,,
,3,383,18,13,24,28,,,,,13,28,20.75,4,15,18,27,,,,,,,,
,3,384,22,25,,,,,,,22,25,23.5,2,3,,6.333333333,,,,,,,,
,3,393 (750),9,7,,,,,,,7,9,8,2,2,24,,,,,,,,,
,3,397,1,0,12,,,,,,0,12,4.333333333,2,12,20.6,9.6,,,,,,,,
,3,398,22,23,17,,,,,,17,23,20.66666667,3,6,35,23.5,,,,,,,,
,3,399,29,30,26,22,,,,,22,30,26.75,4,8,31.6,26,,,,,,,,
,3,413 (500),13,,,,,,,,13,13,13,1,0,16,,,,,,,,,
,3,414 (750),28,,,,,,,,28,28,28,1,0,18,4,,,,,,,,
,3,417,29,,,,,,,,29,29,29,1,0,17,13.66666667,,,,,,,,
,3,418,4,,,,,,,,4,4,4,1,0,28,22,,,,,,,,
,3,419 (500),,,,,,,,,,,,0,,34.75,,,,,,,,,
,3,427 (500),14,20,,,,,,,14,20,17,2,6,21,,,,,,,,,
,3,430,26,,,,,,,,26,26,26,1,0,9,,,,,,,,,
,3,431,19,20,29,21,,,,,19,29,22.25,4,10,22.5,5,,,,,,,,
,3,432 (750),,,,,,,,,,,,0,,35,,,,,,,,,
,3,433,,,,,,,,,,,,0,,13.4,17,,,,,,,,
,3,434,,,,,,,,,,,,0,,30,29.5,,,,,,,,
,3,435,33,35,,,,,,,33,35,34,2,2,15.5,11.5,,,,,,,,
,3,436,24,17,,,,,,,17,24,20.5,2,7,27.5,31,,,,,,,,
,3,437,36,,,,,,,,36,36,36,1,0,16.25,15.33333333,,,,,,,,
,3,451,,,,,,,,,,,,0,,32.14285714,8.4,,,,,,,,
,3,452,26,,,,,,,,26,26,26,1,0,,16,,,,,,,,
,3,453,30,34,,,,,,,30,34,32,2,4,31.33333333,18,,,,,,,,
,3,454,12,23,,,,,,,12,23,17.5,2,11,32,3.5,,,,,,,,
,3,455,30,25,,,,,,,25,30,27.5,2,5,,29.5,,,,,,,,
,3,456,25,,,,,,,,25,25,25,1,0,37,21,,,,,,,,
,3,468 (500),27,20,24,,,,,,20,27,23.66666667,3,7,9,14.5,,,,,,,,
,3,469,,,,,,,,,,,,0,,22,26.33333333,,,,,,,,
,3,475,,,,,,,,,,,,0,,22.33333333,25.5,,,,,,,,
,3,476,17,,,,,,,,17,17,17,1,0,20,29.75,,,,,,,,
,3,483,34,36,28,27,,,,,27,36,31.25,4,9,15.5,13.4,,,,,,,,
,3,497,20,17,,,,,,,17,20,18.5,2,3,22.5,23.5,,,,,,,,
,3,498,25,21,29,25,21,,,,21,29,24.2,5,8,16.25,10,,,,,,,,
,3,499,18,9,,,,,,,9,18,13.5,2,9,37,15,,,,,,,,
,3,500,14,19,10,10,,,,,10,19,13.25,4,9,34,21.2,,,,,,,,
,3,501,,,,,,,,,,,,0,,18.5,34,,,,,,,,
,3,530 (750),17,,,,,,,,17,17,17,1,0,,33,,,,,,,,
,3,537,25,33,,,,,,,25,33,29,2,8,8,11,,,,,,,,
,3,544,36,24,31,,,,,,24,36,30.33333333,3,12,30,,,,,,,,,
,3,545,3,2,,,,,,,2,3,2.5,2,1,16,33.75,,,,,,,,
,3,546,10,14,,,,,,,10,14,12,2,4,,30.5,,,,,,,,
,3,547,,,,,,,,,,,,0,,8,8.8,,,,,,,,
,3,552,8,,,,,,,,8,8,8,1,0,31,20,,,,,,,,
,3,553,16,19,22,,,,,,16,22,19,3,6,15,11,,,,,,,,
,3,554,12,,,,,,,,12,12,12,1,0,32,4,,,,,,,,
,3,555,26,37,,,,,,,26,37,31.5,2,11,1.333333333,31,,,,,,,,
,3,561 (pvp),,,,,,,,,,,,0,,15,,,,,,,,,
,3,571,25,22,,,,,,,22,25,23.5,2,3,28,34.8,,,,,,,,
,3,575,20,24,,,,,,,20,24,22,2,4,31.66666667,26,,,,,,,,
,3,577 (pvp),,,,,,,,,,,,0,,,,,,,,,,,
28/Feb/24,4,301,27,34,35,,,,,,27,35,32,3,8,,30,16,,,,,,,
,4,308,,,,,,,,,,,,0,,25.75,,,,,,,,,
,4,316,23,18,31,,,,,,18,31,24,3,13,15,35.5,23,,,,,,,
,4,326,0,6,,,,,,,0,6,3,1,6,10.33333333,30,22,,,,,,,
,4,335,21,,,,,,,,21,21,21,1,0,10.66666667,16,17.33333333,,,,,,,
,4,372 (750),,,,,,,,,,,,0,,20,38,24,,,,,,,
,4,379,,,,,,,,,,,,0,,4.5,20,21,,,,,,,
,4,380,,,,,,,,,,,,0,,,7.333333333,23,,,,,,,
,4,381 (500),19,,,,,,,,19,19,19,1,0,16,34,9,,,,,,,
,4,382,0,,,,,,,,0,0,0,0,0,20.5,10.66666667,14,,,,,,,
,4,383,15,24,,,,,,,15,24,19.5,2,9,20.75,18,27,,,,,,,
,4,384,26,39,30,,,,,,26,39,31.66666667,3,13,23.5,,6.333333333,,,,,,,
,4,393 (750),26,,,,,,,,26,26,26,1,0,8,24,,,,,,,,
,4,397,,,,,,,,,,,,0,,4.333333333,20.6,9.6,,,,,,,
,4,398,35,32,35,,,,,,32,35,34,3,3,20.66666667,35,23.5,,,,,,,
,4,399,15,,,,,,,,15,15,15,1,0,26.75,31.6,26,,,,,,,
,4,413 (500),20,,,,,,,,20,20,20,1,0,13,16,,,,,,,,
,4,414 (750),,,,,,,,,,,,0,,28,18,4,,,,,,,
,4,417,,,,,,,,,,,,0,,29,17,13.66666667,,,,,,,
,4,418,,,,,,,,,,,,0,,4,28,22,,,,,,,
,4,419 (500),,,,,,,,,,,,0,,,34.75,,,,,,,,
,4,427 (500),,,,,,,,,,,,0,,17,21,,,,,,,,
,4,430,27,22,,,,,,,22,27,24.5,2,5,26,9,,,,,,,,
,4,431,14,20,13,19,,,,,13,20,16.5,4,7,22.25,22.5,5,,,,,,,
,4,432 (750),,,,,,,,,,,,0,,,35,,,,,,,,
,4,433,27,,,,,,,,27,27,27,1,0,,13.4,17,,,,,,,
,4,434,15,7,,,,,,,7,15,11,2,8,,30,29.5,,,,,,,
,4,435,10,,,,,,,,10,10,10,1,0,34,15.5,11.5,,,,,,,
,4,436,15,,,,,,,,15,15,15,1,0,20.5,27.5,31,,,,,,,
,4,437,,,,,,,,,,,,0,,36,16.25,15.33333333,,,,,,,
,4,451,15,15,,,,,,,15,15,15,2,0,,32.14285714,8.4,,,,,,,
,4,452,,,,,,,,,,,,0,,26,,16,,,,,,,
,4,453,6,,,,,,,,6,6,6,1,0,32,31.33333333,18,,,,,,,
,4,454,17,,,,,,,,17,17,17,1,0,17.5,32,3.5,,,,,,,
,4,455,33,26,29,,,,,,26,33,29.33333333,3,7,27.5,,29.5,,,,,,,
,4,456,10,,,,,,,,10,10,10,1,0,25,37,21,,,,,,,
,4,468 (500),,,,,,,,,,,,0,,23.66666667,9,14.5,,,,,,,
,4,469,6,,,,,,,,6,6,6,1,0,,22,26.33333333,,,,,,,
,4,475,30,22,,,,,,,22,30,26,2,8,,22.33333333,25.5,,,,,,,
,4,476,36,32,,,,,,,32,36,34,2,4,17,20,29.75,,,,,,,
,4,483,22,,,,,,,,22,22,22,1,0,31.25,15.5,13.4,,,,,,,
,4,497,17,28,,,,,,,17,28,22.5,2,11,18.5,22.5,23.5,,,,,,,
,4,498,,,,,,,,,,,,0,,24.2,16.25,10,,,,,,,
,4,499,21,20,,,,,,,20,21,20.5,2,1,13.5,37,15,,,,,,,
,4,500,,,,,,,,,,,,0,,13.25,34,21.2,,,,,,,
,4,501,4,,,,,,,,4,4,4,1,0,,18.5,34,,,,,,,
,4,530 (750),19,,,,,,,,19,19,19,1,0,17,,33,,,,,,,
,4,537,15,,,,,,,,15,15,15,1,0,29,8,11,,,,,,,
,4,544,,,,,,,,,,,,0,,30.33333333,30,,,,,,,,
,4,545,6,12,,,,,,,6,12,9,2,6,2.5,16,33.75,,,,,,,
,4,546,8,0,,,,,,,0,8,4,1,8,12,,30.5,,,,,,,
,4,547,13,,,,,,,,13,13,13,1,0,,8,8.8,,,,,,,
,4,552,11,21,,,,,,,11,21,16,2,10,8,31,20,,,,,,,
,4,553,0,,,,,,,,0,0,0,0,0,19,15,11,,,,,,,
,4,554,2,,,,,,,,2,2,2,1,0,12,32,4,,,,,,,
,4,555,,,,,,,,,,,,0,,31.5,1.333333333,31,,,,,,,
,4,561 (pvp),,,,,,,,,,,,0,,,15,,,,,,,,
,4,571,3,11,,,,,,,3,11,7,2,8,23.5,28,34.8,,,,,,,
,4,575,17,,,,,,,,17,17,17,1,0,22,31.66666667,26,,,,,,,
,4,577 (pvp),,,,,,,,,,,,0,,,,,,,,,,,
06/Mar/24,5,301,28,26,,,,,,,26,28,27,2,2,32,,30,16,,,,,,
,5,308,13,,,,,,,,13,13,13,1,0,,25.75,,,,,,,,
,5,316,16,15,,,,,,,15,16,15.5,2,1,24,15,35.5,23,,,,,,
,5,326,11,22,,,,,,,11,22,16.5,2,11,3,10.33333333,30,22,,,,,,
,5,335,11,17,23,,,,,,11,23,17,3,12,21,10.66666667,16,17.33333333,,,,,,
,5,372 (750),,,,,,,,,,,,0,,,20,38,24,,,,,,
,5,379,29,39,,,,,,,29,39,34,2,10,,4.5,20,21,,,,,,
,5,380,20,14,15,,,,,,14,20,16.33333333,3,6,,,7.333333333,23,,,,,,
,5,381 (500),34,36,,,,,,,34,36,35,2,2,19,16,34,9,,,,,,
,5,382,14,,,,,,,,14,14,14,1,0,0,20.5,10.66666667,14,,,,,,
,5,383,24,24,32,,,,,,24,32,26.66666667,3,8,19.5,20.75,18,27,,,,,,
,5,384,15,2,,,,,,,2,15,8.5,2,13,31.66666667,23.5,,6.333333333,,,,,,
,5,393 (750),38,,,,,,,,38,38,38,1,0,26,8,24,,,,,,,
,5,397,30,33,40,35,,,,,30,40,34.5,4,10,,4.333333333,20.6,9.6,,,,,,
,5,398,21,19,21,,,,,,19,21,20.33333333,3,2,34,20.66666667,35,23.5,,,,,,
,5,399,21,30,25,,,,,,21,30,25.33333333,3,9,15,26.75,31.6,26,,,,,,
,5,413 (500),,,,,,,,,,,,0,,20,13,16,,,,,,,
,5,414 (750),21,,,,,,,,21,21,21,1,0,,28,18,4,,,,,,
,5,417,29,,,,,,,,29,29,29,1,0,,29,17,13.66666667,,,,,,
,5,418,16,15,12,19,,,,,12,19,15.5,4,7,,4,28,22,,,,,,
,5,419 (500),29,31,,,,,,,29,31,30,2,2,,,34.75,,,,,,,
,5,427 (500),,,,,,,,,,,,0,,,17,21,,,,,,,
,5,430,20,21,25,,,,,,20,25,22,3,5,24.5,26,9,,,,,,,
,5,431,23,25,29,,,,,,23,29,25.66666667,3,6,16.5,22.25,22.5,5,,,,,,
,5,432 (750),35,,,,,,,,35,35,35,1,0,,,35,,,,,,,
,5,433,20,30,,,,,,,20,30,25,2,10,27,,13.4,17,,,,,,
,5,434,26,26,,,,,,,26,26,26,2,0,11,,30,29.5,,,,,,
,5,435,9,14,15,,,,,,9,15,12.66666667,3,6,10,34,15.5,11.5,,,,,,
,5,436,33,41,41,,,,,,33,41,38.33333333,3,8,15,20.5,27.5,31,,,,,,
,5,437,10,15,,,,,,,10,15,12.5,2,5,,36,16.25,15.33333333,,,,,,
,5,451,31,40,,,,,,,31,40,35.5,2,9,15,,32.14285714,8.4,,,,,,
,5,452,20,20,24,28,20,,,,20,28,22.4,5,8,,26,,16,,,,,,
,5,453,21,22,,,,,,,21,22,21.5,2,1,6,32,31.33333333,18,,,,,,
,5,454,17,18,,,,,,,17,18,17.5,2,1,17,17.5,32,3.5,,,,,,
,5,455,15,,,,,,,,15,15,15,1,0,29.33333333,27.5,,29.5,,,,,,
,5,456,22,34,,,,,,,22,34,28,2,12,10,25,37,21,,,,,,
,5,468 (500),,,,,,,,,,,,0,,,23.66666667,9,14.5,,,,,,
,5,469,40,33,,,,,,,33,40,36.5,2,7,6,,22,26.33333333,,,,,,
,5,475,33,25,,,,,,,25,33,29,2,8,26,,22.33333333,25.5,,,,,,
,5,476,29,32,31,32,,,,,29,32,31,4,3,34,17,20,29.75,,,,,,
,5,483,19,14,,,,,,,14,19,16.5,2,5,22,31.25,15.5,13.4,,,,,,
,5,497,29,37,42,,,,,,29,42,36,3,13,22.5,18.5,22.5,23.5,,,,,,
,5,498,7,10,17,11,,,,,7,17,11.25,4,10,,24.2,16.25,10,,,,,,
,5,499,16,14,10,,,,,,10,16,13.33333333,3,6,20.5,13.5,37,15,,,,,,
,5,500,30,39,,,,,,,30,39,34.5,2,9,,13.25,34,21.2,,,,,,
,5,501,38,40,,,,,,,38,40,39,2,2,4,,18.5,34,,,,,,
,5,530 (750),,,,,,,,,,,,0,,19,17,,33,,,,,,
,5,537,8,3,1,,,,,,1,8,4,3,7,15,29,8,11,,,,,,
,5,544,21,31,,,,,,,21,31,26,2,10,,30.33333333,30,,,,,,,
,5,545,,,,,,,,,,,,0,,9,2.5,16,33.75,,,,,,
,5,546,,,,,,,,,,,,0,,4,12,,30.5,,,,,,
,5,547,27,35,27,,,,,,27,35,29.66666667,3,8,13,,8,8.8,,,,,,
,5,552,10,,,,,,,,10,10,10,1,0,16,8,31,20,,,,,,
,5,553,18,6,14,,,,,,6,18,12.66666667,3,12,0,19,15,11,,,,,,
,5,554,29,,,,,,,,29,29,29,1,0,2,12,32,4,,,,,,
,5,555,20,24,14,,,,,,14,24,19.33333333,3,10,,31.5,1.333333333,31,,,,,,
,5,561 (pvp),,,,,,,,,,,,0,,,,15,,,,,,,
,5,571,11,,,,,,,,11,11,11,1,0,7,23.5,28,34.8,,,,,,
,5,575,,,,,,,,,,,,0,,17,22,31.66666667,26,,,,,,
,5,577 (pvp),,,,,,,,,,,,0,,,,,,,,,,,
13/Mar/24,6,301,21,,,,,,,,21,21,21,1,0,27,32,,30,16,,,,,
,6,308,30,24,,,,,,,24,30,27,2,6,13,,25.75,,,,,,,
,6,316,15,,,,,,,,15,15,15,1,0,15.5,24,15,35.5,23,,,,,
,6,326,2,,,,,,,,2,2,2,1,0,16.5,3,10.33333333,30,22,,,,,
,6,335,26,,,,,,,,26,26,26,1,0,17,21,10.66666667,16,17.33333333,,,,,
,6,372 (750),,,,,,,,,,,,0,,,,20,38,24,,,,,
,6,379,36,34,28,22,,,,,22,36,30,4,14,34,,4.5,20,21,,,,,
,6,380,17,30,,,,,,, ,30,23.5,2,#VALUE!,16.33333333,,,7.333333333,23,,,,,
,6,381 (500),33,,,,,,,,33,33,33,1,0,35,19,16,34,9,,,,,
,6,382,24,,,,,,,,24,24,24,1,0,14,0,20.5,10.66666667,14,,,,,
,6,383,,,,,,,,,,,,0,,26.66666667,19.5,20.75,18,27,,,,,
,6,384,11,,,,,,,,11,11,11,1,0,8.5,31.66666667,23.5,,6.333333333,,,,,
,6,393 (750),14,,,,,,,,14,14,14,1,0,38,26,8,24,,,,,,
,6,397,39,,,,,,,,39,39,39,1,0,34.5,,4.333333333,20.6,9.6,,,,,
,6,398,1,15,,,,,,,1,15,8,2,14,20.33333333,34,20.66666667,35,23.5,,,,,
,6,399,28,17,,,,,,,17,28,22.5,2,11,25.33333333,15,26.75,31.6,26,,,,,
,6,413 (500),31,,,,,,,,31,31,31,1,0,,20,13,16,,,,,,
,6,414 (750),10,,,,,,,,10,10,10,1,0,21,,28,18,4,,,,,
,6,417,14,9,,,,,,,9,14,11.5,2,5,29,,29,17,13.66666667,,,,,
,6,418,6,6,,,,,,,6,6,6,2,0,15.5,,4,28,22,,,,,
,6,419 (500),20,19,22,,,,,,19,22,20.33333333,3,3,30,,,34.75,,,,,,
,6,427 (500),,,,,,,,,,,,0,,,,17,21,,,,,,
,6,430,16,9,8,7,,,,,7,16,10,4,9,22,24.5,26,9,,,,,,
,6,431,13,7,4,9,5,,,,4,13,7.6,5,9,25.66666667,16.5,22.25,22.5,5,,,,,
,6,432 (750),,,,,,,,,,,,0,,35,,,35,,,,,,
,6,433,17,22,18,,,,,,17,22,19,3,5,25,27,,13.4,17,,,,,
,6,434,10,8,,,,,,,8,10,9,2,2,26,11,,30,29.5,,,,,
,6,435,5,,,,,,,,5,5,5,1,0,12.66666667,10,34,15.5,11.5,,,,,
,6,436,12,,,,,,,,12,12,12,1,0,38.33333333,15,20.5,27.5,31,,,,,
,6,437,20,32,30,21,18,,,,18,32,24.2,5,14,12.5,,36,16.25,15.33333333,,,,,
,6,451,20,,,,,,,,20,20,20,1,0,35.5,15,,32.14285714,8.4,,,,,
,6,452,28,24,,,,,,,24,28,26,2,4,22.4,,26,,16,,,,,
,6,453,20,9,,,,,,,9,20,14.5,2,11,21.5,6,32,31.33333333,18,,,,,
,6,454,30,17,23,30,22,,,,17,30,24.4,5,13,17.5,17,17.5,32,3.5,,,,,
,6,455,15,24,15,,,,,,15,24,18,3,9,15,29.33333333,27.5,,29.5,,,,,
,6,456,4,4,,,,,,,4,4,4,2,0,28,10,25,37,21,,,,,
,6,468 (500),,,,,,,,,,,,0,,,,23.66666667,9,14.5,,,,,
,6,469,25,18,,,,,,,18,25,21.5,2,7,36.5,6,,22,26.33333333,,,,,
,6,475,23,13,14,24,16,,,,13,24,18,5,11,29,26,,22.33333333,25.5,,,,,
,6,476,36,38,,,,,,,36,38,37,2,2,31,34,17,20,29.75,,,,,
,6,483,15,2,,,,,,,2,15,8.5,2,13,16.5,22,31.25,15.5,13.4,,,,,
,6,497,31,39,34,43,44,,,,31,44,38.2,5,13,36,22.5,18.5,22.5,23.5,,,,,
,6,498,30,18,,,,,,,18,30,24,2,12,11.25,,24.2,16.25,10,,,,,
,6,499,,,,,,,,,,,,0,,13.33333333,20.5,13.5,37,15,,,,,
,6,500,17,,,,,,,,17,17,17,1,0,34.5,,13.25,34,21.2,,,,,
,6,501,36,,,,,,,,36,36,36,1,0,39,4,,18.5,34,,,,,
,6,530 (750),,,,,,,,,,,,0,,,19,17,,33,,,,,
,6,537,13,8,,,,,,,8,13,10.5,2,5,4,15,29,8,11,,,,,
,6,544,,,,,,,,,,,,0,,26,,30.33333333,30,,,,,,
,6,545,13,12,,,,,,,12,13,12.5,2,1,,9,2.5,16,33.75,,,,,
,6,546,27,24,,,,,,,24,27,25.5,2,3,,4,12,,30.5,,,,,
,6,547,0,7,,,,,,,0,7,3.5,1,7,29.66666667,13,,8,8.8,,,,,
,6,552,10,3,,,,,,,3,10,6.5,2,7,10,16,8,31,20,,,,,
,6,553,13,11,,,,,,,11,13,12,2,2,12.66666667,0,19,15,11,,,,,
,6,554,23,12,,,,,,,12,23,17.5,2,11,29,2,12,32,4,,,,,
,6,555,3,12,,,,,,,3,12,7.5,2,9,19.33333333,,31.5,1.333333333,31,,,,,
,6,561 (pvp),,,,,,,,,,,,0,,,,,15,,,,,,
,6,571,2,,,,,,,,2,2,2,1,0,11,7,23.5,28,34.8,,,,,
,6,575,14,,,,,,,,14,14,14,1,0,,17,22,31.66666667,26,,,,,
,6,577 (pvp),,,,,,,,,,,,0,,,,,,,,,,,
20/Mar/24,7,301,31,23,22,,,,,,22,31,25.33333333,3,9,21,27,32,,30,16,,,,
,7,308,17,21,23,,,,,,17,23,20.33333333,3,6,27,13,,25.75,,,,,,
,7,316,27,36,,,,,,,27,36,31.5,2,9,15,15.5,24,15,35.5,23,,,,
,7,326,11,23,12,,,,,,11,23,15.33333333,3,12,2,16.5,3,10.33333333,30,22,,,,
,7,335,31,23,,,,,,,23,31,27,2,8,26,17,21,10.66666667,16,17.33333333,,,,
,7,372 (750),,,,,,,,,,,,0,,,,,20,38,24,,,,
,7,379,0,14,,,,,,,0,14,7,1,14,30,34,,4.5,20,21,,,,
,7,380,27,25,19,,,,,,19,27,23.66666667,3,8,23.5,16.33333333,,,7.333333333,23,,,,
,7,381 (500),0,,,,,,,,0,0,0,0,0,33,35,19,16,34,9,,,,
,7,382,21,8,15,,,,,,8,21,14.66666667,3,13,24,14,0,20.5,10.66666667,14,,,,
,7,383,14,,,,,,,,14,14,14,1,0,,26.66666667,19.5,20.75,18,27,,,,
,7,384,16,,,,,,,,16,16,16,1,0,11,8.5,31.66666667,23.5,,6.333333333,,,,
,7,393 (750),,,,,,,,,,,,0,,14,38,26,8,24,,,,,
,7,397,28,24,24,20,,,,,20,28,24,4,8,39,34.5,,4.333333333,20.6,9.6,,,,
,7,398,18,,,,,,,,18,18,18,1,0,8,20.33333333,34,20.66666667,35,23.5,,,,
,7,399,20,26,20,21,31,26,13,,13,31,22.42857143,7,18,22.5,25.33333333,15,26.75,31.6,26,,,,
,7,413 (500),,,,,,,,,,,,0,,31,,20,13,16,,,,,
,7,414 (750),25,26,34,,,,,,25,34,28.33333333,3,9,10,21,,28,18,4,,,,
,7,417,36,36,,,,,,,36,36,36,2,0,11.5,29,,29,17,13.66666667,,,,
,7,418,22,24,,,,,,,22,24,23,2,2,6,15.5,,4,28,22,,,,
,7,419 (500),26,,,,,,,,26,26,26,1,0,20.33333333,30,,,34.75,,,,,
,7,427 (500),,,,,,,,,,,,0,,,,,17,21,,,,,
,7,430,23,28,31,36,,,,,23,36,29.5,4,13,10,22,24.5,26,9,,,,,
,7,431,28,24,,,,,,,24,28,26,2,4,7.6,25.66666667,16.5,22.25,22.5,5,,,,
,7,432 (750),,,,,,,,,,,,0,,,35,,,35,,,,,
,7,433,20,28,13,17,,,,,13,28,19.5,4,15,19,25,27,,13.4,17,,,,
,7,434,14,11,,,,,,,11,14,12.5,2,3,9,26,11,,30,29.5,,,,
,7,435,18,,,,,,,,18,18,18,1,0,5,12.66666667,10,34,15.5,11.5,,,,
,7,436,28,,,,,,,,28,28,28,1,0,12,38.33333333,15,20.5,27.5,31,,,,
,7,437,11,3,,,,,,,3,11,7,2,8,24.2,12.5,,36,16.25,15.33333333,,,,
,7,451,21,23,,,,,,,21,23,22,2,2,20,35.5,15,,32.14285714,8.4,,,,
,7,452,34,32,24,,,,,,24,34,30,3,10,26,22.4,,26,,16,,,,
,7,453,19,33,,,,,,,19,33,26,2,14,14.5,21.5,6,32,31.33333333,18,,,,
,7,454,21,28,28,,,,,,21,28,25.66666667,3,7,24.4,17.5,17,17.5,32,3.5,,,,
,7,455,2,9,10,,,,,,2,10,7,3,8,18,15,29.33333333,27.5,,29.5,,,,
,7,456,18,,,,,,,,18,18,18,1,0,4,28,10,25,37,21,,,,
,7,468 (500),13,,,,,,,,13,13,13,1,0,,,,23.66666667,9,14.5,,,,
,7,469,34,,,,,,,,34,34,34,1,0,21.5,36.5,6,,22,26.33333333,,,,
,7,475,32,,,,,,,,32,32,32,1,0,18,29,26,,22.33333333,25.5,,,,
,7,476,9,9,16,,,,,,9,16,11.33333333,3,7,37,31,34,17,20,29.75,,,,
,7,483,15,17,13,,,,,,13,17,15,3,4,8.5,16.5,22,31.25,15.5,13.4,,,,
,7,497,2,8,7,5,7,,,,2,8,5.8,5,6,38.2,36,22.5,18.5,22.5,23.5,,,,
,7,498,36,27,38,39,45,,,,27,45,37,5,18,24,11.25,,24.2,16.25,10,,,,
,7,499,30,25,27,27,27,25,,,25,30,26.83333333,6,5,,13.33333333,20.5,13.5,37,15,,,,
,7,500,26,,,,,,,,26,26,26,1,0,17,34.5,,13.25,34,21.2,,,,
,7,501,28,36,26,,,,,,26,36,30,3,10,36,39,4,,18.5,34,,,,
,7,530 (750),,,,,,,,,,,,0,,,,19,17,,33,,,,
,7,537,10,4,,,,,,,4,10,7,2,6,10.5,4,15,29,8,11,,,,
,7,544,12,,,,,,,,12,12,12,1,0,,26,,30.33333333,30,,,,,
,7,545,5,,,,,,,,5,5,5,1,0,12.5,,9,2.5,16,33.75,,,,
,7,546,21,13,,,,,,,13,21,17,2,8,25.5,,4,12,,30.5,,,,
,7,547,33,35,31,,,,,,31,35,33,3,4,3.5,29.66666667,13,,8,8.8,,,,
,7,552,16,23,27,17,14,,,,14,27,19.4,5,13,6.5,10,16,8,31,20,,,,
,7,553,15,16,,,,,,,15,16,15.5,2,1,12,12.66666667,0,19,15,11,,,,
,7,554,5,12,6,32,,,,,5,32,13.75,4,27,17.5,29,2,12,32,4,,,,
,7,555,10,2,,,,,,,2,10,6,2,8,7.5,19.33333333,,31.5,1.333333333,31,,,,
,7,561 (pvp),,,,,,,,,,,,0,,,,,,15,,,,,
,7,571,14,13,14,,,,,,13,14,13.66666667,3,1,2,11,7,23.5,28,34.8,,,,
,7,575,20,24,22,30,,,,,20,30,24,4,10,14,,17,22,31.66666667,26,,,,
,7,577 (pvp),,,,,,,,,,,,0,,,,,,,,,,,
27/Mar/24,8,301,32,,,,,,,,32,32,32,1,0,25.33333333,21,27,32,,30,16,,,
,8,308,22,,,,,,,,22,22,22,1,0,20.33333333,27,13,,25.75,,,,,
,8,316,11,,,,,,,,11,11,11,1,0,31.5,15,15.5,24,15,35.5,23,,,
,8,326,7,,,,,,,,7,7,7,1,0,15.33333333,2,16.5,3,10.33333333,30,22,,,
,8,335,16,,,,,,,,16,16,16,1,0,27,26,17,21,10.66666667,16,17.33333333,,,
,8,372 (750),37,,,,,,,,37,37,37,1,0,,,,,20,38,24,,,
,8,379,31,21,,,,,,,21,31,26,2,10,7,30,34,,4.5,20,21,,,
,8,380,14,24,,,,,,,14,24,19,2,10,23.66666667,23.5,16.33333333,,,7.333333333,23,,,
,8,381 (500),12,23,,,,,,,12,23,17.5,2,11,0,33,35,19,16,34,9,,,
,8,382,4,,,,,,,,4,4,4,1,0,14.66666667,24,14,0,20.5,10.66666667,14,,,
,8,383,28,,,,,,,,28,28,28,1,0,14,,26.66666667,19.5,20.75,18,27,,,
,8,384,34,,,,,,,,34,34,34,1,0,16,11,8.5,31.66666667,23.5,,6.333333333,,,
,8,393 (750),,,,,,,,,,,,0,,,14,38,26,8,24,,,,
,8,397,11,3,,,,,,,3,11,7,2,8,24,39,34.5,,4.333333333,20.6,9.6,,,
,8,398,2,,,,,,,,2,2,2,1,0,18,8,20.33333333,34,20.66666667,35,23.5,,,
,8,399,22,33,25,,,,,,22,33,26.66666667,3,11,22.42857143,22.5,25.33333333,15,26.75,31.6,26,,,
,8,413 (500),5,,,,,,,,5,5,5,1,0,,31,,20,13,16,,,,
,8,414 (750),,,,,,,,,,,,0,,28.33333333,10,21,,28,18,4,,,
,8,417,16,,,,,,,,16,16,16,1,0,36,11.5,29,,29,17,13.66666667,,,
,8,418,12,0,,,,,,,0,12,6,1,12,23,6,15.5,,4,28,22,,,
,8,419 (500),22,,,,,,,,22,22,22,1,0,26,20.33333333,30,,,34.75,,,,
,8,427 (500),25,36,,,,,,,25,36,30.5,2,11,,,,,17,21,,,,
,8,430,29,30,,,,,,,29,30,29.5,2,1,29.5,10,22,24.5,26,9,,,,
,8,431,7,,,,,,,,7,7,7,1,0,26,7.6,25.66666667,16.5,22.25,22.5,5,,,
,8,432 (750),1,,,,,,,,1,1,1,1,0,,,35,,,35,,,,
,8,433,7,,,,,,,,7,7,7,1,0,19.5,19,25,27,,13.4,17,,,
,8,434,14,16,,,,,,,14,16,15,2,2,12.5,9,26,11,,30,29.5,,,
,8,435,15,,,,,,,,15,15,15,1,0,18,5,12.66666667,10,34,15.5,11.5,,,
,8,436,6,10,,,,,,,6,10,8,2,4,28,12,38.33333333,15,20.5,27.5,31,,,
,8,437,18,16,12,,,,,,12,18,15.33333333,3,6,7,24.2,12.5,,36,16.25,15.33333333,,,
,8,451,29,25,,,,,,,25,29,27,2,4,22,20,35.5,15,,32.14285714,8.4,,,
,8,452,25,,,,,,,,25,25,25,1,0,30,26,22.4,,26,,16,,,
,8,453,21,,,,,,,,21,21,21,1,0,26,14.5,21.5,6,32,31.33333333,18,,,
,8,454,15,,,,,,,,15,15,15,1,0,25.66666667,24.4,17.5,17,17.5,32,3.5,,,
,8,455,30,20,,,,,,,20,30,25,2,10,7,18,15,29.33333333,27.5,,29.5,,,
,8,456,18,7,,,,,,,7,18,12.5,2,11,18,4,28,10,25,37,21,,,
,8,468 (500),28,27,,,,,,,27,28,27.5,2,1,13,,,,23.66666667,9,14.5,,,
,8,469,11,,,,,,,,11,11,11,1,0,34,21.5,36.5,6,,22,26.33333333,,,
,8,475,14,10,,,,,,,10,14,12,2,4,32,18,29,26,,22.33333333,25.5,,,
,8,476,31,,,,,,,,31,31,31,1,0,11.33333333,37,31,34,17,20,29.75,,,
,8,483,15,,,,,,,,15,15,15,1,0,15,8.5,16.5,22,31.25,15.5,13.4,,,
,8,497,21,22,25,,,,,,21,25,22.66666667,3,4,5.8,38.2,36,22.5,18.5,22.5,23.5,,,
,8,498,24,,,,,,,,24,24,24,1,0,37,24,11.25,,24.2,16.25,10,,,
,8,499,16,,,,,,,,16,16,16,1,0,26.83333333,,13.33333333,20.5,13.5,37,15,,,
,8,500,34,26,35,29,,,,,26,35,31,4,9,26,17,34.5,,13.25,34,21.2,,,
,8,501,13,21,,,,,,,13,21,17,2,8,30,36,39,4,,18.5,34,,,
,8,530 (750),13,,,,,,,,13,13,13,1,0,,,,19,17,,33,,,
,8,537,30,,,,,,,,30,30,30,1,0,7,10.5,4,15,29,8,11,,,
,8,544,25,16,27,,,,,,16,27,22.66666667,3,11,12,,26,,30.33333333,30,,,,
,8,545,22,24,,,,,,,22,24,23,2,2,5,12.5,,9,2.5,16,33.75,,,
,8,546,10,,,,,,,,10,10,10,1,0,17,25.5,,4,12,,30.5,,,
,8,547,9,,,,,,,,9,9,9,1,0,33,3.5,29.66666667,13,,8,8.8,,,
,8,552,22,,,,,,,,22,22,22,1,0,19.4,6.5,10,16,8,31,20,,,
,8,553,6,,,,,,,,6,6,6,1,0,15.5,12,12.66666667,0,19,15,11,,,
,8,554,,,,,,,,,,,,0,,13.75,17.5,29,2,12,32,4,,,
,8,555,26,26,,,,,,,26,26,26,2,0,6,7.5,19.33333333,,31.5,1.333333333,31,,,
,8,561 (pvp),,,,,,,,,,,,0,,,,,,,15,,,,
,8,571,2,,,,,,,,2,2,2,1,0,13.66666667,2,11,7,23.5,28,34.8,,,
,8,575,30,,,,,,,,30,30,30,1,0,24,14,,17,22,31.66666667,26,,,
,8,577 (pvp),,,,,,,,,,,,0,,,,,,,,,,,
03/Apr/24,9,301,,,,,,,,,,,,0,,32,25.33333333,21,27,32,,30,16,,
,9,308,24,,,,,,,,24,24,24,1,0,22,20.33333333,27,13,,25.75,,,,
,9,316,27,30,38,,,,,,27,38,31.66666667,3,11,11,31.5,15,15.5,24,15,35.5,23,,
,9,326,14,,,,,,,,14,14,14,1,0,7,15.33333333,2,16.5,3,10.33333333,30,22,,
,9,335,4,,,,,,,,4,4,4,1,0,16,27,26,17,21,10.66666667,16,17.33333333,,
,9,372 (750),,,,,,,,,,,,0,,37,,,,,20,38,24,,
,9,379,31,32,42,,,,,,31,42,35,3,11,26,7,30,34,,4.5,20,21,,
,9,380,35,,,,,,,,35,35,35,1,0,19,23.66666667,23.5,16.33333333,,,7.333333333,23,,
,9,381 (500),21,24,28,18,23,,,,18,28,22.8,5,10,17.5,0,33,35,19,16,34,9,,
,9,382,12,,,,,,,,12,12,12,1,0,4,14.66666667,24,14,0,20.5,10.66666667,14,,
,9,383,32,,,,,,,,32,32,32,1,0,28,14,,26.66666667,19.5,20.75,18,27,,
,9,384,24,17,,,,,,,17,24,20.5,2,7,34,16,11,8.5,31.66666667,23.5,,6.333333333,,
,9,393 (750),,,,,,,,,,,,0,,,,14,38,26,8,24,,,
,9,397,28,25,,,,,,,25,28,26.5,2,3,7,24,39,34.5,,4.333333333,20.6,9.6,,
,9,398,7,5,0,2,,,,,0,7,3.5,3,7,2,18,8,20.33333333,34,20.66666667,35,23.5,,
,9,399,20,12,19,25,,,,,12,25,19,4,13,26.66666667,22.42857143,22.5,25.33333333,15,26.75,31.6,26,,
,9,413 (500),,,,,,,,,,,,0,,5,,31,,20,13,16,,,
,9,414 (750),35,32,,,,,,,32,35,33.5,2,3,,28.33333333,10,21,,28,18,4,,
,9,417,26,24,20,,,,,,20,26,23.33333333,3,6,16,36,11.5,29,,29,17,13.66666667,,
,9,418,27,23,,,,,,,23,27,25,2,4,6,23,6,15.5,,4,28,22,,
,9,419 (500),30,,,,,,,,30,30,30,1,0,22,26,20.33333333,30,,,34.75,,,
,9,427 (500),,,,,,,,,,,,0,,30.5,,,,,17,21,,,
,9,430,10,1,16,12,,,,,1,16,9.75,4,15,29.5,29.5,10,22,24.5,26,9,,,
,9,431,33,26,,,,,,,26,33,29.5,2,7,7,26,7.6,25.66666667,16.5,22.25,22.5,5,,
,9,432 (750),,,,,,,,,,,,0,,1,,,35,,,35,,,
,9,433,35,27,,,,,,,27,35,31,2,8,7,19.5,19,25,27,,13.4,17,,
,9,434,38,30,38,43,,,,,30,43,37.25,4,13,15,12.5,9,26,11,,30,29.5,,
,9,435,10,8,7,9,5,,,,5,10,7.8,5,5,15,18,5,12.66666667,10,34,15.5,11.5,,
,9,436,21,11,21,,,,,,11,21,17.66666667,3,10,8,28,12,38.33333333,15,20.5,27.5,31,,
,9,437,34,29,,,,,,,29,34,31.5,2,5,15.33333333,7,24.2,12.5,,36,16.25,15.33333333,,
,9,451,35,27,32,,,,,,27,35,31.33333333,3,8,27,22,20,35.5,15,,32.14285714,8.4,,
,9,452,19,,,,,,,,19,19,19,1,0,25,30,26,22.4,,26,,16,,
,9,453,19,24,20,22,32,26,20,,19,32,23.28571429,7,13,21,26,14.5,21.5,6,32,31.33333333,18,,
,9,454,23,15,26,23,,,,,15,26,21.75,4,11,15,25.66666667,24.4,17.5,17,17.5,32,3.5,,
,9,455,12,5,6,,,,,,5,12,7.666666667,3,7,25,7,18,15,29.33333333,27.5,,29.5,,
,9,456,3,3,6,13,,,,,3,13,6.25,4,10,12.5,18,4,28,10,25,37,21,,
,9,468 (500),21,28,36,,,,,,21,36,28.33333333,3,15,27.5,13,,,,23.66666667,9,14.5,,
,9,469,22,19,,,,,,,19,22,20.5,2,3,11,34,21.5,36.5,6,,22,26.33333333,,
,9,475,24,16,27,,,,,,16,27,22.33333333,3,11,12,32,18,29,26,,22.33333333,25.5,,
,9,476,7,2,,,,,,,2,7,4.5,2,5,31,11.33333333,37,31,34,17,20,29.75,,
,9,483,28,,,,,,,,28,28,28,1,0,15,15,8.5,16.5,22,31.25,15.5,13.4,,
,9,497,25,29,36,32,,,,,25,36,30.5,4,11,22.66666667,5.8,38.2,36,22.5,18.5,22.5,23.5,,
,9,498,1,1,,,,,,,1,1,1,2,0,24,37,24,11.25,,24.2,16.25,10,,
,9,499,33,28,32,,,,,,28,33,31,3,5,16,26.83333333,,13.33333333,20.5,13.5,37,15,,
,9,500,12,,,,,,,,12,12,12,1,0,31,26,17,34.5,,13.25,34,21.2,,
,9,501,13,20,,,,,,,13,20,16.5,2,7,17,30,36,39,4,,18.5,34,,
,9,530 (750),14,,,,,,,,14,14,14,1,0,13,,,,19,17,,33,,
,9,537,27,21,,,,,,,21,27,24,2,6,30,7,10.5,4,15,29,8,11,,
,9,544,23,22,15,27,29,,,,15,29,23.2,5,14,22.66666667,12,,26,,30.33333333,30,,,
,9,545,12,,,,,,,,12,12,12,1,0,23,5,12.5,,9,2.5,16,33.75,,
,9,546,15,,,,,,,,15,15,15,1,0,10,17,25.5,,4,12,,30.5,,
,9,547,31,43,40,,,,,,31,43,38,3,12,9,33,3.5,29.66666667,13,,8,8.8,,
,9,552,19,25,,,,,,,19,25,22,2,6,22,19.4,6.5,10,16,8,31,20,,
,9,553,34,34,,,,,,,34,34,34,2,0,6,15.5,12,12.66666667,0,19,15,11,,
,9,554,4,8,12,9,2,,,,2,12,7,5,10,,13.75,17.5,29,2,12,32,4,,
,9,555,,,,,,,,,,,,0,,26,6,7.5,19.33333333,,31.5,1.333333333,31,,
,9,561 (pvp),,,,,,,,,,,,0,,,,,,,,15,,,
,9,571,3,2,,,,,,,2,3,2.5,2,1,2,13.66666667,2,11,7,23.5,28,34.8,,
,9,575,19,,,,,,,,19,19,19,1,0,30,24,14,,17,22,31.66666667,26,,
,9,577 (pvp),,,,,,,,,,,,0,,,,,,,,,,,
10/Apr/24,10,301,13,,,,,,,,13,13,13,1,0,,32,25.33333333,21,27,32,,30,16,
,10,308,28,21,,,,,,,21,28,24.5,2,7,24,22,20.33333333,27,13,,25.75,,,
,10,316,26,36,,,,,,,26,36,31,2,10,31.66666667,11,31.5,15,15.5,24,15,35.5,23,
,10,326,35,23,26,26,30,,,,23,35,28,5,12,14,7,15.33333333,2,16.5,3,10.33333333,30,22,
,10,335,31,33,24,34,,,,,24,34,30.5,4,10,4,16,27,26,17,21,10.66666667,16,17.33333333,
,10,372 (750),19,,,,,,,,19,19,19,1,0,,37,,,,,20,38,24,
,10,379,8,14,,,,,,,8,14,11,2,6,35,26,7,30,34,,4.5,20,21,
,10,380,34,34,,,,,,,34,34,34,2,0,35,19,23.66666667,23.5,16.33333333,,,7.333333333,23,
,10,381 (500),14,,,,,,,,14,14,14,1,0,22.8,17.5,0,33,35,19,16,34,9,
,10,382,30,33,37,,,,,,30,37,33.33333333,3,7,12,4,14.66666667,24,14,0,20.5,10.66666667,14,
,10,383,23,28,25,,,,,,23,28,25.33333333,3,5,32,28,14,,26.66666667,19.5,20.75,18,27,
,10,384,32,19,39,,,,,,19,39,30,3,20,20.5,34,16,11,8.5,31.66666667,23.5,,6.333333333,
,10,393 (750),33,39,,,,,,,33,39,36,2,6,,,,14,38,26,8,24,,
,10,397,25,17,23,,,,,,17,25,21.66666667,3,8,26.5,7,24,39,34.5,,4.333333333,20.6,9.6,
,10,398,20,18,12,,,,,,12,20,16.66666667,3,8,3.5,2,18,8,20.33333333,34,20.66666667,35,23.5,
,10,399,12,11,,,,,,,11,12,11.5,2,1,19,26.66666667,22.42857143,22.5,25.33333333,15,26.75,31.6,26,
,10,413 (500),33,26,,,,,,,26,33,29.5,2,7,,5,,31,,20,13,16,,
,10,414 (750),14,,,,,,,,14,14,14,1,0,33.5,,28.33333333,10,21,,28,18,4,
,10,417,11,,,,,,,,11,11,11,1,0,23.33333333,16,36,11.5,29,,29,17,13.66666667,
,10,418,27,28,,,,,,,27,28,27.5,2,1,25,6,23,6,15.5,,4,28,22,
,10,419 (500),24,,,,,,,,24,24,24,1,0,30,22,26,20.33333333,30,,,34.75,,
,10,427 (500),20,30,,,,,,,20,30,25,2,10,,30.5,,,,,17,21,,
,10,430,8,19,,,,,,,8,19,13.5,2,11,9.75,29.5,29.5,10,22,24.5,26,9,,
,10,431,9,,,,,,,,9,9,9,1,0,29.5,7,26,7.6,25.66666667,16.5,22.25,22.5,5,
,10,432 (750),40,,,,,,,,40,40,40,1,0,,1,,,35,,,35,,
,10,433,26,26,,,,,,,26,26,26,2,0,31,7,19.5,19,25,27,,13.4,17,
,10,434,17,,,,,,,,17,17,17,1,0,37.25,15,12.5,9,26,11,,30,29.5,
,10,435,32,32,36,37,,,,,32,37,34.25,4,5,7.8,15,18,5,12.66666667,10,34,15.5,11.5,
,10,436,7,,,,,,,,7,7,7,1,0,17.66666667,8,28,12,38.33333333,15,20.5,27.5,31,
,10,437,38,36,29,,,,,,29,38,34.33333333,3,9,31.5,15.33333333,7,24.2,12.5,,36,16.25,15.33333333,
,10,451,36,34,,,,,,,34,36,35,2,2,31.33333333,27,22,20,35.5,15,,32.14285714,8.4,
,10,452,32,,,,,,,,32,32,32,1,0,19,25,30,26,22.4,,26,,16,
,10,453,15,20,,,,,,,15,20,17.5,2,5,23.28571429,21,26,14.5,21.5,6,32,31.33333333,18,
,10,454,23,25,,,,,,,23,25,24,2,2,21.75,15,25.66666667,24.4,17.5,17,17.5,32,3.5,
,10,455,36,32,,,,,,,32,36,34,2,4,7.666666667,25,7,18,15,29.33333333,27.5,,29.5,
,10,456,18,31,,,,,,,18,31,24.5,2,13,6.25,12.5,18,4,28,10,25,37,21,
,10,468 (500),14,9,,,,,,,9,14,11.5,2,5,28.33333333,27.5,13,,,,23.66666667,9,14.5,
,10,469,21,,,,,,,,21,21,21,1,0,20.5,11,34,21.5,36.5,6,,22,26.33333333,
,10,475,21,12,13,,,,,,12,21,15.33333333,3,9,22.33333333,12,32,18,29,26,,22.33333333,25.5,
,10,476,10,18,15,,,,,,10,18,14.33333333,3,8,4.5,31,11.33333333,37,31,34,17,20,29.75,
,10,483,21,,,,,,,,21,21,21,1,0,28,15,15,8.5,16.5,22,31.25,15.5,13.4,
,10,497,26,27,36,41,,,,,26,41,32.5,4,15,30.5,22.66666667,5.8,38.2,36,22.5,18.5,22.5,23.5,
,10,498,6,,,,,,,,6,6,6,1,0,1,24,37,24,11.25,,24.2,16.25,10,
,10,499,14,2,,,,,,,2,14,8,2,12,31,16,26.83333333,,13.33333333,20.5,13.5,37,15,
,10,500,1,5,11,,,,,,1,11,5.666666667,3,10,12,31,26,17,34.5,,13.25,34,21.2,
,10,501,15,,,,,,,,15,15,15,1,0,16.5,17,30,36,39,4,,18.5,34,
,10,530 (750),12,,,,,,,,12,12,12,1,0,14,13,,,,19,17,,33,
,10,537,32,37,,,,,,,32,37,34.5,2,5,24,30,7,10.5,4,15,29,8,11,
,10,544,1,,,,,,,,1,1,1,1,0,23.2,22.66666667,12,,26,,30.33333333,30,,
,10,545,8,18,9,19,,,,,8,19,13.5,4,11,12,23,5,12.5,,9,2.5,16,33.75,
,10,546,28,25,,,,,,,25,28,26.5,2,3,15,10,17,25.5,,4,12,,30.5,
,10,547,7,,,,,,,,7,7,7,1,0,38,9,33,3.5,29.66666667,13,,8,8.8,
,10,552,25,30,23,,,,,,23,30,26,3,7,22,22,19.4,6.5,10,16,8,31,20,
,10,553,21,19,19,,,,,,19,21,19.66666667,3,2,34,6,15.5,12,12.66666667,0,19,15,11,
,10,554,38,32,26,27,,,,,26,38,30.75,4,12,7,,13.75,17.5,29,2,12,32,4,
,10,555,17,6,,,,,,,6,17,11.5,2,11,,26,6,7.5,19.33333333,,31.5,1.333333333,31,
,10,561 (pvp),4,,,,,,,,4,4,4,1,0,,,,,,,,15,,
,10,571,20,,,,,,,,20,20,20,1,0,2.5,2,13.66666667,2,11,7,23.5,28,34.8,
,10,575,23,35,,,,,,,23,35,29,2,12,19,30,24,14,,17,22,31.66666667,26,
,10,577 (pvp),,,,,,,,,,,,0,,,,,,,,,,,
17/Apr/24,11,301,,,,,,,,,,,,0,,13,,32,25.33333333,21,27,32,,30,16
,11,308,,,,,,,,,,,,0,,24.5,24,22,20.33333333,27,13,,25.75,,
,11,316,28,28,,,,,,,28,28,28,2,0,31,31.66666667,11,31.5,15,15.5,24,15,35.5,23
,11,326,,,,,,,,,,,,0,,28,14,7,15.33333333,2,16.5,3,10.33333333,30,22
,11,335,5,2,,,,,,,2,5,3.5,2,3,30.5,4,16,27,26,17,21,10.66666667,16,17.33333333
,11,372 (750),28,24,27,35,,,,,24,35,28.5,4,11,19,,37,,,,,20,38,24
,11,379,12,,,,,,,,12,12,12,1,0,11,35,26,7,30,34,,4.5,20,21
,11,380,24,34,30,31,40,,,,24,40,31.8,5,16,34,35,19,23.66666667,23.5,16.33333333,,,7.333333333,23
,11,381 (500),9,3,8,13,,,,,3,13,8.25,4,10,14,22.8,17.5,0,33,35,19,16,34,9
,11,382,26,18,22,,18,23,19,,18,26,21,6,8,33.33333333,12,4,14.66666667,24,14,0,20.5,10.66666667,14
,11,383,11,22,,,,,,,11,22,16.5,2,11,25.33333333,32,28,14,,26.66666667,19.5,20.75,18,27
,11,384,24,,,,,,,,24,24,24,1,0,30,20.5,34,16,11,8.5,31.66666667,23.5,,6.333333333
,11,393 (750),11,,,,,,,,11,11,11,1,0,36,,,,14,38,26,8,24,
,11,397,3,11,7,,,,,,3,11,7,3,8,21.66666667,26.5,7,24,39,34.5,,4.333333333,20.6,9.6
,11,398,32,18,30,,,,,,18,32,26.66666667,3,14,16.66666667,3.5,2,18,8,20.33333333,34,20.66666667,35,23.5
,11,399,35,37,28,33,,,,,28,37,33.25,4,9,11.5,19,26.66666667,22.42857143,22.5,25.33333333,15,26.75,31.6,26
,11,413 (500),27,16,19,,,,,,16,27,20.66666667,3,11,29.5,,5,,31,,20,13,16,
,11,414 (750),21,,,,,,,,21,21,21,1,0,14,33.5,,28.33333333,10,21,,28,18,4
,11,417,23,22,17,,,,,,17,23,20.66666667,3,6,11,23.33333333,16,36,11.5,29,,29,17,13.66666667
,11,418,22,29,33,,,,,,22,33,28,3,11,27.5,25,6,23,6,15.5,,4,28,22
,11,419 (500),20,,,,,,,,20,20,20,1,0,24,30,22,26,20.33333333,30,,,34.75,
,11,427 (500),25,,,,,,,,25,25,25,1,0,25,,30.5,,,,,17,21,
,11,430,22,36,,,,,,,22,36,29,2,14,13.5,9.75,29.5,29.5,10,22,24.5,26,9,
,11,431,28,36,,,,,,,28,36,32,2,8,9,29.5,7,26,7.6,25.66666667,16.5,22.25,22.5,5
,11,432 (750),30,16,,,,,,,16,30,23,2,14,40,,1,,,35,,,35,
,11,433,18,15,,,,,,,15,18,16.5,2,3,26,31,7,19.5,19,25,27,,13.4,17
,11,434,,,,,,,,,,,,0,,17,37.25,15,12.5,9,26,11,,30,29.5
,11,435,29,20,,,,,,,20,29,24.5,2,9,34.25,7.8,15,18,5,12.66666667,10,34,15.5,11.5
,11,436,19,30,25,22,,,,,19,30,24,4,11,7,17.66666667,8,28,12,38.33333333,15,20.5,27.5,31
,11,437,16,20,,,,,,,16,20,18,2,4,34.33333333,31.5,15.33333333,7,24.2,12.5,,36,16.25,15.33333333
,11,451,8,,,,,,,,8,8,8,1,0,35,31.33333333,27,22,20,35.5,15,,32.14285714,8.4
,11,452,34,,,,,,,,34,34,34,1,0,32,19,25,30,26,22.4,,26,,16
,11,453,24,13,11,20,,,,,11,24,17,4,13,17.5,23.28571429,21,26,14.5,21.5,6,32,31.33333333,18
,11,454,21,27,,,,,,,21,27,24,2,6,24,21.75,15,25.66666667,24.4,17.5,17,17.5,32,3.5
,11,455,16,16,14,,,,,,14,16,15.33333333,3,2,34,7.666666667,25,7,18,15,29.33333333,27.5,,29.5
,11,456,16,23,17,27,,,,,16,27,20.75,4,11,24.5,6.25,12.5,18,4,28,10,25,37,21
,11,468 (500),29,16,,,,,,,16,29,22.5,2,13,11.5,28.33333333,27.5,13,,,,23.66666667,9,14.5
,11,469,34,24,27,20,40,,,,20,40,29,5,20,21,20.5,11,34,21.5,36.5,6,,22,26.33333333
,11,475,13,13,,,,,,,13,13,13,2,0,15.33333333,22.33333333,12,32,18,29,26,,22.33333333,25.5
,11,476,32,32,35,40,,,,,32,40,34.75,4,8,14.33333333,4.5,31,11.33333333,37,31,34,17,20,29.75
,11,483,36,30,,,,,,,30,36,33,2,6,21,28,15,15,8.5,16.5,22,31.25,15.5,13.4
,11,497,24,,,,,,,,24,24,24,1,0,32.5,30.5,22.66666667,5.8,38.2,36,22.5,18.5,22.5,23.5
,11,498,15,,,,,,,,15,15,15,1,0,6,1,24,37,24,11.25,,24.2,16.25,10
,11,499,5,3,13,,,,,,3,13,7,3,10,8,31,16,26.83333333,,13.33333333,20.5,13.5,37,15
,11,500,16,,,,,,,,16,16,16,1,0,5.666666667,12,31,26,17,34.5,,13.25,34,21.2
,11,501,30,40,41,26,,,,,26,41,34.25,4,15,15,16.5,17,30,36,39,4,,18.5,34
,11,530 (750),8,,,,,,,,8,8,8,1,0,12,14,13,,,,19,17,,33
,11,537,,,,,,,,,,,,0,,34.5,24,30,7,10.5,4,15,29,8,11
,11,544,14,15,28,,,,,,14,28,19,3,14,1,23.2,22.66666667,12,,26,,30.33333333,30,
,11,545,12,19,23,16,12,,,,12,23,16.4,5,11,13.5,12,23,5,12.5,,9,2.5,16,33.75
,11,546,28,,,,,,,,28,28,28,1,0,26.5,15,10,17,25.5,,4,12,,30.5
,11,547,26,,,,,,,,26,26,26,1,0,7,38,9,33,3.5,29.66666667,13,,8,8.8
,11,552,12,16,17,18,20,,,,12,20,16.6,5,8,26,22,22,19.4,6.5,10,16,8,31,20
,11,553,5,,,,,,,,5,5,5,1,0,19.66666667,34,6,15.5,12,12.66666667,0,19,15,11
,11,554,31,24,28,39,,,,,24,39,30.5,4,15,30.75,7,,13.75,17.5,29,2,12,32,4
,11,555,32,40,31,40,,,,,31,40,35.75,4,9,11.5,,26,6,7.5,19.33333333,,31.5,1.333333333,31
,11,561 (pvp),,,,,,,,,,,,0,,4,,,,,,,,15,
,11,571,30,39,37,,,,,,30,39,35.33333333,3,9,20,2.5,2,13.66666667,2,11,7,23.5,28,34.8
,11,575,20,20,,,,,,,20,20,20,2,0,29,19,30,24,14,,17,22,31.66666667,26
,11,577 (pvp),21,14,,,,,,,14,21,17.5,2,7,,,,,,,,,,
24/Apr/24,12,301,31,,,,,,,,31,31,31,1,0,,13,,32,25.33333333,21,27,32,,30
,12,308,9,17,,,,,,,9,17,13,2,8,,24.5,24,22,20.33333333,27,13,,25.75,
,12,316,17,,,,,,,,17,17,17,1,0,28,31,31.66666667,11,31.5,15,15.5,24,15,35.5
,12,326,,,,,,,,,,,,0,,,28,14,7,15.33333333,2,16.5,3,10.33333333,30
,12,335,25,31,,,,,,,25,31,28,2,6,3.5,30.5,4,16,27,26,17,21,10.66666667,16
,12,372 (750),25,,,,,,,,25,25,25,1,0,28.5,19,,37,,,,,20,38
,12,379,31,35,,,,,,,31,35,33,2,4,12,11,35,26,7,30,34,,4.5,20
,12,380,18,15,27,23,28,,,,15,28,22.2,5,13,31.8,34,35,19,23.66666667,23.5,16.33333333,,,7.333333333
,12,381 (500),26,,,,,,,,26,26,26,1,0,8.25,14,22.8,17.5,0,33,35,19,16,34
,12,382,17,,,,,,,,17,17,17,1,0,21,33.33333333,12,4,14.66666667,24,14,0,20.5,10.66666667
,12,383,16,15,,,,,,,15,16,15.5,2,1,16.5,25.33333333,32,28,14,,26.66666667,19.5,20.75,18
,12,384,30,29,,,,,,,29,30,29.5,2,1,24,30,20.5,34,16,11,8.5,31.66666667,23.5,
,12,393 (750),13,,,,,,,,13,13,13,1,0,11,36,,,,14,38,26,8,24
,12,397,13,6,12,,,,,,6,13,10.33333333,3,7,7,21.66666667,26.5,7,24,39,34.5,,4.333333333,20.6
,12,398,23,38,,,,,,,23,38,30.5,2,15,26.66666667,16.66666667,3.5,2,18,8,20.33333333,34,20.66666667,35
,12,399,,,,,,,,,,,,0,,33.25,11.5,19,26.66666667,22.42857143,22.5,25.33333333,15,26.75,31.6
,12,413 (500),,,,,,,,,,,,0,,20.66666667,29.5,,5,,31,,20,13,16
,12,414 (750),,,,,,,,,,,,0,,21,14,33.5,,28.33333333,10,21,,28,18
,12,417,16,19,,,,,,,16,19,17.5,2,3,20.66666667,11,23.33333333,16,36,11.5,29,,29,17
,12,418,5,4,,,,,,,4,5,4.5,2,1,28,27.5,25,6,23,6,15.5,,4,28
,12,419 (500),,,,,,,,,,,,0,,20,24,30,22,26,20.33333333,30,,,34.75
,12,427 (500),17,28,,,,,,,17,28,22.5,2,11,25,25,,30.5,,,,,17,21
,12,430,17,,,,,,,,17,17,17,1,0,29,13.5,9.75,29.5,29.5,10,22,24.5,26,9
,12,431,24,37,,,,,,,24,37,30.5,2,13,32,9,29.5,7,26,7.6,25.66666667,16.5,22.25,22.5
,12,432 (750),12,21,,,,,,,12,21,16.5,2,9,23,40,,1,,,35,,,35
,12,433,43,32,36,35,,,,,32,43,36.5,4,11,16.5,26,31,7,19.5,19,25,27,,13.4
,12,434,2,8,,,,,,,2,8,5,2,6,,17,37.25,15,12.5,9,26,11,,30
,12,435,20,27,,,,,,,20,27,23.5,2,7,24.5,34.25,7.8,15,18,5,12.66666667,10,34,15.5
,12,436,13,18,25,,,,,,13,25,18.66666667,3,12,24,7,17.66666667,8,28,12,38.33333333,15,20.5,27.5
,12,437,37,40,31,31,,,,,31,40,34.75,4,9,18,34.33333333,31.5,15.33333333,7,24.2,12.5,,36,16.25
,12,451,40,26,31,,,,,,26,40,32.33333333,3,14,8,35,31.33333333,27,22,20,35.5,15,,32.14285714
,12,452,0,9,13,6,,,,,0,13,7,3,13,34,32,19,25,30,26,22.4,,26,
,12,453,41,44,32,,,,,,32,44,39,3,12,17,17.5,23.28571429,21,26,14.5,21.5,6,32,31.33333333
,12,454,36,32,27,43,36,,,,27,43,34.8,5,16,24,24,21.75,15,25.66666667,24.4,17.5,17,17.5,32
,12,455,21,28,27,24,,,,,21,28,25,4,7,15.33333333,34,7.666666667,25,7,18,15,29.33333333,27.5,
,12,456,37,37,,,,,,,37,37,37,2,0,20.75,24.5,6.25,12.5,18,4,28,10,25,37
,12,468 (500),14,,,,,,,,14,14,14,1,0,22.5,11.5,28.33333333,27.5,13,,,,23.66666667,9
,12,469,28,39,28,,,,,,28,39,31.66666667,3,11,29,21,20.5,11,34,21.5,36.5,6,,22
,12,475,30,39,,,,,,,30,39,34.5,2,9,13,15.33333333,22.33333333,12,32,18,29,26,,22.33333333
,12,476,1,,,,,,,,1,1,1,1,0,34.75,14.33333333,4.5,31,11.33333333,37,31,34,17,20
,12,483,,,,,,,,,,,,0,,33,21,28,15,15,8.5,16.5,22,31.25,15.5
,12,497,38,,,,,,,,38,38,38,1,0,24,32.5,30.5,22.66666667,5.8,38.2,36,22.5,18.5,22.5
,12,498,6,14,,,,,,,6,14,10,2,8,15,6,1,24,37,24,11.25,,24.2,16.25
,12,499,30,41,39,39,44,38,,,30,44,38.5,6,14,7,8,31,16,26.83333333,,13.33333333,20.5,13.5,37
,12,500,5,17,,,,,,,5,17,11,2,12,16,5.666666667,12,31,26,17,34.5,,13.25,34
,12,501,19,24,,,,,,,19,24,21.5,2,5,34.25,15,16.5,17,30,36,39,4,,18.5
,12,530 (750),,,,,,,,,,,,0,,8,12,14,13,,,,19,17,
,12,537,26,,,,,,,,26,26,26,1,0,,34.5,24,30,7,10.5,4,15,29,8
,12,544,17,24,27,,,,,,17,27,22.66666667,3,10,19,1,23.2,22.66666667,12,,26,,30.33333333,30
,12,545,21,,,,,,,,21,21,21,1,0,16.4,13.5,12,23,5,12.5,,9,2.5,16
,12,546,15,27,,,,,,,15,27,21,2,12,28,26.5,15,10,17,25.5,,4,12,
,12,547,31,32,39,,,,,,31,39,34,3,8,26,7,38,9,33,3.5,29.66666667,13,,8
,12,552,37,24,37,,,,,,24,37,32.66666667,3,13,16.6,26,22,22,19.4,6.5,10,16,8,31
,12,553,30,,,,,,,,30,30,30,1,0,5,19.66666667,34,6,15.5,12,12.66666667,0,19,15
,12,554,12,2,23,,,,,,2,23,12.33333333,3,21,30.5,30.75,7,,13.75,17.5,29,2,12,32
,12,555,17,7,,,,,,,7,17,12,2,10,35.75,11.5,,26,6,7.5,19.33333333,,31.5,1.333333333
,12,561 (pvp),,,,,,,,,,,,0,,,4,,,,,,,,15
,12,571,9,15,,,,,,,9,15,12,2,6,35.33333333,20,2.5,2,13.66666667,2,11,7,23.5,28
,12,575,34,,,,,,,,34,34,34,1,0,20,29,19,30,24,14,,17,22,31.66666667
,12,577 (pvp),,,,,,,,,,,,0,,17.5,,,,,,,,,
01/May/24,13,301,36,,,,,,,,36,36,36,1,0,31,,13,,32,25.33333333,21,27,32,
,13,308,,,,,,,,,,,,0,,13,,24.5,24,22,20.33333333,27,13,,25.75
,13,316,,,,,,,,,,,,0,,17,28,31,31.66666667,11,31.5,15,15.5,24,15
,13,326,26,,,,,,,,26,26,26,1,0,,,28,14,7,15.33333333,2,16.5,3,10.33333333
,13,335,35,22,37,,,,,,22,37,31.33333333,3,15,28,3.5,30.5,4,16,27,26,17,21,10.66666667
,13,372 (750),,,,,,,,,,,,0,,25,28.5,19,,37,,,,,20
,13,379,,,,,,,,,,,,0,,33,12,11,35,26,7,30,34,,4.5
,13,380,6,,,,,,,,6,6,6,1,0,22.2,31.8,34,35,19,23.66666667,23.5,16.33333333,,
,13,381 (500),33,33,,,,,,,33,33,33,2,0,26,8.25,14,22.8,17.5,0,33,35,19,16
,13,382,24,33,30,33,,,,,24,33,30,4,9,17,21,33.33333333,12,4,14.66666667,24,14,0,20.5
,13,383,21,10,,,,,,,10,21,15.5,2,11,15.5,16.5,25.33333333,32,28,14,,26.66666667,19.5,20.75
,13,384,5,,,,,,,,5,5,5,1,0,29.5,24,30,20.5,34,16,11,8.5,31.66666667,23.5
,13,393 (750),35,43,,,,,,,35,43,39,2,8,13,11,36,,,,14,38,26,8
,13,397,30,21,29,,,,,,21,30,26.66666667,3,9,10.33333333,7,21.66666667,26.5,7,24,39,34.5,,4.333333333
,13,398,23,24,22,,,,,,22,24,23,3,2,30.5,26.66666667,16.66666667,3.5,2,18,8,20.33333333,34,20.66666667
,13,399,,,,,,,,,,,,0,,,33.25,11.5,19,26.66666667,22.42857143,22.5,25.33333333,15,26.75
,13,413 (500),,,,,,,,,,,,0,,,20.66666667,29.5,,5,,31,,20,13
,13,414 (750),16,,,,,,,,16,16,16,1,0,,21,14,33.5,,28.33333333,10,21,,28
,13,417,16,8,,,,,,,8,16,12,2,8,17.5,20.66666667,11,23.33333333,16,36,11.5,29,,29
,13,418,20,,,,,,,,20,20,20,1,0,4.5,28,27.5,25,6,23,6,15.5,,4
,13,419 (500),24,,,,,,,,24,24,24,1,0,,20,24,30,22,26,20.33333333,30,,
,13,427 (500),,,,,,,,,,,,0,,22.5,25,25,,30.5,,,,,17
,13,430,6,,,,,,,,6,6,6,1,0,17,29,13.5,9.75,29.5,29.5,10,22,24.5,26
,13,431,15,29,31,,,,,,15,31,25,3,16,30.5,32,9,29.5,7,26,7.6,25.66666667,16.5,22.25
,13,432 (750),20,,,,,,,,20,20,20,1,0,16.5,23,40,,1,,,35,,
,13,433,18,16,19,,,,,,16,19,17.66666667,3,3,36.5,16.5,26,31,7,19.5,19,25,27,
,13,434,28,,,,,,,,28,28,28,1,0,5,,17,37.25,15,12.5,9,26,11,
,13,435,28,,,,,,,,28,28,28,1,0,23.5,24.5,34.25,7.8,15,18,5,12.66666667,10,34
,13,436,,,,,,,,,,,,0,,18.66666667,24,7,17.66666667,8,28,12,38.33333333,15,20.5
,13,437,26,22,,,,,,,22,26,24,2,4,34.75,18,34.33333333,31.5,15.33333333,7,24.2,12.5,,36
,13,451,22,,,,,,,,22,22,22,1,0,32.33333333,8,35,31.33333333,27,22,20,35.5,15,
,13,452,11,,,,,,,,11,11,11,1,0,7,34,32,19,25,30,26,22.4,,26
,13,453,18,,,,,,,,18,18,18,1,0,39,17,17.5,23.28571429,21,26,14.5,21.5,6,32
,13,454,37,,,,,,,,37,37,37,1,0,34.8,24,24,21.75,15,25.66666667,24.4,17.5,17,17.5
,13,455,18,24,32,30,,,,,18,32,26,4,14,25,15.33333333,34,7.666666667,25,7,18,15,29.33333333,27.5
,13,456,35,26,,,,,,,26,35,30.5,2,9,37,20.75,24.5,6.25,12.5,18,4,28,10,25
,13,468 (500),26,,,,,,,,26,26,26,1,0,14,22.5,11.5,28.33333333,27.5,13,,,,23.66666667
,13,469,35,,,,,,,,35,35,35,1,0,31.66666667,29,21,20.5,11,34,21.5,36.5,6,
,13,475,37,23,24,37,36,,,,23,37,31.4,5,14,34.5,13,15.33333333,22.33333333,12,32,18,29,26,
,13,476,12,8,,,,,,,8,12,10,2,4,1,34.75,14.33333333,4.5,31,11.33333333,37,31,34,17
,13,483,24,17,26,,,,,,17,26,22.33333333,3,9,,33,21,28,15,15,8.5,16.5,22,31.25
,13,497,33,23,,,,,,,23,33,28,2,10,38,24,32.5,30.5,22.66666667,5.8,38.2,36,22.5,18.5
,13,498,29,22,,,,,,,22,29,25.5,2,7,10,15,6,1,24,37,24,11.25,,24.2
,13,499,12,12,,,,,,,12,12,12,2,0,38.5,7,8,31,16,26.83333333,,13.33333333,20.5,13.5
,13,500,26,,,,,,,,26,26,26,1,0,11,16,5.666666667,12,31,26,17,34.5,,13.25
,13,501,28,20,,,,,,,20,28,24,2,8,21.5,34.25,15,16.5,17,30,36,39,4,
,13,530 (750),14,,,,,,,,14,14,14,1,0,,8,12,14,13,,,,19,17
,13,537,39,,,,,,,,39,39,39,1,0,26,,34.5,24,30,7,10.5,4,15,29
,13,544,40,,,,,,,,40,40,40,1,0,22.66666667,19,1,23.2,22.66666667,12,,26,,30.33333333
,13,545,27,26,22,,,,,,22,27,25,3,5,21,16.4,13.5,12,23,5,12.5,,9,2.5
,13,546,28,,,,,,,,28,28,28,1,0,21,28,26.5,15,10,17,25.5,,4,12
,13,547,19,32,,,,,,,19,32,25.5,2,13,34,26,7,38,9,33,3.5,29.66666667,13,
,13,552,,,,,,,,,,,,0,,32.66666667,16.6,26,22,22,19.4,6.5,10,16,8
,13,553,8,,,,,,,,8,8,8,1,0,30,5,19.66666667,34,6,15.5,12,12.66666667,0,19
,13,554,11,,,,,,,,11,11,11,1,0,12.33333333,30.5,30.75,7,,13.75,17.5,29,2,12
,13,555,,,,,,,,,,,,0,,12,35.75,11.5,,26,6,7.5,19.33333333,,31.5
,13,561 (pvp),,,,,,,,,,,,0,,,,4,,,,,,,
,13,571,20,,,,,,,,20,20,20,1,0,12,35.33333333,20,2.5,2,13.66666667,2,11,7,23.5
,13,575,8,7,,,,,,,7,8,7.5,2,1,34,20,29,19,30,24,14,,17,22
,13,577 (pvp),,,,,,,,,,,,0,,,17.5,,,,,,,,
08/May/24,14,301,18,9,,,,,,,9,18,13.5,2,9,36,31,,13,,32,25.33333333,21,27,32
,14,308,28,,,,,,,,28,28,28,1,0,,13,,24.5,24,22,20.33333333,27,13,
,14,316,9,,,,,,,,9,9,9,1,0,,17,28,31,31.66666667,11,31.5,15,15.5,24
,14,326,26,,,,,,,,26,26,26,1,0,26,,,28,14,7,15.33333333,2,16.5,3
,14,335,19,,,,,,,,19,19,19,1,0,31.33333333,28,3.5,30.5,4,16,27,26,17,21
,14,372 (750),,,,,,,,,,,,0,,,25,28.5,19,,37,,,,
,14,379,1,20,,,,,,,1,20,10.5,2,19,,33,12,11,35,26,7,30,34,
,14,380,25,,,,,,,,25,25,25,1,0,6,22.2,31.8,34,35,19,23.66666667,23.5,16.33333333,
,14,381 (500),,,,,,,,,,,,0,,33,26,8.25,14,22.8,17.5,0,33,35,19
,14,382,15,,,,,,,,15,15,15,1,0,30,17,21,33.33333333,12,4,14.66666667,24,14,0
,14,383,20,16,,,,,,,16,20,18,2,4,15.5,15.5,16.5,25.33333333,32,28,14,,26.66666667,19.5
,14,384,28,,,,,,,,28,28,28,1,0,5,29.5,24,30,20.5,34,16,11,8.5,31.66666667
,14,393 (750),16,,,,,,,,16,16,16,1,0,39,13,11,36,,,,14,38,26
,14,397,5,,,,,,,,5,5,5,1,0,26.66666667,10.33333333,7,21.66666667,26.5,7,24,39,34.5,
,14,398,23,21,,,,,,,21,23,22,2,2,23,30.5,26.66666667,16.66666667,3.5,2,18,8,20.33333333,34
,14,399,8,,,,,,,,8,8,8,1,0,,,33.25,11.5,19,26.66666667,22.42857143,22.5,25.33333333,15
,14,413 (500),24,,,,,,,,24,24,24,1,0,,,20.66666667,29.5,,5,,31,,20
,14,414 (750),19,,,,,,,,19,19,19,1,0,16,,21,14,33.5,,28.33333333,10,21,
,14,417,38,,,,,,,,38,38,38,1,0,12,17.5,20.66666667,11,23.33333333,16,36,11.5,29,
,14,418,,,,,,,,,,,,0,,20,4.5,28,27.5,25,6,23,6,15.5,
,14,419 (500),31,,,,,,,,31,31,31,1,0,24,,20,24,30,22,26,20.33333333,30,
,14,427 (500),19,13,21,,,,,,13,21,17.66666667,3,8,,22.5,25,25,,30.5,,,,
,14,430,16,,,,,,,,16,16,16,1,0,6,17,29,13.5,9.75,29.5,29.5,10,22,24.5
,14,431,11,8,,,,,,,8,11,9.5,2,3,25,30.5,32,9,29.5,7,26,7.6,25.66666667,16.5
,14,432 (750),6,,,,,,,,6,6,6,1,0,20,16.5,23,40,,1,,,35,
,14,433,17,,,,,,,,17,17,17,1,0,17.66666667,36.5,16.5,26,31,7,19.5,19,25,27
,14,434,17,,,,,,,,17,17,17,1,0,28,5,,17,37.25,15,12.5,9,26,11
,14,435,,,,,,,,,,,,0,,28,23.5,24.5,34.25,7.8,15,18,5,12.66666667,10
,14,436,,,,,,,,,,,,0,,,18.66666667,24,7,17.66666667,8,28,12,38.33333333,15
,14,437,23,,,,,,,,23,23,23,1,0,24,34.75,18,34.33333333,31.5,15.33333333,7,24.2,12.5,
,14,451,26,,,,,,,,26,26,26,1,0,22,32.33333333,8,35,31.33333333,27,22,20,35.5,15
,14,452,,,,,,,,,,,,0,,11,7,34,32,19,25,30,26,22.4,
,14,453,,,,,,,,,,,,0,,18,39,17,17.5,23.28571429,21,26,14.5,21.5,6
,14,454,17,21,,,,,,,17,21,19,2,4,37,34.8,24,24,21.75,15,25.66666667,24.4,17.5,17
,14,455,6,,,,,,,,6,6,6,1,0,26,25,15.33333333,34,7.666666667,25,7,18,15,29.33333333
,14,456,22,30,,,,,,,22,30,26,2,8,30.5,37,20.75,24.5,6.25,12.5,18,4,28,10
,14,468 (500),,,,,,,,,,,,0,,26,14,22.5,11.5,28.33333333,27.5,13,,,
,14,469,25,26,,,,,,,25,26,25.5,2,1,35,31.66666667,29,21,20.5,11,34,21.5,36.5,6
,14,475,14,,,,,,,,14,14,14,1,0,31.4,34.5,13,15.33333333,22.33333333,12,32,18,29,26
,14,476,,,,,,,,,,,,0,,10,1,34.75,14.33333333,4.5,31,11.33333333,37,31,34
,14,483,,,,,,,,,,,,0,,22.33333333,,33,21,28,15,15,8.5,16.5,22
,14,497,26,,,,,,,,26,26,26,1,0,28,38,24,32.5,30.5,22.66666667,5.8,38.2,36,22.5
,14,498,31,33,,,,,,,31,33,32,2,2,25.5,10,15,6,1,24,37,24,11.25,
,14,499,34,,,,,,,,34,34,34,1,0,12,38.5,7,8,31,16,26.83333333,,13.33333333,20.5
,14,500,29,31,,,,,,,29,31,30,2,2,26,11,16,5.666666667,12,31,26,17,34.5,
,14,501,10,2,14,,,,,,2,14,8.666666667,3,12,24,21.5,34.25,15,16.5,17,30,36,39,4
,14,530 (750),16,,,,,,,,16,16,16,1,0,14,,8,12,14,13,,,,19
,14,537,28,31,20,30,,,,,20,31,27.25,4,11,39,26,,34.5,24,30,7,10.5,4,15
,14,544,8,22,,,,,,,8,22,15,2,14,40,22.66666667,19,1,23.2,22.66666667,12,,26,
,14,545,6,,,,,,,,6,6,6,1,0,25,21,16.4,13.5,12,23,5,12.5,,9
,14,546,22,14,,,,,,,14,22,18,2,8,28,21,28,26.5,15,10,17,25.5,,4
,14,547,22,,,,,,,,22,22,22,1,0,25.5,34,26,7,38,9,33,3.5,29.66666667,13
,14,552,14,,,,,,,,14,14,14,1,0,,32.66666667,16.6,26,22,22,19.4,6.5,10,16
,14,553,14,,,,,,,,14,14,14,1,0,8,30,5,19.66666667,34,6,15.5,12,12.66666667,0
,14,554,33,37,,,,,,,33,37,35,2,4,11,12.33333333,30.5,30.75,7,,13.75,17.5,29,2
,14,555,16,17,19,,,,,,16,19,17.33333333,3,3,,12,35.75,11.5,,26,6,7.5,19.33333333,
,14,561 (pvp),,,,,,,,,,,,0,,,,,4,,,,,,
,14,571,21,,,,,,,,21,21,21,1,0,20,12,35.33333333,20,2.5,2,13.66666667,2,11,7
,14,575,25,,,,,,,,25,25,25,1,0,7.5,34,20,29,19,30,24,14,,17
,14,577 (pvp),,,,,,,,,,,,0,,,,17.5,,,,,,,
15/May/24,15,301,,,,,,,,,,,,0,,13.5,36,31,,13,,32,25.33333333,21,27
,15,308,25,,,,,,,,25,25,25,1,0,28,,13,,24.5,24,22,20.33333333,27,13
,15,316,26,,,,,,,,26,26,26,1,0,9,,17,28,31,31.66666667,11,31.5,15,15.5
,15,326,14,,,,,,,,14,14,14,1,0,26,26,,,28,14,7,15.33333333,2,16.5
,15,335,,,,,,,,,,,,0,,19,31.33333333,28,3.5,30.5,4,16,27,26,17
,15,372 (750),29,,,,,,,,29,29,29,1,0,,,25,28.5,19,,37,,,
,15,379,,,,,,,,,,,,0,,10.5,,33,12,11,35,26,7,30,34
,15,380,,,,,,,,,,,,0,,25,6,22.2,31.8,34,35,19,23.66666667,23.5,16.33333333
,15,381 (500),,,,,,,,,,,,0,,,33,26,8.25,14,22.8,17.5,0,33,35
,15,382,22,,,,,,,,22,22,22,1,0,15,30,17,21,33.33333333,12,4,14.66666667,24,14
,15,383,29,,,,,,,,29,29,29,1,0,18,15.5,15.5,16.5,25.33333333,32,28,14,,26.66666667
,15,384,14,,,,,,,,14,14,14,1,0,28,5,29.5,24,30,20.5,34,16,11,8.5
,15,393 (750),28,16,25,,,,,,16,28,23,3,12,16,39,13,11,36,,,,14,38
,15,397,,,,,,,,,,,,0,,5,26.66666667,10.33333333,7,21.66666667,26.5,7,24,39,34.5
,15,398,28,,,,,,,,28,28,28,1,0,22,23,30.5,26.66666667,16.66666667,3.5,2,18,8,20.33333333
,15,399,,,,,,,,,,,,0,,8,,,33.25,11.5,19,26.66666667,22.42857143,22.5,25.33333333
,15,413 (500),9,,,,,,,,9,9,9,1,0,24,,,20.66666667,29.5,,5,,31,
,15,414 (750),,,,,,,,,,,,0,,19,16,,21,14,33.5,,28.33333333,10,21
,15,417,33,26,,,,,,,26,33,29.5,2,7,38,12,17.5,20.66666667,11,23.33333333,16,36,11.5,29
,15,418,18,,,,,,,,18,18,18,1,0,,20,4.5,28,27.5,25,6,23,6,15.5
,15,419 (500),10,,,,,,,,10,10,10,1,0,31,24,,20,24,30,22,26,20.33333333,30
,15,427 (500),,,,,,,,,,,,0,,17.66666667,,22.5,25,25,,30.5,,,
,15,430,,,,,,,,,,,,0,,16,6,17,29,13.5,9.75,29.5,29.5,10,22
,15,431,7,,,,,,,,7,7,7,1,0,9.5,25,30.5,32,9,29.5,7,26,7.6,25.66666667
,15,432 (750),,,,,,,,,,,,0,,6,20,16.5,23,40,,1,,,35
,15,433,22,,,,,,,,22,22,22,1,0,17,17.66666667,36.5,16.5,26,31,7,19.5,19,25
,15,434,,,,,,,,,,,,0,,17,28,5,,17,37.25,15,12.5,9,26
,15,435,,,,,,,,,,,,0,,,28,23.5,24.5,34.25,7.8,15,18,5,12.66666667
,15,436,16,13,,,,,,,13,16,14.5,2,3,,,18.66666667,24,7,17.66666667,8,28,12,38.33333333
,15,437,30,,,,,,,,30,30,30,1,0,23,24,34.75,18,34.33333333,31.5,15.33333333,7,24.2,12.5
,15,451,,,,,,,,,,,,0,,26,22,32.33333333,8,35,31.33333333,27,22,20,35.5
,15,452,20,,,,,,,,20,20,20,1,0,,11,7,34,32,19,25,30,26,22.4
,15,453,,,,,,,,,,,,0,,,18,39,17,17.5,23.28571429,21,26,14.5,21.5
,15,454,8,,,,,,,,8,8,8,1,0,19,37,34.8,24,24,21.75,15,25.66666667,24.4,17.5
,15,455,,,,,,,,,,,,0,,6,26,25,15.33333333,34,7.666666667,25,7,18,15
,15,456,,,,,,,,,,,,0,,26,30.5,37,20.75,24.5,6.25,12.5,18,4,28
,15,468 (500),24,,,,,,,,24,24,24,1,0,,26,14,22.5,11.5,28.33333333,27.5,13,,
,15,469,,,,,,,,,,,,0,,25.5,35,31.66666667,29,21,20.5,11,34,21.5,36.5
,15,475,,,,,,,,,,,,0,,14,31.4,34.5,13,15.33333333,22.33333333,12,32,18,29
,15,476,30,16,,,,,,,16,30,23,2,14,,10,1,34.75,14.33333333,4.5,31,11.33333333,37,31
,15,483,22,,,,,,,,22,22,22,1,0,,22.33333333,,33,21,28,15,15,8.5,16.5
,15,497,28,22,,,,,,,22,28,25,2,6,26,28,38,24,32.5,30.5,22.66666667,5.8,38.2,36
,15,498,24,21,,,,,,,21,24,22.5,2,3,32,25.5,10,15,6,1,24,37,24,11.25
,15,499,19,17,,,,,,,17,19,18,2,2,34,12,38.5,7,8,31,16,26.83333333,,13.33333333
,15,500,37,,,,,,,,37,37,37,1,0,30,26,11,16,5.666666667,12,31,26,17,34.5
,15,501,34,41,,,,,,,34,41,37.5,2,7,8.666666667,24,21.5,34.25,15,16.5,17,30,36,39
,15,530 (750),,,,,,,,,,,,0,,16,14,,8,12,14,13,,,
,15,537,23,,,,,,,,23,23,23,1,0,27.25,39,26,,34.5,24,30,7,10.5,4
,15,544,20,,,,,,,,20,20,20,1,0,15,40,22.66666667,19,1,23.2,22.66666667,12,,26
,15,545,19,,,,,,,,19,19,19,1,0,6,25,21,16.4,13.5,12,23,5,12.5,
,15,546,,,,,,,,,,,,0,,18,28,21,28,26.5,15,10,17,25.5,
,15,547,19,15,,,,,,,15,19,17,2,4,22,25.5,34,26,7,38,9,33,3.5,29.66666667
,15,552,22,31,,,,,,,22,31,26.5,2,9,14,,32.66666667,16.6,26,22,22,19.4,6.5,10
,15,553,17,,,,,,,,17,17,17,1,0,14,8,30,5,19.66666667,34,6,15.5,12,12.66666667
,15,554,24,15,,,,,,,15,24,19.5,2,9,35,11,12.33333333,30.5,30.75,7,,13.75,17.5,29
,15,555,6,,,,,,,,6,6,6,1,0,17.33333333,,12,35.75,11.5,,26,6,7.5,19.33333333
,15,561 (pvp),,,,,,,,,,,,0,,,,,,4,,,,,
,15,571,23,19,,,,,,,19,23,21,2,4,21,20,12,35.33333333,20,2.5,2,13.66666667,2,11
,15,575,1,,,,,,,,1,1,1,1,0,25,7.5,34,20,29,19,30,24,14,
,15,577 (pvp),,,,,,,,,,,,0,,,,,17.5,,,,,,
23/May/24,16,301,34,,,,,,,,34,34,34,1,0,,13.5,36,31,,13,,32,25.33333333,21
,16,308,26,,,,,,,,26,26,26,1,0,25,28,,13,,24.5,24,22,20.33333333,27
,16,316,32,,,,,,,,32,32,32,1,0,26,9,,17,28,31,31.66666667,11,31.5,15
,16,326,25,,,,,,,,25,25,25,1,0,14,26,26,,,28,14,7,15.33333333,2
,16,335,,,,,,,,,,,,0,,,19,31.33333333,28,3.5,30.5,4,16,27,26
,16,372 (750),13,,,,,,,,13,13,13,1,0,29,,,25,28.5,19,,37,,
,16,379,,,,,,,,,,,,0,,,10.5,,33,12,11,35,26,7,30
,16,380,,,,,,,,,,,,0,,,25,6,22.2,31.8,34,35,19,23.66666667,23.5
,16,381 (500),,,,,,,,,,,,0,,,,33,26,8.25,14,22.8,17.5,0,33
,16,382,,,,,,,,,,,,0,,22,15,30,17,21,33.33333333,12,4,14.66666667,24
,16,383,5,13,,,,,,,5,13,9,2,8,29,18,15.5,15.5,16.5,25.33333333,32,28,14,
,16,384,28,,,,,,,,28,28,28,1,0,14,28,5,29.5,24,30,20.5,34,16,11
,16,393 (750),,,,,,,,,,,,0,,23,16,39,13,11,36,,,,14
,16,397,,,,,,,,,,,,0,,,5,26.66666667,10.33333333,7,21.66666667,26.5,7,24,39
,16,398,,,,,,,,,,,,0,,28,22,23,30.5,26.66666667,16.66666667,3.5,2,18,8
,16,399,,,,,,,,,,,,0,,,8,,,33.25,11.5,19,26.66666667,22.42857143,22.5
,16,413 (500),39,,,,,,,,39,39,39,1,0,9,24,,,20.66666667,29.5,,5,,31
,16,414 (750),7,,,,,,,,7,7,7,1,0,,19,16,,21,14,33.5,,28.33333333,10
,16,417,25,,,,,,,,25,25,25,1,0,29.5,38,12,17.5,20.66666667,11,23.33333333,16,36,11.5
,16,418,22,,,,,,,,22,22,22,1,0,18,,20,4.5,28,27.5,25,6,23,6
,16,419 (500),,,,,,,,,,,,0,,10,31,24,,20,24,30,22,26,20.33333333
,16,427 (500),21,,,,,,,,21,21,21,1,0,,17.66666667,,22.5,25,25,,30.5,,
,16,430,24,,,,,,,,24,24,24,1,0,,16,6,17,29,13.5,9.75,29.5,29.5,10
,16,431,,,,,,,,,,,,0,,7,9.5,25,30.5,32,9,29.5,7,26,7.6
,16,432 (750),,,,,,,,,,,,0,,,6,20,16.5,23,40,,1,,
,16,433,,,,,,,,,,,,0,,22,17,17.66666667,36.5,16.5,26,31,7,19.5,19
,16,434,20,,,,,,,,20,20,20,1,0,,17,28,5,,17,37.25,15,12.5,9
,16,435,40,,,,,,,,40,40,40,1,0,,,28,23.5,24.5,34.25,7.8,15,18,5
,16,436,15,25,,,,,,,15,25,20,2,10,14.5,,,18.66666667,24,7,17.66666667,8,28,12
,16,437,37,,,,,,,,37,37,37,1,0,30,23,24,34.75,18,34.33333333,31.5,15.33333333,7,24.2
,16,451,,,,,,,,,,,,0,,,26,22,32.33333333,8,35,31.33333333,27,22,20
,16,452,,,,,,,,,,,,0,,20,,11,7,34,32,19,25,30,26
,16,453,21,,,,,,,,21,21,21,1,0,,,18,39,17,17.5,23.28571429,21,26,14.5
,16,454,14,,,,,,,,14,14,14,1,0,8,19,37,34.8,24,24,21.75,15,25.66666667,24.4
,16,455,,,,,,,,,,,,0,,,6,26,25,15.33333333,34,7.666666667,25,7,18
,16,456,15,22,,,,,,,15,22,18.5,2,7,,26,30.5,37,20.75,24.5,6.25,12.5,18,4
,16,468 (500),23,,,,,,,,23,23,23,1,0,24,,26,14,22.5,11.5,28.33333333,27.5,13,
,16,469,,,,,,,,,,,,0,,,25.5,35,31.66666667,29,21,20.5,11,34,21.5
,16,475,18,,,,,,,,18,18,18,1,0,,14,31.4,34.5,13,15.33333333,22.33333333,12,32,18
,16,476,,,,,,,,,,,,0,,23,,10,1,34.75,14.33333333,4.5,31,11.33333333,37
,16,483,,,,,,,,,,,,0,,22,,22.33333333,,33,21,28,15,15,8.5
,16,497,,,,,,,,,,,,0,,25,26,28,38,24,32.5,30.5,22.66666667,5.8,38.2
,16,498,1,,,,,,,,1,1,1,1,0,22.5,32,25.5,10,15,6,1,24,37,24
,16,499,,,,,,,,,,,,0,,18,34,12,38.5,7,8,31,16,26.83333333,
,16,500,,,,,,,,,,,,0,,37,30,26,11,16,5.666666667,12,31,26,17
,16,501,26,,,,,,,,26,26,26,1,0,37.5,8.666666667,24,21.5,34.25,15,16.5,17,30,36
,16,530 (750),17,,,,,,,,17,17,17,1,0,,16,14,,8,12,14,13,,
,16,537,25,,,,,,,,25,25,25,1,0,23,27.25,39,26,,34.5,24,30,7,10.5
,16,544,26,,,,,,,,26,26,26,1,0,20,15,40,22.66666667,19,1,23.2,22.66666667,12,
,16,545,,,,,,,,,,,,0,,19,6,25,21,16.4,13.5,12,23,5,12.5
,16,546,8,,,,,,,,8,8,8,1,0,,18,28,21,28,26.5,15,10,17,25.5
,16,547,,,,,,,,,,,,0,,17,22,25.5,34,26,7,38,9,33,3.5
,16,552,5,,,,,,,,5,5,5,1,0,26.5,14,,32.66666667,16.6,26,22,22,19.4,6.5
,16,553,8,,,,,,,,8,8,8,1,0,17,14,8,30,5,19.66666667,34,6,15.5,12
,16,554,17,,,,,,,,17,17,17,1,0,19.5,35,11,12.33333333,30.5,30.75,7,,13.75,17.5
,16,555,33,,,,,,,,33,33,33,1,0,6,17.33333333,,12,35.75,11.5,,26,6,7.5
,16,561 (pvp),,,,,,,,,,,,0,,,,,,,4,,,,
,16,571,,,,,,,,,,,,0,,21,21,20,12,35.33333333,20,2.5,2,13.66666667,2
,16,575,,,,,,,,,,,,0,,1,25,7.5,34,20,29,19,30,24,14
,16,577 (pvp),,,,,,,,,,,,0,,,,,,17.5,,,,,
29/May/24,17,301,19,,,,,,,,19,19,19,1,0,34,,13.5,36,31,,13,,32,25.33333333
,17,308,23,,,,,,,,23,23,23,1,0,26,25,28,,13,,24.5,24,22,20.33333333
,17,316,19,,,,,,,,19,19,19,1,0,32,26,9,,17,28,31,31.66666667,11,31.5
,17,326,34,40,28,,,,,,28,40,34,3,12,25,14,26,26,,,28,14,7,15.33333333
,17,335,18,,,,,,,,18,18,18,1,0,,,19,31.33333333,28,3.5,30.5,4,16,27
,17,372 (750),42,,,,,,,,42,42,42,1,0,13,29,,,25,28.5,19,,37,
,17,379,16,10,,,,,,,10,16,13,2,6,,,10.5,,33,12,11,35,26,7
,17,380,32,39,,,,,,,32,39,35.5,2,7,,,25,6,22.2,31.8,34,35,19,23.66666667
,17,381 (500),14,,,,,,,,14,14,14,1,0,,,,33,26,8.25,14,22.8,17.5,0
,17,382,41,,,,,,,,41,41,41,1,0,,22,15,30,17,21,33.33333333,12,4,14.66666667
,17,383,12,,,,,,,,12,12,12,1,0,9,29,18,15.5,15.5,16.5,25.33333333,32,28,14
,17,384,8,,,,,,,,8,8,8,1,0,28,14,28,5,29.5,24,30,20.5,34,16
,17,393 (750),,,,,,,,,,,,0,,,23,16,39,13,11,36,,,
,17,397,39,,,,,,,,39,39,39,1,0,,,5,26.66666667,10.33333333,7,21.66666667,26.5,7,24
,17,398,30,34,,,,,,,30,34,32,2,4,,28,22,23,30.5,26.66666667,16.66666667,3.5,2,18
,17,399,,,,,,,,,,,,0,,,,8,,,33.25,11.5,19,26.66666667,22.42857143
,17,413 (500),,,,,,,,,,,,0,,39,9,24,,,20.66666667,29.5,,5,
,17,414 (750),,,,,,,,,,,,0,,7,,19,16,,21,14,33.5,,28.33333333
,17,417,,,,,,,,,,,,0,,25,29.5,38,12,17.5,20.66666667,11,23.33333333,16,36
,17,418,31,40,,,,,,,31,40,35.5,2,9,22,18,,20,4.5,28,27.5,25,6,23
,17,419 (500),,,,,,,,,,,,0,,,10,31,24,,20,24,30,22,26
,17,427 (500),,,,,,,,,,,,0,,21,,17.66666667,,22.5,25,25,,30.5,
,17,430,34,,,,,,,,34,34,34,1,0,24,,16,6,17,29,13.5,9.75,29.5,29.5
,17,431,11,,,,,,,,11,11,11,1,0,,7,9.5,25,30.5,32,9,29.5,7,26
,17,432 (750),,,,,,,,,,,,0,,,,6,20,16.5,23,40,,1,
,17,433,40,29,,,,,,,29,40,34.5,2,11,,22,17,17.66666667,36.5,16.5,26,31,7,19.5
,17,434,24,,,,,,,,24,24,24,1,0,20,,17,28,5,,17,37.25,15,12.5
,17,435,27,36,35,,,,,,27,36,32.66666667,3,9,40,,,28,23.5,24.5,34.25,7.8,15,18
,17,436,31,40,30,,,,,,30,40,33.66666667,3,10,20,14.5,,,18.66666667,24,7,17.66666667,8,28
,17,437,,,,,,,,,,,,0,,37,30,23,24,34.75,18,34.33333333,31.5,15.33333333,7
,17,451,26,38,,,,,,,26,38,32,2,12,,,26,22,32.33333333,8,35,31.33333333,27,22
,17,452,,,,,,,,,,,,0,,,20,,11,7,34,32,19,25,30
,17,453,22,16,,,,,,,16,22,19,2,6,21,,,18,39,17,17.5,23.28571429,21,26
,17,454,18,,,,,,,,18,18,18,1,0,14,8,19,37,34.8,24,24,21.75,15,25.66666667
,17,455,15,,,,,,,,15,15,15,1,0,,,6,26,25,15.33333333,34,7.666666667,25,7
,17,456,31,23,28,,,,,,23,31,27.33333333,3,8,18.5,,26,30.5,37,20.75,24.5,6.25,12.5,18
,17,468 (500),34,,,,,,,,34,34,34,1,0,23,24,,26,14,22.5,11.5,28.33333333,27.5,13
,17,469,28,,,,,,,,28,28,28,1,0,,,25.5,35,31.66666667,29,21,20.5,11,34
,17,475,15,24,,,,,,,15,24,19.5,2,9,18,,14,31.4,34.5,13,15.33333333,22.33333333,12,32
,17,476,24,38,,,,,,,24,38,31,2,14,,23,,10,1,34.75,14.33333333,4.5,31,11.33333333
,17,483,,,,,,,,,,,,0,,,22,,22.33333333,,33,21,28,15,15
,17,497,18,22,,,,,,,18,22,20,2,4,,25,26,28,38,24,32.5,30.5,22.66666667,5.8
,17,498,45,35,,,,,,,35,45,40,2,10,1,22.5,32,25.5,10,15,6,1,24,37
,17,499,13,10,,,,,,,10,13,11.5,2,3,,18,34,12,38.5,7,8,31,16,26.83333333
,17,500,9,18,,,,,,,9,18,13.5,2,9,,37,30,26,11,16,5.666666667,12,31,26
,17,501,19,,,,,,,,19,19,19,1,0,26,37.5,8.666666667,24,21.5,34.25,15,16.5,17,30
,17,530 (750),,,,,,,,,,,,0,,17,,16,14,,8,12,14,13,
,17,537,14,,,,,,,,14,14,14,1,0,25,23,27.25,39,26,,34.5,24,30,7
,17,544,29,32,27,,,,,,27,32,29.33333333,3,5,26,20,15,40,22.66666667,19,1,23.2,22.66666667,12
,17,545,43,32,,,,,,,32,43,37.5,2,11,,19,6,25,21,16.4,13.5,12,23,5
,17,546,21,25,,,,,,,21,25,23,2,4,8,,18,28,21,28,26.5,15,10,17
,17,547,28,30,39,,,,,,28,39,32.33333333,3,11,,17,22,25.5,34,26,7,38,9,33
,17,552,2,13,,,,,,,2,13,7.5,2,11,5,26.5,14,,32.66666667,16.6,26,22,22,19.4
,17,553,29,21,,,,,,,21,29,25,2,8,8,17,14,8,30,5,19.66666667,34,6,15.5
,17,554,,,,,,,,,,,,0,,17,19.5,35,11,12.33333333,30.5,30.75,7,,13.75
,17,555,,,,,,,,,,,,0,,33,6,17.33333333,,12,35.75,11.5,,26,6
,17,561 (pvp),,,,,,,,,,,,0,,,,,,,,4,,,
,17,571,31,,,,,,,,31,31,31,1,0,,21,21,20,12,35.33333333,20,2.5,2,13.66666667
,17,575,29,24,,,,,,,24,29,26.5,2,5,,1,25,7.5,34,20,29,19,30,24
,17,577 (pvp),,,,,,,,,,,,0,,,,,,,17.5,,,,
05/Jun/24,18,301,16,,,,,,,,16,16,16,1,0,19,34,,13.5,36,31,,13,,32
,18,308,33,,,,,,,,33,33,33,1,0,23,26,25,28,,13,,24.5,24,22
,18,316,34,,,,,,,,34,34,34,1,0,19,32,26,9,,17,28,31,31.66666667,11
,18,326,16,10,,,,,,,10,16,13,2,6,34,25,14,26,26,,,28,14,7
,18,335,,,,,,,,,,,,0,,18,,,19,31.33333333,28,3.5,30.5,4,16
,18,372 (750),35,,,,,,,,35,35,35,1,0,42,13,29,,,25,28.5,19,,37
,18,379,22,,,,,,,,22,22,22,1,0,13,,,10.5,,33,12,11,35,26
,18,380,28,,,,,,,,28,28,28,1,0,35.5,,,25,6,22.2,31.8,34,35,19
,18,381 (500),11,,,,,,,,11,11,11,1,0,14,,,,33,26,8.25,14,22.8,17.5
,18,382,22,,,,,,,,22,22,22,1,0,41,,22,15,30,17,21,33.33333333,12,4
,18,383,10,6,,,,,,,6,10,8,2,4,12,9,29,18,15.5,15.5,16.5,25.33333333,32,28
,18,384,13,20,,,,,,,13,20,16.5,2,7,8,28,14,28,5,29.5,24,30,20.5,34
,18,393 (750),,,,,,,,,,,,0,,,,23,16,39,13,11,36,,
,18,397,14,5,17,,,,,,5,17,12,3,12,39,,,5,26.66666667,10.33333333,7,21.66666667,26.5,7
,18,398,31,,,,,,,,31,31,31,1,0,32,,28,22,23,30.5,26.66666667,16.66666667,3.5,2
,18,399,,,,,,,,,,,,0,,,,,8,,,33.25,11.5,19,26.66666667
,18,413 (500),,,,,,,,,,,,0,,,39,9,24,,,20.66666667,29.5,,5
,18,414 (750),3,14,13,,,,,,3,14,10,3,11,,7,,19,16,,21,14,33.5,
,18,417,21,,,,,,,,21,21,21,1,0,,25,29.5,38,12,17.5,20.66666667,11,23.33333333,16
,18,418,39,42,,,,,,,39,42,40.5,2,3,35.5,22,18,,20,4.5,28,27.5,25,6
,18,419 (500),,,,,,,,,,,,0,,,,10,31,24,,20,24,30,22
,18,427 (500),,,,,,,,,,,,0,,,21,,17.66666667,,22.5,25,25,,30.5
,18,430,16,,,,,,,,16,16,16,1,0,34,24,,16,6,17,29,13.5,9.75,29.5
,18,431,10,,,,,,,,10,10,10,1,0,11,,7,9.5,25,30.5,32,9,29.5,7
,18,432 (750),19,,,,,,,,19,19,19,1,0,,,,6,20,16.5,23,40,,1
,18,433,27,30,,,,,,,27,30,28.5,2,3,34.5,,22,17,17.66666667,36.5,16.5,26,31,7
,18,434,20,,,,,,,,20,20,20,1,0,24,20,,17,28,5,,17,37.25,15
,18,435,25,24,18,,,,,,18,25,22.33333333,3,7,32.66666667,40,,,28,23.5,24.5,34.25,7.8,15
,18,436,30,35,41,,,,,,30,41,35.33333333,3,11,33.66666667,20,14.5,,,18.66666667,24,7,17.66666667,8
,18,437,19,,,,,,,,19,19,19,1,0,,37,30,23,24,34.75,18,34.33333333,31.5,15.33333333
,18,451,44,,,,,,,,44,44,44,1,0,32,,,26,22,32.33333333,8,35,31.33333333,27
,18,452,13,1,,,,,,,1,13,7,2,12,,,20,,11,7,34,32,19,25
,18,453,43,36,42,,,,,,36,43,40.33333333,3,7,19,21,,,18,39,17,17.5,23.28571429,21
,18,454,24,,,,,,,,24,24,24,1,0,18,14,8,19,37,34.8,24,24,21.75,15
,18,455,24,20,33,,,,,,20,33,25.66666667,3,13,15,,,6,26,25,15.33333333,34,7.666666667,25
,18,456,26,,,,,,,,26,26,26,1,0,27.33333333,18.5,,26,30.5,37,20.75,24.5,6.25,12.5
,18,468 (500),,,,,,,,,,,,0,,34,23,24,,26,14,22.5,11.5,28.33333333,27.5
,18,469,4,16,,,,,,,4,16,10,2,12,28,,,25.5,35,31.66666667,29,21,20.5,11
,18,475,12,,,,,,,,12,12,12,1,0,19.5,18,,14,31.4,34.5,13,15.33333333,22.33333333,12
,18,476,5,6,12,16,,,,,5,16,9.75,4,11,31,,23,,10,1,34.75,14.33333333,4.5,31
,18,483,25,30,21,,,,,,21,30,25.33333333,3,9,,,22,,22.33333333,,33,21,28,15
,18,497,6,,,,,,,,6,6,6,1,0,20,,25,26,28,38,24,32.5,30.5,22.66666667
,18,498,18,20,,,,,,,18,20,19,2,2,40,1,22.5,32,25.5,10,15,6,1,24
,18,499,27,42,,,,,,,27,42,34.5,2,15,11.5,,18,34,12,38.5,7,8,31,16
,18,500,33,24,,,,,,,24,33,28.5,2,9,13.5,,37,30,26,11,16,5.666666667,12,31
,18,501,26,21,18,,,,,,18,26,21.66666667,3,8,19,26,37.5,8.666666667,24,21.5,34.25,15,16.5,17
,18,530 (750),13,,,,,,,,13,13,13,1,0,,17,,16,14,,8,12,14,13
,18,537,34,35,,,,,,,34,35,34.5,2,1,14,25,23,27.25,39,26,,34.5,24,30
,18,544,21,,,,,,,,21,21,21,1,0,29.33333333,26,20,15,40,22.66666667,19,1,23.2,22.66666667
,18,545,31,,,,,,,,31,31,31,1,0,37.5,,19,6,25,21,16.4,13.5,12,23
,18,546,13,,,,,,,,13,13,13,1,0,23,8,,18,28,21,28,26.5,15,10
,18,547,18,,,,,,,,18,18,18,1,0,32.33333333,,17,22,25.5,34,26,7,38,9
,18,552,16,21,,,,,,,16,21,18.5,2,5,7.5,5,26.5,14,,32.66666667,16.6,26,22,22
,18,553,,,,,,,,,,,,0,,25,8,17,14,8,30,5,19.66666667,34,6
,18,554,,,,,,,,,,,,0,,,17,19.5,35,11,12.33333333,30.5,30.75,7,
,18,555,7,,,,,,,,7,7,7,1,0,,33,6,17.33333333,,12,35.75,11.5,,26
,18,561 (pvp),,,,,,,,,,,,0,,,,,,,,,4,,
,18,571,,,,,,,,,,,,0,,31,,21,21,20,12,35.33333333,20,2.5,2
,18,575,23,26,23,28,22,,,,22,28,24.4,5,6,26.5,,1,25,7.5,34,20,29,19,30
,18,577 (pvp),,,,,,,,,,,,0,,,,,,,,17.5,,,
12/Jun/24,19,301,34,28,31,,,,,,28,34,31,3,6,16,19,34,,13.5,36,31,,13,
,19,308,28,36,,,,,,,28,36,32,2,8,33,23,26,25,28,,13,,24.5,24
,19,316,15,9,23,,,,,,9,23,15.66666667,3,14,34,19,32,26,9,,17,28,31,31.66666667
,19,326,,,,,,,,,,,,0,,13,34,25,14,26,26,,,28,14
,19,335,,,,,,,,,,,,0,,,18,,,19,31.33333333,28,3.5,30.5,4
,19,372 (750),,,,,,,,,,,,0,,35,42,13,29,,,25,28.5,19,
,19,379,26,27,21,34,35,,,,21,35,28.6,5,14,22,13,,,10.5,,33,12,11,35
,19,380,32,,,,,,,,32,32,32,1,0,28,35.5,,,25,6,22.2,31.8,34,35
,19,381 (500),,,,,,,,,,,,0,,11,14,,,,33,26,8.25,14,22.8
,19,382,29,,,,,,,,29,29,29,1,0,22,41,,22,15,30,17,21,33.33333333,12
,19,383,19,,,,,,,,19,19,19,1,0,8,12,9,29,18,15.5,15.5,16.5,25.33333333,32
,19,384,24,,,,,,,,24,24,24,1,0,16.5,8,28,14,28,5,29.5,24,30,20.5
,19,393 (750),,,,,,,,,,,,0,,,,,23,16,39,13,11,36,
,19,397,29,,,,,,,,29,29,29,1,0,12,39,,,5,26.66666667,10.33333333,7,21.66666667,26.5
,19,398,,,,,,,,,,,,0,,31,32,,28,22,23,30.5,26.66666667,16.66666667,3.5
,19,399,,,,,,,,,,,,0,,,,,,8,,,33.25,11.5,19
,19,413 (500),34,,,,,,,,34,34,34,1,0,,,39,9,24,,,20.66666667,29.5,
,19,414 (750),,,,,,,,,,,,0,,10,,7,,19,16,,21,14,33.5
,19,417,33,,,,,,,,33,33,33,1,0,21,,25,29.5,38,12,17.5,20.66666667,11,23.33333333
,19,418,19,7,,,,,,,7,19,13,2,12,40.5,35.5,22,18,,20,4.5,28,27.5,25
,19,419 (500),,,,,,,,,,,,0,,,,,10,31,24,,20,24,30
,19,427 (500),20,,,,,,,,20,20,20,1,0,,,21,,17.66666667,,22.5,25,25,
,19,430,40,,,,,,,,40,40,40,1,0,16,34,24,,16,6,17,29,13.5,9.75
,19,431,37,,,,,,,,37,37,37,1,0,10,11,,7,9.5,25,30.5,32,9,29.5
,19,432 (750),,,,,,,,,,,,0,,19,,,,6,20,16.5,23,40,
,19,433,18,,,,,,,,18,18,18,1,0,28.5,34.5,,22,17,17.66666667,36.5,16.5,26,31
,19,434,23,,,,,,,,23,23,23,1,0,20,24,20,,17,28,5,,17,37.25
,19,435,5,10,,,,,,,5,10,7.5,2,5,22.33333333,32.66666667,40,,,28,23.5,24.5,34.25,7.8
,19,436,32,,,,,,,,32,32,32,1,0,35.33333333,33.66666667,20,14.5,,,18.66666667,24,7,17.66666667
,19,437,36,,,,,,,,36,36,36,1,0,19,,37,30,23,24,34.75,18,34.33333333,31.5
,19,451,24,,,,,,,,24,24,24,1,0,44,32,,,26,22,32.33333333,8,35,31.33333333
,19,452,34,,,,,,,,34,34,34,1,0,7,,,20,,11,7,34,32,19
,19,453,30,37,,,,,,,30,37,33.5,2,7,40.33333333,19,21,,,18,39,17,17.5,23.28571429
,19,454,13,,,,,,,,13,13,13,1,0,24,18,14,8,19,37,34.8,24,24,21.75
,19,455,37,36,34,,,,,,34,37,35.66666667,3,3,25.66666667,15,,,6,26,25,15.33333333,34,7.666666667
,19,456,6,,,,,,,,6,6,6,1,0,26,27.33333333,18.5,,26,30.5,37,20.75,24.5,6.25
,19,468 (500),16,,,,,,,,16,16,16,1,0,,34,23,24,,26,14,22.5,11.5,28.33333333
,19,469,31,,,,,,,,31,31,31,1,0,10,28,,,25.5,35,31.66666667,29,21,20.5
,19,475,21,,,,,,,,21,21,21,1,0,12,19.5,18,,14,31.4,34.5,13,15.33333333,22.33333333
,19,476,11,,,,,,,,11,11,11,1,0,9.75,31,,23,,10,1,34.75,14.33333333,4.5
,19,483,37,,,,,,,,37,37,37,1,0,25.33333333,,,22,,22.33333333,,33,21,28
,19,497,29,,,,,,,,29,29,29,1,0,6,20,,25,26,28,38,24,32.5,30.5
,19,498,34,,,,,,,,34,34,34,1,0,19,40,1,22.5,32,25.5,10,15,6,1
,19,499,14,,,,,,,,14,14,14,1,0,34.5,11.5,,18,34,12,38.5,7,8,31
,19,500,17,26,,,,,,,17,26,21.5,2,9,28.5,13.5,,37,30,26,11,16,5.666666667,12
,19,501,33,,,,,,,,33,33,33,1,0,21.66666667,19,26,37.5,8.666666667,24,21.5,34.25,15,16.5
,19,530 (750),,,,,,,,,,,,0,,13,,17,,16,14,,8,12,14
,19,537,31,,,,,,,,31,31,31,1,0,34.5,14,25,23,27.25,39,26,,34.5,24
,19,544,3,,,,,,,,3,3,3,1,0,21,29.33333333,26,20,15,40,22.66666667,19,1,23.2
,19,545,14,,,,,,,,14,14,14,1,0,31,37.5,,19,6,25,21,16.4,13.5,12
,19,546,30,28,32,,,,,,28,32,30,3,4,13,23,8,,18,28,21,28,26.5,15
,19,547,31,29,33,,,,,,29,33,31,3,4,18,32.33333333,,17,22,25.5,34,26,7,38
,19,552,,,,,,,,,,,,0,,18.5,7.5,5,26.5,14,,32.66666667,16.6,26,22
,19,553,38,,,,,,,,38,38,38,1,0,,25,8,17,14,8,30,5,19.66666667,34
,19,554,21,19,,,,,,,19,21,20,2,2,,,17,19.5,35,11,12.33333333,30.5,30.75,7
,19,555,23,,,,,,,,23,23,23,1,0,7,,33,6,17.33333333,,12,35.75,11.5,
,19,561 (pvp),,,,,,,,,,,,0,,,,,,,,,,4,
,19,571,19,,,,,,,,19,19,19,1,0,,31,,21,21,20,12,35.33333333,20,2.5
,19,575,,,,,,,,,,,,0,,24.4,26.5,,1,25,7.5,34,20,29,19
,19,577 (pvp),,,,,,,,,,,,0,,,,,,,,,17.5,,
19/Jun/24,20,301,35,,,,,,,,35,35,35,1,0,31,16,19,34,,13.5,36,31,,13
,20,308,,,,,,,,,,,,0,,32,33,23,26,25,28,,13,,24.5
,20,316,,,,,,,,,,,,0,,15.66666667,34,19,32,26,9,,17,28,31
,20,326,10,,,,,,,,10,10,10,1,0,,13,34,25,14,26,26,,,28
,20,335,30,,,,,,,,30,30,30,1,0,,,18,,,19,31.33333333,28,3.5,30.5
,20,372 (750),,,,,,,,,,,,0,,,35,42,13,29,,,25,28.5,19
,20,379,,,,,,,,,,,,0,,28.6,22,13,,,10.5,,33,12,11
,20,380,37,,,,,,,,37,37,37,1,0,32,28,35.5,,,25,6,22.2,31.8,34
,20,381 (500),,,,,,,,,,,,0,,,11,14,,,,33,26,8.25,14
,20,382,,,,,,,,,,,,0,,29,22,41,,22,15,30,17,21,33.33333333
,20,383,,,,,,,,,,,,0,,19,8,12,9,29,18,15.5,15.5,16.5,25.33333333
,20,384,,,,,,,,,,,,0,,24,16.5,8,28,14,28,5,29.5,24,30
,20,393 (750),5,,,,,,,,5,5,5,1,0,,,,,23,16,39,13,11,36
,20,397,,,,,,,,,,,,0,,29,12,39,,,5,26.66666667,10.33333333,7,21.66666667
,20,398,0,,,,,,,,0,0,0,0,0,,31,32,,28,22,23,30.5,26.66666667,16.66666667
,20,399,14,,,,,,,,14,14,14,1,0,,,,,,8,,,33.25,11.5
,20,413 (500),,,,,,,,,,,,0,,34,,,39,9,24,,,20.66666667,29.5
,20,414 (750),,,,,,,,,,,,0,,,10,,7,,19,16,,21,14
,20,417,,,,,,,,,,,,0,,33,21,,25,29.5,38,12,17.5,20.66666667,11
,20,418,,,,,,,,,,,,0,,13,40.5,35.5,22,18,,20,4.5,28,27.5
,20,419 (500),,,,,,,,,,,,0,,,,,,10,31,24,,20,24
,20,427 (500),,,,,,,,,,,,0,,20,,,21,,17.66666667,,22.5,25,25
,20,430,,,,,,,,,,,,0,,40,16,34,24,,16,6,17,29,13.5
,20,431,32,,,,,,,,32,32,32,1,0,37,10,11,,7,9.5,25,30.5,32,9
,20,432 (750),,,,,,,,,,,,0,,,19,,,,6,20,16.5,23,40
,20,433,27,,,,,,,,27,27,27,1,0,18,28.5,34.5,,22,17,17.66666667,36.5,16.5,26
,20,434,,,,,,,,,,,,0,,23,20,24,20,,17,28,5,,17
,20,435,,,,,,,,,,,,0,,7.5,22.33333333,32.66666667,40,,,28,23.5,24.5,34.25
,20,436,,,,,,,,,,,,0,,32,35.33333333,33.66666667,20,14.5,,,18.66666667,24,7
,20,437,,,,,,,,,,,,0,,36,19,,37,30,23,24,34.75,18,34.33333333
,20,451,19,,,,,,,,19,19,19,1,0,24,44,32,,,26,22,32.33333333,8,35
,20,452,,,,,,,,,,,,0,,34,7,,,20,,11,7,34,32
,20,453,,,,,,,,,,,,0,,33.5,40.33333333,19,21,,,18,39,17,17.5
,20,454,,,,,,,,,,,,0,,13,24,18,14,8,19,37,34.8,24,24
,20,455,,,,,,,,,,,,0,,35.66666667,25.66666667,15,,,6,26,25,15.33333333,34
,20,456,,,,,,,,,,,,0,,6,26,27.33333333,18.5,,26,30.5,37,20.75,24.5
,20,468 (500),12,,,,,,,,12,12,12,1,0,16,,34,23,24,,26,14,22.5,11.5
,20,469,10,,,,,,,,10,10,10,1,0,31,10,28,,,25.5,35,31.66666667,29,21
,20,475,,,,,,,,,,,,0,,21,12,19.5,18,,14,31.4,34.5,13,15.33333333
,20,476,,,,,,,,,,,,0,,11,9.75,31,,23,,10,1,34.75,14.33333333
,20,483,22,,,,,,,,22,22,22,1,0,37,25.33333333,,,22,,22.33333333,,33,21
,20,497,,,,,,,,,,,,0,,29,6,20,,25,26,28,38,24,32.5
,20,498,34,,,,,,,,34,34,34,1,0,34,19,40,1,22.5,32,25.5,10,15,6
,20,499,23,,,,,,,,23,23,23,1,0,14,34.5,11.5,,18,34,12,38.5,7,8
,20,500,,,,,,,,,,,,0,,21.5,28.5,13.5,,37,30,26,11,16,5.666666667
,20,501,,,,,,,,,,,,0,,33,21.66666667,19,26,37.5,8.666666667,24,21.5,34.25,15
,20,530 (750),,,,,,,,,,,,0,,,13,,17,,16,14,,8,12
,20,537,,,,,,,,,,,,0,,31,34.5,14,25,23,27.25,39,26,,34.5
,20,544,,,,,,,,,,,,0,,3,21,29.33333333,26,20,15,40,22.66666667,19,1
,20,545,,,,,,,,,,,,0,,14,31,37.5,,19,6,25,21,16.4,13.5
,20,546,,,,,,,,,,,,0,,30,13,23,8,,18,28,21,28,26.5
,20,547,,30,,,,,,,30,30,30,1,0,31,18,32.33333333,,17,22,25.5,34,26,7
,20,552,33,,,,,,,,33,33,33,1,0,,18.5,7.5,5,26.5,14,,32.66666667,16.6,26
,20,553,42,,,,,,,,42,42,42,1,0,38,,25,8,17,14,8,30,5,19.66666667
,20,554,,,,,,,,,,,,0,,20,,,17,19.5,35,11,12.33333333,30.5,30.75
,20,555,32,,,,,,,,32,32,32,1,0,23,7,,33,6,17.33333333,,12,35.75,11.5
,20,561 (pvp),,,,,,,,,,,,0,,,,,,,,,,,4
,20,571,,,,,,,,,,,,0,,19,,31,,21,21,20,12,35.33333333,20
,20,575,,,,,,,,,,,,0,,,24.4,26.5,,1,25,7.5,34,20,29
,20,577 (pvp),,,,,,,,,,,,0,,,,,,,,,,17.5,
26/Jun/24,21,301,9,,,,,,,,9,9,9,1,0,35,31,16,19,34,,13.5,36,31,
,21,308,30,25,,,,,,,25,30,27.5,2,5,,32,33,23,26,25,28,,13,
,21,316,22,25,,,,,,,22,25,23.5,2,3,,15.66666667,34,19,32,26,9,,17,28
,21,326,,,,,,,,,,,,0,,10,,13,34,25,14,26,26,,
,21,335,23,24,,,,,,,23,24,23.5,2,1,30,,,18,,,19,31.33333333,28,3.5
,21,372 (750),29,,,,,,,,29,29,29,1,0,,,35,42,13,29,,,25,28.5
,21,379,11,14,,,,,,,11,14,12.5,2,3,,28.6,22,13,,,10.5,,33,12
,21,380,13,,,,,,,,13,13,13,1,0,37,32,28,35.5,,,25,6,22.2,31.8
,21,381 (500),13,26,23,,,,,,13,26,20.66666667,3,13,,,11,14,,,,33,26,8.25
,21,382,17,49,,,,,,,17,49,33,2,32,,29,22,41,,22,15,30,17,21
,21,383,,,,,,,,,,,,0,,,19,8,12,9,29,18,15.5,15.5,16.5
,21,384,24,,,,,,,,24,24,24,1,0,,24,16.5,8,28,14,28,5,29.5,24
,21,393 (750),13,,,,,,,,13,13,13,1,0,5,,,,,23,16,39,13,11
,21,397,11,,,,,,,,11,11,11,1,0,,29,12,39,,,5,26.66666667,10.33333333,7
,21,398,65??,,,,,,,,,,,0,,0,,31,32,,28,22,23,30.5,26.66666667
,21,399,15,,,,,,,,15,15,15,1,0,14,,,,,,8,,,33.25
,21,413 (500),29,25,,,,,,,25,29,27,2,4,,34,,,39,9,24,,,20.66666667
,21,414 (750),,,,,,,,,,,,0,,,,10,,7,,19,16,,21
,21,417,26,,,,,,,,26,26,26,1,0,,33,21,,25,29.5,38,12,17.5,20.66666667
,21,418,21,32,,,,,,,21,32,26.5,2,11,,13,40.5,35.5,22,18,,20,4.5,28
,21,419 (500),,,,,,,,,,,,0,,,,,,,10,31,24,,20
,21,427 (500),29,,,,,,,,29,29,29,1,0,,20,,,21,,17.66666667,,22.5,25
,21,430,35,45,34,,,,,,34,45,38,3,11,,40,16,34,24,,16,6,17,29
,21,431,31,,,,,,,,31,31,31,1,0,32,37,10,11,,7,9.5,25,30.5,32
,21,432 (750),22,,,,,,,,22,22,22,1,0,,,19,,,,6,20,16.5,23
,21,433,26,,,,,,,,26,26,26,1,0,27,18,28.5,34.5,,22,17,17.66666667,36.5,16.5
,21,434,,,,,,,,,,,,0,,,23,20,24,20,,17,28,5,
,21,435,20,,,,,,,,20,20,20,1,0,,7.5,22.33333333,32.66666667,40,,,28,23.5,24.5
,21,436,19,14,,,,,,,14,19,16.5,2,5,,32,35.33333333,33.66666667,20,14.5,,,18.66666667,24
,21,437,5,,,,,,,,5,5,5,1,0,,36,19,,37,30,23,24,34.75,18
,21,451,29,,,,,,,,29,29,29,1,0,19,24,44,32,,,26,22,32.33333333,8
,21,452,19,18,26,,,,,,18,26,21,3,8,,34,7,,,20,,11,7,34
,21,453,32,37,31,29,43,,,,29,43,34.4,5,14,,33.5,40.33333333,19,21,,,18,39,17
,21,454,22,,,,,,,,22,22,22,1,0,,13,24,18,14,8,19,37,34.8,24
,21,455,33,32,,,,,,,32,33,32.5,2,1,,35.66666667,25.66666667,15,,,6,26,25,15.33333333
,21,456,13,,,,,,,,13,13,13,1,0,,6,26,27.33333333,18.5,,26,30.5,37,20.75
,21,468 (500),1,12,,,,,,,1,12,6.5,2,11,12,16,,34,23,24,,26,14,22.5
,21,469,,,,,,,,,,,,0,,10,31,10,28,,,25.5,35,31.66666667,29
,21,475,,,,,,,,,,,,0,,,21,12,19.5,18,,14,31.4,34.5,13
,21,476,13,,,,,,,,13,13,13,1,0,,11,9.75,31,,23,,10,1,34.75
,21,483,33,30,,,,,,,30,33,31.5,2,3,22,37,25.33333333,,,22,,22.33333333,,33
,21,497,27,,,,,,,,27,27,27,1,0,,29,6,20,,25,26,28,38,24
,21,498,39,42,44,,,,,,39,44,41.66666667,3,5,34,34,19,40,1,22.5,32,25.5,10,15
,21,499,24,18,26,28,,,,,18,28,24,4,10,23,14,34.5,11.5,,18,34,12,38.5,7
,21,500,28,21,18,,,,,,18,28,22.33333333,3,10,,21.5,28.5,13.5,,37,30,26,11,16
,21,501,29,38,28,,,,,,28,38,31.66666667,3,10,,33,21.66666667,19,26,37.5,8.666666667,24,21.5,34.25
,21,530 (750),13,26,,,,,,,13,26,19.5,2,13,,,13,,17,,16,14,,8
,21,537,34,38,,,,,,,34,38,36,2,4,,31,34.5,14,25,23,27.25,39,26,
,21,544,35,,,,,,,,35,35,35,1,0,,3,21,29.33333333,26,20,15,40,22.66666667,19
,21,545,34,40,,,,,,,34,40,37,2,6,,14,31,37.5,,19,6,25,21,16.4
,21,546,15,17,19,,,,,,15,19,17,3,4,,30,13,23,8,,18,28,21,28
,21,547,,,,,,,,,,,,0,,30,31,18,32.33333333,,17,22,25.5,34,26
,21,552,23,,,,,,,,23,23,23,1,0,33,,18.5,7.5,5,26.5,14,,32.66666667,16.6
,21,553,30,21,,,,,,,21,30,25.5,2,9,42,38,,25,8,17,14,8,30,5
,21,554,24,,,,,,,,24,24,24,1,0,,20,,,17,19.5,35,11,12.33333333,30.5
,21,555,10,,,,,,,,10,10,10,1,0,32,23,7,,33,6,17.33333333,,12,35.75
,21,561 (pvp),,,,,,,,,,,,0,,,,,,,,,,,
,21,571,16,,,,,,,,16,16,16,1,0,,19,,31,,21,21,20,12,35.33333333
,21,575,28,,,,,,,,28,28,28,1,0,,,24.4,26.5,,1,25,7.5,34,20
,21,577 (pvp),,,,,,,,,,,,0,,,,,,,,,,,17.5
03/Jul/24,22,301,33,,,,,,,,33,33,33,1,0,9,35,31,16,19,34,,13.5,36,31
,22,308,36,,,,,,,,36,36,36,1,0,27.5,,32,33,23,26,25,28,,13
,22,316,26,,,,,,,,26,26,26,1,0,23.5,,15.66666667,34,19,32,26,9,,17
,22,326,14,,,,,,,,14,14,14,1,0,,10,,13,34,25,14,26,26,
,22,335,26,34,,,,,,,26,34,30,2,8,23.5,30,,,18,,,19,31.33333333,28
,22,372 (750),,,,,,,,,,,,0,,29,,,35,42,13,29,,,25
,22,379,38,                                                                                                                                                                                                                                                                                                                                                                                                ,,,,,,,38,38,38,1,0,12.5,,28.6,22,13,,,10.5,,33
,22,380,19,,,,,,,,19,19,19,1,0,13,37,32,28,35.5,,,25,6,22.2
,22,381 (500),10,,,,,,,,10,10,10,1,0,20.66666667,,,11,14,,,,33,26
,22,382,6,,,,,,,,6,6,6,1,0,33,,29,22,41,,22,15,30,17
,22,383,22,13,,,,,,,13,22,17.5,2,9,,,19,8,12,9,29,18,15.5,15.5
,22,384,32,,,,,,,,32,32,32,1,0,24,,24,16.5,8,28,14,28,5,29.5
,22,393 (750),,,,,,,,,,,,0,,13,5,,,,,23,16,39,13
,22,397,17,13,19,,,,,,13,19,16.33333333,3,6,11,,29,12,39,,,5,26.66666667,10.33333333
,22,398,30,,,,,,,,30,30,30,1,0,,0,,31,32,,28,22,23,30.5
,22,399,8,13,,,,,,,8,13,10.5,2,5,15,14,,,,,,8,,
,22,413 (500),,,,,,,,,,,,0,,27,,34,,,39,9,24,,
,22,414 (750),11,,,,,,,,11,11,11,1,0,,,,10,,7,,19,16,
,22,417,38,42,,,,,,,38,42,40,2,4,26,,33,21,,25,29.5,38,12,17.5
,22,418,6,,,,,,,,6,6,6,1,0,26.5,,13,40.5,35.5,22,18,,20,4.5
,22,419 (500),10,16,,,,,,,10,16,13,2,6,,,,,,,10,31,24,
,22,427 (500),15,,,,,,,,15,15,15,1,0,29,,20,,,21,,17.66666667,,22.5
,22,430,15,,,,,,,,15,15,15,1,0,38,,40,16,34,24,,16,6,17
,22,431,23,12,,,,,,,12,23,17.5,2,11,31,32,37,10,11,,7,9.5,25,30.5
,22,432 (750),,,,,,,,,,,,0,,22,,,19,,,,6,20,16.5
,22,433,28,24,,,,,,,24,28,26,2,4,26,27,18,28.5,34.5,,22,17,17.66666667,36.5
,22,434,11,,,,,,,,11,11,11,1,0,,,23,20,24,20,,17,28,5
,22,435,19,22,,,,,,,19,22,20.5,2,3,20,,7.5,22.33333333,32.66666667,40,,,28,23.5
,22,436,1,,,,,,,,1,1,1,1,0,16.5,,32,35.33333333,33.66666667,20,14.5,,,18.66666667
,22,437,17,,,,,,,,17,17,17,1,0,5,,36,19,,37,30,23,24,34.75
,22,451,16,30,,,,,,,16,30,23,2,14,29,19,24,44,32,,,26,22,32.33333333
,22,452,28,31,,,,,,,28,31,29.5,2,3,21,,34,7,,,20,,11,7
,22,453,25,,,,,,,,25,25,25,1,0,34.4,,33.5,40.33333333,19,21,,,18,39
,22,454,18,,,,,,,,18,18,18,1,0,22,,13,24,18,14,8,19,37,34.8
,22,455,8,,,,,,,,8,8,8,1,0,32.5,,35.66666667,25.66666667,15,,,6,26,25
,22,456,12,,,,,,,,12,12,12,1,0,13,,6,26,27.33333333,18.5,,26,30.5,37
,22,468 (500),,,,,,,,,,,,0,,6.5,12,16,,34,23,24,,26,14
,22,469,,,,,,,,,,,,0,,,10,31,10,28,,,25.5,35,31.66666667
,22,475,,,,,,,,,,,,0,,,,21,12,19.5,18,,14,31.4,34.5
,22,476,21,30,,,,,,,21,30,25.5,2,9,13,,11,9.75,31,,23,,10,1
,22,483,,,,,,,,,,,,0,,31.5,22,37,25.33333333,,,22,,22.33333333,
,22,497,,,,,,,,,,,,0,,27,,29,6,20,,25,26,28,38
,22,498,14,13,,,,,,,13,14,13.5,2,1,41.66666667,34,34,19,40,1,22.5,32,25.5,10
,22,499,,,,,,,,,,,,0,,24,23,14,34.5,11.5,,18,34,12,38.5
,22,500,34,,,,,,,,34,34,34,1,0,22.33333333,,21.5,28.5,13.5,,37,30,26,11
,22,501,1,,,,,,,,1,1,1,1,0,31.66666667,,33,21.66666667,19,26,37.5,8.666666667,24,21.5
,22,530 (750),,,,,,,,,,,,0,,19.5,,,13,,17,,16,14,
,22,537,0,,,,,,,,0,0,0,0,0,36,,31,34.5,14,25,23,27.25,39,26
,22,544,,,,,,,,,,,,0,,35,,3,21,29.33333333,26,20,15,40,22.66666667
,22,545,17,25,,,,,,,17,25,21,2,8,37,,14,31,37.5,,19,6,25,21
,22,546,38,,,,,,,,38,38,38,1,0,17,,30,13,23,8,,18,28,21
,22,547,19,,,,,,,,19,19,19,1,0,,30,31,18,32.33333333,,17,22,25.5,34
,22,552,28,19,,,,,,,19,28,23.5,2,9,23,33,,18.5,7.5,5,26.5,14,,32.66666667
,22,553,,,,,,,,,,,,0,,25.5,42,38,,25,8,17,14,8,30
,22,554,14,16,,,,,,,14,16,15,2,2,24,,20,,,17,19.5,35,11,12.33333333
,22,555,15,,,,,,,,15,15,15,1,0,10,32,23,7,,33,6,17.33333333,,12
,22,561 (pvp),,,,,,,,,,,,0,,,,,,,,,,,
,22,571,38,27,,,,,,,27,38,32.5,2,11,16,,19,,31,,21,21,20,12
,22,575,19,,,,,,,,19,19,19,1,0,28,,,24.4,26.5,,1,25,7.5,34
,22,577 (pvp),,,,,,,,,,,,0,,,,,,,,,,,
10/Jul/24,23,301,24,,,,,,,,24,24,24,1,0,33,9,35,31,16,19,34,,13.5,36
,23,308,35,29,,,,,,,29,35,32,2,6,36,27.5,,32,33,23,26,25,28,
,23,316,2,,,,,,,,2,2,2,1,0,26,23.5,,15.66666667,34,19,32,26,9,
,23,326,,,,,,,,,,,,0,,14,,10,,13,34,25,14,26,26
,23,335,,33,,,,,,,33,33,33,1,0,30,23.5,30,,,18,,,19,31.33333333
,23,372 (750),21,29,,,,,,,21,29,25,2,8,,29,,,35,42,13,29,,
,23,379,,40,,,,,,,40,40,40,1,0,38,12.5,,28.6,22,13,,,10.5,
,23,380,39,,,,,,,,39,39,39,1,0,19,13,37,32,28,35.5,,,25,6
,23,381 (500),,,,,,,,,,,,0,,10,20.66666667,,,11,14,,,,33
,23,382,18,,,,,,,,18,18,18,1,0,6,33,,29,22,41,,22,15,30
,23,383,21,,,,,,,,21,21,21,1,0,17.5,,,19,8,12,9,29,18,15.5
,23,384,27,,,,,,,,27,27,27,1,0,32,24,,24,16.5,8,28,14,28,5
,23,393 (750),41,,,,,,,,41,41,41,1,0,,13,5,,,,,23,16,39
,23,397,8,,,,,,,,8,8,8,1,0,16.33333333,11,,29,12,39,,,5,26.66666667
,23,398,34,,,,,,,,34,34,34,1,0,30,,0,,31,32,,28,22,23
,23,399,38,,,,,,,,38,38,38,1,0,10.5,15,14,,,,,,8,
,23,413 (500),32,,,,,,,,32,32,32,1,0,,27,,34,,,39,9,24,
,23,414 (750),,,,,,,,,,,,0,,11,,,,10,,7,,19,16
,23,417,30,,,,,,,,30,30,30,1,0,40,26,,33,21,,25,29.5,38,12
,23,418,,,,,,,,,,,,0,,6,26.5,,13,40.5,35.5,22,18,,20
,23,419 (500),25,,,,,,,,25,25,25,1,0,13,,,,,,,10,31,24
,23,427 (500),30,,,,,,,,30,30,30,1,0,15,29,,20,,,21,,17.66666667,
,23,430,40,,,,,,,,40,40,40,1,0,15,38,,40,16,34,24,,16,6
,23,431,25,,,,,,,,25,25,25,1,0,17.5,31,32,37,10,11,,7,9.5,25
,23,432 (750),15,,,,,,,,15,15,15,1,0,,22,,,19,,,,6,20
,23,433,26,31,23,,,,,,23,31,26.66666667,3,8,26,26,27,18,28.5,34.5,,22,17,17.66666667
,23,434,,,,,,,,,,,,0,,11,,,23,20,24,20,,17,28
,23,435,3,14,,,,,,,3,14,8.5,2,11,20.5,20,,7.5,22.33333333,32.66666667,40,,,28
,23,436,3,8,,,,,,,3,8,5.5,2,5,1,16.5,,32,35.33333333,33.66666667,20,14.5,,
,23,437,22,,,,,,,,22,22,22,1,0,17,5,,36,19,,37,30,23,24
,23,451,19,,,,,,,,19,19,19,1,0,23,29,19,24,44,32,,,26,22
,23,452,40,28,,,,,,,28,40,34,2,12,29.5,21,,34,7,,,20,,11
,23,453,,,,,,,,,,,,0,,25,34.4,,33.5,40.33333333,19,21,,,18
,23,454,20,,,,,,,,20,20,20,1,0,18,22,,13,24,18,14,8,19,37
,23,455,,,,,,,,,,,,0,,8,32.5,,35.66666667,25.66666667,15,,,6,26
,23,456,17,13,15,,,,,,13,17,15,3,4,12,13,,6,26,27.33333333,18.5,,26,30.5
,23,468 (500),15,,,,,,,,15,15,15,1,0,,6.5,12,16,,34,23,24,,26
,23,469,27,,,,,,,,27,27,27,1,0,,,10,31,10,28,,,25.5,35
,23,475,33,,,,,,,,33,33,33,1,0,,,,21,12,19.5,18,,14,31.4
,23,476,34,,,,,,,,34,34,34,1,0,25.5,13,,11,9.75,31,,23,,10
,23,483,32,,,,,,,,32,32,32,1,0,,31.5,22,37,25.33333333,,,22,,22.33333333
,23,497,23,,,,,,,,23,23,23,1,0,,27,,29,6,20,,25,26,28
,23,498,35,34,26,,,,,,26,35,31.66666667,3,9,13.5,41.66666667,34,34,19,40,1,22.5,32,25.5
,23,499,10,,,,,,,,10,10,10,1,0,,24,23,14,34.5,11.5,,18,34,12
,23,500,,,,,,,,,,,,0,,34,22.33333333,,21.5,28.5,13.5,,37,30,26
,23,501,22,15,16,,,,,,15,22,17.66666667,3,7,1,31.66666667,,33,21.66666667,19,26,37.5,8.666666667,24
,23,530 (750),6,,,,,,,,6,6,6,1,0,,19.5,,,13,,17,,16,14
,23,537,12,,,,,,,,12,12,12,1,0,0,36,,31,34.5,14,25,23,27.25,39
,23,544,24,,,,,,,,24,24,24,1,0,,35,,3,21,29.33333333,26,20,15,40
,23,545,13,17,32,19,,,,,13,32,20.25,4,19,21,37,,14,31,37.5,,19,6,25
,23,546,33,26,,,,,,,26,33,29.5,2,7,38,17,,30,13,23,8,,18,28
,23,547,15,22,,,,,,,15,22,18.5,2,7,19,,30,31,18,32.33333333,,17,22,25.5
,23,552,23,24,12,,,,,,12,24,19.66666667,3,12,23.5,23,33,,18.5,7.5,5,26.5,14,
,23,553,42,,,,,,,,42,42,42,1,0,,25.5,42,38,,25,8,17,14,8
,23,554,28,27,,,,,,,27,28,27.5,2,1,15,24,,20,,,17,19.5,35,11
,23,555,40,37,,,,,,,37,40,38.5,2,3,15,10,32,23,7,,33,6,17.33333333,
,23,561 (pvp),,,,,,,,,,,,0,,,,,,,,,,,
,23,571,35,,,,,,,,35,35,35,1,0,32.5,16,,19,,31,,21,21,20
,23,575,30,29,,,,,,,29,30,29.5,2,1,19,28,,,24.4,26.5,,1,25,7.5
,23,577 (pvp),,,,,,,,,,,,0,,,,,,,,,,,
17/Jul/24,24,301,13,30,,,,,,,13,30,21.5,2,17,24,33,9,35,31,16,19,34,,13.5
,24,308,19,,,,,,,,19,19,19,1,0,32,36,27.5,,32,33,23,26,25,28
,24,316,26,,,,,,,,26,26,26,1,0,2,26,23.5,,15.66666667,34,19,32,26,9
,24,326,30,,,,,,,,30,30,30,1,0,,14,,10,,13,34,25,14,26
,24,335,,,,,,,,,,,,0,,33,30,23.5,30,,,18,,,19
,24,372 (750),,,,,,,,,,,,0,,25,,29,,,35,42,13,29,
,24,379,4,3,14,,,,,,3,14,7,3,11,40,38,12.5,,28.6,22,13,,,10.5
,24,380,31,39,29,,,,,,29,39,33,3,10,39,19,13,37,32,28,35.5,,,25
,24,381 (500),16,,,,,,,,16,16,16,1,0,,10,20.66666667,,,11,14,,,
,24,382,16,,,,,,,,16,16,16,1,0,18,6,33,,29,22,41,,22,15
,24,383,33,,,,,,,,33,33,33,1,0,21,17.5,,,19,8,12,9,29,18
,24,384,17,,,,,,,,17,17,17,1,0,27,32,24,,24,16.5,8,28,14,28
,24,393 (750),12,,,,,,,,12,12,12,1,0,41,,13,5,,,,,23,16
,24,397,26,20,,,,,,,20,26,23,2,6,8,16.33333333,11,,29,12,39,,,5
,24,398,26,29,,,,,,,26,29,27.5,2,3,34,30,,0,,31,32,,28,22
,24,399,20,,,,,,,,20,20,20,1,0,38,10.5,15,14,,,,,,8
,24,413 (500),,,,,,,,,,,,0,,32,,27,,34,,,39,9,24
,24,414 (750),,,,,,,,,,,,0,,,11,,,,10,,7,,19
,24,417,23,,,,,,,,23,23,23,1,0,30,40,26,,33,21,,25,29.5,38
,24,418,,,,,,,,,,,,0,,,6,26.5,,13,40.5,35.5,22,18,
,24,419 (500),21,,,,,,,,21,21,21,1,0,25,13,,,,,,,10,31
,24,427 (500),,,,,,,,,,,,0,,30,15,29,,20,,,21,,17.66666667
,24,430,24,45,,,,,,,24,45,34.5,2,21,40,15,38,,40,16,34,24,,16
,24,431,,,,,,,,,,,,0,,25,17.5,31,32,37,10,11,,7,9.5
,24,432 (750),,,,,,,,,,,,0,,15,,22,,,19,,,,6
,24,433,,,,,,,,,,,,0,,26.66666667,26,26,27,18,28.5,34.5,,22,17
,24,434,0,11,,,,,,,0,11,5.5,1,11,,11,,,23,20,24,20,,17
,24,435,24,,,,,,,,24,24,24,1,0,8.5,20.5,20,,7.5,22.33333333,32.66666667,40,,
,24,436,11,,,,,,,,11,11,11,1,0,5.5,1,16.5,,32,35.33333333,33.66666667,20,14.5,
,24,437,26,,,,,,,,26,26,26,1,0,22,17,5,,36,19,,37,30,23
,24,451,8,14,,,,,,,8,14,11,2,6,19,23,29,19,24,44,32,,,26
,24,452,23,,,,,,,,23,23,23,1,0,34,29.5,21,,34,7,,,20,
,24,453,3,8,,,,,,,3,8,5.5,2,5,,25,34.4,,33.5,40.33333333,19,21,,
,24,454,5,,,,,,,,5,5,5,1,0,20,18,22,,13,24,18,14,8,19
,24,455,16,,,,,,,,16,16,16,1,0,,8,32.5,,35.66666667,25.66666667,15,,,6
,24,456,40,29,,,,,,,29,40,34.5,2,11,15,12,13,,6,26,27.33333333,18.5,,26
,24,468 (500),,,,,,,,,,,,0,,15,,6.5,12,16,,34,23,24,
,24,469,7,,,,,,,,7,7,7,1,0,27,,,10,31,10,28,,,25.5
,24,475,38,,,,,,,,38,38,38,1,0,33,,,,21,12,19.5,18,,14
,24,476,8,,,,,,,,8,8,8,1,0,34,25.5,13,,11,9.75,31,,23,
,24,483,28,,,,,,,,28,28,28,1,0,32,,31.5,22,37,25.33333333,,,22,
,24,497,23,,,,,,,,23,23,23,1,0,23,,27,,29,6,20,,25,26
,24,498,32,,,,,,,,32,32,32,1,0,31.66666667,13.5,41.66666667,34,34,19,40,1,22.5,32
,24,499,10,,,,,,,,10,10,10,1,0,10,,24,23,14,34.5,11.5,,18,34
,24,500,28,25,,,,,,,25,28,26.5,2,3,,34,22.33333333,,21.5,28.5,13.5,,37,30
,24,501,26,16,,,,,,,16,26,21,2,10,17.66666667,1,31.66666667,,33,21.66666667,19,26,37.5,8.666666667
,24,530 (750),,,,,,,,,,,,0,,6,,19.5,,,13,,17,,16
,24,537,38,,,,,,,,38,38,38,1,0,12,0,36,,31,34.5,14,25,23,27.25
,24,544,11,40,,,,,,,11,40,25.5,2,29,24,,35,,3,21,29.33333333,26,20,15
,24,545,26,,,,,,,,26,26,26,1,0,20.25,21,37,,14,31,37.5,,19,6
,24,546,23,,,,,,,,23,23,23,1,0,29.5,38,17,,30,13,23,8,,18
,24,547,26,20,,,,,,,20,26,23,2,6,18.5,19,,30,31,18,32.33333333,,17,22
,24,552,26,,,,,,,,26,26,26,1,0,19.66666667,23.5,23,33,,18.5,7.5,5,26.5,14
,24,553,25,,,,,,,,25,25,25,1,0,42,,25.5,42,38,,25,8,17,14
,24,554,23,28,,,,,,,23,28,25.5,2,5,27.5,15,24,,20,,,17,19.5,35
,24,555,27,,,,,,,,27,27,27,1,0,38.5,15,10,32,23,7,,33,6,17.33333333
,24,561 (pvp),19,,,,,,,,19,19,19,1,0,,,,,,,,,,
,24,571,,,,,,,,,,,,0,,35,32.5,16,,19,,31,,21,21
,24,575,6,,,,,,,,6,6,6,1,0,29.5,19,28,,,24.4,26.5,,1,25
,24,577 (pvp),,,,,,,,,,,,0,,,,,,,,,,,
25/Dec/24,25,301,21,,,,,,,,21,21,21,1,0,21.5,24,33,9,35,31,16,19,34,
,25,308,7,,,,,,,,7,7,7,1,0,19,32,36,27.5,,32,33,23,26,25
,25,316,15,,,,,,,,15,15,15,1,0,26,2,26,23.5,,15.66666667,34,19,32,26
,25,326,38,34,,,,,,,34,38,36,2,4,30,,14,,10,,13,34,25,14
,25,335,,,,,,,,,,,,0,,,33,30,23.5,30,,,18,,
,25,372 (750),28,33,,,,,,,28,33,30.5,2,5,,25,,29,,,35,42,13,29
,25,379,,,,,,,,,,,,0,,7,40,38,12.5,,28.6,22,13,,
,25,380,,,,,,,,,,,,0,,33,39,19,13,37,32,28,35.5,,
,25,381 (500),,,,,,,,,,,,0,,16,,10,20.66666667,,,11,14,,
,25,382,,,,,,,,,,,,0,,16,18,6,33,,29,22,41,,22
,25,383,37,27,,,,,,,27,37,32,2,10,33,21,17.5,,,19,8,12,9,29
,25,384,,,,,,,,,,,,0,,17,27,32,24,,24,16.5,8,28,14
,25,393 (750),21,35,,,,,,,21,35,28,2,14,12,41,,13,5,,,,,23
,25,397,35,32,,,,,,,32,35,33.5,2,3,23,8,16.33333333,11,,29,12,39,,
,25,398,7,24,,,,,,,7,24,15.5,2,17,27.5,34,30,,0,,31,32,,28
,25,399,16,,,,,,,,16,16,16,1,0,20,38,10.5,15,14,,,,,
,25,413 (500),27,18,,,,,,,18,27,22.5,2,9,,32,,27,,34,,,39,9
,25,414 (750),17,,,,,,,,17,17,17,1,0,,,11,,,,10,,7,
,25,417,,,,,,,,,,,,0,,23,30,40,26,,33,21,,25,29.5
,25,418,,,,,,,,,,,,0,,,,6,26.5,,13,40.5,35.5,22,18
,25,419 (500),15,6,8,,,,,,6,15,9.666666667,3,9,21,25,13,,,,,,,10
,25,427 (500),14,15,,,,,,,14,15,14.5,2,1,,30,15,29,,20,,,21,
,25,430,,,,,,,,,,,,0,,34.5,40,15,38,,40,16,34,24,
,25,431,,,,,,,,,,,,0,,,25,17.5,31,32,37,10,11,,7
,25,432 (750),,,,,,,,,,,,0,,,15,,22,,,19,,,
,25,433,,,,,,,,,,,,0,,,26.66666667,26,26,27,18,28.5,34.5,,22
,25,434,14,28,,,,,,,14,28,21,2,14,5.5,,11,,,23,20,24,20,
,25,435,,,,,,,,,,,,0,,24,8.5,20.5,20,,7.5,22.33333333,32.66666667,40,
,25,436,,,,,,,,,,,,0,,11,5.5,1,16.5,,32,35.33333333,33.66666667,20,14.5
,25,437,,,,,,,,,,,,0,,26,22,17,5,,36,19,,37,30
,25,451,,,,,,,,,,,,0,,11,19,23,29,19,24,44,32,,
,25,452,,,,,,,,,,,,0,,23,34,29.5,21,,34,7,,,20
,25,453,,,,,,,,,,,,0,,5.5,,25,34.4,,33.5,40.33333333,19,21,
,25,454,,,,,,,,,,,,0,,5,20,18,22,,13,24,18,14,8
,25,455,,,,,,,,,,,,0,,16,,8,32.5,,35.66666667,25.66666667,15,,
,25,456,,,,,,,,,,,,0,,34.5,15,12,13,,6,26,27.33333333,18.5,
,25,468 (500),25,,,,,,,,25,25,25,1,0,,15,,6.5,12,16,,34,23,24
,25,469,35,33,23,,,,,,23,35,30.33333333,3,12,7,27,,,10,31,10,28,,
,25,475,,,,,,,,,,,,0,,38,33,,,,21,12,19.5,18,
,25,476,,,,,,,,,,,,0,,8,34,25.5,13,,11,9.75,31,,23
,25,483,37,39,31,,,,,,31,39,35.66666667,3,8,28,32,,31.5,22,37,25.33333333,,,22
,25,497,20,18,19,,,,,,18,20,19,3,2,23,23,,27,,29,6,20,,25
,25,498,,,,,,,,,,,,0,,32,31.66666667,13.5,41.66666667,34,34,19,40,1,22.5
,25,499,,,,,,,,,,,,0,,10,10,,24,23,14,34.5,11.5,,18
,25,500,,,,,,,,,,,,0,,26.5,,34,22.33333333,,21.5,28.5,13.5,,37
,25,501,,,,,,,,,,,,0,,21,17.66666667,1,31.66666667,,33,21.66666667,19,26,37.5
,25,530 (750),22,,,,,,,,22,22,22,1,0,,6,,19.5,,,13,,17,
,25,537,,,,,,,,,,,,0,,38,12,0,36,,31,34.5,14,25,23
,25,544,,,,,,,,,,,,0,,25.5,24,,35,,3,21,29.33333333,26,20
,25,545,,,,,,,,,,,,0,,26,20.25,21,37,,14,31,37.5,,19
,25,546,,,,,,,,,,,,0,,23,29.5,38,17,,30,13,23,8,
,25,547,,,,,,,,,,,,0,,23,18.5,19,,30,31,18,32.33333333,,17
,25,552,,,,,,,,,,,,0,,26,19.66666667,23.5,23,33,,18.5,7.5,5,26.5
,25,553,,,,,,,,,,,,0,,25,42,,25.5,42,38,,25,8,17
,25,554,,,,,,,,,,,,0,,25.5,27.5,15,24,,20,,,17,19.5
,25,555,,,,,,,,,,,,0,,27,38.5,15,10,32,23,7,,33,6
,25,561 (pvp),32,32,,,,,,,32,32,32,2,0,19,,,,,,,,,
,25,571,,,,,,,,,,,,0,,,35,32.5,16,,19,,31,,21
,25,575,,,,,,,,,,,,0,,6,29.5,19,28,,,24.4,26.5,,1
,25,577 (pvp),,,,,,,,,,,,0,,,,,,,,,,,
01/Jan/25,26,301,,,,,,,,,,,,0,,21,21.5,24,33,9,35,31,16,19,34
,26,308,0,1,,,,,,,0,1,0.5,1,1,7,19,32,36,27.5,,32,33,23,26
,26,316,10,10,,,,,,,10,10,10,2,0,15,26,2,26,23.5,,15.66666667,34,19,32
,26,326,29,27,24,,,,,,24,29,26.66666667,3,5,36,30,,14,,10,,13,34,25
,26,335,,,,,,,,,,,,0,,,,33,30,23.5,30,,,18,
,26,372 (750),31,,,,,,,,31,31,31,1,0,30.5,,25,,29,,,35,42,13
,26,379,,,,,,,,,,,,0,,,7,40,38,12.5,,28.6,22,13,
,26,380,,,,,,,,,,,,0,,,33,39,19,13,37,32,28,35.5,
,26,381 (500),27,21,,,,,,,21,27,24,2,6,,16,,10,20.66666667,,,11,14,
,26,382,,,,,,,,,,,,0,,,16,18,6,33,,29,22,41,
,26,383,23,33,,,,,,,23,33,28,2,10,32,33,21,17.5,,,19,8,12,9
,26,384,,,,,,,,,,,,0,,,17,27,32,24,,24,16.5,8,28
,26,393 (750),23,27,,,,,,,23,27,25,2,4,28,12,41,,13,5,,,,
,26,397,60,,,,,,,,60,60,60,1,0,33.5,23,8,16.33333333,11,,29,12,39,
,26,398,42,40,,,,,,,40,42,41,2,2,15.5,27.5,34,30,,0,,31,32,
,26,399,15,48,39,,,,,,15,48,34,3,33,16,20,38,10.5,15,14,,,,
,26,413 (500),11,0,,,,,,,0,11,5.5,1,11,22.5,,32,,27,,34,,,39
,26,414 (750),16,9,,,,,,,9,16,12.5,2,7,17,,,11,,,,10,,7
,26,417,,,,,,,,,,,,0,,,23,30,40,26,,33,21,,25
,26,418,,,,,,,,,,,,0,,,,,6,26.5,,13,40.5,35.5,22
,26,419 (500),,,,,,,,,,,,0,,9.666666667,21,25,13,,,,,,
,26,427 (500),11,8,,,,,,,8,11,9.5,2,3,14.5,,30,15,29,,20,,,21
,26,430,,,,,,,,,,,,0,,,34.5,40,15,38,,40,16,34,24
,26,431,,,,,,,,,,,,0,,,,25,17.5,31,32,37,10,11,
,26,432 (750),8,14,,,,,,,8,14,11,2,6,,,15,,22,,,19,,
,26,433,,,,,,,,,,,,0,,,,26.66666667,26,26,27,18,28.5,34.5,
,26,434,50,"""72""",,,,,,,50,50,50,1,0,21,5.5,,11,,,23,20,24,20
,26,435,,,,,,,,,,,,0,,,24,8.5,20.5,20,,7.5,22.33333333,32.66666667,40
,26,436,,,,,,,,,,,,0,,,11,5.5,1,16.5,,32,35.33333333,33.66666667,20
,26,437,,,,,,,,,,,,0,,,26,22,17,5,,36,19,,37
,26,451,,,,,,,,,,,,0,,,11,19,23,29,19,24,44,32,
,26,452,,,,,,,,,,,,0,,,23,34,29.5,21,,34,7,,
,26,453,,,,,,,,,,,,0,,,5.5,,25,34.4,,33.5,40.33333333,19,21
,26,454,,,,,,,,,,,,0,,,5,20,18,22,,13,24,18,14
,26,455,,,,,,,,,,,,0,,,16,,8,32.5,,35.66666667,25.66666667,15,
,26,456,,,,,,,,,,,,0,,,34.5,15,12,13,,6,26,27.33333333,18.5
,26,468 (500),20,15,,,,,,,15,20,17.5,2,5,25,,15,,6.5,12,16,,34,23
,26,469,23,20,30,16,,,,,16,30,22.25,4,14,30.33333333,7,27,,,10,31,10,28,
,26,475,,,,,,,,,,,,0,,,38,33,,,,21,12,19.5,18
,26,476,,,,,,,,,,,,0,,,8,34,25.5,13,,11,9.75,31,
,26,483,22,23,28,22,,,,,22,28,23.75,4,6,35.66666667,28,32,,31.5,22,37,25.33333333,,
,26,497,,,,,,,,,,,,0,,19,23,23,,27,,29,6,20,
,26,498,,,,,,,,,,,,0,,,32,31.66666667,13.5,41.66666667,34,34,19,40,1
,26,499,,,,,,,,,,,,0,,,10,10,,24,23,14,34.5,11.5,
,26,500,,,,,,,,,,,,0,,,26.5,,34,22.33333333,,21.5,28.5,13.5,
,26,501,,,,,,,,,,,,0,,,21,17.66666667,1,31.66666667,,33,21.66666667,19,26
,26,530 (750),19,,,,,,,,19,19,19,1,0,22,,6,,19.5,,,13,,17
,26,537,,,,,,,,,,,,0,,,38,12,0,36,,31,34.5,14,25
,26,544,,,,,,,,,,,,0,,,25.5,24,,35,,3,21,29.33333333,26
,26,545,,,,,,,,,,,,0,,,26,20.25,21,37,,14,31,37.5,
,26,546,,,,,,,,,,,,0,,,23,29.5,38,17,,30,13,23,8
,26,547,,,,,,,,,,,,0,,,23,18.5,19,,30,31,18,32.33333333,
,26,552,,,,,,,,,,,,0,,,26,19.66666667,23.5,23,33,,18.5,7.5,5
,26,553,,,,,,,,,,,,0,,,25,42,,25.5,42,38,,25,8
,26,554,,,,,,,,,,,,0,,,25.5,27.5,15,24,,20,,,17
,26,555,,,,,,,,,,,,0,,,27,38.5,15,10,32,23,7,,33
,26,561 (pvp),,,,,,,,,,,,0,,32,19,,,,,,,,
,26,571,18,,,,,,,,18,18,18,1,0,,,35,32.5,16,,19,,31,
,26,575,,,,,,,,,,,,0,,,6,29.5,19,28,,,24.4,26.5,
,26,577 (pvp),7,3,11,,,,,,3,11,7,3,8,,,,,,,,,,
08/Jan/25,27,301,28,33,21,22,22,,,,21,33,25.2,5,12,,21,21.5,24,33,9,35,31,16,19
,27,308,27,,,,,,,,27,27,27,1,0,0.5,7,19,32,36,27.5,,32,33,23
,27,316,36,27,7,,,,,,7,36,23.33333333,3,29,10,15,26,2,26,23.5,,15.66666667,34,19
,27,326,10,9,7,,,,,,7,10,8.666666667,3,3,26.66666667,36,30,,14,,10,,13,34
,27,335,,,,,,,,,,,,0,,,,,33,30,23.5,30,,,18
,27,372 (750),14,,,,,,,,14,14,14,1,0,31,30.5,,25,,29,,,35,42
,27,379,2,5,7,11,,,,,2,11,6.25,4,9,,,7,40,38,12.5,,28.6,22,13
,27,380,,,,,,,,,,,,0,,,,33,39,19,13,37,32,28,35.5
,27,381 (500),10,,,,,,,,10,10,10,1,0,24,,16,,10,20.66666667,,,11,14
,27,382,,,,,,,,,,,,0,,,,16,18,6,33,,29,22,41
,27,383,19,11,15,,,,,,11,19,15,3,8,28,32,33,21,17.5,,,19,8,12
,27,384,,,,,,,,,,,,0,,,,17,27,32,24,,24,16.5,8
,27,393 (750),,,,,,,,,,,,0,,25,28,12,41,,13,5,,,
,27,397,24 dust,,17 dust,38,40,33,41,45,33,45,39.4,5,12,60,33.5,23,8,16.33333333,11,,29,12,39
,27,398,18,25,32,30,,,,,18,32,26.25,4,14,41,15.5,27.5,34,30,,0,,31,32
,27,399,25,25,32,,,,,,25,32,27.33333333,3,7,34,16,20,38,10.5,15,14,,,
,27,413 (500),27,28,22,,,,,,22,28,25.66666667,3,6,5.5,22.5,,32,,27,,34,,
,27,414 (750),29,38,,,,,,,29,38,33.5,2,9,12.5,17,,,11,,,,10,
,27,417,,,,,,,,,,,,0,,,,23,30,40,26,,33,21,
,27,418,,,,,,,,,,,,0,,,,,,6,26.5,,13,40.5,35.5
,27,419 (500),10,4,2,7,,,,,2,10,5.75,4,8,,9.666666667,21,25,13,,,,,
,27,427 (500),12,13,11,,,,,,11,13,12,3,2,9.5,14.5,,30,15,29,,20,,
,27,430,,,,,,,,,,,,0,,,,34.5,40,15,38,,40,16,34
,27,431,,,,,,,,,,,,0,,,,,25,17.5,31,32,37,10,11
,27,432 (750),39,,,,,,,,39,39,39,1,0,11,,,15,,22,,,19,
,27,433,,,,,,,,,,,,0,,,,,26.66666667,26,26,27,18,28.5,34.5
,27,434,23,31,39,28,29,,,,23,39,30,5,16,50,21,5.5,,11,,,23,20,24
,27,435,,,,,,,,,,,,0,,,,24,8.5,20.5,20,,7.5,22.33333333,32.66666667
,27,436,,,,,,,,,,,,0,,,,11,5.5,1,16.5,,32,35.33333333,33.66666667
,27,437,,,,,,,,,,,,0,,,,26,22,17,5,,36,19,
,27,451,,,,,,,,,,,,0,,,,11,19,23,29,19,24,44,32
,27,452,,,,,,,,,,,,0,,,,23,34,29.5,21,,34,7,
,27,453,,,,,,,,,,,,0,,,,5.5,,25,34.4,,33.5,40.33333333,19
,27,454,,,,,,,,,,,,0,,,,5,20,18,22,,13,24,18
,27,455,,,,,,,,,,,,0,,,,16,,8,32.5,,35.66666667,25.66666667,15
,27,456,,,,,,,,,,,,0,,,,34.5,15,12,13,,6,26,27.33333333
,27,468 (500),26,28,40,,,,,,26,40,31.33333333,3,14,17.5,25,,15,,6.5,12,16,,34
,27,469,23,,,,,,,,23,23,23,1,0,22.25,30.33333333,7,27,,,10,31,10,28
,27,475,,,,,,,,,,,,0,,,,38,33,,,,21,12,19.5
,27,476,,,,,,,,,,,,0,,,,8,34,25.5,13,,11,9.75,31
,27,483,15,19,20,11,,,,,11,20,16.25,4,9,23.75,35.66666667,28,32,,31.5,22,37,25.33333333,
,27,497,33,32,23,28,30,,,,23,33,29.2,5,10,,19,23,23,,27,,29,6,20
,27,498,,,,,,,,,,,,0,,,,32,31.66666667,13.5,41.66666667,34,34,19,40
,27,499,,,,,,,,,,,,0,,,,10,10,,24,23,14,34.5,11.5
,27,500,,,,,,,,,,,,0,,,,26.5,,34,22.33333333,,21.5,28.5,13.5
,27,501,,,,,,,,,,,,0,,,,21,17.66666667,1,31.66666667,,33,21.66666667,19
,27,530 (750),25,26,25,19,,,,,19,26,23.75,4,7,19,22,,6,,19.5,,,13,
,27,537,,,,,,,,,,,,0,,,,38,12,0,36,,31,34.5,14
,27,544,,,,,,,,,,,,0,,,,25.5,24,,35,,3,21,29.33333333
,27,545,,,,,,,,,,,,0,,,,26,20.25,21,37,,14,31,37.5
,27,546,,,,,,,,,,,,0,,,,23,29.5,38,17,,30,13,23
,27,547,,,,,,,,,,,,0,,,,23,18.5,19,,30,31,18,32.33333333
,27,552,,,,,,,,,,,,0,,,,26,19.66666667,23.5,23,33,,18.5,7.5
,27,553,,,,,,,,,,,,0,,,,25,42,,25.5,42,38,,25
,27,554,,,,,,,,,,,,0,,,,25.5,27.5,15,24,,20,,
,27,555,,,,,,,,,,,,0,,,,27,38.5,15,10,32,23,7,
,27,561 (pvp),,,,,,,,,,,,0,,,32,19,,,,,,,
,27,571,21,17,19,,,,,,17,21,19,3,4,18,,,35,32.5,16,,19,,31
,27,575,,,,,,,,,,,,0,,,,6,29.5,19,28,,,24.4,26.5
,27,577 (pvp),,,38,,,,,,38,38,38,1,0,7,,,,,,,,,
15/Jan/25,28,301,14,,,,,,,,14,14,14,1,0,25.2,,21,21.5,24,33,9,35,31,16
,28,308,30,30,34,28,,,,,28,34,30.5,4,6,27,0.5,7,19,32,36,27.5,,32,33
,28,316,0,,,,,,,,0,0,0,0,0,23.33333333,10,15,26,2,26,23.5,,15.66666667,34
,28,326,21,7,16,,,,,,7,21,14.66666667,3,14,8.666666667,26.66666667,36,30,,14,,10,,13
,28,335,,,,,,,,,,,,0,,,,,,33,30,23.5,30,,
,28,372 (750),-1,-4,,,,,,,-4,-1,-2.5,0,3,14,31,30.5,,25,,29,,,35
,28,379,9,5,,,,,,,5,9,7,2,4,6.25,,,7,40,38,12.5,,28.6,22
,28,380,,,,,,,,,,,,0,,,,,33,39,19,13,37,32,28
,28,381 (500),14,13,27,,,,,,13,27,18,3,14,10,24,,16,,10,20.66666667,,,11
,28,382,,,,,,,,,,,,0,,,,,16,18,6,33,,29,22
,28,383,1,,,,,,,,1,1,1,1,0,15,28,32,33,21,17.5,,,19,8
,28,384,,,,,,,,,,,,0,,,,,17,27,32,24,,24,16.5
,28,393 (750),20,13,,,,,,,13,20,16.5,2,7,,25,28,12,41,,13,5,,
,28,397,16,22,20,26,24,26,,,16,26,22.33333333,6,10,39.4,60,33.5,23,8,16.33333333,11,,29,12
,28,398,10,,,,,,,,10,10,10,1,0,26.25,41,15.5,27.5,34,30,,0,,31
,28,399,2,20,9,16,,,,,2,20,11.75,4,18,27.33333333,34,16,20,38,10.5,15,14,,
,28,413 (500),8,3,11,,,,,,3,11,7.333333333,3,8,25.66666667,5.5,22.5,,32,,27,,34,
,28,414 (750),32,29,,,,,,,29,32,30.5,2,3,33.5,12.5,17,,,11,,,,10
,28,417,,,,,,,,,,,,0,,,,,23,30,40,26,,33,21
,28,418,,,,,,,,,,,,0,,,,,,,6,26.5,,13,40.5
,28,419 (500),26,,,,,,,,26,26,26,1,0,5.75,,9.666666667,21,25,13,,,,
,28,427 (500),26,,,,,,,,26,26,26,1,0,12,9.5,14.5,,30,15,29,,20,
,28,430,,,,,,,,,,,,0,,,,,34.5,40,15,38,,40,16
,28,431,,,,,,,,,,,,0,,,,,,25,17.5,31,32,37,10
,28,432 (750),37,35,,,,,,,35,37,36,2,2,39,11,,,15,,22,,,19
,28,433,,,,,,,,,,,,0,,,,,,26.66666667,26,26,27,18,28.5
,28,434,17,17,23,17,27,32,25,28,17,32,23.25,8,15,30,50,21,5.5,,11,,,23,20
,28,435,,,,,,,,,,,,0,,,,,24,8.5,20.5,20,,7.5,22.33333333
,28,436,,,,,,,,,,,,0,,,,,11,5.5,1,16.5,,32,35.33333333
,28,437,,,,,,,,,,,,0,,,,,26,22,17,5,,36,19
,28,451,,,,,,,,,,,,0,,,,,11,19,23,29,19,24,44
,28,452,,,,,,,,,,,,0,,,,,23,34,29.5,21,,34,7
,28,453,,,,,,,,,,,,0,,,,,5.5,,25,34.4,,33.5,40.33333333
,28,454,,,,,,,,,,,,0,,,,,5,20,18,22,,13,24
,28,455,,,,,,,,,,,,0,,,,,16,,8,32.5,,35.66666667,25.66666667
,28,456,,,,,,,,,,,,0,,,,,34.5,15,12,13,,6,26
,28,468 (500),,,,,,,,,,,,0,,31.33333333,17.5,25,,15,,6.5,12,16,
,28,469,19,11,,,,,,,11,19,15,2,8,23,22.25,30.33333333,7,27,,,10,31,10
,28,475,,,,,,,,,,,,0,,,,,38,33,,,,21,12
,28,476,,,,,,,,,,,,0,,,,,8,34,25.5,13,,11,9.75
,28,483,13,11,26,17,,,,,11,26,16.75,4,15,16.25,23.75,35.66666667,28,32,,31.5,22,37,25.33333333
,28,497,19,10,17,18,14,,,,10,19,15.6,5,9,29.2,,19,23,23,,27,,29,6
,28,498,,,,,,,,,,,,0,,,,,32,31.66666667,13.5,41.66666667,34,34,19
,28,499,,,,,,,,,,,,0,,,,,10,10,,24,23,14,34.5
,28,500,,,,,,,,,,,,0,,,,,26.5,,34,22.33333333,,21.5,28.5
,28,501,,,,,,,,,,,,0,,,,,21,17.66666667,1,31.66666667,,33,21.66666667
,28,530 (750),24,10,,,,,,,10,24,17,2,14,23.75,19,22,,6,,19.5,,,13
,28,537,,,,,,,,,,,,0,,,,,38,12,0,36,,31,34.5
,28,544,,,,,,,,,,,,0,,,,,25.5,24,,35,,3,21
,28,545,,,,,,,,,,,,0,,,,,26,20.25,21,37,,14,31
,28,546,,,,,,,,,,,,0,,,,,23,29.5,38,17,,30,13
,28,547,,,,,,,,,,,,0,,,,,23,18.5,19,,30,31,18
,28,552,,,,,,,,,,,,0,,,,,26,19.66666667,23.5,23,33,,18.5
,28,553,,,,,,,,,,,,0,,,,,25,42,,25.5,42,38,
,28,554,,,,,,,,,,,,0,,,,,25.5,27.5,15,24,,20,
,28,555,,,,,,,,,,,,0,,,,,27,38.5,15,10,32,23,7
,28,561 (pvp),24,35,,,,,,,24,35,29.5,2,11,,,32,19,,,,,,
,28,571,6,,,,,,,,6,6,6,1,0,19,18,,,35,32.5,16,,19,
,28,575,,,,,,,,,,,,0,,,,,6,29.5,19,28,,,24.4
,28,577 (pvp),,,,,,,,,,,,0,,38,7,,,,,,,,
22/Jan/25,29,301,13,,,,,,,,13,13,13,1,0,14,25.2,,21,21.5,24,33,9,35,31
,29,308,2,,,,,,,,2,2,2,1,0,30.5,27,0.5,7,19,32,36,27.5,,32
,29,316,7,,,,,,,,7,7,7,1,0,0,23.33333333,10,15,26,2,26,23.5,,15.66666667
,29,326,29,25,25,,,,,,25,29,26.33333333,3,4,14.66666667,8.666666667,26.66666667,36,30,,14,,10,
,29,335,10,8,,,,,,,8,10,9,2,2,,,,,,33,30,23.5,30,
,29,372 (750),19,27,,,,,,,19,27,23,2,8,-2.5,14,31,30.5,,25,,29,,
,29,379,9,,,,,,,,9,9,9,1,0,7,6.25,,,7,40,38,12.5,,28.6
,29,380,25,,,,,,,,25,25,25,1,0,,,,,33,39,19,13,37,32
,29,381 (500),41,,,,,,,,41,41,41,1,0,18,10,24,,16,,10,20.66666667,,
,29,382,31,35,,,,,,,31,35,33,2,4,,,,,16,18,6,33,,29
,29,383,2,7,5,9,3,,,,2,9,5.2,5,7,1,15,28,32,33,21,17.5,,,19
,29,384,7,,,,,,,,7,7,7,1,0,,,,,17,27,32,24,,24
,29,393 (750),30,,,,,,,,30,30,30,1,0,16.5,,25,28,12,41,,13,5,
,29,397,17,,,,,,,,17,17,17,1,0,22.33333333,39.4,60,33.5,23,8,16.33333333,11,,29
,29,398,35,,,,,,,,35,35,35,1,0,10,26.25,41,15.5,27.5,34,30,,0,
,29,399,29,21,22,,,,,,21,29,24,3,8,11.75,27.33333333,34,16,20,38,10.5,15,14,
,29,413 (500),9,,,,,,,,9,9,9,1,0,7.333333333,25.66666667,5.5,22.5,,32,,27,,34
,29,414 (750),,,,,,,,,,,,0,,30.5,33.5,12.5,17,,,11,,,
,29,417,44,45,35,40,,,,,35,45,41,4,10,,,,,23,30,40,26,,33
,29,418,5,16,,,,,,,5,16,10.5,2,11,,,,,,,6,26.5,,13
,29,419 (500),42,,,,,,,,42,42,42,1,0,26,5.75,,9.666666667,21,25,13,,,
,29,427 (500),34,,,,,,,,34,34,34,1,0,26,12,9.5,14.5,,30,15,29,,20
,29,430,20,,,,,,,,20,20,20,1,0,,,,,34.5,40,15,38,,40
,29,431,9,20,,,,,,,9,20,14.5,2,11,,,,,,25,17.5,31,32,37
,29,432 (750),24,,,,,,,,24,24,24,1,0,36,39,11,,,15,,22,,
,29,433,17,20,16,,,,,,16,20,17.66666667,3,4,,,,,,26.66666667,26,26,27,18
,29,434,14,,,,,,,,14,14,14,1,0,23.25,30,50,21,5.5,,11,,,23
,29,435,24,,,,,,,,24,24,24,1,0,,,,,24,8.5,20.5,20,,7.5
,29,436,19,,,,,,,,19,19,19,1,0,,,,,11,5.5,1,16.5,,32
,29,437,29,45,35,,,,,,29,45,36.33333333,3,16,,,,,26,22,17,5,,36
,29,451,24,27,16,,,,,,16,27,22.33333333,3,11,,,,,11,19,23,29,19,24
,29,452,26,30,32,,,,,,26,32,29.33333333,3,6,,,,,23,34,29.5,21,,34
,29,453,40,34,,,,,,,34,40,37,2,6,,,,,5.5,,25,34.4,,33.5
,29,454,28,26,40,,,,,,26,40,31.33333333,3,14,,,,,5,20,18,22,,13
,29,455,23,24,,,,,,,23,24,23.5,2,1,,,,,16,,8,32.5,,35.66666667
,29,456,16,,,,,,,,16,16,16,1,0,,,,,34.5,15,12,13,,6
,29,468 (500),9,,,,,,,,9,9,9,1,0,,31.33333333,17.5,25,,15,,6.5,12,16
,29,469,12,11,24,,,,,,11,24,15.66666667,3,13,15,23,22.25,30.33333333,7,27,,,10,31
,29,475,26,28,27,29,24,,,,24,29,26.8,5,5,,,,,38,33,,,,21
,29,476,23,,,,,,,,23,23,23,1,0,,,,,8,34,25.5,13,,11
,29,483,11,15,16,12,21,,,,11,21,15,5,10,16.75,16.25,23.75,35.66666667,28,32,,31.5,22,37
,29,497,27,36,,,,,,,27,36,31.5,2,9,15.6,29.2,,19,23,23,,27,,29
,29,498,31,19,32,29,,,,,19,32,27.75,4,13,,,,,32,31.66666667,13.5,41.66666667,34,34
,29,499,32,27,-11,,,,,,-11,32,16,2,43,,,,,10,10,,24,23,14
,29,500,40,38,29,,,,,,29,40,35.66666667,3,11,,,,,26.5,,34,22.33333333,,21.5
,29,501,17,26,,,,,,,17,26,21.5,2,9,,,,,21,17.66666667,1,31.66666667,,33
,29,530 (750),33,32,,,,,,,32,33,32.5,2,1,17,23.75,19,22,,6,,19.5,,
,29,537,14,,,,,,,,14,14,14,1,0,,,,,38,12,0,36,,31
,29,544,19,26,,,,,,,19,26,22.5,2,7,,,,,25.5,24,,35,,3
,29,545,29,20,24,,,,,,20,29,24.33333333,3,9,,,,,26,20.25,21,37,,14
,29,546,28,,,,,,,,28,28,28,1,0,,,,,23,29.5,38,17,,30
,29,547,32,28,,,,,,,28,32,30,2,4,,,,,23,18.5,19,,30,31
,29,552,35,,,,,,,,35,35,35,1,0,,,,,26,19.66666667,23.5,23,33,
,29,553,25,35,,,,,,,25,35,30,2,10,,,,,25,42,,25.5,42,38
,29,554,36,36,25,24,24,,,,24,36,29,5,12,,,,,25.5,27.5,15,24,,20
,29,555,10,7,8,,,,,,7,10,8.333333333,3,3,,,,,27,38.5,15,10,32,23
,29,561 (pvp),,,,,,,,,,,,0,,29.5,,,32,19,,,,,
,29,571,24,,,,,,,,24,24,24,1,0,6,19,18,,,35,32.5,16,,19
,29,575,12,,,,,,,,12,12,12,1,0,,,,,6,29.5,19,28,,
,29,577 (pvp),21,,,,,,,,21,21,21,1,0,,38,7,,,,,,,
29/Jan/25,30,301,,,,,,,,,,,,0,,13,14,25.2,,21,21.5,24,33,9,35
,30,308,35,,,,,,,,35,35,35,1,0,2,30.5,27,0.5,7,19,32,36,27.5,
,30,316,6,7,,,,,,,6,7,6.5,2,1,7,0,23.33333333,10,15,26,2,26,23.5,
,30,326,22,19,16,,,,,,16,22,19,3,6,26.33333333,14.66666667,8.666666667,26.66666667,36,30,,14,,10
,30,335,20,27,,,,,,,20,27,23.5,2,7,9,,,,,,33,30,23.5,30
,30,372 (750),,,,,,,,,,,,0,,23,-2.5,14,31,30.5,,25,,29,
,30,379,31,,,,,,,,31,31,31,1,0,9,7,6.25,,,7,40,38,12.5,
,30,380,36,,,,,,,,36,36,36,1,0,25,,,,,33,39,19,13,37
,30,381 (500),,,,,,,,,,,,0,,41,18,10,24,,16,,10,20.66666667,
,30,382,20,17,,,,,,,17,20,18.5,2,3,33,,,,,16,18,6,33,
,30,383,24,,,,,,,,24,24,24,1,0,5.2,1,15,28,32,33,21,17.5,,
,30,384,16,,,,,,,,16,16,16,1,0,7,,,,,17,27,32,24,
,30,393 (750),27,,,,,,,,27,27,27,1,0,30,16.5,,25,28,12,41,,13,5
,30,397,12,3,,,,,,,3,12,7.5,2,9,17,22.33333333,39.4,60,33.5,23,8,16.33333333,11,
,30,398,31,26,,,,,,,26,31,28.5,2,5,35,10,26.25,41,15.5,27.5,34,30,,0
,30,399,6,8,,,,,,,6,8,7,2,2,24,11.75,27.33333333,34,16,20,38,10.5,15,14
,30,413 (500),32,,,,,,,,32,32,32,1,0,9,7.333333333,25.66666667,5.5,22.5,,32,,27,
,30,414 (750),19,,,,,,,,19,19,19,1,0,,30.5,33.5,12.5,17,,,11,,
,30,417,11,8,,,,,,,8,11,9.5,2,3,41,,,,,23,30,40,26,
,30,418,7,,,,,,,,7,7,7,1,0,10.5,,,,,,,6,26.5,
,30,419 (500),,,,,,,,,,,,0,,42,26,5.75,,9.666666667,21,25,13,,
,30,427 (500),27,,,,,,,,27,27,27,1,0,34,26,12,9.5,14.5,,30,15,29,
,30,430,28,19,,,,,,,19,28,23.5,2,9,20,,,,,34.5,40,15,38,
,30,431,,,,,,,,,,,,0,,14.5,,,,,,25,17.5,31,32
,30,432 (750),36,,,,,,,,36,36,36,1,0,24,36,39,11,,,15,,22,
,30,433,23,14,11,8,23,,,,8,23,15.8,5,15,17.66666667,,,,,,26.66666667,26,26,27
,30,434,25,30,,,,,,,25,30,27.5,2,5,14,23.25,30,50,21,5.5,,11,,
,30,435,29,38,,,,,,,29,38,33.5,2,9,24,,,,,24,8.5,20.5,20,
,30,436,9,,,,,,,,9,9,9,1,0,19,,,,,11,5.5,1,16.5,
,30,437,37,37,46,33,,,,,33,46,38.25,4,13,36.33333333,,,,,26,22,17,5,
,30,451,15,4,,,,,,,4,15,9.5,2,11,22.33333333,,,,,11,19,23,29,19
,30,452,10,,,,,,,,10,10,10,1,0,29.33333333,,,,,23,34,29.5,21,
,30,453,21,,,,,,,,21,21,21,1,0,37,,,,,5.5,,25,34.4,
,30,454,15,27,26,,,,,,15,27,22.66666667,3,12,31.33333333,,,,,5,20,18,22,
,30,455,14,,,,,,,,14,14,14,1,0,23.5,,,,,16,,8,32.5,
,30,456,19,10,18,7,,,,,7,19,13.5,4,12,16,,,,,34.5,15,12,13,
,30,468 (500),35,,,,,,,,35,35,35,1,0,9,,31.33333333,17.5,25,,15,,6.5,12
,30,469,11,,,,,,,,11,11,11,1,0,15.66666667,15,23,22.25,30.33333333,7,27,,,10
,30,475,7,,,,,,,,7,7,7,1,0,26.8,,,,,38,33,,,
,30,476,26,20,,,,,,,20,26,23,2,6,23,,,,,8,34,25.5,13,
,30,483,26,37,33,,,,,,26,37,32,3,11,15,16.75,16.25,23.75,35.66666667,28,32,,31.5,22
,30,497,13,8,13,,,,,,8,13,11.33333333,3,5,31.5,15.6,29.2,,19,23,23,,27,
,30,498,4,17,,,,,,,4,17,10.5,2,13,27.75,,,,,32,31.66666667,13.5,41.66666667,34
,30,499,,26,42,,,,,,26,42,34,2,16,16,,,,,10,10,,24,23
,30,500,14,15,,,,,,,14,15,14.5,2,1,35.66666667,,,,,26.5,,34,22.33333333,
,30,501,35,26,33,30,,,,,26,35,31,4,9,21.5,,,,,21,17.66666667,1,31.66666667,
,30,530 (750),15,19,,,,,,,15,19,17,2,4,32.5,17,23.75,19,22,,6,,19.5,
,30,537,21,24,,,,,,,21,24,22.5,2,3,14,,,,,38,12,0,36,
,30,544,26,22,24,,,,,,22,26,24,3,4,22.5,,,,,25.5,24,,35,
,30,545,26,27,,,,,,,26,27,26.5,2,1,24.33333333,,,,,26,20.25,21,37,
,30,546,17,19,,,,,,,17,19,18,2,2,28,,,,,23,29.5,38,17,
,30,547,19,,,,,,,,19,19,19,1,0,30,,,,,23,18.5,19,,30
,30,552,27,32,24,29,33,24,,,24,33,28.16666667,6,9,35,,,,,26,19.66666667,23.5,23,33
,30,553,10,,,,,,,,10,10,10,1,0,30,,,,,25,42,,25.5,42
,30,554,27,26,,,,,,,26,27,26.5,2,1,29,,,,,25.5,27.5,15,24,
,30,555,29,34,,,,,,,29,34,31.5,2,5,8.333333333,,,,,27,38.5,15,10,32
,30,561 (pvp),,,,,,,,,,,,0,,,29.5,,,32,19,,,,
,30,571,29,,,,,,,,29,29,29,1,0,24,6,19,18,,,35,32.5,16,
,30,575,14,,,,,,,,14,14,14,1,0,12,,,,,6,29.5,19,28,
,30,577 (pvp),,,,,,,,,,,,0,,21,,38,7,,,,,,
05/Feb/25,31,301,,,,,,,,,,,,0,,,13,14,25.2,,21,21.5,24,33,9
,31,308,,,,,,,,,,,,0,,35,2,30.5,27,0.5,7,19,32,36,27.5
,31,316,,,,,,,,,,,,0,,6.5,7,0,23.33333333,10,15,26,2,26,23.5
,31,326,,,,,,,,,,,,0,,19,26.33333333,14.66666667,8.666666667,26.66666667,36,30,,14,
,31,335,,,,,,,,,,,,0,,23.5,9,,,,,,33,30,23.5
,31,372 (750),,,,,,,,,,,,0,,,23,-2.5,14,31,30.5,,25,,29
,31,379,,,,,,,,,,,,0,,31,9,7,6.25,,,7,40,38,12.5
,31,380,,,,,,,,,,,,0,,36,25,,,,,33,39,19,13
,31,381 (500),,,,,,,,,,,,0,,,41,18,10,24,,16,,10,20.66666667
,31,382,,,,,,,,,,,,0,,18.5,33,,,,,16,18,6,33
,31,383,,,,,,,,,,,,0,,24,5.2,1,15,28,32,33,21,17.5,
,31,384,,,,,,,,,,,,0,,16,7,,,,,17,27,32,24
,31,393 (750),,,,,,,,,,,,0,,27,30,16.5,,25,28,12,41,,13
,31,397,,,,,,,,,,,,0,,7.5,17,22.33333333,39.4,60,33.5,23,8,16.33333333,11
,31,398,,,,,,,,,,,,0,,28.5,35,10,26.25,41,15.5,27.5,34,30,
,31,399,,,,,,,,,,,,0,,7,24,11.75,27.33333333,34,16,20,38,10.5,15
,31,413 (500),,,,,,,,,,,,0,,32,9,7.333333333,25.66666667,5.5,22.5,,32,,27
,31,414 (750),,,,,,,,,,,,0,,19,,30.5,33.5,12.5,17,,,11,
,31,417,,,,,,,,,,,,0,,9.5,41,,,,,23,30,40,26
,31,418,,,,,,,,,,,,0,,7,10.5,,,,,,,6,26.5
,31,419 (500),,,,,,,,,,,,0,,,42,26,5.75,,9.666666667,21,25,13,
,31,427 (500),,,,,,,,,,,,0,,27,34,26,12,9.5,14.5,,30,15,29
,31,430,,,,,,,,,,,,0,,23.5,20,,,,,34.5,40,15,38
,31,431,,,,,,,,,,,,0,,,14.5,,,,,,25,17.5,31
,31,432 (750),,,,,,,,,,,,0,,36,24,36,39,11,,,15,,22
,31,433,,,,,,,,,,,,0,,15.8,17.66666667,,,,,,26.66666667,26,26
,31,434,,,,,,,,,,,,0,,27.5,14,23.25,30,50,21,5.5,,11,
,31,435,,,,,,,,,,,,0,,33.5,24,,,,,24,8.5,20.5,20
,31,436,,,,,,,,,,,,0,,9,19,,,,,11,5.5,1,16.5
,31,437,,,,,,,,,,,,0,,38.25,36.33333333,,,,,26,22,17,5
,31,451,,,,,,,,,,,,0,,9.5,22.33333333,,,,,11,19,23,29
,31,452,,,,,,,,,,,,0,,10,29.33333333,,,,,23,34,29.5,21
,31,453,,,,,,,,,,,,0,,21,37,,,,,5.5,,25,34.4
,31,454,,,,,,,,,,,,0,,22.66666667,31.33333333,,,,,5,20,18,22
,31,455,,,,,,,,,,,,0,,14,23.5,,,,,16,,8,32.5
,31,456,,,,,,,,,,,,0,,13.5,16,,,,,34.5,15,12,13
,31,468 (500),,,,,,,,,,,,0,,35,9,,31.33333333,17.5,25,,15,,6.5
,31,469,,,,,,,,,,,,0,,11,15.66666667,15,23,22.25,30.33333333,7,27,,
,31,475,,,,,,,,,,,,0,,7,26.8,,,,,38,33,,
,31,476,,,,,,,,,,,,0,,23,23,,,,,8,34,25.5,13
,31,483,,,,,,,,,,,,0,,32,15,16.75,16.25,23.75,35.66666667,28,32,,31.5
,31,497,,,,,,,,,,,,0,,11.33333333,31.5,15.6,29.2,,19,23,23,,27
,31,498,,,,,,,,,,,,0,,10.5,27.75,,,,,32,31.66666667,13.5,41.66666667
,31,499,,,,,,,,,,,,0,,34,16,,,,,10,10,,24
,31,500,,,,,,,,,,,,0,,14.5,35.66666667,,,,,26.5,,34,22.33333333
,31,501,,,,,,,,,,,,0,,31,21.5,,,,,21,17.66666667,1,31.66666667
,31,530 (750),,,,,,,,,,,,0,,17,32.5,17,23.75,19,22,,6,,19.5
,31,537,,,,,,,,,,,,0,,22.5,14,,,,,38,12,0,36
,31,544,,,,,,,,,,,,0,,24,22.5,,,,,25.5,24,,35
,31,545,,,,,,,,,,,,0,,26.5,24.33333333,,,,,26,20.25,21,37
,31,546,,,,,,,,,,,,0,,18,28,,,,,23,29.5,38,17
,31,547,,,,,,,,,,,,0,,19,30,,,,,23,18.5,19,
,31,552,,,,,,,,,,,,0,,28.16666667,35,,,,,26,19.66666667,23.5,23
,31,553,,,,,,,,,,,,0,,10,30,,,,,25,42,,25.5
,31,554,,,,,,,,,,,,0,,26.5,29,,,,,25.5,27.5,15,24
,31,555,,,,,,,,,,,,0,,31.5,8.333333333,,,,,27,38.5,15,10
,31,561 (pvp),,,,,,,,,,,,0,,,,29.5,,,32,19,,,
,31,571,,,,,,,,,,,,0,,29,24,6,19,18,,,35,32.5,16
,31,575,,,,,,,,,,,,0,,14,12,,,,,6,29.5,19,28
,31,577 (pvp),,,,,,,,,,,,0,,,21,,38,7,,,,,
12/Feb/25,32,301,28,,,,,,,,28,28,28,1,0,,,13,14,25.2,,21,21.5,24,33
,32,308,8,,,,,,,,8,8,8,1,0,,35,2,30.5,27,0.5,7,19,32,36
,32,316,9,,,,,,,,9,9,9,1,0,,6.5,7,0,23.33333333,10,15,26,2,26
,32,326,4,,,,,,,,4,4,4,1,0,,19,26.33333333,14.66666667,8.666666667,26.66666667,36,30,,14
,32,335,31,30,,,,,,,30,31,30.5,2,1,,23.5,9,,,,,,33,30
,32,372 (750),,,,,,,,,,,,0,,,,23,-2.5,14,31,30.5,,25,
,32,379,22,23,,,,,,,22,23,22.5,2,1,,31,9,7,6.25,,,7,40,38
,32,380,5,6,,,,,,,5,6,5.5,2,1,,36,25,,,,,33,39,19
,32,381 (500),31,30,,,,,,,30,31,30.5,2,1,,,41,18,10,24,,16,,10
,32,382,4,,,,,,,,4,4,4,1,0,,18.5,33,,,,,16,18,6
,32,383,10,11,,,,,,,10,11,10.5,2,1,,24,5.2,1,15,28,32,33,21,17.5
,32,384,15,,,,,,,,15,15,15,1,0,,16,7,,,,,17,27,32
,32,393 (750),10,,,,,,,,10,10,10,1,0,,27,30,16.5,,25,28,12,41,
,32,397,10,14,,,,,,,10,14,12,2,4,,7.5,17,22.33333333,39.4,60,33.5,23,8,16.33333333
,32,398,20,,,,,,,,20,20,20,1,0,,28.5,35,10,26.25,41,15.5,27.5,34,30
,32,399,20,,,,,,,,20,20,20,1,0,,7,24,11.75,27.33333333,34,16,20,38,10.5
,32,413 (500),32,30,,,,,,,30,32,31,2,2,,32,9,7.333333333,25.66666667,5.5,22.5,,32,
,32,414 (750),8,,,,,,,,8,8,8,1,0,,19,,30.5,33.5,12.5,17,,,11
,32,417,6,6,5,,,,,,5,6,5.666666667,3,1,,9.5,41,,,,,23,30,40
,32,418,5,2,,,,,,,2,5,3.5,2,3,,7,10.5,,,,,,,6
,32,419 (500),,,,,,,,,,,,0,,,,42,26,5.75,,9.666666667,21,25,13
,32,427 (500),35,23,,,,,,,23,35,29,2,12,,27,34,26,12,9.5,14.5,,30,15
,32,430,20,,,,,,,,20,20,20,1,0,,23.5,20,,,,,34.5,40,15
,32,431,22,33,,,,,,,22,33,27.5,2,11,,,14.5,,,,,,25,17.5
,32,432 (750),,,,,,,,,,,,0,,,36,24,36,39,11,,,15,
,32,433,3,3,,,,,,,3,3,3,2,0,,15.8,17.66666667,,,,,,26.66666667,26
,32,434,15,,,,,,,,15,15,15,1,0,,27.5,14,23.25,30,50,21,5.5,,11
,32,435,13,11,3,,,,,,3,13,9,3,10,,33.5,24,,,,,24,8.5,20.5
,32,436,16,21,12,,,,,,12,21,16.33333333,3,9,,9,19,,,,,11,5.5,1
,32,437,15,,,,,,,,15,15,15,1,0,,38.25,36.33333333,,,,,26,22,17
,32,451,8,,,,,,,,8,8,8,1,0,,9.5,22.33333333,,,,,11,19,23
,32,452,38,40,26,,,,,,26,40,34.66666667,3,14,,10,29.33333333,,,,,23,34,29.5
,32,453,6,,,,,,,,6,6,6,1,0,,21,37,,,,,5.5,,25
,32,454,21,22,26,,,,,,21,26,23,3,5,,22.66666667,31.33333333,,,,,5,20,18
,32,455,26,21,,,,,,,21,26,23.5,2,5,,14,23.5,,,,,16,,8
,32,456,12,1,,,,,,,1,12,6.5,2,11,,13.5,16,,,,,34.5,15,12
,32,468 (500),4,,,,,,,,4,4,4,1,0,,35,9,,31.33333333,17.5,25,,15,
,32,469,18,14,,,,,,,14,18,16,2,4,,11,15.66666667,15,23,22.25,30.33333333,7,27,
,32,475,16,5,,,,,,,5,16,10.5,2,11,,7,26.8,,,,,38,33,
,32,476,19,31,26,29,,,,,19,31,26.25,4,12,,23,23,,,,,8,34,25.5
,32,483,21,27,16,24,,,,,16,27,22,4,11,,32,15,16.75,16.25,23.75,35.66666667,28,32,
,32,497,27,26,,,,,,,26,27,26.5,2,1,,11.33333333,31.5,15.6,29.2,,19,23,23,
,32,498,7,,,,,,,,7,7,7,1,0,,10.5,27.75,,,,,32,31.66666667,13.5
,32,499,13,19,,,,,,,13,19,16,2,6,,34,16,,,,,10,10,
,32,500,14,,,,,,,,14,14,14,1,0,,14.5,35.66666667,,,,,26.5,,34
,32,501,18,1,4,,,,,,1,18,7.666666667,3,17,,31,21.5,,,,,21,17.66666667,1
,32,530 (750),18,,,,,,,,18,18,18,1,0,,17,32.5,17,23.75,19,22,,6,
,32,537,5,,,,,,,,5,5,5,1,0,,22.5,14,,,,,38,12,0
,32,544,22,19,18,21,,,,,18,22,20,4,4,,24,22.5,,,,,25.5,24,
,32,545,20,32,23,29,,,,,20,32,26,4,12,,26.5,24.33333333,,,,,26,20.25,21
,32,546,15,5,9,,,,,,5,15,9.666666667,3,10,,18,28,,,,,23,29.5,38
,32,547,6,,,,,,,,6,6,6,1,0,,19,30,,,,,23,18.5,19
,32,552,11,,,,,,,,11,11,11,1,0,,28.16666667,35,,,,,26,19.66666667,23.5
,32,553,4,,,,,,,,4,4,4,1,0,,10,30,,,,,25,42,
,32,554,1,7,10,,,,,,1,10,6,3,9,,26.5,29,,,,,25.5,27.5,15
,32,555,34,27,,,,,,,27,34,30.5,2,7,,31.5,8.333333333,,,,,27,38.5,15
,32,561 (pvp),,,,,,,,,,,,0,,,,,29.5,,,32,19,,
,32,571,8,15,16,,,,,,8,16,13,3,8,,29,24,6,19,18,,,35,32.5
,32,575,4,,,,,,,,4,4,4,1,0,,14,12,,,,,6,29.5,19
,32,577 (pvp),,,,,,,,,,,,0,,,,21,,38,7,,,,
19/Feb/25,33,301,,,,,,,,,,,,0,,28,,,13,14,25.2,,21,21.5,24
,33,308,,,,,,,,,,,,0,,8,,35,2,30.5,27,0.5,7,19,32
,33,316,,,,,,,,,,,,0,,9,,6.5,7,0,23.33333333,10,15,26,2
,33,326,,,,,,,,,,,,0,,4,,19,26.33333333,14.66666667,8.666666667,26.66666667,36,30,
,33,335,,,,,,,,,,,,0,,30.5,,23.5,9,,,,,,33
,33,372 (750),,,,,,,,,,,,0,,,,,23,-2.5,14,31,30.5,,25
,33,379,,,,,,,,,,,,0,,22.5,,31,9,7,6.25,,,7,40
,33,380,,,,,,,,,,,,0,,5.5,,36,25,,,,,33,39
,33,381 (500),,,,,,,,,,,,0,,30.5,,,41,18,10,24,,16,
,33,382,,,,,,,,,,,,0,,4,,18.5,33,,,,,16,18
,33,383,,,,,,,,,,,,0,,10.5,,24,5.2,1,15,28,32,33,21
,33,384,,,,,,,,,,,,0,,15,,16,7,,,,,17,27
,33,393 (750),,,,,,,,,,,,0,,10,,27,30,16.5,,25,28,12,41
,33,397,,,,,,,,,,,,0,,12,,7.5,17,22.33333333,39.4,60,33.5,23,8
,33,398,,,,,,,,,,,,0,,20,,28.5,35,10,26.25,41,15.5,27.5,34
,33,399,,,,,,,,,,,,0,,20,,7,24,11.75,27.33333333,34,16,20,38
,33,413 (500),,,,,,,,,,,,0,,31,,32,9,7.333333333,25.66666667,5.5,22.5,,32
,33,414 (750),,,,,,,,,,,,0,,8,,19,,30.5,33.5,12.5,17,,
,33,417,,,,,,,,,,,,0,,5.666666667,,9.5,41,,,,,23,30
,33,418,,,,,,,,,,,,0,,3.5,,7,10.5,,,,,,
,33,419 (500),,,,,,,,,,,,0,,,,,42,26,5.75,,9.666666667,21,25
,33,427 (500),,,,,,,,,,,,0,,29,,27,34,26,12,9.5,14.5,,30
,33,430,,,,,,,,,,,,0,,20,,23.5,20,,,,,34.5,40
,33,431,,,,,,,,,,,,0,,27.5,,,14.5,,,,,,25
,33,432 (750),,,,,,,,,,,,0,,,,36,24,36,39,11,,,15
,33,433,,,,,,,,,,,,0,,3,,15.8,17.66666667,,,,,,26.66666667
,33,434,,,,,,,,,,,,0,,15,,27.5,14,23.25,30,50,21,5.5,
,33,435,,,,,,,,,,,,0,,9,,33.5,24,,,,,24,8.5
,33,436,,,,,,,,,,,,0,,16.33333333,,9,19,,,,,11,5.5
,33,437,,,,,,,,,,,,0,,15,,38.25,36.33333333,,,,,26,22
,33,451,,,,,,,,,,,,0,,8,,9.5,22.33333333,,,,,11,19
,33,452,,,,,,,,,,,,0,,34.66666667,,10,29.33333333,,,,,23,34
,33,453,,,,,,,,,,,,0,,6,,21,37,,,,,5.5,
,33,454,,,,,,,,,,,,0,,23,,22.66666667,31.33333333,,,,,5,20
,33,455,,,,,,,,,,,,0,,23.5,,14,23.5,,,,,16,
,33,456,,,,,,,,,,,,0,,6.5,,13.5,16,,,,,34.5,15
,33,468 (500),,,,,,,,,,,,0,,4,,35,9,,31.33333333,17.5,25,,15
,33,469,,,,,,,,,,,,0,,16,,11,15.66666667,15,23,22.25,30.33333333,7,27
,33,475,,,,,,,,,,,,0,,10.5,,7,26.8,,,,,38,33
,33,476,,,,,,,,,,,,0,,26.25,,23,23,,,,,8,34
,33,483,,,,,,,,,,,,0,,22,,32,15,16.75,16.25,23.75,35.66666667,28,32
,33,497,,,,,,,,,,,,0,,26.5,,11.33333333,31.5,15.6,29.2,,19,23,23
,33,498,,,,,,,,,,,,0,,7,,10.5,27.75,,,,,32,31.66666667
,33,499,,,,,,,,,,,,0,,16,,34,16,,,,,10,10
,33,500,,,,,,,,,,,,0,,14,,14.5,35.66666667,,,,,26.5,
,33,501,,,,,,,,,,,,0,,7.666666667,,31,21.5,,,,,21,17.66666667
,33,530 (750),,,,,,,,,,,,0,,18,,17,32.5,17,23.75,19,22,,6
,33,537,,,,,,,,,,,,0,,5,,22.5,14,,,,,38,12
,33,544,,,,,,,,,,,,0,,20,,24,22.5,,,,,25.5,24
,33,545,,,,,,,,,,,,0,,26,,26.5,24.33333333,,,,,26,20.25
,33,546,,,,,,,,,,,,0,,9.666666667,,18,28,,,,,23,29.5
,33,547,,,,,,,,,,,,0,,6,,19,30,,,,,23,18.5
,33,552,,,,,,,,,,,,0,,11,,28.16666667,35,,,,,26,19.66666667
,33,553,,,,,,,,,,,,0,,4,,10,30,,,,,25,42
,33,554,,,,,,,,,,,,0,,6,,26.5,29,,,,,25.5,27.5
,33,555,,,,,,,,,,,,0,,30.5,,31.5,8.333333333,,,,,27,38.5
,33,561 (pvp),,,,,,,,,,,,0,,,,,,29.5,,,32,19,
,33,571,,,,,,,,,,,,0,,13,,29,24,6,19,18,,,35
,33,575,,,,,,,,,,,,0,,4,,14,12,,,,,6,29.5
,33,577 (pvp),,,,,,,,,,,,0,,,,,21,,38,7,,,
26/Feb/25,34,301,29,,,,,,,,29,29,29,1,0,,28,,,13,14,25.2,,21,21.5
,34,308,35,26,24,,,,,,24,35,28.33333333,3,11,,8,,35,2,30.5,27,0.5,7,19
,34,316,20,24,29,,,,,,20,29,24.33333333,3,9,,9,,6.5,7,0,23.33333333,10,15,26
,34,326,30,27,27,,,,,,27,30,28,3,3,,4,,19,26.33333333,14.66666667,8.666666667,26.66666667,36,30
,34,335,17,14,21,20,,,,,14,21,18,4,7,,30.5,,23.5,9,,,,,
,34,372 (750),11,,,,,,,,11,11,11,1,0,,,,,23,-2.5,14,31,30.5,
,34,379,14,,,,,,,,14,14,14,1,0,,22.5,,31,9,7,6.25,,,7
,34,380,12,7,,,,,,,7,12,9.5,2,5,,5.5,,36,25,,,,,33
,34,381 (500),29,,,,,,,,29,29,29,1,0,,30.5,,,41,18,10,24,,16
,34,382,21,,,,,,,,21,21,21,1,0,,4,,18.5,33,,,,,16
,34,383,12,,,,,,,,12,12,12,1,0,,10.5,,24,5.2,1,15,28,32,33
,34,384,22,,,,,,,,22,22,22,1,0,,15,,16,7,,,,,17
,34,393 (750),27,31,,,,,,,27,31,29,2,4,,10,,27,30,16.5,,25,28,12
,34,397,22,17,18,,,,,,17,22,19,3,5,,12,,7.5,17,22.33333333,39.4,60,33.5,23
,34,398,29,34,31,37,37,26,,,26,37,32.33333333,6,11,,20,,28.5,35,10,26.25,41,15.5,27.5
,34,399,14,9,,,,,,,9,14,11.5,2,5,,20,,7,24,11.75,27.33333333,34,16,20
,34,413 (500),37,24,22,28,,,,,22,37,27.75,4,15,,31,,32,9,7.333333333,25.66666667,5.5,22.5,
,34,414 (750),22,,,,,,,,22,22,22,1,0,,8,,19,,30.5,33.5,12.5,17,
,34,417,14,23,,,,,,,14,23,18.5,2,9,,5.666666667,,9.5,41,,,,,23
,34,418,26,34,23,,,,,,23,34,27.66666667,3,11,,3.5,,7,10.5,,,,,
,34,419 (500),9,6,,,,,,,6,9,7.5,2,3,,,,,42,26,5.75,,9.666666667,21
,34,427 (500),7,9,,,,,,,7,9,8,2,2,,29,,27,34,26,12,9.5,14.5,
,34,430,29,20,,,,,,,20,29,24.5,2,9,,20,,23.5,20,,,,,34.5
,34,431,22,26,19,27,19,26,,,19,27,23.16666667,6,8,,27.5,,,14.5,,,,,
,34,432 (750),20,11,20,,,,,,11,20,17,3,9,,,,36,24,36,39,11,,
,34,433,9,,,,,,,,9,9,9,1,0,,3,,15.8,17.66666667,,,,,
,34,434,11,25,30,,,,,,11,30,22,3,19,,15,,27.5,14,23.25,30,50,21,5.5
,34,435,14,14,16,,,,,,14,16,14.66666667,3,2,,9,,33.5,24,,,,,24
,34,436,26,18,,,,,,,18,26,22,2,8,,16.33333333,,9,19,,,,,11
,34,437,23,7,,,,,,,7,23,15,2,16,,15,,38.25,36.33333333,,,,,26
,34,451,4,9,3,,,,,,3,9,5.333333333,3,6,,8,,9.5,22.33333333,,,,,11
,34,452,2,,,,,,,,2,2,2,1,0,,34.66666667,,10,29.33333333,,,,,23
,34,453,17,22,33,,,,,,17,33,24,3,16,,6,,21,37,,,,,5.5
,34,454,16,,,,,,,,16,16,16,1,0,,23,,22.66666667,31.33333333,,,,,5
,34,455,23,22,,,,,,,22,23,22.5,2,1,,23.5,,14,23.5,,,,,16
,34,456,33,25,,,,,,,25,33,29,2,8,,6.5,,13.5,16,,,,,34.5
,34,468 (500),35,28,25,,,,,,25,35,29.33333333,3,10,,4,,35,9,,31.33333333,17.5,25,
,34,469,5,3,,,,,,,3,5,4,2,2,,16,,11,15.66666667,15,23,22.25,30.33333333,7
,34,475,37,32,27,,,,,,27,37,32,3,10,,10.5,,7,26.8,,,,,38
,34,476,28,,,,,,,,28,28,28,1,0,,26.25,,23,23,,,,,8
,34,483,7,5,,,,,,,5,7,6,2,2,,22,,32,15,16.75,16.25,23.75,35.66666667,28
,34,497,21,30,20,,,,,,20,30,23.66666667,3,10,,26.5,,11.33333333,31.5,15.6,29.2,,19,23
,34,498,24,,,,,,,,24,24,24,1,0,,7,,10.5,27.75,,,,,32
,34,499,6,12,8,,,,,,6,12,8.666666667,3,6,,16,,34,16,,,,,10
,34,500,23,23,,,,,,,23,23,23,2,0,,14,,14.5,35.66666667,,,,,26.5
,34,501,22,,,,,,,,22,22,22,1,0,,7.666666667,,31,21.5,,,,,21
,34,530 (750),9,6,8,,,,,,6,9,7.666666667,3,3,,18,,17,32.5,17,23.75,19,22,
,34,537,15,,,,,,,,15,15,15,1,0,,5,,22.5,14,,,,,38
,34,544,8,21,19,7,,,,,7,21,13.75,4,14,,20,,24,22.5,,,,,25.5
,34,545,30,26,35,38,32,38,,,26,38,33.16666667,6,12,,26,,26.5,24.33333333,,,,,26
,34,546,24,32,22,25,29,,,,22,32,26.4,5,10,,9.666666667,,18,28,,,,,23
,34,547,25,27,,,,,,,25,27,26,2,2,,6,,19,30,,,,,23
,34,552,18,,,,,,,,18,18,18,1,0,,11,,28.16666667,35,,,,,26
,34,553,10,13,9,,,,,,9,13,10.66666667,3,4,,4,,10,30,,,,,25
,34,554,6,9,10,13,6,5,,,5,13,8.166666667,6,8,,6,,26.5,29,,,,,25.5
,34,555,14,,,,,,,,14,14,14,1,0,,30.5,,31.5,8.333333333,,,,,27
,34,561 (pvp),15,15,7,17,,,,,7,17,13.5,4,10,,,,,,29.5,,,32,19
,34,571,18,18,22,,,,,,18,22,19.33333333,3,4,,13,,29,24,6,19,18,,
,34,575,2,,,,,,,,2,2,2,1,0,,4,,14,12,,,,,6
,34,577 (pvp),,,,,,,,,,,,0,,,,,,21,,38,7,,
05/Mar/25,35,301,,,,,,,,,,,,0,,29,,28,,,13,14,25.2,,21
,35,308,,,,,,,,,,,,0,,28.33333333,,8,,35,2,30.5,27,0.5,7
,35,316,,,,,,,,,,,,0,,24.33333333,,9,,6.5,7,0,23.33333333,10,15
,35,326,,,,,,,,,,,,0,,28,,4,,19,26.33333333,14.66666667,8.666666667,26.66666667,36
,35,335,,,,,,,,,,,,0,,18,,30.5,,23.5,9,,,,
,35,372 (750),,,,,,,,,,,,0,,11,,,,,23,-2.5,14,31,30.5
,35,379,,,,,,,,,,,,0,,14,,22.5,,31,9,7,6.25,,
,35,380,,,,,,,,,,,,0,,9.5,,5.5,,36,25,,,,
,35,381 (500),,,,,,,,,,,,0,,29,,30.5,,,41,18,10,24,
,35,382,,,,,,,,,,,,0,,21,,4,,18.5,33,,,,
,35,383,,,,,,,,,,,,0,,12,,10.5,,24,5.2,1,15,28,32
,35,384,,,,,,,,,,,,0,,22,,15,,16,7,,,,
,35,393 (750),,,,,,,,,,,,0,,29,,10,,27,30,16.5,,25,28
,35,397,,,,,,,,,,,,0,,19,,12,,7.5,17,22.33333333,39.4,60,33.5
,35,398,,,,,,,,,,,,0,,32.33333333,,20,,28.5,35,10,26.25,41,15.5
,35,399,,,,,,,,,,,,0,,11.5,,20,,7,24,11.75,27.33333333,34,16
,35,413 (500),,,,,,,,,,,,0,,27.75,,31,,32,9,7.333333333,25.66666667,5.5,22.5
,35,414 (750),,,,,,,,,,,,0,,22,,8,,19,,30.5,33.5,12.5,17
,35,417,,,,,,,,,,,,0,,18.5,,5.666666667,,9.5,41,,,,
,35,418,,,,,,,,,,,,0,,27.66666667,,3.5,,7,10.5,,,,
,35,419 (500),,,,,,,,,,,,0,,7.5,,,,,42,26,5.75,,9.666666667
,35,427 (500),,,,,,,,,,,,0,,8,,29,,27,34,26,12,9.5,14.5
,35,430,,,,,,,,,,,,0,,24.5,,20,,23.5,20,,,,
,35,431,,,,,,,,,,,,0,,23.16666667,,27.5,,,14.5,,,,
,35,432 (750),,,,,,,,,,,,0,,17,,,,36,24,36,39,11,
,35,433,,,,,,,,,,,,0,,9,,3,,15.8,17.66666667,,,,
,35,434,,,,,,,,,,,,0,,22,,15,,27.5,14,23.25,30,50,21
,35,435,,,,,,,,,,,,0,,14.66666667,,9,,33.5,24,,,,
,35,436,,,,,,,,,,,,0,,22,,16.33333333,,9,19,,,,
,35,437,,,,,,,,,,,,0,,15,,15,,38.25,36.33333333,,,,
,35,451,,,,,,,,,,,,0,,5.333333333,,8,,9.5,22.33333333,,,,
,35,452,,,,,,,,,,,,0,,2,,34.66666667,,10,29.33333333,,,,
,35,453,,,,,,,,,,,,0,,24,,6,,21,37,,,,
,35,454,,,,,,,,,,,,0,,16,,23,,22.66666667,31.33333333,,,,
,35,455,,,,,,,,,,,,0,,22.5,,23.5,,14,23.5,,,,
,35,456,,,,,,,,,,,,0,,29,,6.5,,13.5,16,,,,
,35,468 (500),,,,,,,,,,,,0,,29.33333333,,4,,35,9,,31.33333333,17.5,25
,35,469,,,,,,,,,,,,0,,4,,16,,11,15.66666667,15,23,22.25,30.33333333
,35,475,,,,,,,,,,,,0,,32,,10.5,,7,26.8,,,,
,35,476,,,,,,,,,,,,0,,28,,26.25,,23,23,,,,
,35,483,,,,,,,,,,,,0,,6,,22,,32,15,16.75,16.25,23.75,35.66666667
,35,497,,,,,,,,,,,,0,,23.66666667,,26.5,,11.33333333,31.5,15.6,29.2,,19
,35,498,,,,,,,,,,,,0,,24,,7,,10.5,27.75,,,,
,35,499,,,,,,,,,,,,0,,8.666666667,,16,,34,16,,,,
,35,500,,,,,,,,,,,,0,,23,,14,,14.5,35.66666667,,,,
,35,501,,,,,,,,,,,,0,,22,,7.666666667,,31,21.5,,,,
,35,530 (750),,,,,,,,,,,,0,,7.666666667,,18,,17,32.5,17,23.75,19,22
,35,537,,,,,,,,,,,,0,,15,,5,,22.5,14,,,,
,35,544,,,,,,,,,,,,0,,13.75,,20,,24,22.5,,,,
,35,545,,,,,,,,,,,,0,,33.16666667,,26,,26.5,24.33333333,,,,
,35,546,,,,,,,,,,,,0,,26.4,,9.666666667,,18,28,,,,
,35,547,,,,,,,,,,,,0,,26,,6,,19,30,,,,
,35,552,,,,,,,,,,,,0,,18,,11,,28.16666667,35,,,,
,35,553,,,,,,,,,,,,0,,10.66666667,,4,,10,30,,,,
,35,554,,,,,,,,,,,,0,,8.166666667,,6,,26.5,29,,,,
,35,555,,,,,,,,,,,,0,,14,,30.5,,31.5,8.333333333,,,,
,35,561 (pvp),,,,,,,,,,,,0,,13.5,,,,,,29.5,,,32
,35,571,,,,,,,,,,,,0,,19.33333333,,13,,29,24,6,19,18,
,35,575,,,,,,,,,,,,0,,2,,4,,14,12,,,,
,35,577 (pvp),,,,,,,,,,,,0,,,,,,,21,,38,7,
12/Mar/25,36,301,,,,,,,,,,,,0,,,29,,28,,,13,14,25.2,
,36,308,34,,,,,,,,34,34,34,1,0,,28.33333333,,8,,35,2,30.5,27,0.5
,36,316,20,,,,,,,,20,20,20,1,0,,24.33333333,,9,,6.5,7,0,23.33333333,10
,36,326,34,37,,,,,,,34,37,35.5,2,3,,28,,4,,19,26.33333333,14.66666667,8.666666667,26.66666667
,36,335,28,31,,,,,,,28,31,29.5,2,3,,18,,30.5,,23.5,9,,,
,36,372 (750),4,11,,,,,,,4,11,7.5,2,7,,11,,,,,23,-2.5,14,31
,36,379,9,18,21,,,,,,9,21,16,3,12,,14,,22.5,,31,9,7,6.25,
,36,380,17,,,,,,,,17,17,17,1,0,,9.5,,5.5,,36,25,,,
,36,381 (500),33,45,,,,,,,33,45,39,2,12,,29,,30.5,,,41,18,10,24
,36,382,19,21,,,,,,,19,21,20,2,2,,21,,4,,18.5,33,,,
,36,383,20,17,,,,,,,17,20,18.5,2,3,,12,,10.5,,24,5.2,1,15,28
,36,384,10,8,6,,,,,,6,10,8,3,4,,22,,15,,16,7,,,
,36,393 (750),16,23,,,,,,,16,23,19.5,2,7,,29,,10,,27,30,16.5,,25
,36,397,10,12,16,27,,,,,10,27,16.25,4,17,,19,,12,,7.5,17,22.33333333,39.4,60
,36,398,35,33,,,,,,,33,35,34,2,2,,32.33333333,,20,,28.5,35,10,26.25,41
,36,399,12,,,,,,,,12,12,12,1,0,,11.5,,20,,7,24,11.75,27.33333333,34
,36,413 (500),38,,,,,,,,38,38,38,1,0,,27.75,,31,,32,9,7.333333333,25.66666667,5.5
,36,414 (750),9,7,,,,,,,7,9,8,2,2,,22,,8,,19,,30.5,33.5,12.5
,36,417,33,23,,,,,,,23,33,28,2,10,,18.5,,5.666666667,,9.5,41,,,
,36,418,16,5,,,,,,,5,16,10.5,2,11,,27.66666667,,3.5,,7,10.5,,,
,36,419 (500),33,,,,,,,,33,33,33,1,0,,7.5,,,,,42,26,5.75,
,36,427 (500),27,32,29,27,31,,,,27,32,29.2,5,5,,8,,29,,27,34,26,12,9.5
,36,430,44,36,,,,,,,36,44,40,2,8,,24.5,,20,,23.5,20,,,
,36,431,26,35,27,28,,,,,26,35,29,4,9,,23.16666667,,27.5,,,14.5,,,
,36,432 (750),40,,,,,,,,40,40,40,1,0,,17,,,,36,24,36,39,11
,36,433,29,27,,,,,,,27,29,28,2,2,,9,,3,,15.8,17.66666667,,,
,36,434,16,27,,,,,,,16,27,21.5,2,11,,22,,15,,27.5,14,23.25,30,50
,36,435,11,9,,,,,,,9,11,10,2,2,,14.66666667,,9,,33.5,24,,,
,36,436,25,26,28,,,,,,25,28,26.33333333,3,3,,22,,16.33333333,,9,19,,,
,36,437,22,17,22,,,,,,17,22,20.33333333,3,5,,15,,15,,38.25,36.33333333,,,
,36,451,23,,,,,,,,23,23,23,1,0,,5.333333333,,8,,9.5,22.33333333,,,
,36,452,26,,,,,,,,26,26,26,1,0,,2,,34.66666667,,10,29.33333333,,,
,36,453,39,37,,,,,,,37,39,38,2,2,,24,,6,,21,37,,,
,36,454,4,11,5,11,11,,,,4,11,8.4,5,7,,16,,23,,22.66666667,31.33333333,,,
,36,455,17,5,,,,,,,5,17,11,2,12,,22.5,,23.5,,14,23.5,,,
,36,456,22,35,,,,,,,22,35,28.5,2,13,,29,,6.5,,13.5,16,,,
,36,468 (500),39,,,,,,,,39,39,39,1,0,,29.33333333,,4,,35,9,,31.33333333,17.5
,36,469,34,27,36,,,,,,27,36,32.33333333,3,9,,4,,16,,11,15.66666667,15,23,22.25
,36,475,37,39,33,,,,,,33,39,36.33333333,3,6,,32,,10.5,,7,26.8,,,
,36,476,32,30,29,24,26,30,25,,24,32,28,7,8,,28,,26.25,,23,23,,,
,36,483,43,44,44,33,41,,,,33,44,41,5,11,,6,,22,,32,15,16.75,16.25,23.75
,36,497,24,32,,,,,,,24,32,28,2,8,,23.66666667,,26.5,,11.33333333,31.5,15.6,29.2,
,36,498,27,30,,,,,,,27,30,28.5,2,3,,24,,7,,10.5,27.75,,,
,36,499,39,39,35,,,,,,35,39,37.66666667,3,4,,8.666666667,,16,,34,16,,,
,36,500,14,17,,,,,,,14,17,15.5,2,3,,23,,14,,14.5,35.66666667,,,
,36,501,19,15,,,,,,,15,19,17,2,4,,22,,7.666666667,,31,21.5,,,
,36,530 (750),35,,,,,,,,35,35,35,1,0,,7.666666667,,18,,17,32.5,17,23.75,19
,36,537,26,,,,,,,,26,26,26,1,0,,15,,5,,22.5,14,,,
,36,544,43,42,,,,,,,42,43,42.5,2,1,,13.75,,20,,24,22.5,,,
,36,545,18,,,,,,,,18,18,18,1,0,,33.16666667,,26,,26.5,24.33333333,,,
,36,546,38,45,42,,,,,,38,45,41.66666667,3,7,,26.4,,9.666666667,,18,28,,,
,36,547,18,26,,,,,,,18,26,22,2,8,,26,,6,,19,30,,,
,36,552,33,,,,,,,,33,33,33,1,0,,18,,11,,28.16666667,35,,,
,36,553,11,,,,,,,,11,11,11,1,0,,10.66666667,,4,,10,30,,,
,36,554,33,,,,,,,,33,33,33,1,0,,8.166666667,,6,,26.5,29,,,
,36,555,24,14,,,,,,,14,24,19,2,10,,14,,30.5,,31.5,8.333333333,,,
,36,561 (pvp),12,,,,,,,,12,12,12,1,0,,13.5,,,,,,29.5,,
,36,571,29,23,38,,,,,,23,38,30,3,15,,19.33333333,,13,,29,24,6,19,18
,36,575,11,13,,,,,,,11,13,12,2,2,,2,,4,,14,12,,,
,36,577 (pvp),,,,,,,,,,,,0,,,,,,,,21,,38,7
19/Mar/25,37,301,8,11,,,,,,,8,11,9.5,2,3,,,29,,28,,,13,14,25.2
,37,308,31,39,43,30,,,,,30,43,35.75,4,13,34,,28.33333333,,8,,35,2,30.5,27
,37,316,27,33,,,,,,,27,33,30,2,6,20,,24.33333333,,9,,6.5,7,0,23.33333333
,37,326,26,24,28,,,,,,24,28,26,3,4,35.5,,28,,4,,19,26.33333333,14.66666667,8.666666667
,37,335,17,8,15,16,,,,,8,17,14,4,9,29.5,,18,,30.5,,23.5,9,,
,37,372 (750),14,,,,,,,,14,14,14,1,0,7.5,,11,,,,,23,-2.5,14
,37,379,34,30,,,,,,,30,34,32,2,4,16,,14,,22.5,,31,9,7,6.25
,37,380,40,30,,,,,,,30,40,35,2,10,17,,9.5,,5.5,,36,25,,
,37,381 (500),27,42,,,,,,,27,42,34.5,2,15,39,,29,,30.5,,,41,18,10
,37,382,21,24,24,,,,,,21,24,23,3,3,20,,21,,4,,18.5,33,,
,37,383,24,14,,,,,,,14,24,19,2,10,18.5,,12,,10.5,,24,5.2,1,15
,37,384,25,29,,,,,,,25,29,27,2,4,8,,22,,15,,16,7,,
,37,393 (750),,,,,,,,,,,,0,,19.5,,29,,10,,27,30,16.5,
,37,397,17,,,,,,,,17,17,17,1,0,16.25,,19,,12,,7.5,17,22.33333333,39.4
,37,398,29,35,,,,,,,29,35,32,2,6,34,,32.33333333,,20,,28.5,35,10,26.25
,37,399,32,26,,,,,,,26,32,29,2,6,12,,11.5,,20,,7,24,11.75,27.33333333
,37,413 (500),9,26,,,,,,,9,26,17.5,2,17,38,,27.75,,31,,32,9,7.333333333,25.66666667
,37,414 (750),19,,,,,,,,19,19,19,1,0,8,,22,,8,,19,,30.5,33.5
,37,417,38,,,,,,,,38,38,38,1,0,28,,18.5,,5.666666667,,9.5,41,,
,37,418,20,21,15,,,,,,15,21,18.66666667,3,6,10.5,,27.66666667,,3.5,,7,10.5,,
,37,419 (500),32,,,,,,,,32,32,32,1,0,33,,7.5,,,,,42,26,5.75
,37,427 (500),22,26,,,,,,,22,26,24,2,4,29.2,,8,,29,,27,34,26,12
,37,430,8,,,,,,,,8,8,8,1,0,40,,24.5,,20,,23.5,20,,
,37,431,2,8,,,,,,,2,8,5,2,6,29,,23.16666667,,27.5,,,14.5,,
,37,432 (750),27,,,,,,,,27,27,27,1,0,40,,17,,,,36,24,36,39
,37,433,19,20,,,,,,,19,20,19.5,2,1,28,,9,,3,,15.8,17.66666667,,
,37,434,21,15,,,,,,,15,21,18,2,6,21.5,,22,,15,,27.5,14,23.25,30
,37,435,32,,,,,,,,32,32,32,1,0,10,,14.66666667,,9,,33.5,24,,
,37,436,18,8,12,,,,,,8,18,12.66666667,3,10,26.33333333,,22,,16.33333333,,9,19,,
,37,437,27,37,36,,,,,,27,37,33.33333333,3,10,20.33333333,,15,,15,,38.25,36.33333333,,
,37,451,19,14,12,25,,,,,12,25,17.5,4,13,23,,5.333333333,,8,,9.5,22.33333333,,
,37,452,6,,,,,,,,6,6,6,1,0,26,,2,,34.66666667,,10,29.33333333,,
,37,453,30,25,25,,,,,,25,30,26.66666667,3,5,38,,24,,6,,21,37,,
,37,454,31,42,32,41,35,,,,31,42,36.2,5,11,8.4,,16,,23,,22.66666667,31.33333333,,
,37,455,16,18,13,,,,,,13,18,15.66666667,3,5,11,,22.5,,23.5,,14,23.5,,
,37,456,10,8,4,,,,,,4,10,7.333333333,3,6,28.5,,29,,6.5,,13.5,16,,
,37,468 (500),,,,,,,,,,,,0,,39,,29.33333333,,4,,35,9,,31.33333333
,37,469,7,,,,,,,,7,7,7,1,0,32.33333333,,4,,16,,11,15.66666667,15,23
,37,475,18,23,,,,,,,18,23,20.5,2,5,36.33333333,,32,,10.5,,7,26.8,,
,37,476,19,18,29,17,,,,,17,29,20.75,4,12,28,,28,,26.25,,23,23,,
,37,483,12,17,12,,,,,,12,17,13.66666667,3,5,41,,6,,22,,32,15,16.75,16.25
,37,497,6,13,,,,,,,6,13,9.5,2,7,28,,23.66666667,,26.5,,11.33333333,31.5,15.6,29.2
,37,498,6,10,,,,,,,6,10,8,2,4,28.5,,24,,7,,10.5,27.75,,
,37,499,10,6,,,,,,,6,10,8,2,4,37.66666667,,8.666666667,,16,,34,16,,
,37,500,15,13,21,19,19,,,,13,21,17.4,5,8,15.5,,23,,14,,14.5,35.66666667,,
,37,501,21,,,,,,,,21,21,21,1,0,17,,22,,7.666666667,,31,21.5,,
,37,530 (750),27,,,,,,,,27,27,27,1,0,35,,7.666666667,,18,,17,32.5,17,23.75
,37,537,13,1,,,,,,,1,13,7,2,12,26,,15,,5,,22.5,14,,
,37,544,19,16,10,,,,,,10,19,15,3,9,42.5,,13.75,,20,,24,22.5,,
,37,545,37,42,27,35,40,38,,,27,42,36.5,6,15,18,,33.16666667,,26,,26.5,24.33333333,,
,37,546,30,35,33,27,10,,,,10,35,27,5,25,41.66666667,,26.4,,9.666666667,,18,28,,
,37,547,15,12,,,,,,,12,15,13.5,2,3,22,,26,,6,,19,30,,
,37,552,7,,,,,,,,7,7,7,1,0,33,,18,,11,,28.16666667,35,,
,37,553,24,35,,,,,,,24,35,29.5,2,11,11,,10.66666667,,4,,10,30,,
,37,554,6,21,,,,,,,6,21,13.5,2,15,33,,8.166666667,,6,,26.5,29,,
,37,555,34,36,32,30,24,,,,24,36,31.2,5,12,19,,14,,30.5,,31.5,8.333333333,,
,37,561 (pvp),,,,,,,,,,,,0,,12,,13.5,,,,,,29.5,
,37,571,38,44,44,36,44,,,,36,44,41.2,5,8,30,,19.33333333,,13,,29,24,6,19
,37,575,16,10,19,16,,,,,10,19,15.25,4,9,12,,2,,4,,14,12,,
,37,577 (pvp),36,,,,,,,,36,36,36,1,0,,,,,,,,21,,38
26/Mar/25,38,301,38,,,,,,,,38,38,38,1,0,9.5,,,29,,28,,,13,14
,38,308,41,,,,,,,,41,41,41,1,0,35.75,34,,28.33333333,,8,,35,2,30.5
,38,316,19,27,26,,,,,,19,27,24,3,8,30,20,,24.33333333,,9,,6.5,7,0
,38,326,37,,,,,,,,37,37,37,1,0,26,35.5,,28,,4,,19,26.33333333,14.66666667
,38,335,30,33,,,,,,,30,33,31.5,2,3,14,29.5,,18,,30.5,,23.5,9,
,38,372 (750),30,35,,,,,,,30,35,32.5,2,5,14,7.5,,11,,,,,23,-2.5
,38,379,24,23,,,,,,,23,24,23.5,2,1,32,16,,14,,22.5,,31,9,7
,38,380,41,47,,,,,,,41,47,44,2,6,35,17,,9.5,,5.5,,36,25,
,38,381 (500),40,,,,,,,,40,40,40,1,0,34.5,39,,29,,30.5,,,41,18
,38,382,30,31,22,,,,,,22,31,27.66666667,3,9,23,20,,21,,4,,18.5,33,
,38,383,36,,,,,,,,36,36,36,1,0,19,18.5,,12,,10.5,,24,5.2,1
,38,384,22,,,,,,,,22,22,22,1,0,27,8,,22,,15,,16,7,
,38,393 (750),33,,,,,,,,33,33,33,1,0,,19.5,,29,,10,,27,30,16.5
,38,397,27,24,,,,,,,24,27,25.5,2,3,17,16.25,,19,,12,,7.5,17,22.33333333
,38,398,31,34,,,,,,,31,34,32.5,2,3,32,34,,32.33333333,,20,,28.5,35,10
,38,399,35,32,23,,,,,,23,35,30,3,12,29,12,,11.5,,20,,7,24,11.75
,38,413 (500),20,,,,,,,,20,20,20,1,0,17.5,38,,27.75,,31,,32,9,7.333333333
,38,414 (750),31,,,,,,,,31,31,31,1,0,19,8,,22,,8,,19,,30.5
,38,417,30,29,,,,,,,29,30,29.5,2,1,38,28,,18.5,,5.666666667,,9.5,41,
,38,418,21,,,,,,,,21,21,21,1,0,18.66666667,10.5,,27.66666667,,3.5,,7,10.5,
,38,419 (500),42,,,,,,,,42,42,42,1,0,32,33,,7.5,,,,,42,26
,38,427 (500),42,,,,,,,,42,42,42,1,0,24,29.2,,8,,29,,27,34,26
,38,430,26,24,,,,,,,24,26,25,2,2,8,40,,24.5,,20,,23.5,20,
,38,431,12,,,,,,,,12,12,12,1,0,5,29,,23.16666667,,27.5,,,14.5,
,38,432 (750),29,,,,,,,,29,29,29,1,0,27,40,,17,,,,36,24,36
,38,433,37,35,,,,,,,35,37,36,2,2,19.5,28,,9,,3,,15.8,17.66666667,
,38,434,17,,,,,,,,17,17,17,1,0,18,21.5,,22,,15,,27.5,14,23.25
,38,435,40,43,,,,,,,40,43,41.5,2,3,32,10,,14.66666667,,9,,33.5,24,
,38,436,24,27,,,,,,,24,27,25.5,2,3,12.66666667,26.33333333,,22,,16.33333333,,9,19,
,38,437,30,26,,,,,,,26,30,28,2,4,33.33333333,20.33333333,,15,,15,,38.25,36.33333333,
,38,451,34,46,,,,,,,34,46,40,2,12,17.5,23,,5.333333333,,8,,9.5,22.33333333,
,38,452,10,22,,,,,,,10,22,16,2,12,6,26,,2,,34.66666667,,10,29.33333333,
,38,453,36,50,,,,,,,36,50,43,2,14,26.66666667,38,,24,,6,,21,37,
,38,454,27,,,,,,,,27,27,27,1,0,36.2,8.4,,16,,23,,22.66666667,31.33333333,
,38,455,19,22,,,,,,,19,22,20.5,2,3,15.66666667,11,,22.5,,23.5,,14,23.5,
,38,456,33,40,43,34,43,,,,33,43,38.6,5,10,7.333333333,28.5,,29,,6.5,,13.5,16,
,38,468 (500),38,23,,,,,,,23,38,30.5,2,15,,39,,29.33333333,,4,,35,9,
,38,469,41,32,,,,,,,32,41,36.5,2,9,7,32.33333333,,4,,16,,11,15.66666667,15
,38,475,41,,,,,,,,41,41,41,1,0,20.5,36.33333333,,32,,10.5,,7,26.8,
,38,476,19,,,,,,,,19,19,19,1,0,20.75,28,,28,,26.25,,23,23,
,38,483,7,21,8,,,,,,7,21,12,3,14,13.66666667,41,,6,,22,,32,15,16.75
,38,497,32,32,,,,,,,32,32,32,2,0,9.5,28,,23.66666667,,26.5,,11.33333333,31.5,15.6
,38,498,33,,,,,,,,33,33,33,1,0,8,28.5,,24,,7,,10.5,27.75,
,38,499,29,24,,,,,,,24,29,26.5,2,5,8,37.66666667,,8.666666667,,16,,34,16,
,38,500,34,36,,,,,,,34,36,35,2,2,17.4,15.5,,23,,14,,14.5,35.66666667,
,38,501,25,19,,,,,,,19,25,22,2,6,21,17,,22,,7.666666667,,31,21.5,
,38,530 (750),42,30,,,,,,,30,42,36,2,12,27,35,,7.666666667,,18,,17,32.5,17
,38,537,26,,,,,,,,26,26,26,1,0,7,26,,15,,5,,22.5,14,
,38,544,43,38,,,,,,,38,43,40.5,2,5,15,42.5,,13.75,,20,,24,22.5,
,38,545,31,33,,,,,,,31,33,32,2,2,36.5,18,,33.16666667,,26,,26.5,24.33333333,
,38,546,26,20,18,14,23,,,,14,26,20.2,5,12,27,41.66666667,,26.4,,9.666666667,,18,28,
,38,547,21,,,,,,,,21,21,21,1,0,13.5,22,,26,,6,,19,30,
,38,552,21,19,20,,,,,,19,21,20,3,2,7,33,,18,,11,,28.16666667,35,
,38,553,28,,,,,,,,28,28,28,1,0,29.5,11,,10.66666667,,4,,10,30,
,38,554,18,16,,,,,,,16,18,17,2,2,13.5,33,,8.166666667,,6,,26.5,29,
,38,555,29,,,,,,,,29,29,29,1,0,31.2,19,,14,,30.5,,31.5,8.333333333,
,38,561 (pvp),,,,,,,,,,,,0,,,12,,13.5,,,,,,29.5
,38,571,,,,,,,,,,,,0,,41.2,30,,19.33333333,,13,,29,24,6
,38,575,42,37,,,,,,,37,42,39.5,2,5,15.25,12,,2,,4,,14,12,
,38,577 (pvp),,,,,,,,,,,,0,,36,,,,,,,,21,
31/Mar/25,39,301,,,,,,,,,,,,0,,38,9.5,,,29,,28,,,13
,39,308,20,,,,,,,,20,20,20,1,0,41,35.75,34,,28.33333333,,8,,35,2
,39,316,39,41,36,,,,,,36,41,38.66666667,3,5,24,30,20,,24.33333333,,9,,6.5,7
,39,326,,,,,,,,,,,,0,,37,26,35.5,,28,,4,,19,26.33333333
,39,335,31,,,,,,,,31,31,31,1,0,31.5,14,29.5,,18,,30.5,,23.5,9
,39,372 (750),,,,,,,,,,,,0,,32.5,14,7.5,,11,,,,,23
,39,379,35,35,,,,,,,35,35,35,2,0,23.5,32,16,,14,,22.5,,31,9
,39,380,26,,,,,,,,26,26,26,1,0,44,35,17,,9.5,,5.5,,36,25
,39,381 (500),,,,,,,,,,,,0,,40,34.5,39,,29,,30.5,,,41
,39,382,32,,,,,,,,32,32,32,1,0,27.66666667,23,20,,21,,4,,18.5,33
,39,383,31,,,,,,,,31,31,31,1,0,36,19,18.5,,12,,10.5,,24,5.2
,39,384,31,,,,,,,,31,31,31,1,0,22,27,8,,22,,15,,16,7
,39,393 (750),,,,,,,,,,,,0,,33,,19.5,,29,,10,,27,30
,39,397,38,32,,,,,,,32,38,35,2,6,25.5,17,16.25,,19,,12,,7.5,17
,39,398,17,18,,,,,,,17,18,17.5,2,1,32.5,32,34,,32.33333333,,20,,28.5,35
,39,399,35,29,,,,,,,29,35,32,2,6,30,29,12,,11.5,,20,,7,24
,39,413 (500),,,,,,,,,,,,0,,20,17.5,38,,27.75,,31,,32,9
,39,414 (750),,,,,,,,,,,,0,,31,19,8,,22,,8,,19,
,39,417,35,,,,,,,,35,35,35,1,0,29.5,38,28,,18.5,,5.666666667,,9.5,41
,39,418,,,,,,,,,,,,0,,21,18.66666667,10.5,,27.66666667,,3.5,,7,10.5
,39,419 (500),,,,,,,,,,,,0,,42,32,33,,7.5,,,,,42
,39,427 (500),33,,,,,,,,33,33,33,1,0,42,24,29.2,,8,,29,,27,34
,39,430,45,,,,,,,,45,45,45,1,0,25,8,40,,24.5,,20,,23.5,20
,39,431,36,,,,,,,,36,36,36,1,0,12,5,29,,23.16666667,,27.5,,,14.5
,39,432 (750),,,,,,,,,,,,0,,29,27,40,,17,,,,36,24
,39,433,12,,,,,,,,12,12,12,1,0,36,19.5,28,,9,,3,,15.8,17.66666667
,39,434,39,,,,,,,ic,39,39,39,1,0,17,18,21.5,,22,,15,,27.5,14
,39,435,20,19,,,,,,,19,20,19.5,2,1,41.5,32,10,,14.66666667,,9,,33.5,24
,39,436,32,38,25,,,,,,25,38,31.66666667,3,13,25.5,12.66666667,26.33333333,,22,,16.33333333,,9,19
,39,437,25,,,,,,,,25,25,25,1,0,28,33.33333333,20.33333333,,15,,15,,38.25,36.33333333
,39,451,,,,,,,,,,,,0,,40,17.5,23,,5.333333333,,8,,9.5,22.33333333
,39,452,24,,,,,,,,24,24,24,1,0,16,6,26,,2,,34.66666667,,10,29.33333333
,39,453,,,,,,,,,,,,0,,43,26.66666667,38,,24,,6,,21,37
,39,454,32,46,44,,,,,,32,46,40.66666667,3,14,27,36.2,8.4,,16,,23,,22.66666667,31.33333333
,39,455,,,,,,,,,,,,0,,20.5,15.66666667,11,,22.5,,23.5,,14,23.5
,39,456,,,,,,,,,,,,0,,38.6,7.333333333,28.5,,29,,6.5,,13.5,16
,39,468 (500),23,,,,,,,,23,23,23,1,0,30.5,,39,,29.33333333,,4,,35,9
,39,469,43,36,,,,,,,36,43,39.5,2,7,36.5,7,32.33333333,,4,,16,,11,15.66666667
,39,475,27,,,,,,,,27,27,27,1,0,41,20.5,36.33333333,,32,,10.5,,7,26.8
,39,476,35,36,,,,,,,35,36,35.5,2,1,19,20.75,28,,28,,26.25,,23,23
,39,483,33,29,30,,,,,,29,33,30.66666667,3,4,12,13.66666667,41,,6,,22,,32,15
,39,497,,,,,,,,,,,,0,,32,9.5,28,,23.66666667,,26.5,,11.33333333,31.5
,39,498,25,,,,,,,,25,25,25,1,0,33,8,28.5,,24,,7,,10.5,27.75
,39,499,24,27,,,,,,,24,27,25.5,2,3,26.5,8,37.66666667,,8.666666667,,16,,34,16
,39,500,36,36,,,,,,,36,36,36,2,0,35,17.4,15.5,,23,,14,,14.5,35.66666667
,39,501,8,,,,,,,,8,8,8,1,0,22,21,17,,22,,7.666666667,,31,21.5
,39,530 (750),10,,,,,,,,10,10,10,1,0,36,27,35,,7.666666667,,18,,17,32.5
,39,537,20,,,,,,,,20,20,20,1,0,26,7,26,,15,,5,,22.5,14
,39,544,23,,,,,,,,23,23,23,1,0,40.5,15,42.5,,13.75,,20,,24,22.5
,39,545,21,,,,,,,,21,21,21,1,0,32,36.5,18,,33.16666667,,26,,26.5,24.33333333
,39,546,28,,,,,,,,28,28,28,1,0,20.2,27,41.66666667,,26.4,,9.666666667,,18,28
,39,547,43,,,,,,,,43,43,43,1,0,21,13.5,22,,26,,6,,19,30
,39,552,36,,,,,,,,36,36,36,1,0,20,7,33,,18,,11,,28.16666667,35
,39,553,43,,,,,,,,43,43,43,1,0,28,29.5,11,,10.66666667,,4,,10,30
,39,554,34,,,,,,,,34,34,34,1,0,17,13.5,33,,8.166666667,,6,,26.5,29
,39,555,,,,,,,,,,,,0,,29,31.2,19,,14,,30.5,,31.5,8.333333333
,39,561 (pvp),25,,,,,,,,25,25,25,1,0,,,12,,13.5,,,,,
,39,571,,,,,,,,,,,,0,,,41.2,30,,19.33333333,,13,,29,24
,39,575,37,,,,,,,,37,37,37,1,0,39.5,15.25,12,,2,,4,,14,12
,39,577 (pvp),,,,,,,,,,,,0,,,36,,,,,,,,21
02/Apr/25,40,301,16,,,,,,,,16,16,16,1,0,,38,9.5,,,29,,28,,
,40,308,26,32,32,,,,,,26,32,30,3,6,20,41,35.75,34,,28.33333333,,8,,35
,40,316,33,44,,,,,,,33,44,38.5,2,11,38.66666667,24,30,20,,24.33333333,,9,,6.5
,40,326,19,14,24,,,,,,14,24,19,3,10,,37,26,35.5,,28,,4,,19
,40,335,4,16,,,,,,,4,16,10,2,12,31,31.5,14,29.5,,18,,30.5,,23.5
,40,372 (750),,,,,,,,,,,,0,,,32.5,14,7.5,,11,,,,
,40,379,27,23,23,,,,,,23,27,24.33333333,3,4,35,23.5,32,16,,14,,22.5,,31
,40,380,34,28,,,,,,,28,34,31,2,6,26,44,35,17,,9.5,,5.5,,36
,40,381 (500),,,,,,,,,,,,0,,,40,34.5,39,,29,,30.5,,
,40,382,26,,,,,,,,26,26,26,1,0,32,27.66666667,23,20,,21,,4,,18.5
,40,383,28,28,30,26,,,,,26,30,28,4,4,31,36,19,18.5,,12,,10.5,,24
,40,384,37,28,39,,,,,,28,39,34.66666667,3,11,31,22,27,8,,22,,15,,16
,40,393 (750),35,,,,,,,,35,35,35,1,0,,33,,19.5,,29,,10,,27
,40,397,22,34,,,,,,,22,34,28,2,12,35,25.5,17,16.25,,19,,12,,7.5
,40,398,40,31,28,43,,,,,28,43,35.5,4,15,17.5,32.5,32,34,,32.33333333,,20,,28.5
,40,399,37,33,31,30,,,,,30,37,32.75,4,7,32,30,29,12,,11.5,,20,,7
,40,413 (500),9,,,,,,,,9,9,9,1,0,,20,17.5,38,,27.75,,31,,32
,40,414 (750),,,,,,,,,,,,0,,,31,19,8,,22,,8,,19
,40,417,27,27,15,,,,,,15,27,23,3,12,35,29.5,38,28,,18.5,,5.666666667,,9.5
,40,418,10,,,,,,,,10,10,10,1,0,,21,18.66666667,10.5,,27.66666667,,3.5,,7
,40,419 (500),27,29,28,,,,,,27,29,28,3,2,,42,32,33,,7.5,,,,
,40,427 (500),20,,,,,,,,20,20,20,1,0,33,42,24,29.2,,8,,29,,27
,40,430,27,32,34,,,,,,27,34,31,3,7,45,25,8,40,,24.5,,20,,23.5
,40,431,30,34,,,,,,,30,34,32,2,4,36,12,5,29,,23.16666667,,27.5,,
,40,432 (750),25,,,,,,,,25,25,25,1,0,,29,27,40,,17,,,,36
,40,433,26,32,,,,,,,26,32,29,2,6,12,36,19.5,28,,9,,3,,15.8
,40,434,15,13,23,10,,,,,10,23,15.25,4,13,39,17,18,21.5,,22,,15,,27.5
,40,435,30,,,,,,,,30,30,30,1,0,19.5,41.5,32,10,,14.66666667,,9,,33.5
,40,436,32,,,,,,,,32,32,32,1,0,31.66666667,25.5,12.66666667,26.33333333,,22,,16.33333333,,9
,40,437,11,21,12,,,,,,11,21,14.66666667,3,10,25,28,33.33333333,20.33333333,,15,,15,,38.25
,40,451,36,28,25,,,,,,25,36,29.66666667,3,11,,40,17.5,23,,5.333333333,,8,,9.5
,40,452,13,,,,,,,,13,13,13,1,0,24,16,6,26,,2,,34.66666667,,10
,40,453,27,,,,,,,,27,27,27,1,0,,43,26.66666667,38,,24,,6,,21
,40,454,21,,,,,,,,21,21,21,1,0,40.66666667,27,36.2,8.4,,16,,23,,22.66666667
,40,455,9,,,,,,,,9,9,9,1,0,,20.5,15.66666667,11,,22.5,,23.5,,14
,40,456,9,15,14,,,,,,9,15,12.66666667,3,6,,38.6,7.333333333,28.5,,29,,6.5,,13.5
,40,468 (500),22,,,,,,,,22,22,22,1,0,23,30.5,,39,,29.33333333,,4,,35
,40,469,25,28,32,,,,,,25,32,28.33333333,3,7,39.5,36.5,7,32.33333333,,4,,16,,11
,40,475,7,10,2,,,,,,2,10,6.333333333,3,8,27,41,20.5,36.33333333,,32,,10.5,,7
,40,476,37,33,42,,,,,,33,42,37.33333333,3,9,35.5,19,20.75,28,,28,,26.25,,23
,40,483,10,,,,,,,,10,10,10,1,0,30.66666667,12,13.66666667,41,,6,,22,,32
,40,497,15,10,17,17,10,,,,10,17,13.8,5,7,,32,9.5,28,,23.66666667,,26.5,,11.33333333
,40,498,39,40,34,37,31,,,,31,40,36.2,5,9,25,33,8,28.5,,24,,7,,10.5
,40,499,36,30,,,,,,,30,36,33,2,6,25.5,26.5,8,37.66666667,,8.666666667,,16,,34
,40,500,26,27,19,,,,,,19,27,24,3,8,36,35,17.4,15.5,,23,,14,,14.5
,40,501,24,,,,,,,,24,24,24,1,0,8,22,21,17,,22,,7.666666667,,31
,40,530 (750),,,,,,,,,,,,0,,10,36,27,35,,7.666666667,,18,,17
,40,537,14,25,21,,,,,,14,25,20,3,11,20,26,7,26,,15,,5,,22.5
,40,544,18,9,,,,,,,9,18,13.5,2,9,23,40.5,15,42.5,,13.75,,20,,24
,40,545,27,,,,,,,,27,27,27,1,0,21,32,36.5,18,,33.16666667,,26,,26.5
,40,546,9,18,20,,,,,,9,20,15.66666667,3,11,28,20.2,27,41.66666667,,26.4,,9.666666667,,18
,40,547,13,8,,,,,,,8,13,10.5,2,5,43,21,13.5,22,,26,,6,,19
,40,552,23,30,25,27,,,,,23,30,26.25,4,7,36,20,7,33,,18,,11,,28.16666667
,40,553,16,,,,,,,,16,16,16,1,0,43,28,29.5,11,,10.66666667,,4,,10
,40,554,22,20,,,,,,,20,22,21,2,2,34,17,13.5,33,,8.166666667,,6,,26.5
,40,555,7,13,14,,,,,,7,14,11.33333333,3,7,,29,31.2,19,,14,,30.5,,31.5
,40,561 (pvp),,,,,,,,,,,,0,,25,,,12,,13.5,,,,
,40,571,15,29,,,,,,,15,29,22,2,14,,,41.2,30,,19.33333333,,13,,29
,40,575,28,,,,,,,,28,28,28,1,0,37,39.5,15.25,12,,2,,4,,14
,40,577 (pvp),16,9,,,,,,,9,16,12.5,2,7,,,36,,,,,,,
09/Apr/25,41,301,15,,,,,,,,15,15,15,1,0,16,,38,9.5,,,29,,28,
,41,308,31,,,,,,,,31,31,31,1,0,30,20,41,35.75,34,,28.33333333,,8,
,41,316,18,,,,,,,,18,18,18,1,0,38.5,38.66666667,24,30,20,,24.33333333,,9,
,41,326,7,,,,,,,,7,7,7,1,0,19,,37,26,35.5,,28,,4,
,41,335,32,31,33,32,36,,,,31,36,32.8,5,5,10,31,31.5,14,29.5,,18,,30.5,
,41,372 (750),13,,,,,,,,13,13,13,1,0,,,32.5,14,7.5,,11,,,
,41,379,23,,,,,,,,23,23,23,1,0,24.33333333,35,23.5,32,16,,14,,22.5,
,41,380,20,21,25,,,,,,20,25,22,3,5,31,26,44,35,17,,9.5,,5.5,
,41,381 (500),24,26,33,,,,,,24,33,27.66666667,3,9,,,40,34.5,39,,29,,30.5,
,41,382,32,,,,,,,,32,32,32,1,0,26,32,27.66666667,23,20,,21,,4,
,41,383,35,30,30,,,,,,30,35,31.66666667,3,5,28,31,36,19,18.5,,12,,10.5,
,41,384,6,14,11,,,,,,6,14,10.33333333,3,8,34.66666667,31,22,27,8,,22,,15,
,41,393 (750),32,,,,,,,,32,32,32,1,0,35,,33,,19.5,,29,,10,
,41,397,17,,,,,,,,17,17,17,1,0,28,35,25.5,17,16.25,,19,,12,
,41,398,21,20,16,20,,,,,16,21,19.25,4,5,35.5,17.5,32.5,32,34,,32.33333333,,20,
,41,399,25,30,,,,,,,25,30,27.5,2,5,32.75,32,30,29,12,,11.5,,20,
,41,413 (500),38,39,,,,,,,38,39,38.5,2,1,9,,20,17.5,38,,27.75,,31,
,41,414 (750),39,24,,,,,,,24,39,31.5,2,15,,,31,19,8,,22,,8,
,41,417,24,21,,,,,,,21,24,22.5,2,3,23,35,29.5,38,28,,18.5,,5.666666667,
,41,418,,,,,,,,,,,,0,,10,,21,18.66666667,10.5,,27.66666667,,3.5,
,41,419 (500),36,38,,,,,,,36,38,37,2,2,28,,42,32,33,,7.5,,,
,41,427 (500),17,,,,,,,,17,17,17,1,0,20,33,42,24,29.2,,8,,29,
,41,430,8,6,,,,,,,6,8,7,2,2,31,45,25,8,40,,24.5,,20,
,41,431,18,14,7,11,,,,,7,18,12.5,4,11,32,36,12,5,29,,23.16666667,,27.5,
,41,432 (750),20,10,,,,,,,10,20,15,2,10,25,,29,27,40,,17,,,
,41,433,38,26,,,,,,,26,38,32,2,12,29,12,36,19.5,28,,9,,3,
,41,434,35,36,,,,,,,35,36,35.5,2,1,15.25,39,17,18,21.5,,22,,15,
,41,435,24,29,29,,,,,,24,29,27.33333333,3,5,30,19.5,41.5,32,10,,14.66666667,,9,
,41,436,34,29,27,23,23,,,,23,34,27.2,5,11,32,31.66666667,25.5,12.66666667,26.33333333,,22,,16.33333333,
,41,437,34,36,,,,,,,34,36,35,2,2,14.66666667,25,28,33.33333333,20.33333333,,15,,15,
,41,451,25,,,,,,,,25,25,25,1,0,29.66666667,,40,17.5,23,,5.333333333,,8,
,41,452,19,,,,,,,,19,19,19,1,0,13,24,16,6,26,,2,,34.66666667,
,41,453,31,36,43,,,,,,31,43,36.66666667,3,12,27,,43,26.66666667,38,,24,,6,
,41,454,11,12,,,,,,,11,12,11.5,2,1,21,40.66666667,27,36.2,8.4,,16,,23,
,41,455,28,31,27,30,31,,,,27,31,29.4,5,4,9,,20.5,15.66666667,11,,22.5,,23.5,
,41,456,36,33,,,,,,,33,36,34.5,2,3,12.66666667,,38.6,7.333333333,28.5,,29,,6.5,
,41,468 (500),0,,,,,,,,0,0,0,0,0,22,23,30.5,,39,,29.33333333,,4,
,41,469,2,,,,,,,,2,2,2,1,0,28.33333333,39.5,36.5,7,32.33333333,,4,,16,
,41,475,19,11,,,,,,,11,19,15,2,8,6.333333333,27,41,20.5,36.33333333,,32,,10.5,
,41,476,13,,,,,,,,13,13,13,1,0,37.33333333,35.5,19,20.75,28,,28,,26.25,
,41,483,10,18,,,,,,,10,18,14,2,8,10,30.66666667,12,13.66666667,41,,6,,22,
,41,497,16,17,18,16,,,,,16,18,16.75,4,2,13.8,,32,9.5,28,,23.66666667,,26.5,
,41,498,19,24,,,,,,,19,24,21.5,2,5,36.2,25,33,8,28.5,,24,,7,
,41,499,32,38,,,,,,,32,38,35,2,6,33,25.5,26.5,8,37.66666667,,8.666666667,,16,
,41,500,17,9,,,,,,,9,17,13,2,8,24,36,35,17.4,15.5,,23,,14,
,41,501,18,20,,,,,,,18,20,19,2,2,24,8,22,21,17,,22,,7.666666667,
,41,530 (750),7,,,,,,,,7,7,7,1,0,,10,36,27,35,,7.666666667,,18,
,41,537,6,6,,,,,,,6,6,6,2,0,20,20,26,7,26,,15,,5,
,41,544,16,13,,,,,,,13,16,14.5,2,3,13.5,23,40.5,15,42.5,,13.75,,20,
,41,545,14,,,,,,,,14,14,14,1,0,27,21,32,36.5,18,,33.16666667,,26,
,41,546,15,2,3,10,10,,,,2,15,8,5,13,15.66666667,28,20.2,27,41.66666667,,26.4,,9.666666667,
,41,547,30,30,18,,,,,,18,30,26,3,12,10.5,43,21,13.5,22,,26,,6,
,41,552,33,27,,,,,,,27,33,30,2,6,26.25,36,20,7,33,,18,,11,
,41,553,26,36,27,35,27,37,,,26,37,31.33333333,6,11,16,43,28,29.5,11,,10.66666667,,4,
,41,554,8,6,,,,,,,6,8,7,2,2,21,34,17,13.5,33,,8.166666667,,6,
,41,555,10,7,14,16,,,,,7,16,11.75,4,9,11.33333333,,29,31.2,19,,14,,30.5,
,41,561 (pvp),,,,,,,,,,,,0,,,25,,,12,,13.5,,,
,41,571,19,,,,,,,,19,19,19,1,0,22,,,41.2,30,,19.33333333,,13,
,41,575,28,24,,,,,,,24,28,26,2,4,28,37,39.5,15.25,12,,2,,4,
,41,577 (pvp),,,,,,,,,,,,0,,12.5,,,36,,,,,,
16/Apr/25,42,301,32,,,,,,,,32,32,32,1,0,15,16,,38,9.5,,,29,,28
,42,308,30,30,20,,,,,,20,30,26.66666667,3,10,31,30,20,41,35.75,34,,28.33333333,,8
,42,316,18,23,,,,,,,18,23,20.5,2,5,18,38.5,38.66666667,24,30,20,,24.33333333,,9
,42,326,21,9,,,,,,,9,21,15,2,12,7,19,,37,26,35.5,,28,,4
,42,335,36,40,38,,,,,,36,40,38,3,4,32.8,10,31,31.5,14,29.5,,18,,30.5
,42,372 (750),26,24,,,,,,,24,26,25,2,2,13,,,32.5,14,7.5,,11,,
,42,379,38,34,25,27,,,,,25,38,31,4,13,23,24.33333333,35,23.5,32,16,,14,,22.5
,42,380,39,39,38,33,44,39,,,33,44,38.66666667,6,11,22,31,26,44,35,17,,9.5,,5.5
,42,381 (500),32,37,33,,,,,,32,37,34,3,5,27.66666667,,,40,34.5,39,,29,,30.5
,42,382,42,38,39,40,,,,,38,42,39.75,4,4,32,26,32,27.66666667,23,20,,21,,4
,42,383,34,,,,,,,,34,34,34,1,0,31.66666667,28,31,36,19,18.5,,12,,10.5
,42,384,31,29,,,,,,,29,31,30,2,2,10.33333333,34.66666667,31,22,27,8,,22,,15
,42,393 (750),41,,,,,,,,41,41,41,1,0,32,35,,33,,19.5,,29,,10
,42,397,20,33,,,,,,,20,33,26.5,2,13,17,28,35,25.5,17,16.25,,19,,12
,42,398,19,30,,,,,,,19,30,24.5,2,11,19.25,35.5,17.5,32.5,32,34,,32.33333333,,20
,42,399,40,,,,,,,,40,40,40,1,0,27.5,32.75,32,30,29,12,,11.5,,20
,42,413 (500),38,39,41,,,,,,38,41,39.33333333,3,3,38.5,9,,20,17.5,38,,27.75,,31
,42,414 (750),25,30,,,,,,,25,30,27.5,2,5,31.5,,,31,19,8,,22,,8
,42,417,34,,,,,,,,34,34,34,1,0,22.5,23,35,29.5,38,28,,18.5,,5.666666667
,42,418,30,36,23,26,,,,,23,36,28.75,4,13,,10,,21,18.66666667,10.5,,27.66666667,,3.5
,42,419 (500),24,,,,,,,,24,24,24,1,0,37,28,,42,32,33,,7.5,,
,42,427 (500),11,16,,,,,,,11,16,13.5,2,5,17,20,33,42,24,29.2,,8,,29
,42,430,32,24,24,,,,,,24,32,26.66666667,3,8,7,31,45,25,8,40,,24.5,,20
,42,431,29,27,28,24,,,,,24,29,27,4,5,12.5,32,36,12,5,29,,23.16666667,,27.5
,42,432 (750),24,,,,,,,,24,24,24,1,0,15,25,,29,27,40,,17,,
,42,433,7,,,,,,,,7,7,7,1,0,32,29,12,36,19.5,28,,9,,3
,42,434,24,35,32,,,,,,24,35,30.33333333,3,11,35.5,15.25,39,17,18,21.5,,22,,15
,42,435,36,37,33,,,,,,33,37,35.33333333,3,4,27.33333333,30,19.5,41.5,32,10,,14.66666667,,9
,42,436,12,15,,,,,,,12,15,13.5,2,3,27.2,32,31.66666667,25.5,12.66666667,26.33333333,,22,,16.33333333
,42,437,27,17,,,,,,,17,27,22,2,10,35,14.66666667,25,28,33.33333333,20.33333333,,15,,15
,42,451,18,16,,,,,,,16,18,17,2,2,25,29.66666667,,40,17.5,23,,5.333333333,,8
,42,452,33,26,,,,,,,26,33,29.5,2,7,19,13,24,16,6,26,,2,,34.66666667
,42,453,16,18,18,,,,,,16,18,17.33333333,3,2,36.66666667,27,,43,26.66666667,38,,24,,6
,42,454,41,34,,,,,,,34,41,37.5,2,7,11.5,21,40.66666667,27,36.2,8.4,,16,,23
,42,455,25,28,23,,,,,,23,28,25.33333333,3,5,29.4,9,,20.5,15.66666667,11,,22.5,,23.5
,42,456,8,10,9,5,,,,,5,10,8,4,5,34.5,12.66666667,,38.6,7.333333333,28.5,,29,,6.5
,42,468 (500),32,26,,,,,,,26,32,29,2,6,0,22,23,30.5,,39,,29.33333333,,4
,42,469,28,15,30,,,,,,15,30,24.33333333,3,15,2,28.33333333,39.5,36.5,7,32.33333333,,4,,16
,42,475,44,48,,,,,,,44,48,46,2,4,15,6.333333333,27,41,20.5,36.33333333,,32,,10.5
,42,476,35,43,32,30,34,43,32,42,30,43,36.375,8,13,13,37.33333333,35.5,19,20.75,28,,28,,26.25
,42,483,23,27,33,,,,,,23,33,27.66666667,3,10,14,10,30.66666667,12,13.66666667,41,,6,,22
,42,497,14,,,,,,,,14,14,14,1,0,16.75,13.8,,32,9.5,28,,23.66666667,,26.5
,42,498,35,28,,,,,,,28,35,31.5,2,7,21.5,36.2,25,33,8,28.5,,24,,7
,42,499,6,20,22,,,,,,6,22,16,3,16,35,33,25.5,26.5,8,37.66666667,,8.666666667,,16
,42,500,21,10,21,,,,,,10,21,17.33333333,3,11,13,24,36,35,17.4,15.5,,23,,14
,42,501,21,29,31,32,22,23,,,21,32,26.33333333,6,11,19,24,8,22,21,17,,22,,7.666666667
,42,530 (750),7,17,,,,,,,7,17,12,2,10,7,,10,36,27,35,,7.666666667,,18
,42,537,24,25,,,,,,,24,25,24.5,2,1,6,20,20,26,7,26,,15,,5
,42,544,13,26,15,,,,,,13,26,18,3,13,14.5,13.5,23,40.5,15,42.5,,13.75,,20
,42,545,22,,,,,,,,22,22,22,1,0,14,27,21,32,36.5,18,,33.16666667,,26
,42,546,15,14,24,,,,,,14,24,17.66666667,3,10,8,15.66666667,28,20.2,27,41.66666667,,26.4,,9.666666667
,42,547,7,21,,,,,,,7,21,14,2,14,26,10.5,43,21,13.5,22,,26,,6
,42,552,29,36,25,28,,,,,25,36,29.5,4,11,30,26.25,36,20,7,33,,18,,11
,42,553,31,28,33,28,26,,,,26,33,29.2,5,7,31.33333333,16,43,28,29.5,11,,10.66666667,,4
,42,554,28,20,25,34,34,,,,20,34,28.2,5,14,7,21,34,17,13.5,33,,8.166666667,,6
,42,555,4,19,,,,,,,4,19,11.5,2,15,11.75,11.33333333,,29,31.2,19,,14,,30.5
,42,561 (pvp),,,,,,,,,,,,0,,,,25,,,12,,13.5,,
,42,571,40,33,43,,,,,,33,43,38.66666667,3,10,19,22,,,41.2,30,,19.33333333,,13
,42,575,31,35,,,,,,,31,35,33,2,4,26,28,37,39.5,15.25,12,,2,,4
,42,577 (pvp),16,21,,,,,,,16,21,18.5,2,5,,12.5,,,36,,,,,
23/Apr/25,43,301,20,25,,,,,,,20,25,22.5,2,5,32,15,16,,38,9.5,,,29,
,43,308,25,,,,,,,,25,25,25,1,0,26.66666667,31,30,20,41,35.75,34,,28.33333333,
,43,316,19,21,11,,,,,,11,21,17,3,10,20.5,18,38.5,38.66666667,24,30,20,,24.33333333,
,43,326,16,,,,,,,,16,16,16,1,0,15,7,19,,37,26,35.5,,28,
,43,335,14,,,,,,,,14,14,14,1,0,38,32.8,10,31,31.5,14,29.5,,18,
,43,372 (750),12,,,,,,,,12,12,12,1,0,25,13,,,32.5,14,7.5,,11,
,43,379,13,,,,,,,,13,13,13,1,0,31,23,24.33333333,35,23.5,32,16,,14,
,43,380,32,,,,,,,,32,32,32,1,0,38.66666667,22,31,26,44,35,17,,9.5,
,43,381 (500),34,,,,,,,,34,34,34,1,0,34,27.66666667,,,40,34.5,39,,29,
,43,382,16,15,9,11,,,,,9,16,12.75,4,7,39.75,32,26,32,27.66666667,23,20,,21,
,43,383,11,18,,,,,,,11,18,14.5,2,7,34,31.66666667,28,31,36,19,18.5,,12,
,43,384,35,32,38,37,34,,,,32,38,35.2,5,6,30,10.33333333,34.66666667,31,22,27,8,,22,
,43,393 (750),17,,,,,,,,17,17,17,1,0,41,32,35,,33,,19.5,,29,
,43,397,35,36,,,,,,,35,36,35.5,2,1,26.5,17,28,35,25.5,17,16.25,,19,
,43,398,8,19,21,28,21,,,,8,28,19.4,5,20,24.5,19.25,35.5,17.5,32.5,32,34,,32.33333333,
,43,399,12,,,,,,,,12,12,12,1,0,40,27.5,32.75,32,30,29,12,,11.5,
,43,413 (500),14,,,,,,,,14,14,14,1,0,39.33333333,38.5,9,,20,17.5,38,,27.75,
,43,414 (750),40,40,13,37,,,,,13,40,32.5,4,27,27.5,31.5,,,31,19,8,,22,
,43,417,16,,,,,,,,16,16,16,1,0,34,22.5,23,35,29.5,38,28,,18.5,
,43,418,27,27,22,,,,,,22,27,25.33333333,3,5,28.75,,10,,21,18.66666667,10.5,,27.66666667,
,43,419 (500),31,29,,,,,,,29,31,30,2,2,24,37,28,,42,32,33,,7.5,
,43,427 (500),30,26,,,,,,,26,30,28,2,4,13.5,17,20,33,42,24,29.2,,8,
,43,430,18,,,,,,,,18,18,18,1,0,26.66666667,7,31,45,25,8,40,,24.5,
,43,431,39,32,,,,,,,32,39,35.5,2,7,27,12.5,32,36,12,5,29,,23.16666667,
,43,432 (750),,,,,,,,,,,,0,,24,15,25,,29,27,40,,17,
,43,433,19,,,,,,,,19,19,19,1,0,7,32,29,12,36,19.5,28,,9,
,43,434,31,,,,,,,,31,31,31,1,0,30.33333333,35.5,15.25,39,17,18,21.5,,22,
,43,435,19,,,,,,,,19,19,19,1,0,35.33333333,27.33333333,30,19.5,41.5,32,10,,14.66666667,
,43,436,20,20,17,,,,,,17,20,19,3,3,13.5,27.2,32,31.66666667,25.5,12.66666667,26.33333333,,22,
,43,437,7,12,7,,,,,,7,12,8.666666667,3,5,22,35,14.66666667,25,28,33.33333333,20.33333333,,15,
,43,451,22,34,20,22,30,21,22,,20,34,24.42857143,7,14,17,25,29.66666667,,40,17.5,23,,5.333333333,
,43,452,20,28,,,,,,,20,28,24,2,8,29.5,19,13,24,16,6,26,,2,
,43,453,26,17,,,,,,,17,26,21.5,2,9,17.33333333,36.66666667,27,,43,26.66666667,38,,24,
,43,454,37,,,,,,,,37,37,37,1,0,37.5,11.5,21,40.66666667,27,36.2,8.4,,16,
,43,455,20,25,28,27,28,,,,20,28,25.6,5,8,25.33333333,29.4,9,,20.5,15.66666667,11,,22.5,
,43,456,26,27,12,,,,,,12,27,21.66666667,3,15,8,34.5,12.66666667,,38.6,7.333333333,28.5,,29,
,43,468 (500),10,8,5,,,,,,5,10,7.666666667,3,5,29,0,22,23,30.5,,39,,29.33333333,
,43,469,20,,,,,,,,20,20,20,1,0,24.33333333,2,28.33333333,39.5,36.5,7,32.33333333,,4,
,43,475,41,43,,,,,,,41,43,42,2,2,46,15,6.333333333,27,41,20.5,36.33333333,,32,
,43,476,15,,,,,,,,15,15,15,1,0,36.375,13,37.33333333,35.5,19,20.75,28,,28,
,43,483,25,33,,,,,,,25,33,29,2,8,27.66666667,14,10,30.66666667,12,13.66666667,41,,6,
,43,497,11,4,5,,,,,,4,11,6.666666667,3,7,14,16.75,13.8,,32,9.5,28,,23.66666667,
,43,498,12,,,,,,,,12,12,12,1,0,31.5,21.5,36.2,25,33,8,28.5,,24,
,43,499,41,39,35,,,,,,35,41,38.33333333,3,6,16,35,33,25.5,26.5,8,37.66666667,,8.666666667,
,43,500,44,34,36,38,35,,,,34,44,37.4,5,10,17.33333333,13,24,36,35,17.4,15.5,,23,
,43,501,16,26,,,,,,,16,26,21,2,10,26.33333333,19,24,8,22,21,17,,22,
,43,530 (750),7,,,,,,,,7,7,7,1,0,12,7,,10,36,27,35,,7.666666667,
,43,537,23,15,11,20,,,,,11,23,17.25,4,12,24.5,6,20,20,26,7,26,,15,
,43,544,35,43,34,35,,,,,34,43,36.75,4,9,18,14.5,13.5,23,40.5,15,42.5,,13.75,
,43,545,23,,,,,,,,23,23,23,1,0,22,14,27,21,32,36.5,18,,33.16666667,
,43,546,7,,,,,,,,7,7,7,1,0,17.66666667,8,15.66666667,28,20.2,27,41.66666667,,26.4,
,43,547,3,12,4,12,7,,,,3,12,7.6,5,9,14,26,10.5,43,21,13.5,22,,26,
,43,552,16,23,,,,,,,16,23,19.5,2,7,29.5,30,26.25,36,20,7,33,,18,
,43,553,20,20,10,,,,,,10,20,16.66666667,3,10,29.2,31.33333333,16,43,28,29.5,11,,10.66666667,
,43,554,29,,,,,,,,29,29,29,1,0,28.2,7,21,34,17,13.5,33,,8.166666667,
,43,555,19,32,,,,,,,19,32,25.5,2,13,11.5,11.75,11.33333333,,29,31.2,19,,14,
,43,561 (pvp),38,,,,,,,,38,38,38,1,0,,,,25,,,12,,13.5,
,43,571,10,19,12,,,,,,10,19,13.66666667,3,9,38.66666667,19,22,,,41.2,30,,19.33333333,
,43,575,29,31,31,,,,,,29,31,30.33333333,3,2,33,26,28,37,39.5,15.25,12,,2,
,43,577 (pvp),,,,,,,,,,,,0,,18.5,,12.5,,,36,,,,
30/Apr/25,44,301,29,21,24,,,,,,21,29,24.66666667,3,8,22.5,32,15,16,,38,9.5,,,29
,44,308,28,,,,,,,,28,28,28,1,0,25,26.66666667,31,30,20,41,35.75,34,,28.33333333
,44,316,37,30,26,,,,,,26,37,31,3,11,17,20.5,18,38.5,38.66666667,24,30,20,,24.33333333
,44,326,17,4,7,,,,,,4,17,9.333333333,3,13,16,15,7,19,,37,26,35.5,,28
,44,335,29,31,40,,,,,,29,40,33.33333333,3,11,14,38,32.8,10,31,31.5,14,29.5,,18
,44,372 (750),28,39,42,,,,,,28,42,36.33333333,3,14,12,25,13,,,32.5,14,7.5,,11
,44,379,10,,,,,,,,10,10,10,1,0,13,31,23,24.33333333,35,23.5,32,16,,14
,44,380,12,14,,,,,,,12,14,13,2,2,32,38.66666667,22,31,26,44,35,17,,9.5
,44,381 (500),29,28,32,,,,,,28,32,29.66666667,3,4,34,34,27.66666667,,,40,34.5,39,,29
,44,382,8,,,,,,,,8,8,8,1,0,12.75,39.75,32,26,32,27.66666667,23,20,,21
,44,383,11,2,5,,,,,,2,11,6,3,9,14.5,34,31.66666667,28,31,36,19,18.5,,12
,44,384,29,32,,,,,,,29,32,30.5,2,3,35.2,30,10.33333333,34.66666667,31,22,27,8,,22
,44,393 (750),21,,,,,,,,21,21,21,1,0,17,41,32,35,,33,,19.5,,29
,44,397,30,32,,,,,,,30,32,31,2,2,35.5,26.5,17,28,35,25.5,17,16.25,,19
,44,398,25,26,23,,,,,,23,26,24.66666667,3,3,19.4,24.5,19.25,35.5,17.5,32.5,32,34,,32.33333333
,44,399,26,18,,,,,,,18,26,22,2,8,12,40,27.5,32.75,32,30,29,12,,11.5
,44,413 (500),27,31,32,,,,,,27,32,30,3,5,14,39.33333333,38.5,9,,20,17.5,38,,27.75
,44,414 (750),33,32,29,,,,,,29,33,31.33333333,3,4,32.5,27.5,31.5,,,31,19,8,,22
,44,417,11,,,,,,,,11,11,11,1,0,16,34,22.5,23,35,29.5,38,28,,18.5
,44,418,15,,,,,,,,15,15,15,1,0,25.33333333,28.75,,10,,21,18.66666667,10.5,,27.66666667
,44,419 (500),27,,,,,,,,27,27,27,1,0,30,24,37,28,,42,32,33,,7.5
,44,427 (500),23,,,,,,,,23,23,23,1,0,28,13.5,17,20,33,42,24,29.2,,8
,44,430,26,29,,,,,,,26,29,27.5,2,3,18,26.66666667,7,31,45,25,8,40,,24.5
,44,431,4,11,,,,,,,4,11,7.5,2,7,35.5,27,12.5,32,36,12,5,29,,23.16666667
,44,432 (750),34,37,28,,,,,,28,37,33,3,9,,24,15,25,,29,27,40,,17
,44,433,9,8,3,17,7,3,,,3,17,7.833333333,6,14,19,7,32,29,12,36,19.5,28,,9
,44,434,18,,,,,,,,18,18,18,1,0,31,30.33333333,35.5,15.25,39,17,18,21.5,,22
,44,435,9,19,,,,,,,9,19,14,2,10,19,35.33333333,27.33333333,30,19.5,41.5,32,10,,14.66666667
,44,436,32,31,,,,,,,31,32,31.5,2,1,19,13.5,27.2,32,31.66666667,25.5,12.66666667,26.33333333,,22
,44,437,28,28,,,,,,,28,28,28,2,0,8.666666667,22,35,14.66666667,25,28,33.33333333,20.33333333,,15
,44,451,24,29,31,,,,,,24,31,28,3,7,24.42857143,17,25,29.66666667,,40,17.5,23,,5.333333333
,44,452,11,18,8,,,,,,8,18,12.33333333,3,10,24,29.5,19,13,24,16,6,26,,2
,44,453,6,,,,,,,,6,6,6,1,0,21.5,17.33333333,36.66666667,27,,43,26.66666667,38,,24
,44,454,6,,,,,,,,6,6,6,1,0,37,37.5,11.5,21,40.66666667,27,36.2,8.4,,16
,44,455,33,28,,,,,,,28,33,30.5,2,5,25.6,25.33333333,29.4,9,,20.5,15.66666667,11,,22.5
,44,456,26,32,,,,,,,26,32,29,2,6,21.66666667,8,34.5,12.66666667,,38.6,7.333333333,28.5,,29
,44,468 (500),28,,,,,,,,28,28,28,1,0,7.666666667,29,0,22,23,30.5,,39,,29.33333333
,44,469,32,32,,,,,,,32,32,32,2,0,20,24.33333333,2,28.33333333,39.5,36.5,7,32.33333333,,4
,44,475,20,33,19,20,,,,,19,33,23,4,14,42,46,15,6.333333333,27,41,20.5,36.33333333,,32
,44,476,21,20,,,,,,,20,21,20.5,2,1,15,36.375,13,37.33333333,35.5,19,20.75,28,,28
,44,483,33,36,,,,,,,33,36,34.5,2,3,29,27.66666667,14,10,30.66666667,12,13.66666667,41,,6
,44,497,13,9,,,,,,,9,13,11,2,4,6.666666667,14,16.75,13.8,,32,9.5,28,,23.66666667
,44,498,25,25,27,,,,,,25,27,25.66666667,3,2,12,31.5,21.5,36.2,25,33,8,28.5,,24
,44,499,43,41,,,,,,,41,43,42,2,2,38.33333333,16,35,33,25.5,26.5,8,37.66666667,,8.666666667
,44,500,12,1,,,,,,,1,12,6.5,2,11,37.4,17.33333333,13,24,36,35,17.4,15.5,,23
,44,501,42,39,,,,,,,39,42,40.5,2,3,21,26.33333333,19,24,8,22,21,17,,22
,44,530 (750),10,12,,,,,,,10,12,11,2,2,7,12,7,,10,36,27,35,,7.666666667
,44,537,18,,,,,,,,18,18,18,1,0,17.25,24.5,6,20,20,26,7,26,,15
,44,544,19,,,,,,,,19,19,19,1,0,36.75,18,14.5,13.5,23,40.5,15,42.5,,13.75
,44,545,14,9,,,,,,,9,14,11.5,2,5,23,22,14,27,21,32,36.5,18,,33.16666667
,44,546,8,8,10,0,,,,,0,10,6.5,3,10,7,17.66666667,8,15.66666667,28,20.2,27,41.66666667,,26.4
,44,547,15,24,,,,,,,15,24,19.5,2,9,7.6,14,26,10.5,43,21,13.5,22,,26
,44,552,14,7,13,,,,,,7,14,11.33333333,3,7,19.5,29.5,30,26.25,36,20,7,33,,18
,44,553,39,30,,,,,,,30,39,34.5,2,9,16.66666667,29.2,31.33333333,16,43,28,29.5,11,,10.66666667
,44,554,26,30,22,,,,,,22,30,26,3,8,29,28.2,7,21,34,17,13.5,33,,8.166666667
,44,555,24,,,,,,,,24,24,24,1,0,25.5,11.5,11.75,11.33333333,,29,31.2,19,,14
,44,561 (pvp),,,,,,,,,,,,0,,38,,,,25,,,12,,13.5
,44,571,42,,,,,,,,42,42,42,1,0,13.66666667,38.66666667,19,22,,,41.2,30,,19.33333333
,44,575,6,,,,,,,,6,6,6,1,0,30.33333333,33,26,28,37,39.5,15.25,12,,2
,44,577 (pvp),15,,,,,,,,15,15,15,1,0,,18.5,,12.5,,,36,,,
07/May/25,45,301,22,,,,,,,,22,22,22,1,0,24.66666667,22.5,32,15,16,,38,9.5,,
,45,308,32,39,40,34,,,,,32,40,36.25,4,8,28,25,26.66666667,31,30,20,41,35.75,34,
,45,316,6,12,,,,,,,6,12,9,2,6,31,17,20.5,18,38.5,38.66666667,24,30,20,
,45,326,21,14,,,,,,,14,21,17.5,2,7,9.333333333,16,15,7,19,,37,26,35.5,
,45,335,31,44,35,30,,,,,30,44,35,4,14,33.33333333,14,38,32.8,10,31,31.5,14,29.5,
,45,372 (750),7,,,,,,,,7,7,7,1,0,36.33333333,12,25,13,,,32.5,14,7.5,
,45,379,22,13,,,,,,,13,22,17.5,2,9,10,13,31,23,24.33333333,35,23.5,32,16,
,45,380,15,,,,,,,,15,15,15,1,0,13,32,38.66666667,22,31,26,44,35,17,
,45,381 (500),36,,,,,,,,36,36,36,1,0,29.66666667,34,34,27.66666667,,,40,34.5,39,
,45,382,23,27,29,21,,,,,21,29,25,4,8,8,12.75,39.75,32,26,32,27.66666667,23,20,
,45,383,14,23,33,,,,,,14,33,23.33333333,3,19,6,14.5,34,31.66666667,28,31,36,19,18.5,
,45,384,29,38,,,,,,,29,38,33.5,2,9,30.5,35.2,30,10.33333333,34.66666667,31,22,27,8,
,45,393 (750),13,,,,,,,,13,13,13,1,0,21,17,41,32,35,,33,,19.5,
,45,397,3,,,,,,,,3,3,3,1,0,31,35.5,26.5,17,28,35,25.5,17,16.25,
,45,398,44,42,30,,,,,,30,44,38.66666667,3,14,24.66666667,19.4,24.5,19.25,35.5,17.5,32.5,32,34,
,45,399,16,,,,,,,,16,16,16,1,0,22,12,40,27.5,32.75,32,30,29,12,
,45,413 (500),31,35,38,40,,,,,31,40,36,4,9,30,14,39.33333333,38.5,9,,20,17.5,38,
,45,414 (750),23,,,,,,,,23,23,23,1,0,31.33333333,32.5,27.5,31.5,,,31,19,8,
,45,417,24,31,,,,,,,24,31,27.5,2,7,11,16,34,22.5,23,35,29.5,38,28,
,45,418,8,,,,,,,,8,8,8,1,0,15,25.33333333,28.75,,10,,21,18.66666667,10.5,
,45,419 (500),28,,,,,,,,28,28,28,1,0,27,30,24,37,28,,42,32,33,
,45,427 (500),28,22,,,,,,,22,28,25,2,6,23,28,13.5,17,20,33,42,24,29.2,
,45,430,31,29,41,36,,,,,29,41,34.25,4,12,27.5,18,26.66666667,7,31,45,25,8,40,
,45,431,33,,,,,,,,33,33,33,1,0,7.5,35.5,27,12.5,32,36,12,5,29,
,45,432 (750),5,,,,,,,,5,5,5,1,0,33,,24,15,25,,29,27,40,
,45,433,37,40,,,,,,,37,40,38.5,2,3,7.833333333,19,7,32,29,12,36,19.5,28,
,45,434,5,20,18,,,,,,5,20,14.33333333,3,15,18,31,30.33333333,35.5,15.25,39,17,18,21.5,
,45,435,22,,,,,,,,22,22,22,1,0,14,19,35.33333333,27.33333333,30,19.5,41.5,32,10,
,45,436,22,28,23,19,,,,,19,28,23,4,9,31.5,19,13.5,27.2,32,31.66666667,25.5,12.66666667,26.33333333,
,45,437,15,2,,,,,,,2,15,8.5,2,13,28,8.666666667,22,35,14.66666667,25,28,33.33333333,20.33333333,
,45,451,25,29,34,,,,,,25,34,29.33333333,3,9,28,24.42857143,17,25,29.66666667,,40,17.5,23,
,45,452,35,33,,,,,,,33,35,34,2,2,12.33333333,24,29.5,19,13,24,16,6,26,
,45,453,34,15,,,,,,,15,34,24.5,2,19,6,21.5,17.33333333,36.66666667,27,,43,26.66666667,38,
,45,454,7,5,,,,,,,5,7,6,2,2,6,37,37.5,11.5,21,40.66666667,27,36.2,8.4,
,45,455,25,16,,,,,,,16,25,20.5,2,9,30.5,25.6,25.33333333,29.4,9,,20.5,15.66666667,11,
,45,456,23,,,,,,,,23,23,23,1,0,29,21.66666667,8,34.5,12.66666667,,38.6,7.333333333,28.5,
,45,468 (500),26,,,,,,,,26,26,26,1,0,28,7.666666667,29,0,22,23,30.5,,39,
,45,469,39,34,34,,,,,,34,39,35.66666667,3,5,32,20,24.33333333,2,28.33333333,39.5,36.5,7,32.33333333,
,45,475,21,26,,,,,,,21,26,23.5,2,5,23,42,46,15,6.333333333,27,41,20.5,36.33333333,
,45,476,17,16,,,,,,,16,17,16.5,2,1,20.5,15,36.375,13,37.33333333,35.5,19,20.75,28,
,45,483,21,,,,,,,,21,21,21,1,0,34.5,29,27.66666667,14,10,30.66666667,12,13.66666667,41,
,45,497,18,,,,,,,,18,18,18,1,0,11,6.666666667,14,16.75,13.8,,32,9.5,28,
,45,498,16,,,,,,,,16,16,16,1,0,25.66666667,12,31.5,21.5,36.2,25,33,8,28.5,
,45,499,21,34,,,,,,,21,34,27.5,2,13,42,38.33333333,16,35,33,25.5,26.5,8,37.66666667,
,45,500,2,,,,,,,,2,2,2,1,0,6.5,37.4,17.33333333,13,24,36,35,17.4,15.5,
,45,501,23,29,,,,,,,23,29,26,2,6,40.5,21,26.33333333,19,24,8,22,21,17,
,45,530 (750),25,,,,,,,,25,25,25,1,0,11,7,12,7,,10,36,27,35,
,45,537,12,19,,,,,,,12,19,15.5,2,7,18,17.25,24.5,6,20,20,26,7,26,
,45,544,36,42,29,,,,,,29,42,35.66666667,3,13,19,36.75,18,14.5,13.5,23,40.5,15,42.5,
,45,545,15,8,12,,,,,,8,15,11.66666667,3,7,11.5,23,22,14,27,21,32,36.5,18,
,45,546,8,11,,,,,,,8,11,9.5,2,3,6.5,7,17.66666667,8,15.66666667,28,20.2,27,41.66666667,
,45,547,6,10,,,,,,,6,10,8,2,4,19.5,7.6,14,26,10.5,43,21,13.5,22,
,45,552,31,,,,,,,,31,31,31,1,0,11.33333333,19.5,29.5,30,26.25,36,20,7,33,
,45,553,20,,,,,,,,20,20,20,1,0,34.5,16.66666667,29.2,31.33333333,16,43,28,29.5,11,
,45,554,3,5,14,,,,,,3,14,7.333333333,3,11,26,29,28.2,7,21,34,17,13.5,33,
,45,555,23,36,28,,,,,,23,36,29,3,13,24,25.5,11.5,11.75,11.33333333,,29,31.2,19,
,45,561 (pvp),,,,,,,,,,,,0,,,38,,,,25,,,12,
,45,571,31,,,,,,,,31,31,31,1,0,42,13.66666667,38.66666667,19,22,,,41.2,30,
,45,575,6,20,9,,,,,,6,20,11.66666667,3,14,6,30.33333333,33,26,28,37,39.5,15.25,12,
,45,577 (pvp),,,,,,,,,,,,0,,15,,18.5,,12.5,,,36,,
14/May/25,46,301,15,28,,,,,,,15,28,21.5,2,13,22,24.66666667,22.5,32,15,16,,38,9.5,
,46,308,19,,,,,,,,19,19,19,1,0,36.25,28,25,26.66666667,31,30,20,41,35.75,34
,46,316,37,,,,,,,,37,37,37,1,0,9,31,17,20.5,18,38.5,38.66666667,24,30,20
,46,326,11,18,10,,,,,,10,18,13,3,8,17.5,9.333333333,16,15,7,19,,37,26,35.5
,46,335,20,,,,,,,,20,20,20,1,0,35,33.33333333,14,38,32.8,10,31,31.5,14,29.5
,46,372 (750),12,26,,,,,,,12,26,19,2,14,7,36.33333333,12,25,13,,,32.5,14,7.5
,46,379,7,,,,,,,,7,7,7,1,0,17.5,10,13,31,23,24.33333333,35,23.5,32,16
,46,380,6,17,,,,,,,6,17,11.5,2,11,15,13,32,38.66666667,22,31,26,44,35,17
,46,381 (500),13,,,,,,,,13,13,13,1,0,36,29.66666667,34,34,27.66666667,,,40,34.5,39
,46,382,28,23,,,,,,,23,28,25.5,2,5,25,8,12.75,39.75,32,26,32,27.66666667,23,20
,46,383,34,29,,,,,,,29,34,31.5,2,5,23.33333333,6,14.5,34,31.66666667,28,31,36,19,18.5
,46,384,27,29,,,,,,,27,29,28,2,2,33.5,30.5,35.2,30,10.33333333,34.66666667,31,22,27,8
,46,393 (750),29,21,,,,,,,21,29,25,2,8,13,21,17,41,32,35,,33,,19.5
,46,397,45,38,37,,,,,,37,45,40,3,8,3,31,35.5,26.5,17,28,35,25.5,17,16.25
,46,398,29,25,,,,,,,25,29,27,2,4,38.66666667,24.66666667,19.4,24.5,19.25,35.5,17.5,32.5,32,34
,46,399,7,9,13,10,,,,,7,13,9.75,4,6,16,22,12,40,27.5,32.75,32,30,29,12
,46,413 (500),23,16,17,,,,,,16,23,18.66666667,3,7,36,30,14,39.33333333,38.5,9,,20,17.5,38
,46,414 (750),38,34,,,,,,,34,38,36,2,4,23,31.33333333,32.5,27.5,31.5,,,31,19,8
,46,417,34,,,,,,,,34,34,34,1,0,27.5,11,16,34,22.5,23,35,29.5,38,28
,46,418,26,26,30,,,,,,26,30,27.33333333,3,4,8,15,25.33333333,28.75,,10,,21,18.66666667,10.5
,46,419 (500),18,,,,,,,,18,18,18,1,0,28,27,30,24,37,28,,42,32,33
,46,427 (500),30,34,,,,,,,30,34,32,2,4,25,23,28,13.5,17,20,33,42,24,29.2
,46,430,21,32,35,,,,,,21,35,29.33333333,3,14,34.25,27.5,18,26.66666667,7,31,45,25,8,40
,46,431,29,29,,,,,,,29,29,29,2,0,33,7.5,35.5,27,12.5,32,36,12,5,29
,46,432 (750),12,,,,,,,,12,12,12,1,0,5,33,,24,15,25,,29,27,40
,46,433,16,24,12,,,,,,12,24,17.33333333,3,12,38.5,7.833333333,19,7,32,29,12,36,19.5,28
,46,434,14,,,,,,,,14,14,14,1,0,14.33333333,18,31,30.33333333,35.5,15.25,39,17,18,21.5
,46,435,12,8,,,,,,,8,12,10,2,4,22,14,19,35.33333333,27.33333333,30,19.5,41.5,32,10
,46,436,15,20,14,,,,,,14,20,16.33333333,3,6,23,31.5,19,13.5,27.2,32,31.66666667,25.5,12.66666667,26.33333333
,46,437,7,1,11,,,,,,1,11,6.333333333,3,10,8.5,28,8.666666667,22,35,14.66666667,25,28,33.33333333,20.33333333
,46,451,39,33,,,,,,,33,39,36,2,6,29.33333333,28,24.42857143,17,25,29.66666667,,40,17.5,23
,46,452,21,,,,,,,,21,21,21,1,0,34,12.33333333,24,29.5,19,13,24,16,6,26
,46,453,30,39,30,41,,,,,30,41,35,4,11,24.5,6,21.5,17.33333333,36.66666667,27,,43,26.66666667,38
,46,454,19,22,,,,,,,19,22,20.5,2,3,6,6,37,37.5,11.5,21,40.66666667,27,36.2,8.4
,46,455,35,,,,,,,,35,35,35,1,0,20.5,30.5,25.6,25.33333333,29.4,9,,20.5,15.66666667,11
,46,456,33,23,,,,,,,23,33,28,2,10,23,29,21.66666667,8,34.5,12.66666667,,38.6,7.333333333,28.5
,46,468 (500),22,10,10,12,,,,,10,22,13.5,4,12,26,28,7.666666667,29,0,22,23,30.5,,39
,46,469,25,33,,,,,,,25,33,29,2,8,35.66666667,32,20,24.33333333,2,28.33333333,39.5,36.5,7,32.33333333
,46,475,9,,,,,,,,9,9,9,1,0,23.5,23,42,46,15,6.333333333,27,41,20.5,36.33333333
,46,476,31,,,,,,,,31,31,31,1,0,16.5,20.5,15,36.375,13,37.33333333,35.5,19,20.75,28
,46,483,33,25,,,,,,,25,33,29,2,8,21,34.5,29,27.66666667,14,10,30.66666667,12,13.66666667,41
,46,497,40,41,41,,,,,,40,41,40.66666667,3,1,18,11,6.666666667,14,16.75,13.8,,32,9.5,28
,46,498,22,,,,,,,,22,22,22,1,0,16,25.66666667,12,31.5,21.5,36.2,25,33,8,28.5
,46,499,16,11,,,,,,,11,16,13.5,2,5,27.5,42,38.33333333,16,35,33,25.5,26.5,8,37.66666667
,46,500,0,9,,,,,,,0,9,4.5,1,9,2,6.5,37.4,17.33333333,13,24,36,35,17.4,15.5
,46,501,4,,,,,,,,4,4,4,1,0,26,40.5,21,26.33333333,19,24,8,22,21,17
,46,530 (750),22,,,,,,,,22,22,22,1,0,25,11,7,12,7,,10,36,27,35
,46,537,13,5,1,,,,,,1,13,6.333333333,3,12,15.5,18,17.25,24.5,6,20,20,26,7,26
,46,544,14,,,,,,,,14,14,14,1,0,35.66666667,19,36.75,18,14.5,13.5,23,40.5,15,42.5
,46,545,7,13,,,,,,,7,13,10,2,6,11.66666667,11.5,23,22,14,27,21,32,36.5,18
,46,546,26,31,,,,,,,26,31,28.5,2,5,9.5,6.5,7,17.66666667,8,15.66666667,28,20.2,27,41.66666667
,46,547,21,25,26,,,,,,21,26,24,3,5,8,19.5,7.6,14,26,10.5,43,21,13.5,22
,46,552,10,14,24,,,,,,10,24,16,3,14,31,11.33333333,19.5,29.5,30,26.25,36,20,7,33
,46,553,37,40,,,,,,,37,40,38.5,2,3,20,34.5,16.66666667,29.2,31.33333333,16,43,28,29.5,11
,46,554,2,14,12,,,,,,2,14,9.333333333,3,12,7.333333333,26,29,28.2,7,21,34,17,13.5,33
,46,555,25,22,24,27,35,,,,22,35,26.6,5,13,29,24,25.5,11.5,11.75,11.33333333,,29,31.2,19
,46,561 (pvp),,,,,,,,,,,,0,,,,38,,,,25,,,12
,46,571,27,21,,,,,,,21,27,24,2,6,31,42,13.66666667,38.66666667,19,22,,,41.2,30
,46,575,20,32,,,,,,,20,32,26,2,12,11.66666667,6,30.33333333,33,26,28,37,39.5,15.25,12
,46,577 (pvp),,,,,,,,,,,,0,,,15,,18.5,,12.5,,,36,
21/May/25,47,301,,,,,,,,,,,,0,,21.5,22,24.66666667,22.5,32,15,16,,38,9.5
,47,308,22,,,,,,,,22,22,22,1,0,19,36.25,28,25,26.66666667,31,30,20,41,35.75
,47,316,32,41,,,,,,,32,41,36.5,2,9,37,9,31,17,20.5,18,38.5,38.66666667,24,30
,47,326,36,26,41,27,,,,,26,41,32.5,4,15,13,17.5,9.333333333,16,15,7,19,,37,26
,47,335,28,,,,,,,,28,28,28,1,0,20,35,33.33333333,14,38,32.8,10,31,31.5,14
,47,372 (750),37,,,,,,,,37,37,37,1,0,19,7,36.33333333,12,25,13,,,32.5,14
,47,379,33,20,,,,,,,20,33,26.5,2,13,7,17.5,10,13,31,23,24.33333333,35,23.5,32
,47,380,16,14,,,,,,,14,16,15,2,2,11.5,15,13,32,38.66666667,22,31,26,44,35
,47,381 (500),41,,,,,,,,41,41,41,1,0,13,36,29.66666667,34,34,27.66666667,,,40,34.5
,47,382,20,,,,,,,,20,20,20,1,0,25.5,25,8,12.75,39.75,32,26,32,27.66666667,23
,47,383,19,13,,,,,,,13,19,16,2,6,31.5,23.33333333,6,14.5,34,31.66666667,28,31,36,19
,47,384,14,,,,,,,,14,14,14,1,0,28,33.5,30.5,35.2,30,10.33333333,34.66666667,31,22,27
,47,393 (750),43,28,,,,,,,28,43,35.5,2,15,25,13,21,17,41,32,35,,33,
,47,397,13,8,,,,,,,8,13,10.5,2,5,40,3,31,35.5,26.5,17,28,35,25.5,17
,47,398,24,27,,,,,,,24,27,25.5,2,3,27,38.66666667,24.66666667,19.4,24.5,19.25,35.5,17.5,32.5,32
,47,399,44,43,,,,,,,43,44,43.5,2,1,9.75,16,22,12,40,27.5,32.75,32,30,29
,47,413 (500),17,,,,,,,,17,17,17,1,0,18.66666667,36,30,14,39.33333333,38.5,9,,20,17.5
,47,414 (750),33,,,,,,,,33,33,33,1,0,36,23,31.33333333,32.5,27.5,31.5,,,31,19
,47,417,33,,,,,,,,33,33,33,1,0,34,27.5,11,16,34,22.5,23,35,29.5,38
,47,418,34,,,,,,,,34,34,34,1,0,27.33333333,8,15,25.33333333,28.75,,10,,21,18.66666667
,47,419 (500),35,,,,,,,,35,35,35,1,0,18,28,27,30,24,37,28,,42,32
,47,427 (500),35,,,,,,,,35,35,35,1,0,32,25,23,28,13.5,17,20,33,42,24
,47,430,32,45,30,,,,,,30,45,35.66666667,3,15,29.33333333,34.25,27.5,18,26.66666667,7,31,45,25,8
,47,431,34,27,35,37,,,,,27,37,33.25,4,10,29,33,7.5,35.5,27,12.5,32,36,12,5
,47,432 (750),10,,,,,,,,10,10,10,1,0,12,5,33,,24,15,25,,29,27
,47,433,28,,,,,,,,28,28,28,1,0,17.33333333,38.5,7.833333333,19,7,32,29,12,36,19.5
,47,434,38,33,,,,,,,33,38,35.5,2,5,14,14.33333333,18,31,30.33333333,35.5,15.25,39,17,18
,47,435,19,23,26,,,,,,19,26,22.66666667,3,7,10,22,14,19,35.33333333,27.33333333,30,19.5,41.5,32
,47,436,13,,,,,,,,13,13,13,1,0,16.33333333,23,31.5,19,13.5,27.2,32,31.66666667,25.5,12.66666667
,47,437,37,,,,,,,,37,37,37,1,0,6.333333333,8.5,28,8.666666667,22,35,14.66666667,25,28,33.33333333
,47,451,3,13,,,,,,,3,13,8,2,10,36,29.33333333,28,24.42857143,17,25,29.66666667,,40,17.5
,47,452,28,37,,,,,,,28,37,32.5,2,9,21,34,12.33333333,24,29.5,19,13,24,16,6
,47,453,12,20,13,15,,,,,12,20,15,4,8,35,24.5,6,21.5,17.33333333,36.66666667,27,,43,26.66666667
,47,454,20,8,,,,,,,8,20,14,2,12,20.5,6,6,37,37.5,11.5,21,40.66666667,27,36.2
,47,455,13,5,14,,,,,,5,14,10.66666667,3,9,35,20.5,30.5,25.6,25.33333333,29.4,9,,20.5,15.66666667
,47,456,18,15,23,,,,,,15,23,18.66666667,3,8,28,23,29,21.66666667,8,34.5,12.66666667,,38.6,7.333333333
,47,468 (500),28,,,,,,,,28,28,28,1,0,13.5,26,28,7.666666667,29,0,22,23,30.5,
,47,469,23,,,,,,,,23,23,23,1,0,29,35.66666667,32,20,24.33333333,2,28.33333333,39.5,36.5,7
,47,475,13,,,,,,,,13,13,13,1,0,9,23.5,23,42,46,15,6.333333333,27,41,20.5
,47,476,18,7,22,,,,,,7,22,15.66666667,3,15,31,16.5,20.5,15,36.375,13,37.33333333,35.5,19,20.75
,47,483,12,24,17,20,22,,,,12,24,19,5,12,29,21,34.5,29,27.66666667,14,10,30.66666667,12,13.66666667
,47,497,28,40,,,,,,,28,40,34,2,12,40.66666667,18,11,6.666666667,14,16.75,13.8,,32,9.5
,47,498,27,42,32,,,,,,27,42,33.66666667,3,15,22,16,25.66666667,12,31.5,21.5,36.2,25,33,8
,47,499,17,18,14,23,,,,,14,23,18,4,9,13.5,27.5,42,38.33333333,16,35,33,25.5,26.5,8
,47,500,8,,,,,,,,8,8,8,1,0,4.5,2,6.5,37.4,17.33333333,13,24,36,35,17.4
,47,501,18,15,14,,,,,,14,18,15.66666667,3,4,4,26,40.5,21,26.33333333,19,24,8,22,21
,47,530 (750),33,,,,,,,,33,33,33,1,0,22,25,11,7,12,7,,10,36,27
,47,537,28,,,,,,,,28,28,28,1,0,6.333333333,15.5,18,17.25,24.5,6,20,20,26,7
,47,544,20,27,26,14,,,,,14,27,21.75,4,13,14,35.66666667,19,36.75,18,14.5,13.5,23,40.5,15
,47,545,20,24,18,,,,,,18,24,20.66666667,3,6,10,11.66666667,11.5,23,22,14,27,21,32,36.5
,47,546,44,34,,,,,,,34,44,39,2,10,28.5,9.5,6.5,7,17.66666667,8,15.66666667,28,20.2,27
,47,547,27,,,,,,,,27,27,27,1,0,24,8,19.5,7.6,14,26,10.5,43,21,13.5
,47,552,27,28,30,,,,,,27,30,28.33333333,3,3,16,31,11.33333333,19.5,29.5,30,26.25,36,20,7
,47,553,20,,,,,,,,20,20,20,1,0,38.5,20,34.5,16.66666667,29.2,31.33333333,16,43,28,29.5
,47,554,22,,,,,,,,22,22,22,1,0,9.333333333,7.333333333,26,29,28.2,7,21,34,17,13.5
,47,555,37,36,25,27,,,,,25,37,31.25,4,12,26.6,29,24,25.5,11.5,11.75,11.33333333,,29,31.2
,47,561 (pvp),,,,,,,,,,,,0,,,,,38,,,,25,,
,47,571,28,32,,,,,,,28,32,30,2,4,24,31,42,13.66666667,38.66666667,19,22,,,41.2
,47,575,30,34,31,,,,,,30,34,31.66666667,3,4,26,11.66666667,6,30.33333333,33,26,28,37,39.5,15.25
,47,577 (pvp),,,,,,,,,,,,0,,,,15,,18.5,,12.5,,,36
28/May/25,48,301,16,,,,,,,,16,16,16,1,0,,21.5,22,24.66666667,22.5,32,15,16,,38
,48,308,40,30,26,,,,,,26,40,32,3,14,22,19,36.25,28,25,26.66666667,31,30,20,41
,48,316,33,,,,,,,,33,33,33,1,0,36.5,37,9,31,17,20.5,18,38.5,38.66666667,24
,48,326,41,33,,,,,,,33,41,37,2,8,32.5,13,17.5,9.333333333,16,15,7,19,,37
,48,335,15,,,,,,,,15,15,15,1,0,28,20,35,33.33333333,14,38,32.8,10,31,31.5
,48,372 (750),14,,,,,,,,14,14,14,1,0,37,19,7,36.33333333,12,25,13,,,32.5
,48,379,26,,,,,,,,26,26,26,1,0,26.5,7,17.5,10,13,31,23,24.33333333,35,23.5
,48,380,36,,,,,,,,36,36,36,1,0,15,11.5,15,13,32,38.66666667,22,31,26,44
,48,381 (500),37,,,,,,,,37,37,37,1,0,41,13,36,29.66666667,34,34,27.66666667,,,40
,48,382,15,,,,,,,,15,15,15,1,0,20,25.5,25,8,12.75,39.75,32,26,32,27.66666667
,48,383,30,28,,,,,,,28,30,29,2,2,16,31.5,23.33333333,6,14.5,34,31.66666667,28,31,36
,48,384,28,21,,,,,,,21,28,24.5,2,7,14,28,33.5,30.5,35.2,30,10.33333333,34.66666667,31,22
,48,393 (750),16,,,,,,,,16,16,16,1,0,35.5,25,13,21,17,41,32,35,,33
,48,397,20,,,,,,,,20,20,20,1,0,10.5,40,3,31,35.5,26.5,17,28,35,25.5
,48,398,11,13,8,9,,,,,8,13,10.25,4,5,25.5,27,38.66666667,24.66666667,19.4,24.5,19.25,35.5,17.5,32.5
,48,399,33,,,,,,,,33,33,33,1,0,43.5,9.75,16,22,12,40,27.5,32.75,32,30
,48,413 (500),18,20,15,,,,,,15,20,17.66666667,3,5,17,18.66666667,36,30,14,39.33333333,38.5,9,,20
,48,414 (750),21,,,,,,,,21,21,21,1,0,33,36,23,31.33333333,32.5,27.5,31.5,,,31
,48,417,32,27,19,,,,,,19,32,26,3,13,33,34,27.5,11,16,34,22.5,23,35,29.5
,48,418,8,18,,,,,,,8,18,13,2,10,34,27.33333333,8,15,25.33333333,28.75,,10,,21
,48,419 (500),,,,,,,,,,,,0,,35,18,28,27,30,24,37,28,,42
,48,427 (500),29,,,,,,,,29,29,29,1,0,35,32,25,23,28,13.5,17,20,33,42
,48,430,33,,,,,,,,33,33,33,1,0,35.66666667,29.33333333,34.25,27.5,18,26.66666667,7,31,45,25
,48,431,35,28,,,,,,,28,35,31.5,2,7,33.25,29,33,7.5,35.5,27,12.5,32,36,12
,48,432 (750),20,,,,,,,,20,20,20,1,0,10,12,5,33,,24,15,25,,29
,48,433,1,22,15,,,,,,1,22,12.66666667,3,21,28,17.33333333,38.5,7.833333333,19,7,32,29,12,36
,48,434,21,15,3,,,,,,3,21,13,3,18,35.5,14,14.33333333,18,31,30.33333333,35.5,15.25,39,17
,48,435,24,25,,,,,,,24,25,24.5,2,1,22.66666667,10,22,14,19,35.33333333,27.33333333,30,19.5,41.5
,48,436,9,23,,,,,,,9,23,16,2,14,13,16.33333333,23,31.5,19,13.5,27.2,32,31.66666667,25.5
,48,437,14,8,,,,,,,8,14,11,2,6,37,6.333333333,8.5,28,8.666666667,22,35,14.66666667,25,28
,48,451,18,33,,,,,,,18,33,25.5,2,15,8,36,29.33333333,28,24.42857143,17,25,29.66666667,,40
,48,452,8,,,,,,,,8,8,8,1,0,32.5,21,34,12.33333333,24,29.5,19,13,24,16
,48,453,39,,,,,,,,39,39,39,1,0,15,35,24.5,6,21.5,17.33333333,36.66666667,27,,43
,48,454,21,10,,,,,,,10,21,15.5,2,11,14,20.5,6,6,37,37.5,11.5,21,40.66666667,27
,48,455,22,31,,,,,,,22,31,26.5,2,9,10.66666667,35,20.5,30.5,25.6,25.33333333,29.4,9,,20.5
,48,456,17,9,,,,,,,9,17,13,2,8,18.66666667,28,23,29,21.66666667,8,34.5,12.66666667,,38.6
,48,468 (500),35,,,,,,,,35,35,35,1,0,28,13.5,26,28,7.666666667,29,0,22,23,30.5
,48,469,8,,,,,,,,8,8,8,1,0,23,29,35.66666667,32,20,24.33333333,2,28.33333333,39.5,36.5
,48,475,28,,,,,,,,28,28,28,1,0,13,9,23.5,23,42,46,15,6.333333333,27,41
,48,476,22,29,,,,,,,22,29,25.5,2,7,15.66666667,31,16.5,20.5,15,36.375,13,37.33333333,35.5,19
,48,483,27,,,,,,,,27,27,27,1,0,19,29,21,34.5,29,27.66666667,14,10,30.66666667,12
,48,497,,,,,,,,,,,,0,,34,40.66666667,18,11,6.666666667,14,16.75,13.8,,32
,48,498,25,26,,,,,,,25,26,25.5,2,1,33.66666667,22,16,25.66666667,12,31.5,21.5,36.2,25,33
,48,499,42,,,,,,,,42,42,42,1,0,18,13.5,27.5,42,38.33333333,16,35,33,25.5,26.5
,48,500,27,25,30,,,,,,25,30,27.33333333,3,5,8,4.5,2,6.5,37.4,17.33333333,13,24,36,35
,48,501,38,41,32,44,,,,,32,44,38.75,4,12,15.66666667,4,26,40.5,21,26.33333333,19,24,8,22
,48,530 (750),33,,,,,,,,33,33,33,1,0,33,22,25,11,7,12,7,,10,36
,48,537,8,,,,,,,,8,8,8,1,0,28,6.333333333,15.5,18,17.25,24.5,6,20,20,26
,48,544,45,,,,,,,,45,45,45,1,0,21.75,14,35.66666667,19,36.75,18,14.5,13.5,23,40.5
,48,545,30,33,,,,,,,30,33,31.5,2,3,20.66666667,10,11.66666667,11.5,23,22,14,27,21,32
,48,546,16,,,,,,,,16,16,16,1,0,39,28.5,9.5,6.5,7,17.66666667,8,15.66666667,28,20.2
,48,547,12,,,,,,,,12,12,12,1,0,27,24,8,19.5,7.6,14,26,10.5,43,21
,48,552,23,,,,,,,,23,23,23,1,0,28.33333333,16,31,11.33333333,19.5,29.5,30,26.25,36,20
,48,553,33,,,,,,,,33,33,33,1,0,20,38.5,20,34.5,16.66666667,29.2,31.33333333,16,43,28
,48,554,22,19,33,,,,,,19,33,24.66666667,3,14,22,9.333333333,7.333333333,26,29,28.2,7,21,34,17
,48,555,24,,,,,,,,24,24,24,1,0,31.25,26.6,29,24,25.5,11.5,11.75,11.33333333,,29
,48,561 (pvp),,,,,,,,,,,,0,,,,,,38,,,,25,
,48,571,21,40,,,,,,,21,40,30.5,2,19,30,24,31,42,13.66666667,38.66666667,19,22,,
,48,575,9,19,,,,,,,9,19,14,2,10,31.66666667,26,11.66666667,6,30.33333333,33,26,28,37,39.5
,48,577 (pvp),7,,,,,,,,7,7,7,1,0,,,,15,,18.5,,12.5,,
04/Jun/25,49,301,16,7,,,,,,,7,16,11.5,2,9,16,,21.5,22,24.66666667,22.5,32,15,16,
,49,308,16,12,19,,,,,,12,19,15.66666667,3,7,32,22,19,36.25,28,25,26.66666667,31,30,20
,49,316,12,,,,,,,,12,12,12,1,0,33,36.5,37,9,31,17,20.5,18,38.5,38.66666667
,49,326,33,33,30,,,,,,30,33,32,3,3,37,32.5,13,17.5,9.333333333,16,15,7,19,
,49,335,16,20,14,,,,,,14,20,16.66666667,3,6,15,28,20,35,33.33333333,14,38,32.8,10,31
,49,372 (750),20,,,,,,,,20,20,20,1,0,14,37,19,7,36.33333333,12,25,13,,
,49,379,8,,,,,,,,8,8,8,1,0,26,26.5,7,17.5,10,13,31,23,24.33333333,35
,49,380,17,29,30,,,,,,17,30,25.33333333,3,13,36,15,11.5,15,13,32,38.66666667,22,31,26
,49,381 (500),42,,,,,,,,42,42,42,1,0,37,41,13,36,29.66666667,34,34,27.66666667,,
,49,382,17,13,,,,,,,13,17,15,2,4,15,20,25.5,25,8,12.75,39.75,32,26,32
,49,383,28,,,,,,,,28,28,28,1,0,29,16,31.5,23.33333333,6,14.5,34,31.66666667,28,31
,49,384,10,8,,,,,,,8,10,9,2,2,24.5,14,28,33.5,30.5,35.2,30,10.33333333,34.66666667,31
,49,393 (750),38,41,,,,,,,38,41,39.5,2,3,16,35.5,25,13,21,17,41,32,35,
,49,397,36,28,,,,,,,28,36,32,2,8,20,10.5,40,3,31,35.5,26.5,17,28,35
,49,398,13,,,,,,,,13,13,13,1,0,10.25,25.5,27,38.66666667,24.66666667,19.4,24.5,19.25,35.5,17.5
,49,399,6,11,,,,,,,6,11,8.5,2,5,33,43.5,9.75,16,22,12,40,27.5,32.75,32
,49,413 (500),11,,,,,,,,11,11,11,1,0,17.66666667,17,18.66666667,36,30,14,39.33333333,38.5,9,
,49,414 (750),21,,,,,,,,21,21,21,1,0,21,33,36,23,31.33333333,32.5,27.5,31.5,,
,49,417,26,25,16,,,,,,16,26,22.33333333,3,10,26,33,34,27.5,11,16,34,22.5,23,35
,49,418,7,,,,,,,,7,7,7,1,0,13,34,27.33333333,8,15,25.33333333,28.75,,10,
,49,419 (500),38,,,,,,,,38,38,38,1,0,,35,18,28,27,30,24,37,28,
,49,427 (500),13,17,,,,,,,13,17,15,2,4,29,35,32,25,23,28,13.5,17,20,33
,49,430,20,,,,,,,,20,20,20,1,0,33,35.66666667,29.33333333,34.25,27.5,18,26.66666667,7,31,45
,49,431,13,4,,,,,,,4,13,8.5,2,9,31.5,33.25,29,33,7.5,35.5,27,12.5,32,36
,49,432 (750),19,,,,,,,,19,19,19,1,0,20,10,12,5,33,,24,15,25,
,49,433,20,16,30,,,,,,16,30,22,3,14,12.66666667,28,17.33333333,38.5,7.833333333,19,7,32,29,12
,49,434,32,23,,,,,,,23,32,27.5,2,9,13,35.5,14,14.33333333,18,31,30.33333333,35.5,15.25,39
,49,435,25,31,,,,,,,25,31,28,2,6,24.5,22.66666667,10,22,14,19,35.33333333,27.33333333,30,19.5
,49,436,19,16,,,,,,,16,19,17.5,2,3,16,13,16.33333333,23,31.5,19,13.5,27.2,32,31.66666667
,49,437,13,14,5,,,,,,5,14,10.66666667,3,9,11,37,6.333333333,8.5,28,8.666666667,22,35,14.66666667,25
,49,451,7,19,20,,,,,,7,20,15.33333333,3,13,25.5,8,36,29.33333333,28,24.42857143,17,25,29.66666667,
,49,452,31,,,,,,,,31,31,31,1,0,8,32.5,21,34,12.33333333,24,29.5,19,13,24
,49,453,5,,,,,,,,5,5,5,1,0,39,15,35,24.5,6,21.5,17.33333333,36.66666667,27,
,49,454,2,15,12,10,5,,,,2,15,8.8,5,13,15.5,14,20.5,6,6,37,37.5,11.5,21,40.66666667
,49,455,19,,,,,,,,19,19,19,1,0,26.5,10.66666667,35,20.5,30.5,25.6,25.33333333,29.4,9,
,49,456,19,21,19,,,,,,19,21,19.66666667,3,2,13,18.66666667,28,23,29,21.66666667,8,34.5,12.66666667,
,49,468 (500),40,30,33,,,,,,30,40,34.33333333,3,10,35,28,13.5,26,28,7.666666667,29,0,22,23
,49,469,23,11,,,,,,,11,23,17,2,12,8,23,29,35.66666667,32,20,24.33333333,2,28.33333333,39.5
,49,475,17,5,,,,,,,5,17,11,2,12,28,13,9,23.5,23,42,46,15,6.333333333,27
,49,476,12,11,,,,,,,11,12,11.5,2,1,25.5,15.66666667,31,16.5,20.5,15,36.375,13,37.33333333,35.5
,49,483,24,35,,,,,,,24,35,29.5,2,11,27,19,29,21,34.5,29,27.66666667,14,10,30.66666667
,49,497,22,10,16,8,,,,,8,22,14,4,14,,34,40.66666667,18,11,6.666666667,14,16.75,13.8,
,49,498,3,,,,,,,,3,3,3,1,0,25.5,33.66666667,22,16,25.66666667,12,31.5,21.5,36.2,25
,49,499,25,20,27,,,,,,20,27,24,3,7,42,18,13.5,27.5,42,38.33333333,16,35,33,25.5
,49,500,35,35,39,,,,,,35,39,36.33333333,3,4,27.33333333,8,4.5,2,6.5,37.4,17.33333333,13,24,36
,49,501,22,10,,,,,,,10,22,16,2,12,38.75,15.66666667,4,26,40.5,21,26.33333333,19,24,8
,49,530 (750),2,,,,,,,,2,2,2,1,0,33,33,22,25,11,7,12,7,,10
,49,537,17,,,,,,,,17,17,17,1,0,8,28,6.333333333,15.5,18,17.25,24.5,6,20,20
,49,544,17,17,,,,,,,17,17,17,2,0,45,21.75,14,35.66666667,19,36.75,18,14.5,13.5,23
,49,545,24,,,,,,,,24,24,24,1,0,31.5,20.66666667,10,11.66666667,11.5,23,22,14,27,21
,49,546,3,,,,,,,,3,3,3,1,0,16,39,28.5,9.5,6.5,7,17.66666667,8,15.66666667,28
,49,547,21,11,22,,,,,,11,22,18,3,11,12,27,24,8,19.5,7.6,14,26,10.5,43
,49,552,30,19,,,,,,,19,30,24.5,2,11,23,28.33333333,16,31,11.33333333,19.5,29.5,30,26.25,36
,49,553,28,32,,,,,,,28,32,30,2,4,33,20,38.5,20,34.5,16.66666667,29.2,31.33333333,16,43
,49,554,24,11,19,19,,,,,11,24,18.25,4,13,24.66666667,22,9.333333333,7.333333333,26,29,28.2,7,21,34
,49,555,13,10,,,,,,,10,13,11.5,2,3,24,31.25,26.6,29,24,25.5,11.5,11.75,11.33333333,
,49,561 (pvp),,,,,,,,,,,,0,,,,,,,38,,,,25
,49,571,14,21,,,,,,,14,21,17.5,2,7,30.5,30,24,31,42,13.66666667,38.66666667,19,22,
,49,575,28,,,,,,,,28,28,28,1,0,14,31.66666667,26,11.66666667,6,30.33333333,33,26,28,37
,49,577 (pvp),,,,,,,,,,,,0,,7,,,,15,,18.5,,12.5,
11/Jun/25,50,301,25,,,,,,,,25,25,25,1,0,11.5,16,,21.5,22,24.66666667,22.5,32,15,16
,50,308,6,,,,,,,,6,6,6,1,0,15.66666667,32,22,19,36.25,28,25,26.66666667,31,30
,50,316,30,29,,,,,,,29,30,29.5,2,1,12,33,36.5,37,9,31,17,20.5,18,38.5
,50,326,13,10,,,,,,,10,13,11.5,2,3,32,37,32.5,13,17.5,9.333333333,16,15,7,19
,50,335,30,18,,,,,,,18,30,24,2,12,16.66666667,15,28,20,35,33.33333333,14,38,32.8,10
,50,372 (750),19,,,,,,,,19,19,19,1,0,20,14,37,19,7,36.33333333,12,25,13,
,50,379,14,7,14,16,11,,,,7,16,12.4,5,9,8,26,26.5,7,17.5,10,13,31,23,24.33333333
,50,380,26,29,30,,,,,,26,30,28.33333333,3,4,25.33333333,36,15,11.5,15,13,32,38.66666667,22,31
,50,381 (500),10,,,,,,,,10,10,10,1,0,42,37,41,13,36,29.66666667,34,34,27.66666667,
,50,382,25,22,29,29,,,,,22,29,26.25,4,7,15,15,20,25.5,25,8,12.75,39.75,32,26
,50,383,10,,,,,,,,10,10,10,1,0,28,29,16,31.5,23.33333333,6,14.5,34,31.66666667,28
,50,384,26,,,,,,,,26,26,26,1,0,9,24.5,14,28,33.5,30.5,35.2,30,10.33333333,34.66666667
,50,393 (750),23,,,,,,,,23,23,23,1,0,39.5,16,35.5,25,13,21,17,41,32,35
,50,397,24,29,,,,,,,24,29,26.5,2,5,32,20,10.5,40,3,31,35.5,26.5,17,28
,50,398,16,20,,,,,,,16,20,18,2,4,13,10.25,25.5,27,38.66666667,24.66666667,19.4,24.5,19.25,35.5
,50,399,7,14,,,,,,,7,14,10.5,2,7,8.5,33,43.5,9.75,16,22,12,40,27.5,32.75
,50,413 (500),41,42,,,,,,,41,42,41.5,2,1,11,17.66666667,17,18.66666667,36,30,14,39.33333333,38.5,9
,50,414 (750),21,,,,,,,,21,21,21,1,0,21,21,33,36,23,31.33333333,32.5,27.5,31.5,
,50,417,11,,,,,,,,11,11,11,1,0,22.33333333,26,33,34,27.5,11,16,34,22.5,23
,50,418,22,,,,,,,,22,22,22,1,0,7,13,34,27.33333333,8,15,25.33333333,28.75,,10
,50,419 (500),25,,,,,,,,25,25,25,1,0,38,,35,18,28,27,30,24,37,28
,50,427 (500),14,,,,,,,,14,14,14,1,0,15,29,35,32,25,23,28,13.5,17,20
,50,430,27,36,36,,,,,,27,36,33,3,9,20,33,35.66666667,29.33333333,34.25,27.5,18,26.66666667,7,31
,50,431,31,,,,,,,,31,31,31,1,0,8.5,31.5,33.25,29,33,7.5,35.5,27,12.5,32
,50,432 (750),20,,,,,,,,20,20,20,1,0,19,20,10,12,5,33,,24,15,25
,50,433,22,30,28,,,,,,22,30,26.66666667,3,8,22,12.66666667,28,17.33333333,38.5,7.833333333,19,7,32,29
,50,434,24,,,,,,,,24,24,24,1,0,27.5,13,35.5,14,14.33333333,18,31,30.33333333,35.5,15.25
,50,435,25,23,13,16,,,,,13,25,19.25,4,12,28,24.5,22.66666667,10,22,14,19,35.33333333,27.33333333,30
,50,436,34,38,,,,,,,34,38,36,2,4,17.5,16,13,16.33333333,23,31.5,19,13.5,27.2,32
,50,437,17,21,24,23,,,,,17,24,21.25,4,7,10.66666667,11,37,6.333333333,8.5,28,8.666666667,22,35,14.66666667
,50,451,24,23,,,,,,,23,24,23.5,2,1,15.33333333,25.5,8,36,29.33333333,28,24.42857143,17,25,29.66666667
,50,452,10,18,,,,,,,10,18,14,2,8,31,8,32.5,21,34,12.33333333,24,29.5,19,13
,50,453,22,9,13,19,,,,,9,22,15.75,4,13,5,39,15,35,24.5,6,21.5,17.33333333,36.66666667,27
,50,454,25,18,,,,,,,18,25,21.5,2,7,8.8,15.5,14,20.5,6,6,37,37.5,11.5,21
,50,455,13,,,,,,,,13,13,13,1,0,19,26.5,10.66666667,35,20.5,30.5,25.6,25.33333333,29.4,9
,50,456,31,29,,,,,,,29,31,30,2,2,19.66666667,13,18.66666667,28,23,29,21.66666667,8,34.5,12.66666667
,50,468 (500),11,9,21,10,,,,,9,21,12.75,4,12,34.33333333,35,28,13.5,26,28,7.666666667,29,0,22
,50,469,20,29,18,13,16,,,,13,29,19.2,5,16,17,8,23,29,35.66666667,32,20,24.33333333,2,28.33333333
,50,475,5,,,,,,,,5,5,5,1,0,11,28,13,9,23.5,23,42,46,15,6.333333333
,50,476,30,,,,,,,,30,30,30,1,0,11.5,25.5,15.66666667,31,16.5,20.5,15,36.375,13,37.33333333
,50,483,24,21,,,,,,,21,24,22.5,2,3,29.5,27,19,29,21,34.5,29,27.66666667,14,10
,50,497,25,,,,,,,,25,25,25,1,0,14,,34,40.66666667,18,11,6.666666667,14,16.75,13.8
,50,498,26,17,29,,,,,,17,29,24,3,12,3,25.5,33.66666667,22,16,25.66666667,12,31.5,21.5,36.2
,50,499,10,0,,,,,,,0,10,5,1,10,24,42,18,13.5,27.5,42,38.33333333,16,35,33
,50,500,13,6,20,,,,,,6,20,13,3,14,36.33333333,27.33333333,8,4.5,2,6.5,37.4,17.33333333,13,24
,50,501,36,,,,,,,,36,36,36,1,0,16,38.75,15.66666667,4,26,40.5,21,26.33333333,19,24
,50,530 (750),30,,,,,,,,30,30,30,1,0,2,33,33,22,25,11,7,12,7,
,50,537,6,7,,,,,,,6,7,6.5,2,1,17,8,28,6.333333333,15.5,18,17.25,24.5,6,20
,50,544,30,35,22,,,,,,22,35,29,3,13,17,45,21.75,14,35.66666667,19,36.75,18,14.5,13.5
,50,545,28,36,36,30,30,,,,28,36,32,5,8,24,31.5,20.66666667,10,11.66666667,11.5,23,22,14,27
,50,546,16,19,,,,,,,16,19,17.5,2,3,3,16,39,28.5,9.5,6.5,7,17.66666667,8,15.66666667
,50,547,9,20,15,,,,,,9,20,14.66666667,3,11,18,12,27,24,8,19.5,7.6,14,26,10.5
,50,552,21,27,35,,,,,,21,35,27.66666667,3,14,24.5,23,28.33333333,16,31,11.33333333,19.5,29.5,30,26.25
,50,553,37,32,39,,,,,,32,39,36,3,7,30,33,20,38.5,20,34.5,16.66666667,29.2,31.33333333,16
,50,554,31,23,23,20,33,30,,,20,33,26.66666667,6,13,18.25,24.66666667,22,9.333333333,7.333333333,26,29,28.2,7,21
,50,555,10,4,,,,,,,4,10,7,2,6,11.5,24,31.25,26.6,29,24,25.5,11.5,11.75,11.33333333
,50,561 (pvp),,,,,,,,,,,,0,,,,,,,,38,,,
,50,571,15,14,18,,,,,,14,18,15.66666667,3,4,17.5,30.5,30,24,31,42,13.66666667,38.66666667,19,22
,50,575,5,,,,,,,,5,5,5,1,0,28,14,31.66666667,26,11.66666667,6,30.33333333,33,26,28
,50,577 (pvp),41,,,,,,,,41,41,41,1,0,,7,,,,15,,18.5,,12.5
18/Jun/25,51,301,5,,,,,,,,5,5,5,1,0,25,11.5,16,,21.5,22,24.66666667,22.5,32,15
,51,308,8,,,,,,,,8,8,8,1,0,6,15.66666667,32,22,19,36.25,28,25,26.66666667,31
,51,316,18,,,,,,,,18,18,18,1,0,29.5,12,33,36.5,37,9,31,17,20.5,18
,51,326,14,8,86,,,,,,8,86,36,3,78,11.5,32,37,32.5,13,17.5,9.333333333,16,15,7
,51,335,15,15,,,,,,,15,15,15,2,0,24,16.66666667,15,28,20,35,33.33333333,14,38,32.8
,51,372 (750),4,,,,,,,,4,4,4,1,0,19,20,14,37,19,7,36.33333333,12,25,13
,51,379,37,9,,,,,,,9,37,23,2,28,12.4,8,26,26.5,7,17.5,10,13,31,23
,51,380,25,20,,,,,,,20,25,22.5,2,5,28.33333333,25.33333333,36,15,11.5,15,13,32,38.66666667,22
,51,381 (500),25,,,,,,,,25,25,25,1,0,10,42,37,41,13,36,29.66666667,34,34,27.66666667
,51,382,22,29,,,,,,,22,29,25.5,2,7,26.25,15,15,20,25.5,25,8,12.75,39.75,32
,51,383,20,33,,,,,,,20,33,26.5,2,13,10,28,29,16,31.5,23.33333333,6,14.5,34,31.66666667
,51,384,16,32,,,,,,,16,32,24,2,16,26,9,24.5,14,28,33.5,30.5,35.2,30,10.33333333
,51,393 (750),37,,,,,,,,37,37,37,1,0,23,39.5,16,35.5,25,13,21,17,41,32
,51,397,29,17,30,,,,,,17,30,25.33333333,3,13,26.5,32,20,10.5,40,3,31,35.5,26.5,17
,51,398,16,,,,,,,,16,16,16,1,0,18,13,10.25,25.5,27,38.66666667,24.66666667,19.4,24.5,19.25
,51,399,36,34,,,,,,,34,36,35,2,2,10.5,8.5,33,43.5,9.75,16,22,12,40,27.5
,51,413 (500),36,,,,,,,,36,36,36,1,0,41.5,11,17.66666667,17,18.66666667,36,30,14,39.33333333,38.5
,51,414 (750),15,,,,,,,,15,15,15,1,0,21,21,21,33,36,23,31.33333333,32.5,27.5,31.5
,51,417,20,28,23,,,,,,20,28,23.66666667,3,8,11,22.33333333,26,33,34,27.5,11,16,34,22.5
,51,418,8,,,,,,,,8,8,8,1,0,22,7,13,34,27.33333333,8,15,25.33333333,28.75,
,51,419 (500),1,7,,,,,,,1,7,4,2,6,25,38,,35,18,28,27,30,24,37
,51,427 (500),31,,,,,,,,31,31,31,1,0,14,15,29,35,32,25,23,28,13.5,17
,51,430,26,,,,,,,,26,26,26,1,0,33,20,33,35.66666667,29.33333333,34.25,27.5,18,26.66666667,7
,51,431,28,27,,,,,,,27,28,27.5,2,1,31,8.5,31.5,33.25,29,33,7.5,35.5,27,12.5
,51,432 (750),15,,,,,,,,15,15,15,1,0,20,19,20,10,12,5,33,,24,15
,51,433,14,,,,,,,,14,14,14,1,0,26.66666667,22,12.66666667,28,17.33333333,38.5,7.833333333,19,7,32
,51,434,16,,,,,,,,16,16,16,1,0,24,27.5,13,35.5,14,14.33333333,18,31,30.33333333,35.5
,51,435,35,36,,,,,,,35,36,35.5,2,1,19.25,28,24.5,22.66666667,10,22,14,19,35.33333333,27.33333333
,51,436,21,,,,,,,,21,21,21,1,0,36,17.5,16,13,16.33333333,23,31.5,19,13.5,27.2
,51,437,24,15,25,,,,,,15,25,21.33333333,3,10,21.25,10.66666667,11,37,6.333333333,8.5,28,8.666666667,22,35
,51,451,44,33,,,,,,,33,44,38.5,2,11,23.5,15.33333333,25.5,8,36,29.33333333,28,24.42857143,17,25
,51,452,16,,,,,,,,16,16,16,1,0,14,31,8,32.5,21,34,12.33333333,24,29.5,19
,51,453,19,16,12,8,9,,,,8,19,12.8,5,11,15.75,5,39,15,35,24.5,6,21.5,17.33333333,36.66666667
,51,454,2,1,13,,,,,,1,13,5.333333333,3,12,21.5,8.8,15.5,14,20.5,6,6,37,37.5,11.5
,51,455,12,12,,,,,,,12,12,12,2,0,13,19,26.5,10.66666667,35,20.5,30.5,25.6,25.33333333,29.4
,51,456,21,24,29,,,,,,21,29,24.66666667,3,8,30,19.66666667,13,18.66666667,28,23,29,21.66666667,8,34.5
,51,468 (500),25,,,,,,,,25,25,25,1,0,12.75,34.33333333,35,28,13.5,26,28,7.666666667,29,0
,51,469,35,41,45,,,,,,35,45,40.33333333,3,10,19.2,17,8,23,29,35.66666667,32,20,24.33333333,2
,51,475,25,,,,,,,,25,25,25,1,0,5,11,28,13,9,23.5,23,42,46,15
,51,476,10,,,,,,,,10,10,10,1,0,30,11.5,25.5,15.66666667,31,16.5,20.5,15,36.375,13
,51,483,10,17,,,,,,,10,17,13.5,2,7,22.5,29.5,27,19,29,21,34.5,29,27.66666667,14
,51,497,33,28,36,,,,,,28,36,32.33333333,3,8,25,14,,34,40.66666667,18,11,6.666666667,14,16.75
,51,498,29,34,21,,,,,,21,34,28,3,13,24,3,25.5,33.66666667,22,16,25.66666667,12,31.5,21.5
,51,499,19,25,17,,,,,,17,25,20.33333333,3,8,5,24,42,18,13.5,27.5,42,38.33333333,16,35
,51,500,19,,,,,,,,19,19,19,1,0,13,36.33333333,27.33333333,8,4.5,2,6.5,37.4,17.33333333,13
,51,501,9,23,,,,,,,9,23,16,2,14,36,16,38.75,15.66666667,4,26,40.5,21,26.33333333,19
,51,530 (750),36,25,,,,,,,25,36,30.5,2,11,30,2,33,33,22,25,11,7,12,7
,51,537,2,,,,,,,,2,2,2,1,0,6.5,17,8,28,6.333333333,15.5,18,17.25,24.5,6
,51,544,24,28,14,,,,,,14,28,22,3,14,29,17,45,21.75,14,35.66666667,19,36.75,18,14.5
,51,545,30,,,,,,,,30,30,30,1,0,32,24,31.5,20.66666667,10,11.66666667,11.5,23,22,14
,51,546,27,,,,,,,,27,27,27,1,0,17.5,3,16,39,28.5,9.5,6.5,7,17.66666667,8
,51,547,5,,,,,,,,5,5,5,1,0,14.66666667,18,12,27,24,8,19.5,7.6,14,26
,51,552,17,15,15,,,,,,15,17,15.66666667,3,2,27.66666667,24.5,23,28.33333333,16,31,11.33333333,19.5,29.5,30
,51,553,24,20,18,13,16,,,,13,24,18.2,5,11,36,30,33,20,38.5,20,34.5,16.66666667,29.2,31.33333333
,51,554,16,15,,,,,,,15,16,15.5,2,1,26.66666667,18.25,24.66666667,22,9.333333333,7.333333333,26,29,28.2,7
,51,555,29,24,,,,,,,24,29,26.5,2,5,7,11.5,24,31.25,26.6,29,24,25.5,11.5,11.75
,51,561 (pvp),27,,,,,,,,27,27,27,1,0,,,,,,,,38,,
,51,571,11,23,,,,,,,11,23,17,2,12,15.66666667,17.5,30.5,30,24,31,42,13.66666667,38.66666667,19
,51,575,20,23,,,,,,,20,23,21.5,2,3,5,28,14,31.66666667,26,11.66666667,6,30.33333333,33,26
,51,577 (pvp),,,,,,,,,,,,0,,41,,7,,,,15,,18.5,
25/Jun/25,52,301,,,,,,,,,,,,0,,5,25,11.5,16,,21.5,22,24.66666667,22.5,32
,52,308,32,36,32,,,,,,32,36,33.33333333,3,4,8,6,15.66666667,32,22,19,36.25,28,25,26.66666667
,52,316,11,,,,,,,,11,11,11,1,0,18,29.5,12,33,36.5,37,9,31,17,20.5
,52,326,16,5,8,,,,,,5,16,9.666666667,3,11,36,11.5,32,37,32.5,13,17.5,9.333333333,16,15
,52,335,17,29,17,,,,,,17,29,21,3,12,15,24,16.66666667,15,28,20,35,33.33333333,14,38
,52,372 (750),,,,,,,,,,,,0,,4,19,20,14,37,19,7,36.33333333,12,25
,52,379,34,32,27,26,,,,,26,34,29.75,4,8,23,12.4,8,26,26.5,7,17.5,10,13,31
,52,380,18,23,34,,,,,,18,34,25,3,16,22.5,28.33333333,25.33333333,36,15,11.5,15,13,32,38.66666667
,52,381 (500),21,,,,,,,,21,21,21,1,0,25,10,42,37,41,13,36,29.66666667,34,34
,52,382,9,7,,,,,,,7,9,8,2,2,25.5,26.25,15,15,20,25.5,25,8,12.75,39.75
,52,383,15,8,18,11,,,,,8,18,13,4,10,26.5,10,28,29,16,31.5,23.33333333,6,14.5,34
,52,384,19,30,23,,,,,,19,30,24,3,11,24,26,9,24.5,14,28,33.5,30.5,35.2,30
,52,393 (750),6,,,,,,,,6,6,6,1,0,37,23,39.5,16,35.5,25,13,21,17,41
,52,397,22,21,22,15,,,,,15,22,20,4,7,25.33333333,26.5,32,20,10.5,40,3,31,35.5,26.5
,52,398,40,28,37,,,,,,28,40,35,3,12,16,18,13,10.25,25.5,27,38.66666667,24.66666667,19.4,24.5
,52,399,24,,,,,,,,24,24,24,1,0,35,10.5,8.5,33,43.5,9.75,16,22,12,40
,52,413 (500),,,,,,,,,,,,0,,36,41.5,11,17.66666667,17,18.66666667,36,30,14,39.33333333
,52,414 (750),11,10,,,,,,,10,11,10.5,2,1,15,21,21,21,33,36,23,31.33333333,32.5,27.5
,52,417,14,22,25,,,,,,14,25,20.33333333,3,11,23.66666667,11,22.33333333,26,33,34,27.5,11,16,34
,52,418,25,20,13,12,,,,,12,25,17.5,4,13,8,22,7,13,34,27.33333333,8,15,25.33333333,28.75
,52,419 (500),,,,,,,,,,,,0,,4,25,38,,35,18,28,27,30,24
,52,427 (500),19,14,,,,,,,14,19,16.5,2,5,31,14,15,29,35,32,25,23,28,13.5
,52,430,7,19,,,,,,,7,19,13,2,12,26,33,20,33,35.66666667,29.33333333,34.25,27.5,18,26.66666667
,52,431,22,15,18,15,,,,,15,22,17.5,4,7,27.5,31,8.5,31.5,33.25,29,33,7.5,35.5,27
,52,432 (750),9,,,,,,,,9,9,9,1,0,15,20,19,20,10,12,5,33,,24
,52,433,27,30,,,,,,,27,30,28.5,2,3,14,26.66666667,22,12.66666667,28,17.33333333,38.5,7.833333333,19,7
,52,434,5,13,3,0,,,,,0,13,5.25,3,13,16,24,27.5,13,35.5,14,14.33333333,18,31,30.33333333
,52,435,8,10,,,,,,,8,10,9,2,2,35.5,19.25,28,24.5,22.66666667,10,22,14,19,35.33333333
,52,436,35,32,,,,,,,32,35,33.5,2,3,21,36,17.5,16,13,16.33333333,23,31.5,19,13.5
,52,437,40,,,,,,,,40,40,40,1,0,21.33333333,21.25,10.66666667,11,37,6.333333333,8.5,28,8.666666667,22
,52,451,24,,,,,,,,24,24,24,1,0,38.5,23.5,15.33333333,25.5,8,36,29.33333333,28,24.42857143,17
,52,452,18,25,,,,,,,18,25,21.5,2,7,16,14,31,8,32.5,21,34,12.33333333,24,29.5
,52,453,4,18,,,,,,,4,18,11,2,14,12.8,15.75,5,39,15,35,24.5,6,21.5,17.33333333
,52,454,19,,,,,,,,19,19,19,1,0,5.333333333,21.5,8.8,15.5,14,20.5,6,6,37,37.5
,52,455,20,23,7,,,,,,7,23,16.66666667,3,16,12,13,19,26.5,10.66666667,35,20.5,30.5,25.6,25.33333333
,52,456,32,26,,,,,,,26,32,29,2,6,24.66666667,30,19.66666667,13,18.66666667,28,23,29,21.66666667,8
,52,468 (500),30,38,31,23,,,,,23,38,30.5,4,15,25,12.75,34.33333333,35,28,13.5,26,28,7.666666667,29
,52,469,26,30,28,30,,,,,26,30,28.5,4,4,40.33333333,19.2,17,8,23,29,35.66666667,32,20,24.33333333
,52,475,23,,,,,,,,23,23,23,1,0,25,5,11,28,13,9,23.5,23,42,46
,52,476,29,24,,,,,,,24,29,26.5,2,5,10,30,11.5,25.5,15.66666667,31,16.5,20.5,15,36.375
,52,483,3,,,,,,,,3,3,3,1,0,13.5,22.5,29.5,27,19,29,21,34.5,29,27.66666667
,52,497,38,26,,,,,,,26,38,32,2,12,32.33333333,25,14,,34,40.66666667,18,11,6.666666667,14
,52,498,22,,,,,,,,22,22,22,1,0,28,24,3,25.5,33.66666667,22,16,25.66666667,12,31.5
,52,499,24,38,27,,,,,,24,38,29.66666667,3,14,20.33333333,5,24,42,18,13.5,27.5,42,38.33333333,16
,52,500,28,,,,,,,,28,28,28,1,0,19,13,36.33333333,27.33333333,8,4.5,2,6.5,37.4,17.33333333
,52,501,5,0,,,,,,,0,5,2.5,1,5,16,36,16,38.75,15.66666667,4,26,40.5,21,26.33333333
,52,530 (750),14,,,,,,,,14,14,14,1,0,30.5,30,2,33,33,22,25,11,7,12
,52,537,28,,,,,,,,28,28,28,1,0,2,6.5,17,8,28,6.333333333,15.5,18,17.25,24.5
,52,544,25,18,18,,,,,,18,25,20.33333333,3,7,22,29,17,45,21.75,14,35.66666667,19,36.75,18
,52,545,24,23,,,,,,,23,24,23.5,2,1,30,32,24,31.5,20.66666667,10,11.66666667,11.5,23,22
,52,546,21,22,,,,,,,21,22,21.5,2,1,27,17.5,3,16,39,28.5,9.5,6.5,7,17.66666667
,52,547,,,,,,,,,,,,0,,5,14.66666667,18,12,27,24,8,19.5,7.6,14
,52,552,36,25,33,38,,,,,25,38,33,4,13,15.66666667,27.66666667,24.5,23,28.33333333,16,31,11.33333333,19.5,29.5
,52,553,4,1,,,,,,,1,4,2.5,2,3,18.2,36,30,33,20,38.5,20,34.5,16.66666667,29.2
,52,554,13,,,,,,,,13,13,13,1,0,15.5,26.66666667,18.25,24.66666667,22,9.333333333,7.333333333,26,29,28.2
,52,555,27,16,,,,,,,16,27,21.5,2,11,26.5,7,11.5,24,31.25,26.6,29,24,25.5,11.5
,52,561 (pvp),,,,,,,,,,,,0,,27,,,,,,,,38,
,52,571,22,,,,,,,,22,22,22,1,0,17,15.66666667,17.5,30.5,30,24,31,42,13.66666667,38.66666667
,52,575,16,10,7,,,,,,7,16,11,3,9,21.5,5,28,14,31.66666667,26,11.66666667,6,30.33333333,33
,52,577 (pvp),,,,,,,,,,,,0,,,41,,7,,,,15,,18.5
02/Jul/25,53,301,29,,,,,,,,29,29,29,1,0,,5,25,11.5,16,,21.5,22,24.66666667,22.5
,53,308,43,32,37,40,31,,,,31,43,36.6,5,12,33.33333333,8,6,15.66666667,32,22,19,36.25,28,25
,53,316,20,,,,,,,,20,20,20,1,0,11,18,29.5,12,33,36.5,37,9,31,17
,53,326,41,32,44,,,,,,32,44,39,3,12,9.666666667,36,11.5,32,37,32.5,13,17.5,9.333333333,16
,53,335,28,21,,,,,,,21,28,24.5,2,7,21,15,24,16.66666667,15,28,20,35,33.33333333,14
,53,372 (750),26,,,,,,,,26,26,26,1,0,,4,19,20,14,37,19,7,36.33333333,12
,53,379,25,,,,,,,,25,25,25,1,0,29.75,23,12.4,8,26,26.5,7,17.5,10,13
,53,380,20,12,,,,,,,12,20,16,2,8,25,22.5,28.33333333,25.33333333,36,15,11.5,15,13,32
,53,381 (500),27,37,31,,,,,,27,37,31.66666667,3,10,21,25,10,42,37,41,13,36,29.66666667,34
,53,382,16,4,,,,,,,4,16,10,2,12,8,25.5,26.25,15,15,20,25.5,25,8,12.75
,53,383,30,33,,,,,,,30,33,31.5,2,3,13,26.5,10,28,29,16,31.5,23.33333333,6,14.5
,53,384,28,26,,,,,,,26,28,27,2,2,24,24,26,9,24.5,14,28,33.5,30.5,35.2
,53,393 (750),31,,,,,,,,31,31,31,1,0,6,37,23,39.5,16,35.5,25,13,21,17
,53,397,20,9,17,,,,,,9,20,15.33333333,3,11,20,25.33333333,26.5,32,20,10.5,40,3,31,35.5
,53,398,5,,,,,,,,5,5,5,1,0,35,16,18,13,10.25,25.5,27,38.66666667,24.66666667,19.4
,53,399,20,17,29,,,,,,17,29,22,3,12,24,35,10.5,8.5,33,43.5,9.75,16,22,12
,53,413 (500),22,20,35,,,,,,20,35,25.66666667,3,15,,36,41.5,11,17.66666667,17,18.66666667,36,30,14
,53,414 (750),8,,,,,,,,8,8,8,1,0,10.5,15,21,21,21,33,36,23,31.33333333,32.5
,53,417,29,,,,,,,,29,29,29,1,0,20.33333333,23.66666667,11,22.33333333,26,33,34,27.5,11,16
,53,418,11,,,,,,,,11,11,11,1,0,17.5,8,22,7,13,34,27.33333333,8,15,25.33333333
,53,419 (500),34,,,,,,,,34,34,34,1,0,,4,25,38,,35,18,28,27,30
,53,427 (500),25,,,,,,,,25,25,25,1,0,16.5,31,14,15,29,35,32,25,23,28
,53,430,7,,,,,,,,7,7,7,1,0,13,26,33,20,33,35.66666667,29.33333333,34.25,27.5,18
,53,431,10,,,,,,,,10,10,10,1,0,17.5,27.5,31,8.5,31.5,33.25,29,33,7.5,35.5
,53,432 (750),28,35,,,,,,,28,35,31.5,2,7,9,15,20,19,20,10,12,5,33,
,53,433,13,,,,,,,,13,13,13,1,0,28.5,14,26.66666667,22,12.66666667,28,17.33333333,38.5,7.833333333,19
,53,434,19,,,,,,,,19,19,19,1,0,5.25,16,24,27.5,13,35.5,14,14.33333333,18,31
,53,435,23,,,,,,,,23,23,23,1,0,9,35.5,19.25,28,24.5,22.66666667,10,22,14,19
,53,436,29,24,,,,,,,24,29,26.5,2,5,33.5,21,36,17.5,16,13,16.33333333,23,31.5,19
,53,437,8,,,,,,,,8,8,8,1,0,40,21.33333333,21.25,10.66666667,11,37,6.333333333,8.5,28,8.666666667
,53,451,33,35,30,,,,,,30,35,32.66666667,3,5,24,38.5,23.5,15.33333333,25.5,8,36,29.33333333,28,24.42857143
,53,452,44,43,,,,,,,43,44,43.5,2,1,21.5,16,14,31,8,32.5,21,34,12.33333333,24
,53,453,19,21,12,,,,,,12,21,17.33333333,3,9,11,12.8,15.75,5,39,15,35,24.5,6,21.5
,53,454,15,16,,,,,,,15,16,15.5,2,1,19,5.333333333,21.5,8.8,15.5,14,20.5,6,6,37
,53,455,0,,,,,,,,0,0,0,0,0,16.66666667,12,13,19,26.5,10.66666667,35,20.5,30.5,25.6
,53,456,34,37,,,,,,,34,37,35.5,2,3,29,24.66666667,30,19.66666667,13,18.66666667,28,23,29,21.66666667
,53,468 (500),13,,,,,,,,13,13,13,1,0,30.5,25,12.75,34.33333333,35,28,13.5,26,28,7.666666667
,53,469,25,,,,,,,,25,25,25,1,0,28.5,40.33333333,19.2,17,8,23,29,35.66666667,32,20
,53,475,23,26,,,,,,,23,26,24.5,2,3,23,25,5,11,28,13,9,23.5,23,42
,53,476,16,,,,,,,,16,16,16,1,0,26.5,10,30,11.5,25.5,15.66666667,31,16.5,20.5,15
,53,483,24,16,,,,,,,16,24,20,2,8,3,13.5,22.5,29.5,27,19,29,21,34.5,29
,53,497,10,,,,,,,,10,10,10,1,0,32,32.33333333,25,14,,34,40.66666667,18,11,6.666666667
,53,498,18,21,,,,,,,18,21,19.5,2,3,22,28,24,3,25.5,33.66666667,22,16,25.66666667,12
,53,499,31,,,,,,,,31,31,31,1,0,29.66666667,20.33333333,5,24,42,18,13.5,27.5,42,38.33333333
,53,500,12,15,,,,,,,12,15,13.5,2,3,28,19,13,36.33333333,27.33333333,8,4.5,2,6.5,37.4
,53,501,33,36,29,,,,,,29,36,32.66666667,3,7,2.5,16,36,16,38.75,15.66666667,4,26,40.5,21
,53,530 (750),,,,,,,,,,,,0,,14,30.5,30,2,33,33,22,25,11,7
,53,537,14,16,22,,,,,,14,22,17.33333333,3,8,28,2,6.5,17,8,28,6.333333333,15.5,18,17.25
,53,544,4,30,26,,,,,,4,30,20,3,26,20.33333333,22,29,17,45,21.75,14,35.66666667,19,36.75
,53,545,30,38,,,,,,,30,38,34,2,8,23.5,30,32,24,31.5,20.66666667,10,11.66666667,11.5,23
,53,546,19,,,,,,,,19,19,19,1,0,21.5,27,17.5,3,16,39,28.5,9.5,6.5,7
,53,547,32,41,37,31,41,,,,31,41,36.4,5,10,,5,14.66666667,18,12,27,24,8,19.5,7.6
,53,552,37,,,,,,,,37,37,37,1,0,33,15.66666667,27.66666667,24.5,23,28.33333333,16,31,11.33333333,19.5
,53,553,30,,,,,,,,30,30,30,1,0,2.5,18.2,36,30,33,20,38.5,20,34.5,16.66666667
,53,554,23,8,9,,,,,,8,23,13.33333333,3,15,13,15.5,26.66666667,18.25,24.66666667,22,9.333333333,7.333333333,26,29
,53,555,11,,,,,,,,11,11,11,1,0,21.5,26.5,7,11.5,24,31.25,26.6,29,24,25.5
,53,561 (pvp),28,,,,,,,,28,28,28,1,0,,27,,,,,,,,38
,53,571,17,,,,,,,,17,17,17,1,0,22,17,15.66666667,17.5,30.5,30,24,31,42,13.66666667
,53,575,11,,,,,,,,11,11,11,1,0,11,21.5,5,28,14,31.66666667,26,11.66666667,6,30.33333333
,53,577 (pvp),,,,,,,,,,,,0,,,,41,,7,,,,15,
09/Jul/25,54,301,,,,,,,,,,,,0,,29,,5,25,11.5,16,,21.5,22,24.66666667
,54,308,,,,,,,,,,,,0,,36.6,33.33333333,8,6,15.66666667,32,22,19,36.25,28
,54,316,25,26,,,,,,,25,26,25.5,2,1,20,11,18,29.5,12,33,36.5,37,9,31
,54,326,,,,,,,,,,,,0,,39,9.666666667,36,11.5,32,37,32.5,13,17.5,9.333333333
,54,335,18,,,,,,,,18,18,18,1,0,24.5,21,15,24,16.66666667,15,28,20,35,33.33333333
,54,372 (750),,,,,,,,,,,,0,,26,,4,19,20,14,37,19,7,36.33333333
,54,379,20,,,,,,,,20,20,20,1,0,25,29.75,23,12.4,8,26,26.5,7,17.5,10
,54,380,24,,,,,,,,24,24,24,1,0,16,25,22.5,28.33333333,25.33333333,36,15,11.5,15,13
,54,381 (500),16,,,,,,,,16,16,16,1,0,31.66666667,21,25,10,42,37,41,13,36,29.66666667
,54,382,32,25,,,,,,,25,32,28.5,2,7,10,8,25.5,26.25,15,15,20,25.5,25,8
,54,383,34,,,,,,,,34,34,34,1,0,31.5,13,26.5,10,28,29,16,31.5,23.33333333,6
,54,384,17,29,18,,,,,,17,29,21.33333333,3,12,27,24,24,26,9,24.5,14,28,33.5,30.5
,54,393 (750),11,,,,,,,,11,11,11,1,0,31,6,37,23,39.5,16,35.5,25,13,21
,54,397,33,23,,,,,,,23,33,28,2,10,15.33333333,20,25.33333333,26.5,32,20,10.5,40,3,31
,54,398,32,29,,,,,,,29,32,30.5,2,3,5,35,16,18,13,10.25,25.5,27,38.66666667,24.66666667
,54,399,25,,,,,,,,25,25,25,1,0,22,24,35,10.5,8.5,33,43.5,9.75,16,22
,54,413 (500),,,,,,,,,,,,0,,25.66666667,,36,41.5,11,17.66666667,17,18.66666667,36,30
,54,414 (750),25,,,,,,,,25,25,25,1,0,8,10.5,15,21,21,21,33,36,23,31.33333333
,54,417,19,30,18,,,,,,18,30,22.33333333,3,12,29,20.33333333,23.66666667,11,22.33333333,26,33,34,27.5,11
,54,418,23,,,,,,,,23,23,23,1,0,11,17.5,8,22,7,13,34,27.33333333,8,15
,54,419 (500),18,,,,,,,,18,18,18,1,0,34,,4,25,38,,35,18,28,27
,54,427 (500),13,,,,,,,,13,13,13,1,0,25,16.5,31,14,15,29,35,32,25,23
,54,430,28,15,,,,,,,15,28,21.5,2,13,7,13,26,33,20,33,35.66666667,29.33333333,34.25,27.5
,54,431,9,,,,,,,,9,9,9,1,0,10,17.5,27.5,31,8.5,31.5,33.25,29,33,7.5
,54,432 (750),18,,,,,,,,18,18,18,1,0,31.5,9,15,20,19,20,10,12,5,33
,54,433,26,,,,,,,,26,26,26,1,0,13,28.5,14,26.66666667,22,12.66666667,28,17.33333333,38.5,7.833333333
,54,434,30,,,,,,,,30,30,30,1,0,19,5.25,16,24,27.5,13,35.5,14,14.33333333,18
,54,435,18,8,,,,,,,8,18,13,2,10,23,9,35.5,19.25,28,24.5,22.66666667,10,22,14
,54,436,25,26,,,,,,,25,26,25.5,2,1,26.5,33.5,21,36,17.5,16,13,16.33333333,23,31.5
,54,437,28,,,,,,,,28,28,28,1,0,8,40,21.33333333,21.25,10.66666667,11,37,6.333333333,8.5,28
,54,451,23,,,,,,,,23,23,23,1,0,32.66666667,24,38.5,23.5,15.33333333,25.5,8,36,29.33333333,28
,54,452,19,,,,,,,,19,19,19,1,0,43.5,21.5,16,14,31,8,32.5,21,34,12.33333333
,54,453,32,26,,,,,,,26,32,29,2,6,17.33333333,11,12.8,15.75,5,39,15,35,24.5,6
,54,454,25,35,,,,,,,25,35,30,2,10,15.5,19,5.333333333,21.5,8.8,15.5,14,20.5,6,6
,54,455,11,,,,,,,,11,11,11,1,0,0,16.66666667,12,13,19,26.5,10.66666667,35,20.5,30.5
,54,456,28,30,,,,,,,28,30,29,2,2,35.5,29,24.66666667,30,19.66666667,13,18.66666667,28,23,29
,54,468 (500),29,,,,,,,,29,29,29,1,0,13,30.5,25,12.75,34.33333333,35,28,13.5,26,28
,54,469,14,25,14,,,,,,14,25,17.66666667,3,11,25,28.5,40.33333333,19.2,17,8,23,29,35.66666667,32
,54,475,22,,,,,,,,22,22,22,1,0,24.5,23,25,5,11,28,13,9,23.5,23
,54,476,25,28,,,,,,,25,28,26.5,2,3,16,26.5,10,30,11.5,25.5,15.66666667,31,16.5,20.5
,54,483,,,,,,,,,,,,0,,20,3,13.5,22.5,29.5,27,19,29,21,34.5
,54,497,18,,,,,,,,18,18,18,1,0,10,32,32.33333333,25,14,,34,40.66666667,18,11
,54,498,10,,,,,,,,10,10,10,1,0,19.5,22,28,24,3,25.5,33.66666667,22,16,25.66666667
,54,499,11,12,5,,,,,,5,12,9.333333333,3,7,31,29.66666667,20.33333333,5,24,42,18,13.5,27.5,42
,54,500,31,42,,,,,,,31,42,36.5,2,11,13.5,28,19,13,36.33333333,27.33333333,8,4.5,2,6.5
,54,501,43,30,,,,,,,30,43,36.5,2,13,32.66666667,2.5,16,36,16,38.75,15.66666667,4,26,40.5
,54,530 (750),15,,,,,,,,15,15,15,1,0,,14,30.5,30,2,33,33,22,25,11
,54,537,28,,,,,,,,28,28,28,1,0,17.33333333,28,2,6.5,17,8,28,6.333333333,15.5,18
,54,544,31,23,,,,,,,23,31,27,2,8,20,20.33333333,22,29,17,45,21.75,14,35.66666667,19
,54,545,29,32,31,38,,,,,29,38,32.5,4,9,34,23.5,30,32,24,31.5,20.66666667,10,11.66666667,11.5
,54,546,16,13,14,14,,,,,13,16,14.25,4,3,19,21.5,27,17.5,3,16,39,28.5,9.5,6.5
,54,547,40,,,,,,,,40,40,40,1,0,36.4,,5,14.66666667,18,12,27,24,8,19.5
,54,552,23,,,,,,,,23,23,23,1,0,37,33,15.66666667,27.66666667,24.5,23,28.33333333,16,31,11.33333333
,54,553,24,23,,,,,,,23,24,23.5,2,1,30,2.5,18.2,36,30,33,20,38.5,20,34.5
,54,554,27,28,,,,,,,27,28,27.5,2,1,13.33333333,13,15.5,26.66666667,18.25,24.66666667,22,9.333333333,7.333333333,26
,54,555,17,,,,,,,,17,17,17,1,0,11,21.5,26.5,7,11.5,24,31.25,26.6,29,24
,54,561 (pvp),,,,,,,,,,,,0,,28,,27,,,,,,,
,54,571,23,,,,,,,,23,23,23,1,0,17,22,17,15.66666667,17.5,30.5,30,24,31,42
,54,575,,,,,,,,,,,,0,,11,11,21.5,5,28,14,31.66666667,26,11.66666667,6
,54,577 (pvp),,,,,,,,,,,,0,,,,,41,,7,,,,15
16/Jul/25,55,301,20,,,,,,,,20,20,20,1,0,,29,,5,25,11.5,16,,21.5,22
,55,308,29,,,,,,,,29,29,29,1,0,,36.6,33.33333333,8,6,15.66666667,32,22,19,36.25
,55,316,30,,,,,,,,30,30,30,1,0,25.5,20,11,18,29.5,12,33,36.5,37,9
,55,326,31,,,,,,,,31,31,31,1,0,,39,9.666666667,36,11.5,32,37,32.5,13,17.5
,55,335,23,,,,,,,,23,23,23,1,0,18,24.5,21,15,24,16.66666667,15,28,20,35
,55,372 (750),30,,,,,,,,30,30,30,1,0,,26,,4,19,20,14,37,19,7
,55,379,35,,,,,,,,35,35,35,1,0,20,25,29.75,23,12.4,8,26,26.5,7,17.5
,55,380,44,,,,,,,,44,44,44,1,0,24,16,25,22.5,28.33333333,25.33333333,36,15,11.5,15
,55,381 (500),27,31,,,,,,,27,31,29,2,4,16,31.66666667,21,25,10,42,37,41,13,36
,55,382,16,4,,,,,,,4,16,10,2,12,28.5,10,8,25.5,26.25,15,15,20,25.5,25
,55,383,10,11,,,,,,,10,11,10.5,2,1,34,31.5,13,26.5,10,28,29,16,31.5,23.33333333
,55,384,25,20,30,,,,,,20,30,25,3,10,21.33333333,27,24,24,26,9,24.5,14,28,33.5
,55,393 (750),34,27,25,,,,,,25,34,28.66666667,3,9,11,31,6,37,23,39.5,16,35.5,25,13
,55,397,38,,,,,,,,38,38,38,1,0,28,15.33333333,20,25.33333333,26.5,32,20,10.5,40,3
,55,398,28,,,,,,,,28,28,28,1,0,30.5,5,35,16,18,13,10.25,25.5,27,38.66666667
,55,399,18,16,,,,,,,16,18,17,2,2,25,22,24,35,10.5,8.5,33,43.5,9.75,16
,55,413 (500),11,,,,,,,,11,11,11,1,0,,25.66666667,,36,41.5,11,17.66666667,17,18.66666667,36
,55,414 (750),25,29,,,,,,,25,29,27,2,4,25,8,10.5,15,21,21,21,33,36,23
,55,417,27,32,,,,,,,27,32,29.5,2,5,22.33333333,29,20.33333333,23.66666667,11,22.33333333,26,33,34,27.5
,55,418,31,20,,,,,,,20,31,25.5,2,11,23,11,17.5,8,22,7,13,34,27.33333333,8
,55,419 (500),15,,,,,,,,15,15,15,1,0,18,34,,4,25,38,,35,18,28
,55,427 (500),35,27,,,,,,,27,35,31,2,8,13,25,16.5,31,14,15,29,35,32,25
,55,430,33,25,24,,,,,,24,33,27.33333333,3,9,21.5,7,13,26,33,20,33,35.66666667,29.33333333,34.25
,55,431,32,,,,,,,,32,32,32,1,0,9,10,17.5,27.5,31,8.5,31.5,33.25,29,33
,55,432 (750),,,,,,,,,,,,0,,18,31.5,9,15,20,19,20,10,12,5
,55,433,32,30,32,,,,,,30,32,31.33333333,3,2,26,13,28.5,14,26.66666667,22,12.66666667,28,17.33333333,38.5
,55,434,20,31,,,,,,,20,31,25.5,2,11,30,19,5.25,16,24,27.5,13,35.5,14,14.33333333
,55,435,13,,,,,,,,13,13,13,1,0,13,23,9,35.5,19.25,28,24.5,22.66666667,10,22
,55,436,7,,,,,,,,7,7,7,1,0,25.5,26.5,33.5,21,36,17.5,16,13,16.33333333,23
,55,437,,,,,,,,,,,,0,,28,8,40,21.33333333,21.25,10.66666667,11,37,6.333333333,8.5
,55,451,27,28,,,,,,,27,28,27.5,2,1,23,32.66666667,24,38.5,23.5,15.33333333,25.5,8,36,29.33333333
,55,452,8,5,5,,,,,,5,8,6,3,3,19,43.5,21.5,16,14,31,8,32.5,21,34
,55,453,18,,,,,,,,18,18,18,1,0,29,17.33333333,11,12.8,15.75,5,39,15,35,24.5
,55,454,4,11,,,,,,,4,11,7.5,2,7,30,15.5,19,5.333333333,21.5,8.8,15.5,14,20.5,6
,55,455,17,19,,,,,,,17,19,18,2,2,11,0,16.66666667,12,13,19,26.5,10.66666667,35,20.5
,55,456,34,27,27,,,,,,27,34,29.33333333,3,7,29,35.5,29,24.66666667,30,19.66666667,13,18.66666667,28,23
,55,468 (500),15,,,,,,,,15,15,15,1,0,29,13,30.5,25,12.75,34.33333333,35,28,13.5,26
,55,469,21,31,,,,,,,21,31,26,2,10,17.66666667,25,28.5,40.33333333,19.2,17,8,23,29,35.66666667
,55,475,27,29,,,,,,,27,29,28,2,2,22,24.5,23,25,5,11,28,13,9,23.5
,55,476,3,,,,,,,,3,3,3,1,0,26.5,16,26.5,10,30,11.5,25.5,15.66666667,31,16.5
,55,483,40,31,,,,,,,31,40,35.5,2,9,,20,3,13.5,22.5,29.5,27,19,29,21
,55,497,18,,,,,,,,18,18,18,1,0,18,10,32,32.33333333,25,14,,34,40.66666667,18
,55,498,32,,,,,,,,32,32,32,1,0,10,19.5,22,28,24,3,25.5,33.66666667,22,16
,55,499,44,43,,,,,,,43,44,43.5,2,1,9.333333333,31,29.66666667,20.33333333,5,24,42,18,13.5,27.5
,55,500,11,,,,,,,,11,11,11,1,0,36.5,13.5,28,19,13,36.33333333,27.33333333,8,4.5,2
,55,501,44,32,,,,,,,32,44,38,2,12,36.5,32.66666667,2.5,16,36,16,38.75,15.66666667,4,26
,55,530 (750),13,,,,,,,,13,13,13,1,0,15,,14,30.5,30,2,33,33,22,25
,55,537,11,,,,,,,,11,11,11,1,0,28,17.33333333,28,2,6.5,17,8,28,6.333333333,15.5
,55,544,45,,,,,,,,45,45,45,1,0,27,20,20.33333333,22,29,17,45,21.75,14,35.66666667
,55,545,16,17,12,,,,,,12,17,15,3,5,32.5,34,23.5,30,32,24,31.5,20.66666667,10,11.66666667
,55,546,33,34,32,,,,,,32,34,33,3,2,14.25,19,21.5,27,17.5,3,16,39,28.5,9.5
,55,547,18,,,,,,,,18,18,18,1,0,40,36.4,,5,14.66666667,18,12,27,24,8
,55,552,24,,,,,,,,24,24,24,1,0,23,37,33,15.66666667,27.66666667,24.5,23,28.33333333,16,31
,55,553,21,,,,,,,,21,21,21,1,0,23.5,30,2.5,18.2,36,30,33,20,38.5,20
,55,554,33,,,,,,,,33,33,33,1,0,27.5,13.33333333,13,15.5,26.66666667,18.25,24.66666667,22,9.333333333,7.333333333
,55,555,8,19,,,,,,,8,19,13.5,2,11,17,11,21.5,26.5,7,11.5,24,31.25,26.6,29
,55,561 (pvp),,,,,,,,,,,,0,,,28,,27,,,,,,
,55,571,25,,,,,,,,25,25,25,1,0,23,17,22,17,15.66666667,17.5,30.5,30,24,31
,55,575,25,,,,,,,,25,25,25,1,0,,11,11,21.5,5,28,14,31.66666667,26,11.66666667
,55,577 (pvp),,,,,,,,,,,,0,,,,,,41,,7,,,
23/Jul/25,56,301,21,13,,,,,,,13,21,17,2,8,20,,29,,5,25,11.5,16,,21.5
,56,308,13,,,,,,,,13,13,13,1,0,29,,36.6,33.33333333,8,6,15.66666667,32,22,19
,56,316,11,17,20,,,,,,11,20,16,3,9,30,25.5,20,11,18,29.5,12,33,36.5,37
,56,326,,,,,,,,,,,,0,,31,,39,9.666666667,36,11.5,32,37,32.5,13
,56,335,20,30,26,,,,,,20,30,25.33333333,3,10,23,18,24.5,21,15,24,16.66666667,15,28,20
,56,372 (750),40,,,,,,,,40,40,40,1,0,30,,26,,4,19,20,14,37,19
,56,379,29,,,,,,,,29,29,29,1,0,35,20,25,29.75,23,12.4,8,26,26.5,7
,56,380,24,13,,,,,,,13,24,18.5,2,11,44,24,16,25,22.5,28.33333333,25.33333333,36,15,11.5
,56,381 (500),31,,,,,,,,31,31,31,1,0,29,16,31.66666667,21,25,10,42,37,41,13
,56,382,10,12,,,,,,,10,12,11,2,2,10,28.5,10,8,25.5,26.25,15,15,20,25.5
,56,383,25,25,30,,,,,,25,30,26.66666667,3,5,10.5,34,31.5,13,26.5,10,28,29,16,31.5
,56,384,17,13,6,,,,,,6,17,12,3,11,25,21.33333333,27,24,24,26,9,24.5,14,28
,56,393 (750),0,,,,,,,,0,0,0,0,0,28.66666667,11,31,6,37,23,39.5,16,35.5,25
,56,397,40,,,,,,,,40,40,40,1,0,38,28,15.33333333,20,25.33333333,26.5,32,20,10.5,40
,56,398,16,10,,,,,,,10,16,13,2,6,28,30.5,5,35,16,18,13,10.25,25.5,27
,56,399,28,26,,,,,,,26,28,27,2,2,17,25,22,24,35,10.5,8.5,33,43.5,9.75
,56,413 (500),8,7,,,,,,,7,8,7.5,2,1,11,,25.66666667,,36,41.5,11,17.66666667,17,18.66666667
,56,414 (750),26,18,17,,,,,,17,26,20.33333333,3,9,27,25,8,10.5,15,21,21,21,33,36
,56,417,32,40,,,,,,,32,40,36,2,8,29.5,22.33333333,29,20.33333333,23.66666667,11,22.33333333,26,33,34
,56,418,25,,,,,,,,25,25,25,1,0,25.5,23,11,17.5,8,22,7,13,34,27.33333333
,56,419 (500),15,9,22,,,,,,9,22,15.33333333,3,13,15,18,34,,4,25,38,,35,18
,56,427 (500),10,,,,,,,,10,10,10,1,0,31,13,25,16.5,31,14,15,29,35,32
,56,430,10,,,,,,,,10,10,10,1,0,27.33333333,21.5,7,13,26,33,20,33,35.66666667,29.33333333
,56,431,5,,,,,,,,5,5,5,1,0,32,9,10,17.5,27.5,31,8.5,31.5,33.25,29
,56,432 (750),32,,,,,,,,32,32,32,1,0,,18,31.5,9,15,20,19,20,10,12
,56,433,19,,,,,,,,19,19,19,1,0,31.33333333,26,13,28.5,14,26.66666667,22,12.66666667,28,17.33333333
,56,434,44,,,,,,,,44,44,44,1,0,25.5,30,19,5.25,16,24,27.5,13,35.5,14
,56,435,34,38,,,,,,,34,38,36,2,4,13,13,23,9,35.5,19.25,28,24.5,22.66666667,10
,56,436,16,11,,,,,,,11,16,13.5,2,5,7,25.5,26.5,33.5,21,36,17.5,16,13,16.33333333
,56,437,38,39,,,,,,,38,39,38.5,2,1,,28,8,40,21.33333333,21.25,10.66666667,11,37,6.333333333
,56,451,33,,,,,,,,33,33,33,1,0,27.5,23,32.66666667,24,38.5,23.5,15.33333333,25.5,8,36
,56,452,34,29,25,,,,,,25,34,29.33333333,3,9,6,19,43.5,21.5,16,14,31,8,32.5,21
,56,453,29,,,,,,,,29,29,29,1,0,18,29,17.33333333,11,12.8,15.75,5,39,15,35
,56,454,19,,,,,,,,19,19,19,1,0,7.5,30,15.5,19,5.333333333,21.5,8.8,15.5,14,20.5
,56,455,20,,,,,,,,20,20,20,1,0,18,11,0,16.66666667,12,13,19,26.5,10.66666667,35
,56,456,9,,,,,,,,9,9,9,1,0,29.33333333,29,35.5,29,24.66666667,30,19.66666667,13,18.66666667,28
,56,468 (500),31,32,,,,,,,31,32,31.5,2,1,15,29,13,30.5,25,12.75,34.33333333,35,28,13.5
,56,469,10,14,,,,,,,10,14,12,2,4,26,17.66666667,25,28.5,40.33333333,19.2,17,8,23,29
,56,475,35,31,,,,,,,31,35,33,2,4,28,22,24.5,23,25,5,11,28,13,9
,56,476,39,33,,,,,,,33,39,36,2,6,3,26.5,16,26.5,10,30,11.5,25.5,15.66666667,31
,56,483,21,,,,,,,,21,21,21,1,0,35.5,,20,3,13.5,22.5,29.5,27,19,29
,56,497,17,9,,,,,,,9,17,13,2,8,18,18,10,32,32.33333333,25,14,,34,40.66666667
,56,498,45,,,,,,,,45,45,45,1,0,32,10,19.5,22,28,24,3,25.5,33.66666667,22
,56,499,14,13,,,,,,,13,14,13.5,2,1,43.5,9.333333333,31,29.66666667,20.33333333,5,24,42,18,13.5
,56,500,25,,,,,,,,25,25,25,1,0,11,36.5,13.5,28,19,13,36.33333333,27.33333333,8,4.5
,56,501,29,17,,,,,,,17,29,23,2,12,38,36.5,32.66666667,2.5,16,36,16,38.75,15.66666667,4
,56,530 (750),21,13,,,,,,,13,21,17,2,8,13,15,,14,30.5,30,2,33,33,22
,56,537,21,27,,,,,,,21,27,24,2,6,11,28,17.33333333,28,2,6.5,17,8,28,6.333333333
,56,544,13,31,15,,,,,,13,31,19.66666667,3,18,45,27,20,20.33333333,22,29,17,45,21.75,14
,56,545,24,,,,,,,,24,24,24,1,0,15,32.5,34,23.5,30,32,24,31.5,20.66666667,10
,56,546,23,,,,,,,,23,23,23,1,0,33,14.25,19,21.5,27,17.5,3,16,39,28.5
,56,547,16,,,,,,,,16,16,16,1,0,18,40,36.4,,5,14.66666667,18,12,27,24
,56,552,6,4,,,,,,,4,6,5,2,2,24,23,37,33,15.66666667,27.66666667,24.5,23,28.33333333,16
,56,553,30,,,,,,,,30,30,30,1,0,21,23.5,30,2.5,18.2,36,30,33,20,38.5
,56,554,8,,,,,,,,8,8,8,1,0,33,27.5,13.33333333,13,15.5,26.66666667,18.25,24.66666667,22,9.333333333
,56,555,13,,,,,,,,13,13,13,1,0,13.5,17,11,21.5,26.5,7,11.5,24,31.25,26.6
,56,561 (pvp),,,,,,,,,,,,0,,,,28,,27,,,,,
,56,571,26,35,24,,,,,,24,35,28.33333333,3,11,25,23,17,22,17,15.66666667,17.5,30.5,30,24
,56,575,21,36,35,,,,,,21,36,30.66666667,3,15,25,,11,11,21.5,5,28,14,31.66666667,26
,56,577 (pvp),21,,,,,,,,21,21,21,1,0,,,,,,41,,7,,
30/Jul/25,57,301,32,27,22,,,,,,22,32,27,3,10,17,20,,29,,5,25,11.5,16,
,57,308,9,22,,,,,,,9,22,15.5,2,13,13,29,,36.6,33.33333333,8,6,15.66666667,32,22
,57,316,23,,,,,,,,23,23,23,1,0,16,30,25.5,20,11,18,29.5,12,33,36.5
,57,326,31,20,25,28,,,,,20,31,26,4,11,,31,,39,9.666666667,36,11.5,32,37,32.5
,57,335,18,,,,,,,,18,18,18,1,0,25.33333333,23,18,24.5,21,15,24,16.66666667,15,28
,57,372 (750),,,,,,,,,,,,0,,40,30,,26,,4,19,20,14,37
,57,379,3,5,,,,,,,3,5,4,2,2,29,35,20,25,29.75,23,12.4,8,26,26.5
,57,380,26,26,,,,,,,26,26,26,2,0,18.5,44,24,16,25,22.5,28.33333333,25.33333333,36,15
,57,381 (500),13,2,3,,,,,,2,13,6,3,11,31,29,16,31.66666667,21,25,10,42,37,41
,57,382,3,8,9,,,,,,3,9,6.666666667,3,6,11,10,28.5,10,8,25.5,26.25,15,15,20
,57,383,26,20,9,18,,,,,9,26,18.25,4,17,26.66666667,10.5,34,31.5,13,26.5,10,28,29,16
,57,384,32,31,24,31,34,,,,24,34,30.4,5,10,12,25,21.33333333,27,24,24,26,9,24.5,14
,57,393 (750),,,,,,,,,,,,0,,0,28.66666667,11,31,6,37,23,39.5,16,35.5
,57,397,33,27,25,,,,,,25,33,28.33333333,3,8,40,38,28,15.33333333,20,25.33333333,26.5,32,20,10.5
,57,398,34,28,33,,,,,,28,34,31.66666667,3,6,13,28,30.5,5,35,16,18,13,10.25,25.5
,57,399,21,18,,,,,,,18,21,19.5,2,3,27,17,25,22,24,35,10.5,8.5,33,43.5
,57,413 (500),25,21,,,,,,,21,25,23,2,4,7.5,11,,25.66666667,,36,41.5,11,17.66666667,17
,57,414 (750),25,28,28,,,,,,25,28,27,3,3,20.33333333,27,25,8,10.5,15,21,21,21,33
,57,417,22,20,26,,,,,,20,26,22.66666667,3,6,36,29.5,22.33333333,29,20.33333333,23.66666667,11,22.33333333,26,33
,57,418,23,16,,,,,,,16,23,19.5,2,7,25,25.5,23,11,17.5,8,22,7,13,34
,57,419 (500),16,,,,,,,,16,16,16,1,0,15.33333333,15,18,34,,4,25,38,,35
,57,427 (500),30,,,,,,,,30,30,30,1,0,10,31,13,25,16.5,31,14,15,29,35
,57,430,30,27,,,,,,,27,30,28.5,2,3,10,27.33333333,21.5,7,13,26,33,20,33,35.66666667
,57,431,8,6,11,9,3,11,,,3,11,8,6,8,5,32,9,10,17.5,27.5,31,8.5,31.5,33.25
,57,432 (750),16,,,,,,,,16,16,16,1,0,32,,18,31.5,9,15,20,19,20,10
,57,433,10,15,13,10,,,,,10,15,12,4,5,19,31.33333333,26,13,28.5,14,26.66666667,22,12.66666667,28
,57,434,19,,,,,,,,19,19,19,1,0,44,25.5,30,19,5.25,16,24,27.5,13,35.5
,57,435,21,,,,,,,,21,21,21,1,0,36,13,13,23,9,35.5,19.25,28,24.5,22.66666667
,57,436,33,34,26,26,,,,,26,34,29.75,4,8,13.5,7,25.5,26.5,33.5,21,36,17.5,16,13
,57,437,26,28,,,,,,,26,28,27,2,2,38.5,,28,8,40,21.33333333,21.25,10.66666667,11,37
,57,451,30,35,26,35,32,,,,26,35,31.6,5,9,33,27.5,23,32.66666667,24,38.5,23.5,15.33333333,25.5,8
,57,452,26,35,22,32,27,,,,22,35,28.4,5,13,29.33333333,6,19,43.5,21.5,16,14,31,8,32.5
,57,453,25,,,,,,,,25,25,25,1,0,29,18,29,17.33333333,11,12.8,15.75,5,39,15
,57,454,18,,,,,,,,18,18,18,1,0,19,7.5,30,15.5,19,5.333333333,21.5,8.8,15.5,14
,57,455,12,,,,,,,,12,12,12,1,0,20,18,11,0,16.66666667,12,13,19,26.5,10.66666667
,57,456,38,31,37,30,,,,,30,38,34,4,8,9,29.33333333,29,35.5,29,24.66666667,30,19.66666667,13,18.66666667
,57,468 (500),28,40,,,,,,,28,40,34,2,12,31.5,15,29,13,30.5,25,12.75,34.33333333,35,28
,57,469,14,,,,,,,,14,14,14,1,0,12,26,17.66666667,25,28.5,40.33333333,19.2,17,8,23
,57,475,10,,,,,,,,10,10,10,1,0,33,28,22,24.5,23,25,5,11,28,13
,57,476,15,13,,,,,,,13,15,14,2,2,36,3,26.5,16,26.5,10,30,11.5,25.5,15.66666667
,57,483,24,26,18,,,,,,18,26,22.66666667,3,8,21,35.5,,20,3,13.5,22.5,29.5,27,19
,57,497,11,13,15,,,,,,11,15,13,3,4,13,18,18,10,32,32.33333333,25,14,,34
,57,498,10,2,,,,,,,2,10,6,2,8,45,32,10,19.5,22,28,24,3,25.5,33.66666667
,57,499,39,,,,,,,,39,39,39,1,0,13.5,43.5,9.333333333,31,29.66666667,20.33333333,5,24,42,18
,57,500,13,17,9,4,,,,,4,17,10.75,4,13,25,11,36.5,13.5,28,19,13,36.33333333,27.33333333,8
,57,501,4,3,,,,,,,3,4,3.5,2,1,23,38,36.5,32.66666667,2.5,16,36,16,38.75,15.66666667
,57,530 (750),15,13,18,,,,,,13,18,15.33333333,3,5,17,13,15,,14,30.5,30,2,33,33
,57,537,20,29,25,,,,,,20,29,24.66666667,3,9,24,11,28,17.33333333,28,2,6.5,17,8,28
,57,544,7,,,,,,,,7,7,7,1,0,19.66666667,45,27,20,20.33333333,22,29,17,45,21.75
,57,545,17,,,,,,,,17,17,17,1,0,24,15,32.5,34,23.5,30,32,24,31.5,20.66666667
,57,546,11,11,,,,,,,11,11,11,2,0,23,33,14.25,19,21.5,27,17.5,3,16,39
,57,547,21,11,14,23,,,,,11,23,17.25,4,12,16,18,40,36.4,,5,14.66666667,18,12,27
,57,552,13,22,,,,,,,13,22,17.5,2,9,5,24,23,37,33,15.66666667,27.66666667,24.5,23,28.33333333
,57,553,26,25,,,,,,,25,26,25.5,2,1,30,21,23.5,30,2.5,18.2,36,30,33,20
,57,554,40,31,32,,,,,,31,40,34.33333333,3,9,8,33,27.5,13.33333333,13,15.5,26.66666667,18.25,24.66666667,22
,57,555,25,31,28,37,28,,,,25,37,29.8,5,12,13,13.5,17,11,21.5,26.5,7,11.5,24,31.25
,57,561 (pvp),,,,,,,,,,,,0,,,,,28,,27,,,,
,57,571,15,5,,,,,,,5,15,10,2,10,28.33333333,25,23,17,22,17,15.66666667,17.5,30.5,30
,57,575,31,21,26,28,,,,,21,31,26.5,4,10,30.66666667,25,,11,11,21.5,5,28,14,31.66666667
,57,577 (pvp),,,,,,,,,,,,0,,21,,,,,,41,,7,
06/Aug/25,58,301,20,8,,,,,,,8,20,14,2,12,27,17,20,,29,,5,25,11.5,16
,58,308,,,,,,,,,,,,0,,15.5,13,29,,36.6,33.33333333,8,6,15.66666667,32
,58,316,20,,,,,,,,20,20,20,1,0,23,16,30,25.5,20,11,18,29.5,12,33
,58,326,34,10,,,,,,,10,34,22,2,24,26,,31,,39,9.666666667,36,11.5,32,37
,58,335,,,,,,,,,,,,0,,18,25.33333333,23,18,24.5,21,15,24,16.66666667,15
,58,372 (750),17,,,,,,,,17,17,17,1,0,,40,30,,26,,4,19,20,14
,58,379,17,14,1,11,,,,,1,17,10.75,4,16,4,29,35,20,25,29.75,23,12.4,8,26
,58,380,,,,,,,,,,,,0,,26,18.5,44,24,16,25,22.5,28.33333333,25.33333333,36
,58,381 (500),19,,,,,,,,19,19,19,1,0,6,31,29,16,31.66666667,21,25,10,42,37
,58,382,31,26,28,,,,,,26,31,28.33333333,3,5,6.666666667,11,10,28.5,10,8,25.5,26.25,15,15
,58,383,,,,,,,,,,,,0,,18.25,26.66666667,10.5,34,31.5,13,26.5,10,28,29
,58,384,,,,,,,,,,,,0,,30.4,12,25,21.33333333,27,24,24,26,9,24.5
,58,393 (750),23,5,,,,,,,5,23,14,2,18,,0,28.66666667,11,31,6,37,23,39.5,16
,58,397,,,,,,,,,,,,0,,28.33333333,40,38,28,15.33333333,20,25.33333333,26.5,32,20
,58,398,1,2,,,,,,,1,2,1.5,2,1,31.66666667,13,28,30.5,5,35,16,18,13,10.25
,58,399,5,16,,,,,,,5,16,10.5,2,11,19.5,27,17,25,22,24,35,10.5,8.5,33
,58,413 (500),,,,,,,,,,,,0,,23,7.5,11,,25.66666667,,36,41.5,11,17.66666667
,58,414 (750),,,,,,,,,,,,0,,27,20.33333333,27,25,8,10.5,15,21,21,21
,58,417,1,,,,,,,,1,1,1,1,0,22.66666667,36,29.5,22.33333333,29,20.33333333,23.66666667,11,22.33333333,26
,58,418,6,,,,,,,,6,6,6,1,0,19.5,25,25.5,23,11,17.5,8,22,7,13
,58,419 (500),22,,,,,,,,22,22,22,1,0,16,15.33333333,15,18,34,,4,25,38,
,58,427 (500),7,,,,,,,,7,7,7,1,0,30,10,31,13,25,16.5,31,14,15,29
,58,430,16,30,,,,,,,16,30,24,2,14,28.5,10,27.33333333,21.5,7,13,26,33,20,33
,58,431,,,,,,,,,,,,0,,8,5,32,9,10,17.5,27.5,31,8.5,31.5
,58,432 (750),20,25,,,,,,,20,25,22.5,2,5,16,32,,18,31.5,9,15,20,19,20
,58,433,12,,,,,,,,12,12,12,1,0,12,19,31.33333333,26,13,28.5,14,26.66666667,22,12.66666667
,58,434,4,,,,,,,,4,4,4,1,0,19,44,25.5,30,19,5.25,16,24,27.5,13
,58,435,19,18,5,,,,,,5,19,14,3,14,21,36,13,13,23,9,35.5,19.25,28,24.5
,58,436,21,6,,,,,,,6,21,13.5,2,15,29.75,13.5,7,25.5,26.5,33.5,21,36,17.5,16
,58,437,7,,,,,,,,7,7,7,1,0,27,38.5,,28,8,40,21.33333333,21.25,10.66666667,11
,58,451,,,,,,,,,,,,0,,31.6,33,27.5,23,32.66666667,24,38.5,23.5,15.33333333,25.5
,58,452,9,,,,,,,,9,9,9,1,0,28.4,29.33333333,6,19,43.5,21.5,16,14,31,8
,58,453,,,,,,,,,,,,0,,25,29,18,29,17.33333333,11,12.8,15.75,5,39
,58,454,1,6,,,,,,,1,6,3.5,2,5,18,19,7.5,30,15.5,19,5.333333333,21.5,8.8,15.5
,58,455,25,,,,,,,,25,25,25,1,0,12,20,18,11,0,16.66666667,12,13,19,26.5
,58,456,5,,,,,,,,5,5,5,1,0,34,9,29.33333333,29,35.5,29,24.66666667,30,19.66666667,13
,58,468 (500),4,,,,,,,,4,4,4,1,0,34,31.5,15,29,13,30.5,25,12.75,34.33333333,35
,58,469,5,,,,,,,,5,5,5,1,0,14,12,26,17.66666667,25,28.5,40.33333333,19.2,17,8
,58,475,,,,,,,,,,,,0,,10,33,28,22,24.5,23,25,5,11,28
,58,476,,,,,,,,,,,,0,,14,36,3,26.5,16,26.5,10,30,11.5,25.5
,58,483,28,28,8,,,,,,8,28,21.33333333,3,20,22.66666667,21,35.5,,20,3,13.5,22.5,29.5,27
,58,497,34,,,,,,,,34,34,34,1,0,13,13,18,18,10,32,32.33333333,25,14,
,58,498,19,15,,,,,,,15,19,17,2,4,6,45,32,10,19.5,22,28,24,3,25.5
,58,499,14,16,14,17,,,,,14,17,15.5,4,3,39,13.5,43.5,9.333333333,31,29.66666667,20.33333333,5,24,42
,58,500,,,,,,,,,,,,0,,10.75,25,11,36.5,13.5,28,19,13,36.33333333,27.33333333
,58,501,,,,,,,,,,,,0,,3.5,23,38,36.5,32.66666667,2.5,16,36,16,38.75
,58,530 (750),,,,,,,,,,,,0,,15.33333333,17,13,15,,14,30.5,30,2,33
,58,537,5,,,,,,,,5,5,5,1,0,24.66666667,24,11,28,17.33333333,28,2,6.5,17,8
,58,544,,,,,,,,,,,,0,,7,19.66666667,45,27,20,20.33333333,22,29,17,45
,58,545,,,,,,,,,,,,0,,17,24,15,32.5,34,23.5,30,32,24,31.5
,58,546,,,,,,,,,,,,0,,11,23,33,14.25,19,21.5,27,17.5,3,16
,58,547,,,,,,,,,,,,0,,17.25,16,18,40,36.4,,5,14.66666667,18,12
,58,552,12,,,,,,,,12,12,12,1,0,17.5,5,24,23,37,33,15.66666667,27.66666667,24.5,23
,58,553,6,,,,,,,,6,6,6,1,0,25.5,30,21,23.5,30,2.5,18.2,36,30,33
,58,554,21,,,,,,,,21,21,21,1,0,34.33333333,8,33,27.5,13.33333333,13,15.5,26.66666667,18.25,24.66666667
,58,555,83,,,,,,,,83,83,83,1,0,29.8,13,13.5,17,11,21.5,26.5,7,11.5,24
,58,561 (pvp),,,,,,,,,,,,0,,,,,,28,,27,,,
,58,571,30,26,,,,,,,26,30,28,2,4,10,28.33333333,25,23,17,22,17,15.66666667,17.5,30.5
,58,575,,,,,,,,,,,,0,,26.5,30.66666667,25,,11,11,21.5,5,28,14
,58,577 (pvp),,,,,,,,,,,,0,,,21,,,,,,41,,7
13/Aug/25,59,301,,,,,,,,,,,,0,,14,27,17,20,,29,,5,25,11.5
,59,308,25,27,28,21,,,,,21,28,25.25,4,7,,15.5,13,29,,36.6,33.33333333,8,6,15.66666667
,59,316,10,,,,,,,,10,10,10,1,0,20,23,16,30,25.5,20,11,18,29.5,12
,59,326,30,22,30,31,,,,,22,31,28.25,4,9,22,26,,31,,39,9.666666667,36,11.5,32
,59,335,12,14,,,,,,,12,14,13,2,2,,18,25.33333333,23,18,24.5,21,15,24,16.66666667
,59,372 (750),30,,,,,,,,30,30,30,1,0,17,,40,30,,26,,4,19,20
,59,379,18,25,19,,,,,,18,25,20.66666667,3,7,10.75,4,29,35,20,25,29.75,23,12.4,8
,59,380,4,11,,,,,,,4,11,7.5,2,7,,26,18.5,44,24,16,25,22.5,28.33333333,25.33333333
,59,381 (500),7,,,,,,,,7,7,7,1,0,19,6,31,29,16,31.66666667,21,25,10,42
,59,382,22,,,,,,,,22,22,22,1,0,28.33333333,6.666666667,11,10,28.5,10,8,25.5,26.25,15
,59,383,6,,,,,,,,6,6,6,1,0,,18.25,26.66666667,10.5,34,31.5,13,26.5,10,28
,59,384,14,9,22,,,,,,9,22,15,3,13,,30.4,12,25,21.33333333,27,24,24,26,9
,59,393 (750),27,,,,,,,,27,27,27,1,0,14,,0,28.66666667,11,31,6,37,23,39.5
,59,397,24,15,18,17,25,16,,,15,25,19.16666667,6,10,,28.33333333,40,38,28,15.33333333,20,25.33333333,26.5,32
,59,398,34,22,36,,,,,,22,36,30.66666667,3,14,1.5,31.66666667,13,28,30.5,5,35,16,18,13
,59,399,21,21,,,,,,,21,21,21,2,0,10.5,19.5,27,17,25,22,24,35,10.5,8.5
,59,413 (500),10,25,,,,,,,10,25,17.5,2,15,,23,7.5,11,,25.66666667,,36,41.5,11
,59,414 (750),12,,,,,,,,12,12,12,1,0,,27,20.33333333,27,25,8,10.5,15,21,21
,59,417,20,19,15,,,,,,15,20,18,3,5,1,22.66666667,36,29.5,22.33333333,29,20.33333333,23.66666667,11,22.33333333
,59,418,8,26,,,,,,,8,26,17,2,18,6,19.5,25,25.5,23,11,17.5,8,22,7
,59,419 (500),29,41,28,,,,,,28,41,32.66666667,3,13,22,16,15.33333333,15,18,34,,4,25,38
,59,427 (500),11,,,,,,,,11,11,11,1,0,7,30,10,31,13,25,16.5,31,14,15
,59,430,32,31,25,,,,,,25,32,29.33333333,3,7,24,28.5,10,27.33333333,21.5,7,13,26,33,20
,59,431,1,7,,,,,,,1,7,4,2,6,,8,5,32,9,10,17.5,27.5,31,8.5
,59,432 (750),21,12,13,14,,,,,12,21,15,4,9,22.5,16,32,,18,31.5,9,15,20,19
,59,433,26,17,27,,,,,,17,27,23.33333333,3,10,12,12,19,31.33333333,26,13,28.5,14,26.66666667,22
,59,434,4,10,,,,,,,4,10,7,2,6,4,19,44,25.5,30,19,5.25,16,24,27.5
,59,435,24,12,12,10,15,,,,10,24,14.6,5,14,14,21,36,13,13,23,9,35.5,19.25,28
,59,436,17,14,24,,,,,,14,24,18.33333333,3,10,13.5,29.75,13.5,7,25.5,26.5,33.5,21,36,17.5
,59,437,7,11,,,,,,,7,11,9,2,4,7,27,38.5,,28,8,40,21.33333333,21.25,10.66666667
,59,451,25,35,39,30,33,26,,,25,39,31.33333333,6,14,,31.6,33,27.5,23,32.66666667,24,38.5,23.5,15.33333333
,59,452,1,1,4,,,,,,1,4,2,3,3,9,28.4,29.33333333,6,19,43.5,21.5,16,14,31
,59,453,28,26,29,40,,,,,26,40,30.75,4,14,,25,29,18,29,17.33333333,11,12.8,15.75,5
,59,454,18,9,,,,,,,9,18,13.5,2,9,3.5,18,19,7.5,30,15.5,19,5.333333333,21.5,8.8
,59,455,10,,,,,,,,10,10,10,1,0,25,12,20,18,11,0,16.66666667,12,13,19
,59,456,28,32,29,26,36,,,,26,36,30.2,5,10,5,34,9,29.33333333,29,35.5,29,24.66666667,30,19.66666667
,59,468 (500),15,21,,,,,,,15,21,18,2,6,4,34,31.5,15,29,13,30.5,25,12.75,34.33333333
,59,469,23,38,,,,,,,23,38,30.5,2,15,5,14,12,26,17.66666667,25,28.5,40.33333333,19.2,17
,59,475,,,,,,,,,,,,0,,,10,33,28,22,24.5,23,25,5,11
,59,476,,,,,,,,,,,,0,,,14,36,3,26.5,16,26.5,10,30,11.5
,59,483,11,,,,,,,,11,11,11,1,0,21.33333333,22.66666667,21,35.5,,20,3,13.5,22.5,29.5
,59,497,6,,,,,,,,6,6,6,1,0,34,13,13,18,18,10,32,32.33333333,25,14
,59,498,31,17,,,,,,,17,31,24,2,14,17,6,45,32,10,19.5,22,28,24,3
,59,499,12,,,,,,,,12,12,12,1,0,15.5,39,13.5,43.5,9.333333333,31,29.66666667,20.33333333,5,24
,59,500,,,,,,,,,,,,0,,,10.75,25,11,36.5,13.5,28,19,13,36.33333333
,59,501,,,,,,,,,,,,0,,,3.5,23,38,36.5,32.66666667,2.5,16,36,16
,59,530 (750),8,,,,,,,,8,8,8,1,0,,15.33333333,17,13,15,,14,30.5,30,2
,59,537,16,13,,,,,,,13,16,14.5,2,3,5,24.66666667,24,11,28,17.33333333,28,2,6.5,17
,59,544,,,,,,,,,,,,0,,,7,19.66666667,45,27,20,20.33333333,22,29,17
,59,545,,,,,,,,,,,,0,,,17,24,15,32.5,34,23.5,30,32,24
,59,546,,,,,,,,,,,,0,,,11,23,33,14.25,19,21.5,27,17.5,3
,59,547,,,,,,,,,,,,0,,,17.25,16,18,40,36.4,,5,14.66666667,18
,59,552,22,26,16,17,,,,,16,26,20.25,4,10,12,17.5,5,24,23,37,33,15.66666667,27.66666667,24.5
,59,553,10,7,10,,,,,,7,10,9,3,3,6,25.5,30,21,23.5,30,2.5,18.2,36,30
,59,554,31,20,,,,,,,20,31,25.5,2,11,21,34.33333333,8,33,27.5,13.33333333,13,15.5,26.66666667,18.25
,59,555,6,,,,,,,,6,6,6,1,0,83,29.8,13,13.5,17,11,21.5,26.5,7,11.5
,59,561 (pvp),,,,,,,,,,,,0,,,,,,,28,,27,,
,59,571,19,6,14,12,,,,,6,19,12.75,4,13,28,10,28.33333333,25,23,17,22,17,15.66666667,17.5
,59,575,,,,,,,,,,,,0,,,26.5,30.66666667,25,,11,11,21.5,5,28
,59,577 (pvp),,,,,,,,,,,,0,,,,21,,,,,,41,
18/Aug/25,60,301,15,10,,,,,,,10,15,12.5,2,5,,14,27,17,20,,29,,5,25
,60,308,16,,,,,,,,16,16,16,1,0,25.25,,15.5,13,29,,36.6,33.33333333,8,6
,60,316,30,,,,,,,,30,30,30,1,0,10,20,23,16,30,25.5,20,11,18,29.5
,60,326,4,,,,,,,,4,4,4,1,0,28.25,22,26,,31,,39,9.666666667,36,11.5
,60,335,,,,,,,,,,,,0,,13,,18,25.33333333,23,18,24.5,21,15,24
,60,372 (750),,,,,,,,,,,,0,,30,17,,40,30,,26,,4,19
,60,379,12,,,,,,,,12,12,12,1,0,20.66666667,10.75,4,29,35,20,25,29.75,23,12.4
,60,380,26,24,,,,,,,24,26,25,2,2,7.5,,26,18.5,44,24,16,25,22.5,28.33333333
,60,381 (500),12,,,,,,,,12,12,12,1,0,7,19,6,31,29,16,31.66666667,21,25,10
,60,382,22,,,,,,,,22,22,22,1,0,22,28.33333333,6.666666667,11,10,28.5,10,8,25.5,26.25
,60,383,31,27,,,,,,,27,31,29,2,4,6,,18.25,26.66666667,10.5,34,31.5,13,26.5,10
,60,384,,,,,,,,,,,,0,,15,,30.4,12,25,21.33333333,27,24,24,26
,60,393 (750),,,,,,,,,,,,0,,27,14,,0,28.66666667,11,31,6,37,23
,60,397,30,34,21,,,,,,21,34,28.33333333,3,13,19.16666667,,28.33333333,40,38,28,15.33333333,20,25.33333333,26.5
,60,398,,,,,,,,,,,,0,,30.66666667,1.5,31.66666667,13,28,30.5,5,35,16,18
,60,399,,,,,,,,,,,,0,,21,10.5,19.5,27,17,25,22,24,35,10.5
,60,413 (500),,,,,,,,,,,,0,,17.5,,23,7.5,11,,25.66666667,,36,41.5
,60,414 (750),,,,,,,,,,,,0,,12,,27,20.33333333,27,25,8,10.5,15,21
,60,417,23,,,,,,,,23,23,23,1,0,18,1,22.66666667,36,29.5,22.33333333,29,20.33333333,23.66666667,11
,60,418,2,,,,,,,,2,2,2,1,0,17,6,19.5,25,25.5,23,11,17.5,8,22
,60,419 (500),22,,,,,,,,22,22,22,1,0,32.66666667,22,16,15.33333333,15,18,34,,4,25
,60,427 (500),27,,,,,,,,27,27,27,1,0,11,7,30,10,31,13,25,16.5,31,14
,60,430,3,7,,,,,,,3,7,5,2,4,29.33333333,24,28.5,10,27.33333333,21.5,7,13,26,33
,60,431,,,,,,,,,,,,0,,4,,8,5,32,9,10,17.5,27.5,31
,60,432 (750),,,,,,,,,,,,0,,15,22.5,16,32,,18,31.5,9,15,20
,60,433,,,,,,,,,,,,0,,23.33333333,12,12,19,31.33333333,26,13,28.5,14,26.66666667
,60,434,7,,,,,,,,7,7,7,1,0,7,4,19,44,25.5,30,19,5.25,16,24
,60,435,32,,,,,,,,32,32,32,1,0,14.6,14,21,36,13,13,23,9,35.5,19.25
,60,436,7,,,,,,,,7,7,7,1,0,18.33333333,13.5,29.75,13.5,7,25.5,26.5,33.5,21,36
,60,437,30,,,,,,,,30,30,30,1,0,9,7,27,38.5,,28,8,40,21.33333333,21.25
,60,451,,,,,,,,,,,,0,,31.33333333,,31.6,33,27.5,23,32.66666667,24,38.5,23.5
,60,452,,,,,,,,,,,,0,,2,9,28.4,29.33333333,6,19,43.5,21.5,16,14
,60,453,31,,,,,,,,31,31,31,1,0,30.75,,25,29,18,29,17.33333333,11,12.8,15.75
,60,454,32,,,,,,,,32,32,32,1,0,13.5,3.5,18,19,7.5,30,15.5,19,5.333333333,21.5
,60,455,,,,,,,,,,,,0,,10,25,12,20,18,11,0,16.66666667,12,13
,60,456,12,,,,,,,,12,12,12,1,0,30.2,5,34,9,29.33333333,29,35.5,29,24.66666667,30
,60,468 (500),27,,,,,,,,27,27,27,1,0,18,4,34,31.5,15,29,13,30.5,25,12.75
,60,469,5,,,,,,,,5,5,5,1,0,30.5,5,14,12,26,17.66666667,25,28.5,40.33333333,19.2
,60,475,,,,,,,,,,,,0,,,,10,33,28,22,24.5,23,25,5
,60,476,,,,,,,,,,,,0,,,,14,36,3,26.5,16,26.5,10,30
,60,483,42,,,,,,,,42,42,42,1,0,11,21.33333333,22.66666667,21,35.5,,20,3,13.5,22.5
,60,497,16,,,,,,,,16,16,16,1,0,6,34,13,13,18,18,10,32,32.33333333,25
,60,498,,,,,,,,,,,,0,,24,17,6,45,32,10,19.5,22,28,24
,60,499,,,,,,,,,,,,0,,12,15.5,39,13.5,43.5,9.333333333,31,29.66666667,20.33333333,5
,60,500,,,,,,,,,,,,0,,,,10.75,25,11,36.5,13.5,28,19,13
,60,501,,,,,,,,,,,,0,,,,3.5,23,38,36.5,32.66666667,2.5,16,36
,60,530 (750),23,,,,,,,,23,23,23,1,0,8,,15.33333333,17,13,15,,14,30.5,30
,60,537,26,,,,,,,,26,26,26,1,0,14.5,5,24.66666667,24,11,28,17.33333333,28,2,6.5
,60,544,,,,,,,,,,,,0,,,,7,19.66666667,45,27,20,20.33333333,22,29
,60,545,,,,,,,,,,,,0,,,,17,24,15,32.5,34,23.5,30,32
,60,546,,,,,,,,,,,,0,,,,11,23,33,14.25,19,21.5,27,17.5
,60,547,,,,,,,,,,,,0,,,,17.25,16,18,40,36.4,,5,14.66666667
,60,552,12,11,5,,,,,,5,12,9.333333333,3,7,20.25,12,17.5,5,24,23,37,33,15.66666667,27.66666667
,60,553,35,,,,,,,,35,35,35,1,0,9,6,25.5,30,21,23.5,30,2.5,18.2,36
,60,554,25,,,,,,,,25,25,25,1,0,25.5,21,34.33333333,8,33,27.5,13.33333333,13,15.5,26.66666667
,60,555,,,,,,,,,,,,0,,6,83,29.8,13,13.5,17,11,21.5,26.5,7
,60,561 (pvp),,,,,,,,,,,,0,,,,,,,,28,,27,
,60,571,24,,,,,,,,24,24,24,1,0,12.75,28,10,28.33333333,25,23,17,22,17,15.66666667
,60,575,,,,,,,,,,,,0,,,,26.5,30.66666667,25,,11,11,21.5,5
,60,577 (pvp),,,,,,,,,,,,0,,,,,21,,,,,,41
20/Aug/25,61,301,25,18,28,31,,,,,18,31,25.5,4,13,12.5,,14,27,17,20,,29,,5
,61,308,21,23,,,,,,,21,23,22,2,2,16,25.25,,15.5,13,29,,36.6,33.33333333,8
,61,316,19,22,15,,,,,,15,22,18.66666667,3,7,30,10,20,23,16,30,25.5,20,11,18
,61,326,23,23,22,23,,,,,22,23,22.75,4,1,4,28.25,22,26,,31,,39,9.666666667,36
,61,335,29,19,,,,,,,19,29,24,2,10,,13,,18,25.33333333,23,18,24.5,21,15
,61,372 (750),19,17,,,,,,,17,19,18,2,2,,30,17,,40,30,,26,,4
,61,379,13,6,,,,,,,6,13,9.5,2,7,12,20.66666667,10.75,4,29,35,20,25,29.75,23
,61,380,5,10,,,,,,,5,10,7.5,2,5,25,7.5,,26,18.5,44,24,16,25,22.5
,61,381 (500),29,35,28,,,,,,28,35,30.66666667,3,7,12,7,19,6,31,29,16,31.66666667,21,25
,61,382,9,,,,,,,,9,9,9,1,0,22,22,28.33333333,6.666666667,11,10,28.5,10,8,25.5
,61,383,38,36,37,36,,,,,36,38,36.75,4,2,29,6,,18.25,26.66666667,10.5,34,31.5,13,26.5
,61,384,30,31,37,,,,,,30,37,32.66666667,3,7,,15,,30.4,12,25,21.33333333,27,24,24
,61,393 (750),5,,,,,,,,5,5,5,1,0,,27,14,,0,28.66666667,11,31,6,37
,61,397,4,6,5,,,,,,4,6,5,3,2,28.33333333,19.16666667,,28.33333333,40,38,28,15.33333333,20,25.33333333
,61,398,19,,,,,,,,19,19,19,1,0,,30.66666667,1.5,31.66666667,13,28,30.5,5,35,16
,61,399,0,5,,,,,,,0,5,2.5,1,5,,21,10.5,19.5,27,17,25,22,24,35
,61,413 (500),13,,,,,,,,13,13,13,1,0,,17.5,,23,7.5,11,,25.66666667,,36
,61,414 (750),15,12,22,,,,,,12,22,16.33333333,3,10,,12,,27,20.33333333,27,25,8,10.5,15
,61,417,13,16,,,,,,,13,16,14.5,2,3,23,18,1,22.66666667,36,29.5,22.33333333,29,20.33333333,23.66666667
,61,418,14,,,,,,,,14,14,14,1,0,2,17,6,19.5,25,25.5,23,11,17.5,8
,61,419 (500),41,33,,,,,,,33,41,37,2,8,22,32.66666667,22,16,15.33333333,15,18,34,,4
,61,427 (500),19,,,,,,,,19,19,19,1,0,27,11,7,30,10,31,13,25,16.5,31
,61,430,26,33,26,32,26,37,30,26,26,37,29.5,8,11,5,29.33333333,24,28.5,10,27.33333333,21.5,7,13,26
,61,431,28,29,25,34,,,,,25,34,29,4,9,,4,,8,5,32,9,10,17.5,27.5
,61,432 (750),11,,,,,,,,11,11,11,1,0,,15,22.5,16,32,,18,31.5,9,15
,61,433,20,27,24,32,21,31,,,20,32,25.83333333,6,12,,23.33333333,12,12,19,31.33333333,26,13,28.5,14
,61,434,14,,,,,,,,14,14,14,1,0,7,7,4,19,44,25.5,30,19,5.25,16
,61,435,3,12,,,,,,,3,12,7.5,2,9,32,14.6,14,21,36,13,13,23,9,35.5
,61,436,24,14,10,23,22,24,,,10,24,19.5,6,14,7,18.33333333,13.5,29.75,13.5,7,25.5,26.5,33.5,21
,61,437,22,17,20,15,,,,,15,22,18.5,4,7,30,9,7,27,38.5,,28,8,40,21.33333333
,61,451,36,40,32,31,,,,,31,40,34.75,4,9,,31.33333333,,31.6,33,27.5,23,32.66666667,24,38.5
,61,452,21,,,,,,,,21,21,21,1,0,,2,9,28.4,29.33333333,6,19,43.5,21.5,16
,61,453,3,4,,,,,,,3,4,3.5,2,1,31,30.75,,25,29,18,29,17.33333333,11,12.8
,61,454,37,37,27,26,27,,,,26,37,30.8,5,11,32,13.5,3.5,18,19,7.5,30,15.5,19,5.333333333
,61,455,34,20,27,,,,,,20,34,27,3,14,,10,25,12,20,18,11,0,16.66666667,12
,61,456,22,11,27,,,,,,11,27,20,3,16,12,30.2,5,34,9,29.33333333,29,35.5,29,24.66666667
,61,468 (500),13,21,,,,,,,13,21,17,2,8,27,18,4,34,31.5,15,29,13,30.5,25
,61,469,35,42,,,,,,,35,42,38.5,2,7,5,30.5,5,14,12,26,17.66666667,25,28.5,40.33333333
,61,475,,,,,,,,,,,,0,,,,,10,33,28,22,24.5,23,25
,61,476,,,,,,,,,,,,0,,,,,14,36,3,26.5,16,26.5,10
,61,483,11,14,20,,,,,,11,20,15,3,9,42,11,21.33333333,22.66666667,21,35.5,,20,3,13.5
,61,497,38,31,,,,,,,31,38,34.5,2,7,16,6,34,13,13,18,18,10,32,32.33333333
,61,498,22,13,22,9,20,,,,9,22,17.2,5,13,,24,17,6,45,32,10,19.5,22,28
,61,499,16,22,20,21,,,,,16,22,19.75,4,6,,12,15.5,39,13.5,43.5,9.333333333,31,29.66666667,20.33333333
,61,500,,,,,,,,,,,,0,,,,,10.75,25,11,36.5,13.5,28,19
,61,501,,,,,,,,,,,,0,,,,,3.5,23,38,36.5,32.66666667,2.5,16
,61,530 (750),31,19,23,,,,,,19,31,24.33333333,3,12,23,8,,15.33333333,17,13,15,,14,30.5
,61,537,33,37,25,32,32,,,,25,37,31.8,5,12,26,14.5,5,24.66666667,24,11,28,17.33333333,28,2
,61,544,,,,,,,,,,,,0,,,,,7,19.66666667,45,27,20,20.33333333,22
,61,545,,,,,,,,,,,,0,,,,,17,24,15,32.5,34,23.5,30
,61,546,,,,,,,,,,,,0,,,,,11,23,33,14.25,19,21.5,27
,61,547,,,,,,,,,,,,0,,,,,17.25,16,18,40,36.4,,5
,61,552,25,37,31,33,28,34,,,25,37,31.33333333,6,12,9.333333333,20.25,12,17.5,5,24,23,37,33,15.66666667
,61,553,20,,,,,,,,20,20,20,1,0,35,9,6,25.5,30,21,23.5,30,2.5,18.2
,61,554,39,37,,,,,,,37,39,38,2,2,25,25.5,21,34.33333333,8,33,27.5,13.33333333,13,15.5
,61,555,14,14,,,,,,,14,14,14,2,0,,6,83,29.8,13,13.5,17,11,21.5,26.5
,61,561 (pvp),,,,,,,,,,,,0,,,,,,,,,28,,27
,61,571,13,16,15,,,,,,13,16,14.66666667,3,3,24,12.75,28,10,28.33333333,25,23,17,22,17
,61,575,,,,,,,,,,,,0,,,,,26.5,30.66666667,25,,11,11,21.5
,61,577 (pvp),32,,,,,,,,32,32,32,1,0,,,,,21,,,,,
27/Aug/25,62,301,6,5,,,,,,,5,6,5.5,2,1,25.5,12.5,,14,27,17,20,,29,
,62,308,16,9,16,12,,,,,9,16,13.25,4,7,22,16,25.25,,15.5,13,29,,36.6,33.33333333
,62,316,15,21,20,,,,,,15,21,18.66666667,3,6,18.66666667,30,10,20,23,16,30,25.5,20,11
,62,326,22,31,33,26,,,,,22,33,28,4,11,22.75,4,28.25,22,26,,31,,39,9.666666667
,62,335,8,19,13,,,,,,8,19,13.33333333,3,11,24,,13,,18,25.33333333,23,18,24.5,21
,62,372 (750),21,22,,,,,,,21,22,21.5,2,1,18,,30,17,,40,30,,26,
,62,379,20,19,13,17,,,,,13,20,17.25,4,7,9.5,12,20.66666667,10.75,4,29,35,20,25,29.75
,62,380,16,6,,,,,,,6,16,11,2,10,7.5,25,7.5,,26,18.5,44,24,16,25
,62,381 (500),14,,,,,,,,14,14,14,1,0,30.66666667,12,7,19,6,31,29,16,31.66666667,21
,62,382,10,14,17,,,,,,10,17,13.66666667,3,7,9,22,22,28.33333333,6.666666667,11,10,28.5,10,8
,62,383,13,13,,,,,,,13,13,13,2,0,36.75,29,6,,18.25,26.66666667,10.5,34,31.5,13
,62,384,15,,,,,,,,15,15,15,1,0,32.66666667,,15,,30.4,12,25,21.33333333,27,24
,62,393 (750),19,10,12,8,,,,,8,19,12.25,4,11,5,,27,14,,0,28.66666667,11,31,6
,62,397,8,18,11,,,,,,8,18,12.33333333,3,10,5,28.33333333,19.16666667,,28.33333333,40,38,28,15.33333333,20
,62,398,15,12,,,,,,,12,15,13.5,2,3,19,,30.66666667,1.5,31.66666667,13,28,30.5,5,35
,62,399,28,31,27,40,31,35,,,27,40,32,6,13,2.5,,21,10.5,19.5,27,17,25,22,24
,62,413 (500),29,,,,,,,,29,29,29,1,0,13,,17.5,,23,7.5,11,,25.66666667,
,62,414 (750),12,30,35,43,34,,,,12,43,30.8,5,31,16.33333333,,12,,27,20.33333333,27,25,8,10.5
,62,417,13,,,,,,,,13,13,13,1,0,14.5,23,18,1,22.66666667,36,29.5,22.33333333,29,20.33333333
,62,418,10,,,,,,,,10,10,10,1,0,14,2,17,6,19.5,25,25.5,23,11,17.5
,62,419 (500),38,30,30,33,37,31,,,30,38,33.16666667,6,8,37,22,32.66666667,22,16,15.33333333,15,18,34,
,62,427 (500),15,10,,,,,,,10,15,12.5,2,5,19,27,11,7,30,10,31,13,25,16.5
,62,430,25,23,23,26,28,30,,,23,30,25.83333333,6,7,29.5,5,29.33333333,24,28.5,10,27.33333333,21.5,7,13
,62,431,16,18,,,,,,,16,18,17,2,2,29,,4,,8,5,32,9,10,17.5
,62,432 (750),16,26,31,,,,,,16,31,24.33333333,3,15,11,,15,22.5,16,32,,18,31.5,9
,62,433,9,14,,,,,,,9,14,11.5,2,5,25.83333333,,23.33333333,12,12,19,31.33333333,26,13,28.5
,62,434,25,27,19,,,,,,19,27,23.66666667,3,8,14,7,7,4,19,44,25.5,30,19,5.25
,62,435,19,23,24,,,,,,19,24,22,3,5,7.5,32,14.6,14,21,36,13,13,23,9
,62,436,15,26,23,19,24,18,,,15,26,20.83333333,6,11,19.5,7,18.33333333,13.5,29.75,13.5,7,25.5,26.5,33.5
,62,437,23,22,25,16,25,,,,16,25,22.2,5,9,18.5,30,9,7,27,38.5,,28,8,40
,62,451,16,18,8,12,13,12,19,,8,19,14,7,11,34.75,,31.33333333,,31.6,33,27.5,23,32.66666667,24
,62,452,3,12,12,10,13,,,,3,13,10,5,10,21,,2,9,28.4,29.33333333,6,19,43.5,21.5
,62,453,34,30,29,34,,,,,29,34,31.75,4,5,3.5,31,30.75,,25,29,18,29,17.33333333,11
,62,454,39,38,36,31,,,,,31,39,36,4,8,30.8,32,13.5,3.5,18,19,7.5,30,15.5,19
,62,455,16,14,14,7,,,,,7,16,12.75,4,9,27,,10,25,12,20,18,11,0,16.66666667
,62,456,31,31,31,,,,,,31,31,31,3,0,20,12,30.2,5,34,9,29.33333333,29,35.5,29
,62,468 (500),24,23,33,34,30,,,,23,34,28.8,5,11,17,27,18,4,34,31.5,15,29,13,30.5
,62,469,31,33,38,28,31,25,,,25,38,31,6,13,38.5,5,30.5,5,14,12,26,17.66666667,25,28.5
,62,475,,,,,,,,,,,,0,,,,,,10,33,28,22,24.5,23
,62,476,,,,,,,,,,,,0,,,,,,14,36,3,26.5,16,26.5
,62,483,11,7,6,,,,,,6,11,8,3,5,15,42,11,21.33333333,22.66666667,21,35.5,,20,3
,62,497,38,37,42,40,,,,,37,42,39.25,4,5,34.5,16,6,34,13,13,18,18,10,32
,62,498,19,6,15,,,,,,6,19,13.33333333,3,13,17.2,,24,17,6,45,32,10,19.5,22
,62,499,28,32,19,29,21,24,31,22,19,32,25.75,8,13,19.75,,12,15.5,39,13.5,43.5,9.333333333,31,29.66666667
,62,500,,,,,,,,,,,,0,,,,,,10.75,25,11,36.5,13.5,28
,62,501,,,,,,,,,,,,0,,,,,,3.5,23,38,36.5,32.66666667,2.5
,62,530 (750),6,,,,,,,,6,6,6,1,0,24.33333333,23,8,,15.33333333,17,13,15,,14
,62,537,34,27,28,27,29,,,,27,34,29,5,7,31.8,26,14.5,5,24.66666667,24,11,28,17.33333333,28
,62,544,,,,,,,,,,,,0,,,,,,7,19.66666667,45,27,20,20.33333333
,62,545,,,,,,,,,,,,0,,,,,,17,24,15,32.5,34,23.5
,62,546,,,,,,,,,,,,0,,,,,,11,23,33,14.25,19,21.5
,62,547,,,,,,,,,,,,0,,,,,,17.25,16,18,40,36.4,
,62,552,29,32,,,,,,,29,32,30.5,2,3,31.33333333,9.333333333,20.25,12,17.5,5,24,23,37,33
,62,553,25,19,24,,,,,,19,25,22.66666667,3,6,20,35,9,6,25.5,30,21,23.5,30,2.5
,62,554,11,11,15,21,,,,,11,21,14.5,4,10,38,25,25.5,21,34.33333333,8,33,27.5,13.33333333,13
,62,555,17,26,26,24,,,,,17,26,23.25,4,9,14,,6,83,29.8,13,13.5,17,11,21.5
,62,561 (pvp),,,,,,,,,,,,0,,,,,,,,,,28,
,62,571,22,30,36,25,29,30,33,,22,36,29.28571429,7,14,14.66666667,24,12.75,28,10,28.33333333,25,23,17,22
,62,575,,,,,,,,,,,,0,,,,,,26.5,30.66666667,25,,11,11
,62,577 (pvp),,,,,,,,,,,,0,,32,,,,,21,,,,
03/Sep/25,63,301,26,,,,,,,,26,26,26,1,0,5.5,25.5,12.5,,14,27,17,20,,29
,63,308,11,,,,,,,,11,11,11,1,0,13.25,22,16,25.25,,15.5,13,29,,36.6
,63,316,19,13,,,,,,,13,19,16,2,6,18.66666667,18.66666667,30,10,20,23,16,30,25.5,20
,63,326,32,26,22,,,,,,22,32,26.66666667,3,10,28,22.75,4,28.25,22,26,,31,,39
,63,335,23,,,,,,,,23,23,23,1,0,13.33333333,24,,13,,18,25.33333333,23,18,24.5
,63,372 (750),,,,,,,,,,,,0,,21.5,18,,30,17,,40,30,,26
,63,379,30,,,,,,,,30,30,30,1,0,17.25,9.5,12,20.66666667,10.75,4,29,35,20,25
,63,380,19,,,,,,,,19,19,19,1,0,11,7.5,25,7.5,,26,18.5,44,24,16
,63,381 (500),42,,,,,,,,42,42,42,1,0,14,30.66666667,12,7,19,6,31,29,16,31.66666667
,63,382,18,,,,,,,,18,18,18,1,0,13.66666667,9,22,22,28.33333333,6.666666667,11,10,28.5,10
,63,383,18,10,,,,,,,10,18,14,2,8,13,36.75,29,6,,18.25,26.66666667,10.5,34,31.5
,63,384,24,,,,,,,,24,24,24,1,0,15,32.66666667,,15,,30.4,12,25,21.33333333,27
,63,393 (750),,,,,,,,,,,,0,,12.25,5,,27,14,,0,28.66666667,11,31
,63,397,25,,,,,,,,25,25,25,1,0,12.33333333,5,28.33333333,19.16666667,,28.33333333,40,38,28,15.33333333
,63,398,36,27,,,,,,,27,36,31.5,2,9,13.5,19,,30.66666667,1.5,31.66666667,13,28,30.5,5
,63,399,27,,,,,,,,27,27,27,1,0,32,2.5,,21,10.5,19.5,27,17,25,22
,63,413 (500),18,,,,,,,,18,18,18,1,0,29,13,,17.5,,23,7.5,11,,25.66666667
,63,414 (750),18,,,,,,,,18,18,18,1,0,30.8,16.33333333,,12,,27,20.33333333,27,25,8
,63,417,17,18,,,,,,,17,18,17.5,2,1,13,14.5,23,18,1,22.66666667,36,29.5,22.33333333,29
,63,418,14,,,,,,,,14,14,14,1,0,10,14,2,17,6,19.5,25,25.5,23,11
,63,419 (500),31,,,,,,,,31,31,31,1,0,33.16666667,37,22,32.66666667,22,16,15.33333333,15,18,34
,63,427 (500),19,,,,,,,,19,19,19,1,0,12.5,19,27,11,7,30,10,31,13,25
,63,430,29,,,,,,,,29,29,29,1,0,25.83333333,29.5,5,29.33333333,24,28.5,10,27.33333333,21.5,7
,63,431,,,,,,,,,,,,0,,17,29,,4,,8,5,32,9,10
,63,432 (750),29,32,,,,,,,29,32,30.5,2,3,24.33333333,11,,15,22.5,16,32,,18,31.5
,63,433,9,,,,,,,,9,9,9,1,0,11.5,25.83333333,,23.33333333,12,12,19,31.33333333,26,13
,63,434,27,20,,,,,,,20,27,23.5,2,7,23.66666667,14,7,7,4,19,44,25.5,30,19
,63,435,13,18,,,,,,,13,18,15.5,2,5,22,7.5,32,14.6,14,21,36,13,13,23
,63,436,16,,,,,,,,16,16,16,1,0,20.83333333,19.5,7,18.33333333,13.5,29.75,13.5,7,25.5,26.5
,63,437,17,26,16,,,,,,16,26,19.66666667,3,10,22.2,18.5,30,9,7,27,38.5,,28,8
,63,451,40,32,,,,,,,32,40,36,2,8,14,34.75,,31.33333333,,31.6,33,27.5,23,32.66666667
,63,452,24,21,,,,,,,21,24,22.5,2,3,10,21,,2,9,28.4,29.33333333,6,19,43.5
,63,453,21,18,25,11,,,,,11,25,18.75,4,14,31.75,3.5,31,30.75,,25,29,18,29,17.33333333
,63,454,23,15,27,,,,,,15,27,21.66666667,3,12,36,30.8,32,13.5,3.5,18,19,7.5,30,15.5
,63,455,18,21,,,,,,,18,21,19.5,2,3,12.75,27,,10,25,12,20,18,11,0
,63,456,10,,,,,,,,10,10,10,1,0,31,20,12,30.2,5,34,9,29.33333333,29,35.5
,63,468 (500),41,33,,,,,,,33,41,37,2,8,28.8,17,27,18,4,34,31.5,15,29,13
,63,469,4,,,,,,,,4,4,4,1,0,31,38.5,5,30.5,5,14,12,26,17.66666667,25
,63,475,,,,,,,,,,,,0,,,,,,,10,33,28,22,24.5
,63,476,,,,,,,,,,,,0,,,,,,,14,36,3,26.5,16
,63,483,,,,,,,,,,,,0,,8,15,42,11,21.33333333,22.66666667,21,35.5,,20
,63,497,18,15,,,,,,,15,18,16.5,2,3,39.25,34.5,16,6,34,13,13,18,18,10
,63,498,23,26,,,,,,,23,26,24.5,2,3,13.33333333,17.2,,24,17,6,45,32,10,19.5
,63,499,38,29,,,,,,,29,38,33.5,2,9,25.75,19.75,,12,15.5,39,13.5,43.5,9.333333333,31
,63,500,,,,,,,,,,,,0,,,,,,,10.75,25,11,36.5,13.5
,63,501,,,,,,,,,,,,0,,,,,,,3.5,23,38,36.5,32.66666667
,63,530 (750),29,30,27,,,,,,27,30,28.66666667,3,3,6,24.33333333,23,8,,15.33333333,17,13,15,
,63,537,31,25,28,,,,,,25,31,28,3,6,29,31.8,26,14.5,5,24.66666667,24,11,28,17.33333333
,63,544,,,,,,,,,,,,0,,,,,,,7,19.66666667,45,27,20
,63,545,,,,,,,,,,,,0,,,,,,,17,24,15,32.5,34
,63,546,,,,,,,,,,,,0,,,,,,,11,23,33,14.25,19
,63,547,,,,,,,,,,,,0,,,,,,,17.25,16,18,40,36.4
,63,552,13,20,,,,,,,13,20,16.5,2,7,30.5,31.33333333,9.333333333,20.25,12,17.5,5,24,23,37
,63,553,,,,,,,,>.>,,,,0,,22.66666667,20,35,9,6,25.5,30,21,23.5,30
,63,554,24,,,,,,,,24,24,24,1,0,14.5,38,25,25.5,21,34.33333333,8,33,27.5,13.33333333
,63,555,5,,,,,,,,5,5,5,1,0,23.25,14,,6,83,29.8,13,13.5,17,11
,63,561 (pvp),,,,,,,,,,,,0,,,,,,,,,,,28
,63,571,31,19,,,,,,,19,31,25,2,12,29.28571429,14.66666667,24,12.75,28,10,28.33333333,25,23,17
,63,575,,,,,,,,,,,,0,,,,,,,26.5,30.66666667,25,,11
,63,577 (pvp),,,,,,,,,,,,0,,,32,,,,,21,,,
10/Sep/25,64,301,36,28,,,,,,,28,36,32,2,8,26,5.5,25.5,12.5,,14,27,17,20,
,64,308,21,14,,,,,,,14,21,18,2,7,11,13.25,22,16,25.25,,15.5,13,29,
,64,316,14,27,15,25,22,,,,14,27,21,5,13,16,18.66666667,18.66666667,30,10,20,23,16,30,25.5
,64,326,15,,,,,,,,15,15,15,1,0,26.66666667,28,22.75,4,28.25,22,26,,31,
,64,335,44,31,39,34,39,33,39,,31,44,37,7,13,23,13.33333333,24,,13,,18,25.33333333,23,18
,64,372 (750),26,21,,,,,,,21,26,24,2,5,,21.5,18,,30,17,,40,30,
,64,379,17,18,27,,,,,,17,27,21,3,10,30,17.25,9.5,12,20.66666667,10.75,4,29,35,20
,64,380,10,11,20,11,,,,,10,20,13,4,10,19,11,7.5,25,7.5,,26,18.5,44,24
,64,381 (500),13,10,,,,,,,10,13,12,2,3,42,14,30.66666667,12,7,19,6,31,29,16
,64,382,27,38,,,,,,,27,38,33,2,11,18,13.66666667,9,22,22,28.33333333,6.666666667,11,10,28.5
,64,383,26,27,18,29,,,,,18,29,25,4,11,14,13,36.75,29,6,,18.25,26.66666667,10.5,34
,64,384,19,16,17,12,,,,,12,19,16,4,7,24,15,32.66666667,,15,,30.4,12,25,21.33333333
,64,393 (750),31,23,21,23,,,,,21,31,25,4,10,,12.25,5,,27,14,,0,28.66666667,11
,64,397,21,9,21,,,,,,9,21,17,3,12,25,12.33333333,5,28.33333333,19.16666667,,28.33333333,40,38,28
,64,398,29,17,,,,,,,17,29,23,2,12,31.5,13.5,19,,30.66666667,1.5,31.66666667,13,28,30.5
,64,399,15,27,,,,,,,15,27,21,2,12,27,32,2.5,,21,10.5,19.5,27,17,25
,64,413 (500),25,28,,,,,,,25,28,27,2,3,18,29,13,,17.5,,23,7.5,11,
,64,414 (750),9,5,15,11,3,4,,,3,15,8,6,12,18,30.8,16.33333333,,12,,27,20.33333333,27,25
,64,417,34,31,30,25,,,,,25,34,30,4,9,17.5,13,14.5,23,18,1,22.66666667,36,29.5,22.33333333
,64,418,35,39,40,30,,,,,30,40,36,4,10,14,10,14,2,17,6,19.5,25,25.5,23
,64,419 (500),22,22,18,20,,,,,18,22,21,4,4,31,33.16666667,37,22,32.66666667,22,16,15.33333333,15,18
,64,427 (500),14,21,19,29,,,,,14,29,21,4,15,19,12.5,19,27,11,7,30,10,31,13
,64,430,17,7,12,10,,,,,7,17,12,4,10,29,25.83333333,29.5,5,29.33333333,24,28.5,10,27.33333333,21.5
,64,431,31,37,,,,,,,31,37,34,2,6,,17,29,,4,,8,5,32,9
,64,432 (750),33,29,,,,,,,29,33,31,2,4,30.5,24.33333333,11,,15,22.5,16,32,,18
,64,433,11,16,17,24,11,,,,11,24,16,5,13,9,11.5,25.83333333,,23.33333333,12,12,19,31.33333333,26
,64,434,28,30,22,36,26,,,,22,36,28,5,14,23.5,23.66666667,14,7,7,4,19,44,25.5,30
,64,435,19,22,21,16,,,,,16,22,20,4,6,15.5,22,7.5,32,14.6,14,21,36,13,13
,64,436,6,,,,,,,,6,6,6,1,0,16,20.83333333,19.5,7,18.33333333,13.5,29.75,13.5,7,25.5
,64,437,15,17,20,,,,,,15,20,17,3,5,19.66666667,22.2,18.5,30,9,7,27,38.5,,28
,64,451,30,35,25,33,32,,,,25,35,31,5,10,36,14,34.75,,31.33333333,,31.6,33,27.5,23
,64,452,34,39,42,37,,,,,34,42,38,4,8,22.5,10,21,,2,9,28.4,29.33333333,6,19
,64,453,18,18,22,29,,,,,18,29,22,4,11,18.75,31.75,3.5,31,30.75,,25,29,18,29
,64,454,30,31,33,26,19,20,,,19,33,27,6,14,21.66666667,36,30.8,32,13.5,3.5,18,19,7.5,30
,64,455,24,15,20,24,29,19,,,15,29,22,6,14,19.5,12.75,27,,10,25,12,20,18,11
,64,456,35,29,30,31,23,,,,23,35,30,5,12,10,31,20,12,30.2,5,34,9,29.33333333,29
,64,468 (500),15,18,,,,,,,15,18,17,2,3,37,28.8,17,27,18,4,34,31.5,15,29
,64,469,17,32,18,28,21,22,,,17,32,23,6,15,4,31,38.5,5,30.5,5,14,12,26,17.66666667
,64,475,,,,,,,,,,,,0,,,,,,,,10,33,28,22
,64,476,,,,,,,,,,,,0,,,,,,,,14,36,3,26.5
,64,483,35,36,31,40,,,,,31,40,36,4,9,,8,15,42,11,21.33333333,22.66666667,21,35.5,
,64,497,23,30,31,20,,,,,20,31,26,4,11,16.5,39.25,34.5,16,6,34,13,13,18,18
,64,498,32,39,32,41,44,,,,32,44,38,5,12,24.5,13.33333333,17.2,,24,17,6,45,32,10
,64,499,35,39,38,43,38,,,,35,43,39,5,8,33.5,25.75,19.75,,12,15.5,39,13.5,43.5,9.333333333
,64,500,,,,,,,,,,,,0,,,,,,,,10.75,25,11,36.5
,64,501,,,,,,,,,,,,0,,,,,,,,3.5,23,38,36.5
,64,530 (750),14,5,6,,,,,,5,14,8,3,9,28.66666667,6,24.33333333,23,8,,15.33333333,17,13,15
,64,537,20,13,12,24,15,16,11,,11,24,16,7,13,28,29,31.8,26,14.5,5,24.66666667,24,11,28
,64,544,,,,,,,,,,,,0,,,,,,,,7,19.66666667,45,27
,64,545,,,,,,,,,,,,0,,,,,,,,17,24,15,32.5
,64,546,,,,,,,,,,,,0,,,,,,,,11,23,33,14.25
,64,547,,,,,,,,,,,,0,,,,,,,,17.25,16,18,40
,64,552,31,29,28,34,28,40,,,28,40,32,6,12,16.5,30.5,31.33333333,9.333333333,20.25,12,17.5,5,24,23
,64,553,14,7,,,,,,,7,14,11,2,7,,22.66666667,20,35,9,6,25.5,30,21,23.5
,64,554,17,15,,,,,,,15,17,16,2,2,24,14.5,38,25,25.5,21,34.33333333,8,33,27.5
,64,555,30,40,36,45,,,,,30,45,38,4,15,5,23.25,14,,6,83,29.8,13,13.5,17
,64,561 (pvp),17,,,,,,,,17,17,17,1,0,,,,,,,,,,
,64,571,16,11,13,11,4,,,,4,16,11,5,12,25,29.28571429,14.66666667,24,12.75,28,10,28.33333333,25,23
,64,575,,,,,,,,,,,,0,,,,,,,,26.5,30.66666667,25,
,64,577 (pvp),,,,,,,,,,,,0,,,,32,,,,,21,,
17/Sep/25,65,301,,,,,,,,,,,,0,,32,26,5.5,25.5,12.5,,14,27,17,20
,65,308,38,,,,,,,,38,38,38,1,0,18,11,13.25,22,16,25.25,,15.5,13,29
,65,316,,,,,,,,,,,,0,,21,16,18.66666667,18.66666667,30,10,20,23,16,30
,65,326,,,,,,,,,,,,0,,15,26.66666667,28,22.75,4,28.25,22,26,,31
,65,335,1,,,,,,,,1,1,1,1,0,37,23,13.33333333,24,,13,,18,25.33333333,23
,65,372 (750),26,,,,,,,,26,26,26,1,0,24,,21.5,18,,30,17,,40,30
,65,379,27,,,,,,,,27,27,27,1,0,21,30,17.25,9.5,12,20.66666667,10.75,4,29,35
,65,380,31,,,,,,,,31,31,31,1,0,13,19,11,7.5,25,7.5,,26,18.5,44
,65,381 (500),11,,,,,,,,11,11,11,1,0,12,42,14,30.66666667,12,7,19,6,31,29
,65,382,,,,,,,,,,,,0,,33,18,13.66666667,9,22,22,28.33333333,6.666666667,11,10
,65,383,,,,,,,,,,,,0,,25,14,13,36.75,29,6,,18.25,26.66666667,10.5
,65,384,32,27,,,,,,,27,32,30,2,5,16,24,15,32.66666667,,15,,30.4,12,25
,65,393 (750),40,29,,,,,,,29,40,35,2,11,25,,12.25,5,,27,14,,0,28.66666667
,65,397,37,,,,,,,,37,37,37,1,0,17,25,12.33333333,5,28.33333333,19.16666667,,28.33333333,40,38
,65,398,9,,,,,,,,9,9,9,1,0,23,31.5,13.5,19,,30.66666667,1.5,31.66666667,13,28
,65,399,13,,,,,,,,13,13,13,1,0,21,27,32,2.5,,21,10.5,19.5,27,17
,65,413 (500),41,,,,,,,,41,41,41,1,0,27,18,29,13,,17.5,,23,7.5,11
,65,414 (750),,,,,,,,,,,,0,,8,18,30.8,16.33333333,,12,,27,20.33333333,27
,65,417,42,,,,,,,,42,42,42,1,0,30,17.5,13,14.5,23,18,1,22.66666667,36,29.5
,65,418,30,,,,,,,,30,30,30,1,0,36,14,10,14,2,17,6,19.5,25,25.5
,65,419 (500),,,,,,,,,,,,0,,21,31,33.16666667,37,22,32.66666667,22,16,15.33333333,15
,65,427 (500),,,,,,,,,,,,0,,21,19,12.5,19,27,11,7,30,10,31
,65,430,27,24,,,,,,,24,27,26,2,3,12,29,25.83333333,29.5,5,29.33333333,24,28.5,10,27.33333333
,65,431,22,,,,,,,,22,22,22,1,0,34,,17,29,,4,,8,5,32
,65,432 (750),,,,,,,,,,,,0,,31,30.5,24.33333333,11,,15,22.5,16,32,
,65,433,9,14,,,,,,,9,14,12,2,5,16,9,11.5,25.83333333,,23.33333333,12,12,19,31.33333333
,65,434,,,,,,,,,,,,0,,28,23.5,23.66666667,14,7,7,4,19,44,25.5
,65,435,5,11,3,,,,,,3,11,6,3,8,20,15.5,22,7.5,32,14.6,14,21,36,13
,65,436,23,22,,,,,,,22,23,23,2,1,6,16,20.83333333,19.5,7,18.33333333,13.5,29.75,13.5,7
,65,437,,,,,,,,,,,,0,,17,19.66666667,22.2,18.5,30,9,7,27,38.5,
,65,451,19,26,,,,,,,19,26,23,2,7,31,36,14,34.75,,31.33333333,,31.6,33,27.5
,65,452,14,,,,,,,,14,14,14,1,0,38,22.5,10,21,,2,9,28.4,29.33333333,6
,65,453,35,,,,,,,,35,35,35,1,0,22,18.75,31.75,3.5,31,30.75,,25,29,18
,65,454,11,13,,,,,,,11,13,12,2,2,27,21.66666667,36,30.8,32,13.5,3.5,18,19,7.5
,65,455,34,,,,,,,,34,34,34,1,0,22,19.5,12.75,27,,10,25,12,20,18
,65,456,11,,,,,,,,11,11,11,1,0,30,10,31,20,12,30.2,5,34,9,29.33333333
,65,468 (500),9,9,,,,,,,9,9,9,2,0,17,37,28.8,17,27,18,4,34,31.5,15
,65,469,,,,,,,,,,,,0,,23,4,31,38.5,5,30.5,5,14,12,26
,65,475,,,,,,,,,,,,0,,,,,,,,,10,33,28
,65,476,,,,,,,,,,,,0,,,,,,,,,14,36,3
,65,483,,,,,,,,,,,,0,,36,,8,15,42,11,21.33333333,22.66666667,21,35.5
,65,497,29,,,,,,,,29,29,29,1,0,26,16.5,39.25,34.5,16,6,34,13,13,18
,65,498,,,,,,,,,,,,0,,38,24.5,13.33333333,17.2,,24,17,6,45,32
,65,499,16,,,,,,,,16,16,16,1,0,39,33.5,25.75,19.75,,12,15.5,39,13.5,43.5
,65,500,,,,,,,,,,,,0,,,,,,,,,10.75,25,11
,65,501,,,,,,,,,,,,0,,,,,,,,,3.5,23,38
,65,530 (750),,,,,,,,,,,,0,,8,28.66666667,6,24.33333333,23,8,,15.33333333,17,13
,65,537,,,,,,,,,,,,0,,16,28,29,31.8,26,14.5,5,24.66666667,24,11
,65,544,,,,,,,,,,,,0,,,,,,,,,7,19.66666667,45
,65,545,,,,,,,,,,,,0,,,,,,,,,17,24,15
,65,546,,,,,,,,,,,,0,,,,,,,,,11,23,33
,65,547,,,,,,,,,,,,0,,,,,,,,,17.25,16,18
,65,552,31,,,,,,,,31,31,31,1,0,32,16.5,30.5,31.33333333,9.333333333,20.25,12,17.5,5,24
,65,553,,,,,,,,,,,,0,,11,,22.66666667,20,35,9,6,25.5,30,21
,65,554,13,,,,,,,,13,13,13,1,0,16,24,14.5,38,25,25.5,21,34.33333333,8,33
,65,555,26,,,,,,,,26,26,26,1,0,38,5,23.25,14,,6,83,29.8,13,13.5
,65,561 (pvp),,,,,,,,,,,,0,,17,,,,,,,,,
,65,571,19,22,,,,,,,19,22,21,2,3,11,25,29.28571429,14.66666667,24,12.75,28,10,28.33333333,25
,65,575,,,,,,,,,,,,0,,,,,,,,,26.5,30.66666667,25
,65,577 (pvp),,,,,,,,,,,,0,,,,,32,,,,,21,