CXC_g,CRE_g,CN_g,CNumerical_Error_g,CXC_r,CRE_r,CN_r,CNumerical_Error_r,CXC_W1-fixBA,CRE_W1-fixBA,CN_W1-fixBA,CNumerical_Error_W1-fixBA,CXC_W2,CRE_W2,CN_W2,CNumerical_Error_W2,CXC_W3-fixBA,CRE_W3-fixBA,CN_W3-fixBA,CNumerical_Error_W3-fixBA,Vcosmic,logmstar,logsfr,Size Ratio,NUV_r,W1_W3,cluster_member,rich_group_memb,poor_group_memb,filament_member,pure_field,AVG_RE_gr,AVG_RE_W1W2,CRE_W3-fixBA_unscaled,CN_g_unscaled,CN_r_unscaled,CN_W1-fixBA_unscaled,CN_W2_unscaled,CN_W3-fixBA_unscaled,AVG_RE_gr_unscaled,AVG_RE_W1W2_unscaled,NUV_r_unscaled,W1_W3_unscaled
618.4471,3.1537402461941895,-0.3721981507612519,False,620.0802,3.247049638207493,0.17076798670473606,False,59.2713,2.695551586291234,-0.4713017535896848,False,59.2471,2.93532019749124,0.012087473739888539,False,59.4307,0.3509683131370904,-0.22674615504743803,False,2202.600664358308,9.789876666578706,-1.0836252482557123,0.9537437799958778,0.5158498019532889,0.6131363807804517,False,False,False,False,True,0.27907550297898537,0.44034779830205073,2.5708655590832854,0.9083,1.2166,0.8755,0.8544,0.6718,3.200394942200841,2.815435891891237,3.0736345684814452,0.5244779332153318
845.3353,4.702132237614999,-0.9879709663769243,False,847.024,4.52066899488396,-0.923769798599781,False,80.8153,3.794122342999619,-0.45958391301216567,False,80.874,3.6776046100233915,-0.04607178748259379,False,80.8697,0.993572487297516,-0.3947970117169973,False,1516.6975640757769,10.302613494540813,0.32093742788673646,0.8948626905874811,0.5535931466317119,1.6842468918677416,False,False,False,False,True,1.1195502603384402,1.1918665878850885,3.3952185282747176,0.6479,0.7692,0.8805,0.8366,0.5419,4.61140061624948,3.735863476511505,3.105911816589355,1.4095045732373048
628.6472,4.088125893727164,-0.6273513258953958,False,629.0544,4.23205559340473,-0.6179646507163106,False,59.9558,3.6287512310045487,-1.19101152186091,False,59.9315,4.075168271334352,-0.18885604115801347,False,59.9574,0.7585494520353919,-0.07538395158062937,False,2557.5892201592083,9.807128211289209,-1.9096864697976048,0.8525587301587302,1.2515758359459581,0.41194947210135957,False,False,True,False,False,0.8507245832245838,1.286657892778492,3.093723541567166,0.8004,0.8942,0.5684,0.7929,0.7888,4.160090743565947,3.85195975116945,3.702810703796386,0.3582431964990249
1544.0449,1.2028491588562158,3.4435123533764176,False,1543.4625,1.3200974710903104,2.7368401436245127,False,147.1519,1.110043110250447,3.6137718285450373,False,147.175,1.4000373056992717,1.028240858020336,False,147.0339,-0.9811019145396878,1.1646217922051496,False,2503.629374703005,9.035317397364844,-1.5485976620741932,0.7765858019423788,0.004496095708371133,-0.034563128615888304,False,True,False,False,False,-0.8758558443253798,-0.8336977596993741,0.8620437189644559,2.5219,2.2655,2.6186,1.1654,1.7473,1.261473314973263,1.2550402079748593,2.636336533874511,-0.010696835971680585
1322.0558,3.4225456683302666,0.038080587753798925,False,1321.533,3.141839733986936,-0.13283536411397306,False,126.0632,2.6282197710166684,0.5781480485329292,False,125.924,2.6184831041198025,0.04345426630931695,False,124.4301,-0.3377334619689068,0.1922813466867444,False,2359.9292832410447,9.54365800328154,-1.1519480853313762,0.6420228427217135,0.6511471084063187,0.395806253350724,False,True,False,False,False,0.32779887303837546,0.2835129977999603,1.6873771286855321,1.0818,1.0925,1.3233,0.864,0.9957,3.2821927011586016,2.6233514375682354,3.189337741210938,0.3449045367602537
605.4158,5.51703439677105,-1.0061793023225492,False,605.327,5.05489574775983,-0.9132501015125897,False,57.6668,3.4747212790472566,-0.397479357951314,False,57.7006,3.8164853573480517,-0.40482947749543347,False,57.9094,1.1068794845926162,-0.6829026759226238,False,3990.169964490687,10.026103823000632,-0.7680015545358657,1.0189514627384448,0.6115084689131752,1.1483174552815332,False,True,False,False,False,1.5213589900415239,1.1181701819352567,3.540572329893602,0.6402,0.7735,0.907,0.7268,0.3192,5.28596507226544,3.6456033181976544,3.15543968017578,0.9666820786010746
622.983,4.17254538056911,-0.6729904017071564,False,620.3499,4.184313025884383,-0.5413910416862896,False,58.8874,3.096102405570844,0.17692918715867387,False,58.8006,2.9832709348374937,1.04392425430505,False,58.467,-0.049743224686855866,0.409104468917831,False,1900.636167476704,9.777316150906758,-0.9469153900889719,0.664325609688658,0.5675069794112889,0.7242393924996544,False,False,False,False,True,0.8616480066503253,0.6234460412239173,2.0568201182393717,0.7811,0.9255,1.1521,1.1702,1.1633,4.178429203226747,3.039686670204169,3.1178106092529294,0.6162790351000975
530.7038,4.422922468223833,-0.7843686644394843,False,530.8677,4.336727694780262,-0.724629486298065,False,51.0128,3.4305059914327543,-0.6065256338542556,False,50.993,3.886910939965928,-0.28949116731826374,False,50.8151,0.7714452761140749,-0.770227024076552,False,3303.2068150055993,9.140217947789637,-2.123643806777407,0.9066495498152422,0.618174674249935,-2.048704293708623,False,False,True,False,False,0.9816107786219943,1.128870387744319,3.1102667127709975,0.734,0.8506,0.8178,0.7621,0.2517,4.379825081502048,3.658708465699341,3.161140467041017,-1.6749215536083977
597.0486,3.4394999641174038,-0.6741727611841452,False,598.0054,3.2497514656348776,-0.7349045392669495,False,56.9829,2.681543998298526,-0.7485458616537876,False,57.1594,3.023862929554238,-0.4708304368602728,False,57.9916,0.5708462865787811,-0.5231314611521035,False,1691.149493622289,8.872608384859427,-1.4041587239392428,1.0639139178947608,-0.6016265462665986,-1.6580333820673536,False,False,False,False,True,0.36498750595499924,0.47077635248114474,2.852931981236967,0.7806,0.8464,0.7572,0.7066,0.4427,3.3446257148761407,2.8527034639263817,2.1179942654418937,-1.3521218418090832
536.1022,3.509182030646461,0.0605454178165823,False,535.6229,3.4148866243558107,0.3493581930686832,False,51.2931,2.836752042113422,0.12419890455983783,False,51.2411,2.885633636444748,0.07253389692055812,False,51.7289,0.6001542448772134,-0.4273981016944638,False,2043.0144885027585,9.327612363193095,-1.0405253885723778,1.018957284476047,-0.04555190370674916,0.12267867132922736,False,False,False,False,True,0.43492271388705556,0.47770783214992457,2.8905291575637735,1.0913,1.2896,1.1296,0.8729,0.5167,3.4620343275011356,2.861192839279085,2.593536625488282,0.11922736926757871
1090.9995,5.072671978154135,0.5391645341015754,False,1091.0609,4.523984989271274,0.5316180612072317,False,103.9987,3.2600277922441263,0.36113364103727474,False,103.9519,3.1357115752819102,0.5619865559726834,False,103.6014,0.7106784346016709,-0.2409767895614114,False,2001.7537990623332,10.074977395942778,-0.467898470276666,0.9301494584757668,0.37536776294090807,0.9490175025907226,False,False,False,False,True,1.2308950670528456,0.7526006959395166,3.0323130855718228,1.2937,1.3641,1.2307,1.0227,0.6608,4.798328483712705,3.1978696837630185,2.9534975306396483,0.8020064772875966
372.8179,1.5732297356818297,-0.580766362502044,False,374.0095,1.4356035287576765,-0.323413132274952,False,35.7966,1.2738265276123968,-0.9233760430703731,False,36.0556,1.306140402351098,-0.507751765613871,False,36.1781,-0.7785149607230053,-0.34214366401529556,False,1795.3441379316107,8.959742402092244,-2.3758585348738945,0.880754678652142,2.011745452413123,1.0132657340078361,False,False,False,False,True,-0.7311450686210107,-0.8051669826467289,1.1219286739858303,0.8201,1.0146,0.6826,0.6953,0.5826,1.504416632219753,1.2899834649817474,4.352890433715821,0.8550928729394531
187.5478,2.4481065208729076,0.41407090143617914,False,187.1614,2.457409863178669,0.6483133056395636,False,18.0741,1.8834948953061268,0.07568704456890873,False,18.0189,2.1450358897730353,-0.34372957946956717,False,18.2288,-0.260440824185899,-0.4063108887328486,False,3169.556164076897,8.514801002405928,-0.8945264321467133,0.9485189339963012,-1.598288514659425,0.1762352855465007,False,False,False,False,True,-0.16625921661387744,-0.21379892000908618,1.7865305702832421,1.2408,1.4118,1.1089,0.7455,0.533,2.4527581920257884,2.0142653925395813,1.2656716663818361,0.16347960079833967
556.3973,1.9619604915984317,-0.5079330187195453,False,557.4573,1.9346872315458639,-0.5712376241197162,False,53.4996,1.6481080894199822,0.018972696173716105,False,53.4368,1.5683274099365667,0.0963857287702277,False,52.6304,-0.6331462337657554,0.5816832547509273,False,1267.3570622856998,8.762333752013541,-2.295504894378642,0.793887418778315,0.6887573063244042,-0.8116080145939664,False,False,True,False,False,-0.46672882441872054,-0.5453322618765715,1.30841227697729,0.8509,0.9133,1.0847,0.8802,1.2967,1.9483238615721477,1.6082177496782744,3.2215011252441403,-0.652745828549806
290.7944,1.490516531024611,-0.887233938937494,False,289.7106,1.5614439720669593,-0.9744111310892836,False,27.5653,1.5244801958970156,-0.31943853970503655,False,27.6342,1.6928480012357594,-0.4616817890275227,False,28.085,-0.6799726492218088,-0.39893683266651697,False,2623.5496944892234,9.366318168469583,-0.8350428184708704,0.8188639464219273,-0.21339579656235386,0.8135078009530267,False,False,True,False,False,-0.7183005577489631,-0.5449678230204011,1.2483418694543031,0.6905,0.7485,0.9403,0.7094,0.5387,1.5259802515457852,1.6086640985663876,2.450000353881837,0.6900388561230457
483.8517,2.5243052026069916,-0.18254769065227738,False,483.5678,2.3603603052524593,0.048201283433041586,False,46.0341,1.7757963761167574,0.5919751004144018,False,45.9014,2.0274167509130314,1.6062393585965777,False,46.8422,-0.08682898883922281,0.13820493553364516,False,1928.4635893063016,9.130963106102678,-0.6543643458857205,1.131461553512033,-0.9206831571078209,1.0993282365702604,False,True,False,False,False,-0.17246919699546776,-0.3057835891337133,2.009245326442105,0.9885,1.1665,1.3292,1.3423,0.9539,2.4423327539297253,1.9016065635148944,1.8451443239135727,0.9262037496289057
486.3516,2.674410717004405,1.5900456372490592,False,486.7026,2.588670827826649,1.073260139138434,False,46.8569,1.9761023247267313,0.8692192084785049,False,47.0256,2.7123344733882795,0.016661797656263404,False,47.391,0.15915702222445086,-0.5028204646185233,False,3005.7975407389818,9.585608924287845,-0.7541407187023018,1.176459303918882,-0.48031857613570555,-0.44007269108530084,False,False,True,False,False,-0.05976620341286645,0.05560400556700408,2.3248039654204944,1.7381,1.5855,1.4475,0.8558,0.4584,2.6315407724155273,2.3442183990575054,2.2217340765991214,-0.3457572819799797
437.6507,1.038996354743823,-0.018909139037052505,False,438.2889,1.11354930154329,-0.17418022010781858,False,42.0616,1.0269480840856813,0.2205195541070455,False,42.0504,1.1541573788214612,-0.09279523891413842,False,41.8234,-0.9814616445977764,-0.9479805860965478,False,1733.0934434162546,9.15783920558193,-1.0666942726163202,0.8389735169813616,-0.3649663720931532,0.33226228200105,False,False,False,False,True,-0.9861717254688067,-0.9679999376462091,0.8615822458626349,1.0577,1.0756,1.1707,0.8223,0.1143,1.0762728281435565,1.0905527314535712,2.3203806523437507,0.2924000501782231
355.6027,3.0772135297081875,-0.21967377822972012,False,355.9666,2.9248570711231885,-0.31142557047791963,False,34.0445,2.1756716360600246,-0.2882690837688357,False,34.0082,2.4655227175606726,-0.2770751452595315,False,33.9748,-0.32181834291165556,0.07429644962543704,False,3054.469309975978,9.211108347803926,-1.9767256943023501,0.7849500442645757,0.9722025410678423,-0.4966662313349256,False,True,False,False,False,0.16032562858913316,0.036317542787883086,1.7077935470304975,0.9728,1.0195,0.9536,0.7659,0.9045,3.001035300415688,2.320597176810349,3.4638970296020517,-0.3925188348315434
171.9833,1.2506797340669402,1.2431413667005984,False,170.9463,1.006009485162844,-0.6600434390650761,False,16.7621,0.9007873724168596,2.9629629628696246,False,16.7568,1.2165039114119498,0.5044807695953982,False,16.9009,-1.2631838119104415,1.788441061535877,False,2734.63261554712,9.400534687229507,-1.1451159041773773,0.5552699228791774,2.655707970608718,1.116911513926513,False,False,False,False,True,-0.9551548282994146,-0.9940517180472548,0.5001801348124465,1.5914,0.877,2.3409,1.0051,2.2295,1.1283446096148921,1.0586456419144046,4.903592501831055,0.9407322868041987
594.1429,3.5104420286477787,-0.5348908147948858,False,593.8385,3.399326913633632,-0.30041658515411485,False,57.0827,2.581167426761506,0.8420338183386603,False,57.1119,2.719718766602598,0.8067128854987461,False,56.8496,-0.19315933454746453,2.3413658971060824,False,2182.2222988363314,9.543198874111962,-1.0654351547889653,0.725579199098262,0.25210911867691016,0.7403637423777056,False,False,True,False,False,0.43066385518775285,0.3056330333195512,1.8728413942481352,0.8395,1.024,1.4359,1.0976,2.6569,3.4548844711407054,2.650443096682052,2.8480895474243173,0.6296021040527346
263.9245,3.496914604068461,0.7827305863612307,False,264.2227,3.5174668972458694,0.8574840267918576,False,25.5837,2.742018104226291,0.7332922577792828,False,25.5897,3.3264677135776557,0.6671960060493085,False,28.6543,-0.18100703592196102,-1.0268959229467642,False,3350.1272228252847,9.144309984826219,-1.07105322129841,0.6887010499900943,-0.2711252807530722,-0.2017594475516009,False,False,False,False,True,0.4618204326512798,0.6190012712355286,1.8884307474724948,1.3967,1.4973,1.3895,1.0549,0.0533,3.5071907506571653,3.034242908901973,2.4006314147949226,-0.14884616308593657
657.773,3.201944161334061,0.6320979889928805,False,657.5801,3.118920523974229,0.19621097500864126,False,62.9135,2.7757709486893667,1.3477758176643864,False,62.8887,2.6906825298976043,2.2054757916417036,False,62.4258,0.13420119847768688,-0.9785117655992545,False,1962.9036801641967,10.56691047987587,-0.7955085361644774,0.8260010956949381,1.1607055016841432,0.4954419115529259,False,False,True,False,False,0.25527151921392466,0.37322494813410567,2.292789845015595,1.333,1.227,1.6517,1.5257,0.0907,3.160432342654145,2.7332267392934853,3.6251004650878897,0.4272305067626956
752.2679,0.7610777382797045,1.4091446372698004,False,752.6339,0.7681952417278759,2.2453501099461994,False,71.842,0.5792886249024868,0.5005759439097528,False,71.8139,0.7442428410597529,0.12971294587524554,False,71.8714,-1.1795858166190052,0.5252781943137236,False,1386.7943368200783,8.94924060512871,-2.594242198745988,1.0485658831140825,2.0880511897358316,-0.0953117442204721,False,False,False,False,True,-1.1717999483028563,-1.318099708084863,0.6074222885488185,1.6616,2.0646,1.2902,0.8904,1.2531,0.7646364900037902,0.6617657329811198,4.418145361083985,-0.06089160354980372
377.5303,5.600877347761387,1.6186587365921838,False,377.5421,4.542303783374258,1.3049381191749512,False,35.9919,2.9095817859595714,0.09466994630448973,False,35.831,3.6333011735671223,0.824683443741648,False,35.8197,1.6383612264897398,-0.09595368692355453,False,2785.4732316881987,8.927429461273258,-0.6746761271241947,1.4511961639960675,-1.1490137825386193,0.3197196895655484,False,False,False,False,True,1.3936654131732271,0.8126712414136915,4.222373926617357,1.7502,1.6802,1.117,1.1031,0.7729,5.071590565567822,3.2714414797633466,1.649881177246094,0.28203648047607466
238.8805,0.5222402954951652,2.301353098605412,False,238.9841,0.5788925165290721,1.79985317050956,False,22.9908,0.5157021817458349,1.19075675392563,False,22.9336,0.6693568150352623,-0.05260653593455809,False,22.6208,-1.3218014458745955,0.43239096175887853,False,1311.261430261946,8.426177711461136,-2.298974878926766,0.8240872234183884,0.22750835613741008,0.0376952300438744,False,False,False,False,True,-1.2993121937955106,-1.3746303163415243,0.4249835790657303,2.0389,1.8825,1.5847,0.8346,1.1813,0.5505664060121187,0.5925294983905487,2.8270515360107407,0.049008088698730745
292.436,2.4865681337890484,-1.2830878918332835,False,293.4762,2.4831387270620517,-1.509937106062817,False,28.3489,2.285604564640961,-0.9301723906053342,False,28.3828,2.47133985617063,-0.8302416017183089,False,28.7148,0.025195443540973063,-0.4453804489439394,False,3363.474287558093,9.476678072975885,-0.31577700239665624,0.9419625102738818,-1.188918319013185,0.7573937601064312,False,False,False,False,True,-0.1471414779664964,0.08357185797952484,2.152953813202642,0.5231,0.5296,0.6797,0.5966,0.5028,2.48485343042555,2.3784722104057954,1.6157557271728518,0.6436734993139659
666.6,3.568076291266573,-0.31639078344738925,False,666.6661,3.3263803037193584,-0.41442074428507253,False,63.7942,2.485913882322844,-0.4614587675045685,False,63.8107,2.649932684379074,-0.35320496472491547,False,63.6424,0.14953501894070048,-0.4667264007148996,False,2317.0519221626405,9.800361337543597,-0.9721611904858458,0.9302255285563149,0.711791925535703,1.3203198447225144,False,True,False,False,False,0.4261034052850801,0.23825653215049286,2.3124605551292485,0.9319,0.9774,0.8797,0.7426,0.4863,3.4472282974929658,2.567923283350959,3.2411998065795906,1.1088025183007808
438.2213,4.2956195649945474,-0.5436402749246015,False,437.1537,4.518098345965563,0.40366918733278756,False,42.0794,3.4983683781630455,-0.14203043336139684,False,42.1355,3.5223260157246425,0.6629484195555322,False,42.465,1.2635398202863477,-0.2576654427641621,False,3071.003088505376,10.114536926062618,-0.9110810912076718,1.0695103435186941,0.6127308586751832,1.1196977906156151,False,False,True,False,False,0.9977136824515426,1.007735077395994,3.741541165884097,0.8358,1.3118,1.016,1.0536,0.6479,4.406858955480056,3.510347196943844,3.1564850400390636,0.9430345040551753
565.9806,5.297016793783509,-0.3956088684056266,False,567.8824,5.178701194470285,-0.20476073489616553,False,54.193,4.750085440027858,-0.16195076234317926,False,53.8173,5.050766912016759,0.061098087129620414,False,53.7015,3.6770011753775735,1.018563734329913,False,3784.35820373475,9.853882279052465,-0.3913945916579094,1.4394700579893207,-0.7729650033518113,-0.4974845114745107,False,True,False,False,False,1.4927042899969847,2.142718957972393,6.837605763811127,0.8984,1.0631,1.0075,0.8694,1.6344,5.237858994126897,4.900426176022309,1.971469522155763,-0.39319495528320303
576.1043,5.432895552213484,-0.24473979914187868,False,575.8253,5.4392924203856,-0.2845147174641745,False,55.1618,4.549706059046252,-0.6585528460184406,False,55.4359,4.924942943931809,0.16205995071246887,False,55.7273,1.5325404993095242,-0.42946801216922365,False,2611.553873339905,9.461725788791352,-1.5484802596228162,0.8982170927442705,0.7026635887996856,-0.5490184098798082,False,True,False,False,False,1.6107842594902284,2.0095482717909428,4.086623749197518,0.9622,1.0305,0.7956,0.9003,0.5151,5.436093986299542,4.737324501489031,3.2333934610595705,-0.43577587712158206
270.4534,1.8622139775723157,-0.23859152986153803,False,271.2147,1.7955556480782948,-0.10861559640160215,False,25.9753,1.5890263680431842,-0.5057522048875909,False,25.9468,1.847141811882852,-0.39372040512709433,False,25.7732,-0.057409015275026884,-0.5101945206848549,False,2812.413726637366,9.359356206518266,-0.9335269851475011,1.2882015306122447,-0.5293958875786672,0.0059451209896418875,False,False,False,False,True,-0.5378734749052827,-0.455627628457993,2.046986199496446,0.9648,1.1024,0.8608,0.7302,0.4527,1.8288848128253052,1.718084089963018,2.1797642784423825,0.022773921406249897
443.5578,2.5047546147498694,-0.6942728722929515,False,444.9365,2.5208147721991603,-0.9736771987343633,False,42.8715,2.221572875146224,-0.9540767853834733,False,42.9286,2.5989735781994385,-0.27086713423016534,False,43.357,-0.07703004715942295,0.1601977343279678,False,2038.8595161896417,8.943284726106597,-2.3253134340243027,0.9100830053903899,0.40599721232470243,-0.27585960514492386,False,False,False,False,True,-0.1305040384681399,0.10953703074471649,2.021815718906845,0.7721,0.7488,0.6695,0.7678,0.9709,2.512784693474515,2.4102732266728313,2.9796911376342763,-0.21007291123290983
625.6349,2.2031752050930646,-0.25443514685318563,False,628.0648,2.048450987627744,-0.3231684881566453,False,60.0369,1.746836749264347,-0.4443507202613906,False,60.1035,1.6221956057153868,0.08102906990811148,False,58.9025,-0.15488172163746441,-0.38211881005909376,False,788.3851926510907,9.155776519175168,-1.4107212419085025,1.1002431269870956,-0.07760099714841945,-0.2535255327297079,False,False,False,False,True,-0.3610062009833786,-0.4830354521392656,1.9219451273465782,0.9581,1.0147,0.887,0.8755,0.5517,2.125813096360404,1.684516177489867,2.566128971252441,-0.1916189339233405
611.6656,3.757744644081921,-1.2005592003394778,False,612.2963,3.508694012797793,-1.4238223764188318,False,58.5864,2.1246626023913175,-0.47200482402433586,False,58.5758,2.036564900162914,0.09050445516345976,False,58.5586,-0.22735062194017516,-0.4324435084766908,False,2202.600664358308,10.31555320618196,-0.16782136498220368,0.8608330220395966,2.2361820177350173,1.6725445290295116,False,False,True,False,False,0.5368901792018622,-0.15962622996544287,1.8289797288310319,0.558,0.5648,0.8752,0.8784,0.5128,3.633219328439857,2.0806137512771157,4.544823468933107,1.399835260168457
561.0622,3.7031896118261205,-0.9697626304312997,False,559.296,3.661116700543878,-0.7867690923479861,False,53.684,3.191829318963718,-0.7483115048422372,False,53.8501,3.3451052489095074,-0.49892985520371946,False,54.8301,0.8567977752289413,-0.27694148406036256,False,3150.8980733377493,9.426477502609009,-0.6313185256030743,1.008750555802579,-0.6405264652549651,0.669138445103195,False,False,False,False,True,0.566037933712841,0.8102428439112284,3.2197595995316175,0.6556,0.8252,0.7573,0.698,0.633,3.682153156184999,3.2684672839366127,2.084727941345214,0.5707507671655279
368.1763,1.5682705855297947,-1.3131198225487946,False,368.6225,1.554883277913024,-1.405963355782437,False,35.7715,1.5324300815369265,-1.0937534450675013,False,35.6372,1.66582380095115,-0.8384100372832645,False,36.9907,0.01409473461115608,-0.1281666686870036,False,1503.0212948193405,8.599073230163317,-1.9591198882767322,1.3956352712493374,0.3181028041401841,-0.09675741040375571,False,False,False,False,True,-0.6970971624092654,-0.5527548049043827,2.1387134725164327,0.5104,0.5721,0.6099,0.5941,0.748,1.5615769317214094,1.5991269412440383,2.9045258430786127,-0.062086114360351274
471.8669,3.8770599877826126,-0.8588573114897672,False,471.8078,3.6539973458482686,-0.9115375926844421,False,45.1401,2.515127757429676,-0.08226944641604904,False,45.181,2.7693824337133233,-0.17578654425408485,False,45.1185,-0.2013834016595404,0.19396314894748667,False,3490.513861478906,9.606103350169672,-0.9917440195154972,0.7404360654098114,0.10421763408918688,1.2201405422236358,False,False,False,False,True,0.6157011018741516,0.29894762233608374,1.8622913007142317,0.7025,0.7742,1.0415,0.7969,0.997,3.765528666815441,2.6422550955714996,2.7216161206054696,1.0260273512451175
991.3564,6.159311895737766,-1.021549975523401,False,994.3921,6.158834888786526,-0.004886490239529005,False,94.751,4.881545028534358,0.756727938934321,False,94.6641,5.24160754951494,1.1079647891343,False,94.769,2.4381037126805745,2.4195050175282637,False,2137.651565414153,9.6734844483308,-0.8224703236413329,1.0751327426646364,-0.03368814059222478,0.2321816640107645,False,False,True,False,False,2.0414316707502884,2.274296216073205,5.248308894969067,0.6337,1.1448,1.3995,1.1898,2.7173,6.159073392262146,5.061576289024649,2.603682245300293,0.20970642318603439
916.2559,3.739040385675244,0.08868557336891147,False,916.3651,3.8249683258981215,0.31217228708605294,False,87.4279,3.159085430218936,0.09279509181208688,False,87.4594,3.3099149896464017,0.5528379081399337,False,87.6111,0.33453551270540555,-0.06710430968159016,False,1573.6168209305781,9.406368516497302,-0.9289465921997394,0.8071276003805216,-0.30510814744819353,0.0949703173120423,False,False,False,False,True,0.6255149537566188,0.7825091093212851,2.5497850426896775,1.1032,1.2744,1.1162,1.0199,0.7952,3.7820043557866825,3.234500209932669,2.371570041748047,0.09633278350585783
666.0743,4.648861708107899,-0.7337636788243715,False,635.6177,5.90527200245388,0.6590776468450616,False,61.7683,3.988592893226716,0.005145644292243482,False,61.1977,5.512179165749136,2.6142243073120697,False,58.7737,0.9575431926195184,2.0096627435258285,False,1435.1555976814745,9.423880270138778,-1.6918689700050102,0.8396442300835618,0.8581487477008087,-1.0382619490689284,False,False,False,False,True,1.5160587089026374,2.020212862765673,3.3489990089501114,0.7554,1.4162,1.0788,1.6508,2.4005,5.277066855280889,4.750386029487926,3.366360825073242,-0.8400232084277341
527.5864,4.703548724068904,0.20313797074140974,False,529.3132,4.698623863654644,0.5362662994550603,False,50.2622,3.7254868765276226,0.3280893306086708,False,50.3341,4.247389671608072,1.1602427767500145,False,50.6427,1.180609610575686,0.3153116505302786,False,1806.753851799855,9.470528696821647,-0.5756439668646932,0.975753180483713,-0.820247607199519,-0.019313492723169578,False,False,True,False,False,1.1729721207293524,1.3964580969903344,3.6351556686221618,1.1516,1.366,1.2166,1.2058,1.0908,4.701086293861774,3.9864382740678472,1.9310345170288077,0.0019034829272452924
415.4841,2.4179918157263485,0.17854489362004655,False,416.0232,2.2741045357184606,0.46116055513487964,False,40.0165,1.9623901640938723,0.4462051636300637,False,39.9881,2.2430997943744675,0.07547453372394208,False,39.8833,0.14573329864099832,-0.3535281716264743,False,2919.3372477643566,9.313394897351955,-1.1161971547355556,1.1759045832216564,0.003810546934597755,0.059272907257391816,False,False,False,False,True,-0.22982173568091174,-0.14155633079664162,2.3075835880270827,1.1412,1.3353,1.267,0.8738,0.5738,2.3460481757224043,2.1027449792341697,2.6357502681884757,0.0668370792333981
315.438,3.2490581273588424,-0.7311624879749966,False,314.8467,3.2931391119140185,-0.44182088553543175,False,30.1364,2.6492443002637587,-0.6084004883466587,False,30.2296,3.109477339910888,-0.4620085264501209,False,30.4805,0.4825073290873324,-0.5891098575350714,False,3485.436945433817,9.67607045866743,0.24108607492744177,1.0341092253721438,-1.3744127376993205,2.1062594564974937,False,False,True,False,False,0.3211906108272687,0.49254178451545294,2.739607971167323,0.7565,0.9662,0.817,0.7093,0.3917,3.2710986196364304,2.8793608200873235,1.4571251281738267,1.7582009572753918
288.7605,2.573669067100384,-0.9274341611551071,False,288.789,2.750434329510748,-0.7552100010864122,False,27.5469,2.4616310514691535,-0.8162749801918483,False,27.5807,2.6975296245945346,-0.5273560109697639,False,26.8715,0.07117694810282053,-0.7202904338729723,False,2944.301929796041,9.378100099202353,-0.9859906847787421,0.8985669647667277,0.05989158591885681,0.4342151492419781,False,False,True,False,False,-0.04159217087289611,0.24777438642850905,2.2119403422941653,0.6735,0.8381,0.7283,0.6893,0.2903,2.662051698305566,2.5795803380318443,2.683709494506834,0.37664066083496195
481.1565,0.8951518542759287,-0.6900163781757924,False,480.8982,0.9914388624734883,-0.8997946750057169,False,45.8304,0.997611532704769,-1.0075101384169605,False,46.0425,1.3172780492072726,-0.39241345543670125,False,48.0021,-0.7870068981308922,1.2157227070507814,False,634.6221221007371,8.078261814457457,-2.238582531645791,1.1136949719773988,-0.2687269442114394,0.10704929539058607,False,False,False,False,True,-1.0653806249749005,-0.913383322031916,1.1110349479599677,0.7739,0.779,0.6467,0.7306,1.7868,0.9432953583747086,1.1574447909560208,2.4026824175415022,0.10631328250488359
278.5734,4.89819871414023,0.6748994020598685,False,278.7775,4.300208630076144,0.31779910180710874,False,26.9533,3.202244538595917,0.10591907325890791,False,27.0082,3.1641923594821075,0.26138812718232607,False,26.4462,0.29138457149396046,-0.5431837188763389,False,1758.574145975482,9.06009932474592,-1.4432495912073666,0.7789628867407414,-0.6535738690525837,-0.6736546989917305,False,False,True,False,False,1.1122850707958174,0.7406381272707118,2.4944296498344496,1.3511,1.2767,1.1218,0.9307,0.4272,4.599203672108187,3.1832184490390123,2.0735700989990224,-0.5387591221142571
601.0666,3.334404759608504,-0.5053318278701704,False,604.0139,3.315107112409978,-0.6103806830488006,False,58.1847,2.831866484266135,-0.6147281222585189,False,58.2003,2.9680520998634776,-0.34732369111814787,False,57.4971,0.24092517120218654,-0.6691895190273404,False,1597.3888968702327,8.836339494255235,-1.3455739461662144,0.8579849183926501,-0.6669228093319631,-0.8915075627973188,False,False,False,False,True,0.35315194222971263,0.5093602056345509,2.4296987344019607,0.852,0.8973,0.8143,0.7444,0.3298,3.324755936009241,2.899959292064806,2.0621543895263663,-0.7187644400317392
306.4246,0.7875126875250629,1.075009849072817,False,306.689,0.7328213900520075,2.645832531614392,False,29.4905,0.48859998117844566,0.7417291029950966,False,29.4281,0.8009527754761359,0.002285351061942091,False,29.2931,-1.1217530683231538,0.5446836050145963,False,2005.4163756853095,8.58499524393446,-2.287403011795209,1.3950306884567034,0.46543892715848706,0.10275430228452755,False,False,False,False,True,-1.1744622061482788,-1.331971325427264,0.6816119681232994,1.5203,2.2283,1.3931,0.8514,1.2681,0.7601670387885352,0.6447763783272907,3.03052433734131,0.10276445791748046
279.6069,0.9458380254790791,2.211257306458879,False,280.0215,1.056659375751046,2.3297523307620374,False,27.0211,0.8097634717542179,2.9200756663559044,False,27.0378,1.0742021410452025,0.230674809458094,False,27.1454,-1.2020294255370347,2.0914242072788394,False,2535.8327106429147,9.234661144143317,-1.2379912658219134,0.7145678176483864,-0.08397506803752086,1.0665838762306583,False,False,False,False,True,-1.0308603376695555,-1.08930561351965,0.5786309168227922,2.0008,2.0991,2.3226,0.9213,2.4637,1.0012487006150625,0.9419828063997102,2.560678011108399,0.899148062180176
523.2419,2.4116822754370624,-0.07637180961869934,False,523.0311,2.447758027948057,-0.24904132030969206,False,49.8091,2.139569041255901,-0.46356797880852196,False,49.8097,2.2947422048872714,-0.1176272830316029,False,49.5611,-0.17701155561682838,-0.29324202904909585,False,2122.9304477619703,9.69558610703373,-0.6381104252183301,0.8850176084663652,0.07594350537438697,0.9839155120922292,False,False,False,False,True,-0.17998197600119398,-0.04814132454432025,1.893556276040972,1.0334,1.045,0.8788,0.8147,0.6204,2.4297201516925595,2.2171556230715863,2.6974367301635755,0.8308416607470708
687.9683,4.10752122086391,-1.010672268335106,False,693.2886,3.9295128803354227,-0.6228575330824461,False,66.2276,3.3141945000729045,-0.373574963173175,False,66.3172,3.51985479161124,-0.1280828805547457,False,66.7399,0.7243878265463946,-0.16865929234949173,False,2036.5683456841036,9.289599121297531,-0.7677230297839727,0.9202537531553073,-0.8999092837403885,-0.21333960281935682,False,False,True,False,False,0.7663952871538613,0.9315382621150409,3.049899927378768,0.6383,0.8922,0.9172,0.8115,0.7167,4.018517050599666,3.4170246458420723,1.8629096669311522,-0.158414499687499
513.9102,6.402154150418557,0.4545075955491902,False,513.9766,6.609758086956005,1.1747874482357463,False,49.0763,4.734980686706903,0.0424083773287544,False,49.0972,5.118860836136124,0.5113422554699607,False,49.3285,2.486393088158266,-0.5427956106623214,False,3183.4570086332906,9.788226071033057,-1.0645279289720406,1.1214947610683788,0.5971151969138526,0.2374858687739698,False,False,False,False,True,2.248054635268787,2.1643514895071023,5.310256033901745,1.2579,1.627,1.0947,1.0072,0.4275,6.505956118687282,4.926920761421513,3.1431308820190456,0.21408912923828183
205.0617,0.7823450853287863,-0.4535444827780688,False,204.7986,0.809593035491809,-0.5793108800238398,False,19.3673,0.873358138586293,-0.7537017115078959,False,19.3175,0.9902292119557693,-0.7688149662698448,False,20.5866,-0.8867076133240002,-1.0038681689150617,False,1587.569802455344,8.143344855144013,-1.9117777254467665,1.1256959455033733,-0.6990110419683708,-1.9785599665916913,False,False,False,False,True,-1.1531364978333087,-1.0976249246970597,0.983135715578963,0.8739,0.91,0.755,0.6154,0.0711,0.7959690604102977,0.9317936752710312,2.034713264343262,-1.6169633900927742
533.1199,4.742508765041047,-0.7157918147741443,False,533.7402,4.64901138204379,-0.5817573212069076,False,51.0098,3.7718355496418603,-0.5509830695168147,False,50.8944,4.0909153310436945,-0.1957175270325763,False,50.5445,0.5004265239965899,0.07998870343102651,False,2930.2116402911474,9.422665367464452,-1.1382125596061856,0.732427287741791,-0.3334084529635707,-0.11541784676040164,False,False,False,False,True,1.169799522764024,1.3514999114214516,2.7625952814322554,0.763,0.909,0.8415,0.7908,0.9089,4.695760073542418,3.9313754403427774,2.347368265502931,-0.07750467586181742
508.49,3.5530497421676244,-0.3315249847528434,False,508.7219,3.477822111591571,-0.283046852754334,False,48.2585,2.9583337771654854,-0.5373903744468925,False,48.149,3.0605635111139393,-0.33850178070799597,False,48.4804,0.45521654964541414,-0.46996063583171177,False,3002.1997569065475,9.16793232263652,-0.7801720440354482,0.9142303402629223,-1.0104725958902996,-0.07391789247852033,False,False,False,False,True,0.46673172578949285,0.5987570324120874,2.704598495709298,0.9255,1.0311,0.8473,0.7471,0.4838,3.5154359268795976,3.009448644139712,1.7683584423828123,-0.043214502514647535
608.1182,3.726107972501039,-0.7621403062720984,False,608.1086,3.739511130276232,-0.8753302631750391,False,57.9933,3.4834696181447136,-0.48911287126751374,False,57.9902,3.563153862202529,-0.2718473464979603,False,58.1478,0.7498160004274189,0.25657794080897006,False,2192.758069055471,9.293016889765811,-1.4105998439789584,0.8848993478877232,0.39620613395969867,-0.4392546029441543,False,False,False,False,True,0.5962117467956176,1.0183204813955484,3.0825199934829532,0.7434,0.789,0.8679,0.7675,1.0454,3.7328095513886357,3.5233117401736216,2.9713180305786135,-0.3450813201708982
483.8954,2.934437334923362,-0.6089065180543732,False,484.9738,3.0098599525134193,-0.5166819857373052,False,46.5186,2.7921836912591527,-0.27561381594511514,False,46.4991,3.092394352210132,-0.09246850149154023,False,45.9427,-0.06292690088366137,-0.7932547781082544,False,2898.3975978514027,9.33153559150177,-1.3282735929662852,0.7305778941462502,-0.23103639171115015,-1.4890661112318668,False,False,False,False,True,0.14311910261611996,0.5439219546916227,2.039907681229615,0.8082,0.9356,0.959,0.8224,0.2339,2.9721486437183904,2.9422890217346422,2.434914518981932,-1.2125092300073241
279.4378,2.390844928626109,-0.9219953075609596,False,277.9607,2.4106806046773595,-1.1187511608902816,False,26.1338,2.297070679291023,-1.2634277766299786,False,26.0794,2.3147059470991187,-1.5559254173089436,False,24.5343,2.7684207312119695,0.6217877701993982,False,1900.636167476704,8.15887841350349,-1.5817917341657626,2.4692535889447087,-1.1759081870501717,-0.6498991697091782,False,False,True,False,False,-0.19723063177457456,0.02430792077633081,5.672050018899018,0.6758,0.6895,0.5375,0.3745,1.3277,2.4007627666517344,2.305888313195071,1.6268816954956034,-0.5191306374291997
424.5257,3.903672289164144,-0.3830758579495473,False,425.5348,3.884980847511758,-0.6854864273689808,False,40.735,3.614908640017131,-0.5992605726961937,False,47.0558,0.005255526278320414,1.222976361888872,False,40.5056,0.2664355709454996,0.2902139860238162,False,2917.026476538073,9.138551381516871,-1.639439983227535,0.681185758108835,0.12335825935282092,-1.5275153751257493,False,False,False,False,True,0.6924204142210185,-0.380512299846059,2.4624242824442466,0.9037,0.8666,0.8209,1.225,1.0714,3.8943265683379513,1.8100820831477258,2.7379847470703105,-1.2442787089575198
465.8253,1.5883844151281485,0.11044098774550228,False,465.8733,1.5181312751478124,-0.16635160832200152,False,44.6113,1.3262577375211018,-0.32037596695123827,False,45.0295,1.7207422116994295,-0.2649858606233978,False,45.0118,-0.48891156884189657,-0.23049786778294,False,837.3345073383164,8.01456189297176,-1.9756661762914225,1.1260564421644126,-0.8918256814728746,-0.107115717868153,False,False,False,False,True,-0.7020524807373608,-0.6145033741282154,1.4934410693060354,1.1124,1.0788,0.9399,0.7696,0.6689,1.5532578451379804,1.5234999746102655,1.8698225793457048,-0.07064487459716773
527.9812,2.9000914457400673,0.11682572892124064,False,528.1877,2.7156060980540424,0.4946767993429081,False,50.5007,2.2646702631369653,0.4251130505905295,False,50.4949,2.5166895031549656,0.39796436982837996,False,50.5086,0.07305660117635843,0.1704179172970942,False,2627.361367905986,9.304369977383262,-0.7526165850531827,0.9777810292211864,-0.4620315222330152,0.514049449184105,False,False,True,False,False,0.04525280948704878,0.09353928572138634,2.2143516207366765,1.1151,1.349,1.258,0.9725,0.9788,2.8078487718970546,2.3906798831459657,2.2373727482910155,0.44260535962646586
523.978,1.5009448580347726,0.45710878639856484,False,523.8419,1.6115360060935575,0.41198708735521755,False,50.1406,1.481449322500837,0.7171216377823065,False,50.1576,1.655635498692885,0.4675594408417996,False,50.3417,-0.5982648327610339,0.02190184073308021,False,1688.1485552359527,9.402321592761133,-0.770443800006163,0.9134023158413402,-0.35054647550936563,0.7413211478655963,False,False,False,False,True,-0.7002758833294312,-0.5777267308179403,1.3531592419738487,1.259,1.3152,1.3826,0.9938,0.864,1.5562404320641652,1.5685424105968608,2.3327122192382816,0.6303931796264646
417.8573,4.232048159239084,0.4928160426036214,False,417.2531,4.708662102210098,1.3245096486394932,False,40.2187,3.347762256669195,0.5807259734599837,False,40.1776,4.211404284007688,1.2040255913781757,False,40.2214,0.8930011333691271,0.9934660698234505,False,3019.944148096186,9.329367494885519,-0.4148908378921677,0.975637504266281,-1.1475596373535244,1.2360138367488125,False,False,True,False,False,1.035535594484523,1.2275633087207585,3.2662024129735863,1.2741,1.6882,1.3244,1.2192,1.615,4.470355130724591,3.779583270338442,1.6511247290649411,1.0391429806542956
450.035,2.8068806035641143,0.5032208060011211,False,450.0575,2.560592663005214,0.7461709529622742,False,43.0017,1.981893737579847,0.35222808219836066,False,42.9931,2.0565783488730185,1.099796353569345,False,42.9626,0.2154632341729149,-0.23670759920721937,False,2908.977885738831,10.178771442570328,0.03349726598922739,1.2094671426682533,-0.36886733830850366,1.5341629972237993,False,False,True,False,False,-0.02867539753872676,-0.2097404395267091,2.397035355862802,1.2785,1.4518,1.2269,1.1873,0.6641,2.6837366332846644,2.019236043226433,2.317044634948731,1.2854947314672849
112.7084,0.945816405254373,-1.0068887180087422,False,113.1475,0.9117766249590225,-1.0032791370494831,False,11.0039,0.8178013087096582,-0.7384685187571212,False,10.9252,1.144796266129872,-0.9530948726152375,False,10.713,-1.0075555254676238,-1.0235323184252796,False,2903.9236734070037,8.581623631031134,-1.683249420865389,1.0126031603864116,-0.36296509131555105,-0.09668565640338292,False,False,True,False,False,-1.0740169557861783,-1.0572045564010162,0.8281081897675433,0.6399,0.7367,0.7615,0.559,0.0559,0.9287965151066977,0.9812987874197652,2.3220921020507816,-0.06202682617187705
223.2039,1.5257058558369152,-0.699002310200906,False,222.7038,1.5842052961780293,-0.7324580980838817,False,21.2777,1.515161752147496,-0.1985104249450391,False,20.9746,1.4864856723392252,-0.7586861061692998,False,15.5632,-1.1158589924154574,-0.913956432667684,False,1812.7980425465646,8.182799083089423,-2.3545876615865233,0.4548511564743162,-0.3528196739418064,-2.234113718998382,False,False,False,False,True,-0.7010412162422269,-0.6330182877737841,0.6891730752099399,0.7701,0.8474,0.9919,0.6185,0.1406,1.5549555760074723,1.5008237122433608,2.3307682317504863,-1.8281198267968755
305.8096,0.3439523439070935,-0.5308707925731246,False,306.0023,0.38551907092333165,-0.6563737772904746,False,30.1423,0.6051246424670165,-2.379669270044452,False,31.4195,0.003415785508527577,-0.37771027141978175,False,31.6773,-1.382319653757268,-0.8904112010172915,False,1840.6767474407038,7.425401847979315,-2.623026808893235,0.5740121663835152,-0.5246090718787507,0.49433865416755557,False,False,False,False,True,-1.410003464699492,-1.6099907858887526,0.3473489069545422,0.8412,0.8785,0.0612,0.7351,0.1588,0.36473570741521255,0.30427021398777204,2.183857854125975,0.426318918120117
419.1671,7.75484381633735,2.5191437142667152,False,419.1486,7.671980142882966,2.953105544207703,False,40.1062,4.222731877275334,1.9322617056710412,False,40.0198,3.561261393097402,0.9975275402961035,False,39.4123,1.5442901634277912,0.7587899697475607,False,3422.2825615307142,9.48300487183914,-0.6367675221831335,0.971337207604474,-0.4433955960819053,0.28119614908127966,False,False,False,False,True,2.9672836152767186,1.319347559100785,4.10169659013502,2.131,2.3539,1.9011,1.156,1.4336,7.713411979610158,3.891996635186368,2.2533097675781253,0.25020562899658216
204.8648,1.3945749773184,-0.6614032788326679,False,204.9978,1.3619497611271143,-0.7642618334637628,False,19.5116,1.2271417920590078,-0.26014626638278976,False,19.4749,1.5882895649282391,-0.4368497449100586,False,18.0328,0.7157281352398165,0.008318053242469235,False,2852.588627973009,8.576251237472569,-1.9570156541956707,2.4763161201155923,-0.09583237511336834,-1.2318333208593315,False,True,False,False,False,-0.8062896803914422,-0.7090399520450988,3.038791001343257,0.786,0.8344,0.9656,0.717,0.8535,1.3782623692227571,1.4077156784936236,2.5505379123535157,-0.9999654543554684
534.2505,4.887207590811813,-1.1501906866197626,False,532.9684,4.757988110524913,-0.8366764924825687,False,51.0482,4.080892393091288,-0.7080021332555714,False,51.0634,4.170442446955052,-0.28753074278267426,False,51.337,1.9587254894643595,-0.8891175069705666,False,3058.698324391281,10.188170672168727,-2.547085128039714,1.1353760144761185,0.3703823689351121,0.548203717868161,False,True,False,False,False,1.2453512741953694,1.5101371315948784,4.633347340773895,0.5793,0.8048,0.7745,0.7627,0.1598,4.822597850668362,4.12566742002317,2.949234135314942,0.47082601225097775
993.0342,8.327941896224239,3.276563195225624,False,991.5491,6.235509394402187,2.2443715334729726,False,94.1892,4.7971820650864245,1.9796017816042184,False,94.1506,4.0744013261939,2.530906264549525,False,93.56,0.644061177681076,0.1569634992111557,False,1389.6293855243507,9.767524219764383,-0.4255173443533695,0.6142886220232039,-0.5540219079411712,0.24611864383255194,False,False,False,False,True,2.7101468271357017,1.76335012099931,2.9468543603563666,2.4513,2.0642,1.9213,1.6253,0.9684,7.281725645313212,4.435791695640162,2.158704667114259,0.22122213355956966
804.1595,1.7670775041958529,-1.3081539127454422,False,804.0687,1.7844331889233755,-1.3976454557600066,False,77.2246,1.6511324123881161,-1.1999170806998247,False,77.3062,1.6806497512850995,-1.023670155896452,False,78.0003,-0.4779728818578696,-0.8081322596455903,False,927.7066322458514,9.438601102746558,-1.4888887409013765,0.912993744052801,0.5075216443097293,0.6832008853650301,False,False,False,False,True,-0.5695203889394178,-0.4982426336439139,1.5074735631131595,0.5125,0.5755,0.5646,0.5374,0.2224,1.775755346559614,1.665891081836608,3.0665125178833,0.582370141755371
427.8994,4.121623975891751,-0.4949270644726704,False,429.005,3.917681728275012,-0.19619819075542821,False,41.0487,3.1339503710609335,-0.37919952665038437,False,40.9599,3.3258366552580845,-0.37542310946159413,False,40.7167,0.8055947336310014,-0.44589792656262944,False,3557.2656283763044,9.579013463575418,-0.657188858341878,1.0064213992106177,-0.16259673410851702,0.844455620769941,False,False,False,False,True,0.7670718347354846,0.7787477931234774,3.1540747174997796,0.8564,1.0666,0.9148,0.7358,0.5024,4.019652852083381,3.2298935131595092,2.4934425542602536,0.7156101157690422
608.6476,2.6881665021558367,-0.1309968174555738,False,606.276,2.6342618834656393,-0.15167296122359494,False,57.8441,1.7814582743991967,-0.026023811643957638,False,57.8809,1.7388300532505383,0.5371545118552189,False,58.0409,-0.6238806761959209,-0.3395562759218458,False,1920.4838589598253,9.963186154991073,-0.866781293481336,0.7411335120226857,1.7256112175012812,1.0776539735258155,False,True,False,False,False,-0.04209103649795984,-0.4212860503408283,1.3202984274273497,1.0103,1.0848,1.0655,1.0151,0.5846,2.6612141928107382,1.7601441638248674,4.108194957702635,0.908294953105468
302.2214,1.7165776257010803,-0.590461710213351,False,301.487,1.6370796332425765,-0.4114850148653913,False,29.187,1.2915570753780061,-0.5697316144408454,False,29.2999,1.449440727518935,-0.33588788132721015,False,29.2388,-0.7382698116087191,-0.5541801182735002,False,1988.9177798572316,8.787573505883982,-1.3438729093363562,0.9086369059179313,-0.4532941868289677,0.7659253215600902,False,False,False,False,True,-0.628446734927916,-0.7394270326851191,1.1735564247878838,0.816,0.9786,0.8335,0.7479,0.4187,1.6768286294718284,1.3704989014484705,2.2448447183837903,0.6507228738549813
277.6385,1.9480868275779235,-0.39608181219642197,False,278.0238,1.9534169483598651,-0.44671376790156725,False,26.4553,1.7249899594930647,-0.34779571390263286,False,26.4865,1.916892913688111,-0.3770567965745854,False,26.3949,-0.9967263361168371,2.0797809608583155,False,3120.825825566644,8.862998741385503,-2.124368890494002,0.4881189086997621,0.32731013583408636,-0.37208092536663295,False,True,False,False,False,-0.4652825546168334,-0.37164575967342717,0.8420002165458016,0.8982,0.9642,0.9282,0.7353,2.4547,1.9507518879688943,1.8209414365905878,2.912399743286132,-0.2895777156884769
1407.953,6.560672698309925,-1.1700543258331717,False,1409.0607,5.930008846312499,-1.2569750877336103,False,134.9352,3.806554373590443,-0.14695192640395485,False,134.7728,3.6846866163850294,0.27282393697326374,False,134.3984,0.7604167355728586,-0.569833816238871,False,2187.6280962636365,10.015470330789892,-0.06018296912399703,0.8133652243241285,-0.38953979026807406,1.5280679172733878,False,True,False,False,False,2.092817399842881,1.1998330839329243,3.0961189519773833,0.5709,0.633,1.0139,0.9342,0.4066,6.245340772311212,3.745620494987736,2.2993660252075188,1.280458548857423
2269.145,2.1961155453900485,-0.46796926839732994,False,2269.8174,2.309654809976855,-0.7977780776717912,False,216.431,1.9570567296664065,-0.6587872028299909,False,216.4351,1.989896330188585,-0.2522431011420674,False,216.4901,-0.786314491515124,3.03802014126742,False,2036.5683456841036,9.353366135383919,-0.6888491936818661,0.5681609389354482,-0.533623647884675,1.2107430124730745,False,True,False,False,False,-0.28531488472473954,-0.247102568412181,1.111923189077203,0.8678,0.8207,0.7955,0.7735,3.1954,2.252885177683452,1.973476529927496,2.1761487941894515,1.0182624529516602
467.0457,4.762231042276609,-0.7827133611717002,False,468.584,4.434447619891715,-0.7402867098696988,False,44.9235,3.3284650220670717,-0.2709266797141075,False,44.8785,3.3617472517619467,-0.45187966634957627,False,44.7636,0.5785514214438626,0.1189288942374447,False,3358.720640012346,9.557869151617824,-1.0326179878629749,0.8601010835575594,-0.04788690052589425,0.5767379724305435,False,False,True,False,False,1.11177022041229,0.8728176069750092,2.8628163720633246,0.7347,0.8442,0.961,0.7124,0.939,4.598339331084162,3.3451061369145094,2.59153978942871,0.49440301497802785
304.8662,0.36564345203311466,-0.18065591548909582,False,304.9713,0.347406189673877,1.914591261995438,False,29.7296,0.4432487538406981,1.1028729495942362,False,29.6024,0.7213665718683612,-1.1971677272961039,False,29.1583,-1.1359568268255518,-0.8627261484173794,False,2697.299840103725,8.145098537496107,-1.8182158569778095,1.496656068413551,-1.0082575881653022,-0.15789952840365015,False,False,False,False,True,-1.4148943329770545,-1.3829763303003684,0.6633909372524252,0.9893,1.9294,1.5472,0.4843,0.1802,0.3565248208534958,0.5823076628545296,1.7702526665039073,-0.11260602122070296
451.9466,1.3014973369099203,-0.9948286513434583,False,451.0593,1.3882813627448467,-1.1772211051656014,False,43.4674,1.4151455711470287,-0.9315785314746363,False,43.3674,1.6759198521576562,-0.44273101851682656,False,43.2238,-0.7427605246848197,-0.5323166888838501,False,1321.1036491318448,8.359473864376712,-1.6454921077628646,0.8252123454713649,-0.8450190486252863,-1.2819379832073743,False,False,False,False,True,-0.8261685376452169,-0.5965138916857762,1.1677955959496538,0.645,0.6656,0.6791,0.7152,0.4356,1.3448893498273835,1.5455327116523425,1.9098505449218752,-1.0413654411059579
306.3472,0.6970815515441662,0.29536200994652234,False,306.6495,0.6969113562358794,-0.03326520796311519,False,29.5508,0.5071650452645672,-0.387636371866198,False,29.4216,0.9546297170608817,-0.8583410200617555,False,28.2957,-0.8852105761592559,-0.917449406593841,False,3198.463887352838,8.062378844796699,-3.2137583970802313,1.9422792864447223,1.1878675855339729,0.14172472024248292,False,True,False,False,False,-1.212090178162374,-1.2616544934569747,0.9850561622261689,1.1906,1.1332,0.9112,0.588,0.1379,0.6969964538900228,0.7308973811627244,3.648328860107423,0.1349645509130859
490.0562,1.7020256040903463,-0.3911159023930698,False,490.3129,1.6550139285104146,-0.10714773169176166,False,46.9432,1.32406761513769,-0.17109067799364422,False,46.968,1.611787872664029,-0.3940471425496925,False,46.8325,-0.5401527861038192,-0.783810811567163,False,2699.394968793771,9.812757183281851,-0.7359934856966721,1.0782736455463728,0.7425012334707797,1.421878589644829,False,False,False,False,True,-0.6274393982163912,-0.6598774766160196,1.427707214324409,0.9003,1.103,1.0036,0.7301,0.2412,1.6785197663003806,1.4679277439008596,3.267461706787108,1.192717477451172
359.0048,3.3995511605813165,-1.2161663454357277,False,364.6629,3.322518039773989,-1.3682881615631934,False,34.9186,3.3504024829792165,-1.5474682322290425,False,32.8877,3.545621825910738,-2.320817723611364,False,31.5425,-0.9953187474949776,-1.0019276278449745,False,2112.9975294027363,7.953866214998715,-1.7416970057769174,0.2518521043541496,-0.502620549971985,1.6307147959249342,False,False,False,False,True,0.3747615657947132,0.9568392150053832,0.8438059157716836,0.5514,0.5875,0.4163,0.1404,0.0726,3.3610346001776525,3.448012154444977,2.2026619368896476,1.3652726004248041
213.7086,2.356151192076795,-0.9647967206279475,False,212.9306,2.3461847172549994,-1.087926001983628,False,20.3296,1.9445013358440653,-1.9498588776610495,False,19.7753,2.1025993757433175,-1.3530214778754523,False,20.2379,-0.29738807498759795,-0.9280576977769849,False,3054.323394642303,8.189721786478145,-2.527103571997054,0.8943853294091013,-0.012695598025166814,-1.2608751770375604,False,True,False,False,False,-0.2267721058711893,-0.20621785175054333,1.7391334677953312,0.6577,0.7021,0.2446,0.4366,0.1297,2.3511679546658972,2.0235503557936916,2.6216345892333983,-1.0239618731445326
286.2566,1.5213057417915257,-0.3558815899788089,False,285.8323,1.5690935918395708,-0.5443267711059708,False,27.5914,1.7646867039717218,0.8621885041319931,False,27.4941,1.8091504270597893,0.4276974752848175,False,32.8319,0.6001073036442767,-0.9183549924265485,False,1814.6424889199925,8.715330677720704,-3.0110351069955934,1.6379502000889283,1.0082825529033381,-0.015945088498747872,False,False,False,False,True,-0.7068523873535207,-0.3994250519453405,2.890468939864753,0.9152,0.9243,1.4445,0.9816,0.1372,1.5451996668155483,1.7869185655157556,3.494751833374023,0.00468669478271444
413.9878,5.677104871378966,-0.9841874160505608,False,411.1208,5.540170312046317,-0.5731947770661706,False,39.5967,4.469794068322399,-0.3299845962248039,False,39.5956,4.982514553145326,0.2525662167721745,False,39.5524,2.5289905577287533,0.7858281753241103,False,3464.576296835984,9.335853283325381,-0.694853197432726,1.20025695453022,-0.8979791728366573,-0.11253075156712973,False,False,False,True,False,1.7135609864451204,2.000427936442455,5.364901415821885,0.6495,0.9125,0.9358,0.928,1.4545,5.608637591712641,4.726154310733863,1.8645602537841803,-0.07511915529052615
269.3889,3.3354160309435357,-0.0016466906730190033,False,268.905,3.2693355445265695,-0.15020509651375444,False,26.2971,2.4439795537951374,-0.5612947692250317,False,26.4606,2.251620728146457,-0.9102922702548714,False,22.2401,2.130663056115481,-1.0285777252075066,False,3118.189609997305,8.130775756808076,-0.7674363140093641,1.9860699262119856,-1.3421690200675918,1.7936615810665075,False,False,False,False,True,0.33982106054980776,0.058528457628473265,4.85391429206951,1.065,1.0854,0.8371,0.5721,0.052,3.302375787735053,2.347800140970797,1.4846992205810547,1.4999106646240232
650.1913,5.2578625154959315,-0.6997117258870991,False,650.6584,5.055165640088082,-0.5915430859391787,False,62.0583,4.227409928913377,-0.3672473292613146,False,62.0839,4.130539903006795,0.060117874861825876,False,62.1858,1.4266533026202437,-0.49415271450546666,False,2772.90994839539,10.102295657414583,-0.16722877686527612,0.9345647498168238,-0.12434151357094189,0.9552957480764281,False,True,False,False,False,1.444250658607381,1.5536621035661846,3.950788302588087,0.7698,0.905,0.9199,0.8691,0.4651,5.156514077792007,4.178974915960087,2.5261575469360356,0.807194004111329
614.0171,4.195492872689452,-1.0506360186573211,False,614.8592,4.23879301863457,-0.9876219134778497,False,58.5294,3.709423177720737,-0.5762936051642562,False,58.4554,3.727906351817869,-0.2858970556696834,False,58.5019,0.6518984173025175,0.5310998175239854,False,2772.6751447101014,9.524929213824784,-0.4938941544192302,0.7971342383107088,-0.6151510309602766,0.9093427427281395,False,False,True,False,False,0.8847081005097588,1.1778240328303966,2.956908219344508,0.6214,0.7431,0.8307,0.7632,1.2576,4.217142945662011,3.718664764769303,2.1064284343872064,0.7692244076025396
279.8352,1.812274635037701,-1.0707361297661278,False,280.252,1.823872001255164,-1.224437419998809,False,27.0562,1.725846140777761,-0.6763639636962695,False,26.9102,2.20699928488157,-0.5956441322927909,False,28.1089,-0.41995238853285866,0.031216437869499188,False,2075.6969159695745,8.091133438752285,-1.9174384370956397,0.9165962426054738,-0.8318497516171343,-1.1482712458965292,False,False,False,False,True,-0.544313412415134,-0.2528619308822753,1.5819040879520534,0.6129,0.6463,0.788,0.6684,0.8712,1.8180733181464324,1.9664227128296656,1.9211126275634776,-0.9309206063476552
345.9423,3.2368288317573706,-0.3118978174348324,False,345.8977,3.067050563353633,-0.10665844345514816,False,33.0256,2.901700756838373,0.38878774480022,False,33.0453,2.994274268332666,-0.023200167900718747,False,32.8274,0.7184536770130592,0.9637111067487788,False,3615.9033932232132,9.263411846238125,-0.862954133738684,1.048449742933477,-0.6121099085774233,0.03582684928106613,False,False,False,False,True,0.25021281962121406,0.5485747084967664,3.042287412577067,0.9338,1.1032,1.2425,0.8436,1.592,3.151939697555502,2.9479875125855193,2.1090291329345714,0.04746430145019431
92.8158,0.48033908652228197,0.9499162164074213,False,93.0353,0.548359267003072,0.642441846800201,False,9.1517,0.6833237176068659,1.5673681500870953,False,9.3769,1.3124539934513164,-0.03104186604307612,False,9.2344,-1.131747281993302,0.7150631109682605,False,3213.6238640602396,8.438685638551854,-1.6544619848233169,0.9787324182341977,-0.6359083413914175,0.2532607877490741,False,False,True,False,False,-1.3208852232492583,-1.0436589520395774,0.66879107457015,1.4674,1.4094,1.7454,0.8412,1.3998,0.514349176762677,0.9978888555290912,2.0886772556152344,0.2271234738671879
924.411,3.07392569713479,-0.953209597753459,False,927.2065,3.143622210183278,-0.9682950281316143,False,88.5643,2.8876388277731673,-0.6569123483375878,False,88.524,2.8834731421481847,-0.4005818910016568,False,91.2507,0.21237840202571912,0.15916277909058787,False,1336.4864116852143,9.12201452114272,-1.150326051921728,0.8287317695521292,-0.47594325883588945,0.27339877724370754,False,False,False,False,True,0.22450086197647548,0.497600067083994,2.3930780355678936,0.6626,0.751,0.7963,0.7281,0.9701,3.1087739536590338,2.885555984960676,2.2254757482299805,0.2437628934179692
230.5322,1.9118364926877562,0.8231672804742413,False,230.8572,1.784358924290615,1.0015794124745487,False,22.0811,1.4588554716272464,1.0039743751199748,False,22.0762,1.8922993753898656,0.09605899134762952,False,22.0702,-0.39828267072982726,0.3640839160918059,False,3464.0552336226447,9.162842254066684,-0.3752050595129936,1.1034010695187166,-1.3590422660908685,1.4051283321849266,False,False,False,True,False,-0.526429187955721,-0.49033384441331596,1.6097026876667353,1.4138,1.5562,1.505,0.8801,1.1285,1.8480977084891856,1.6755774235085559,1.4702696051635726,1.1788772397485356
288.8093,3.4482898246422757,-0.721230668368292,False,287.9839,3.5338758060079174,-0.4249404413722641,False,27.5339,3.2719813251619847,-0.702377569778362,False,27.4999,3.6214623492328326,-0.4329288958388801,False,27.5916,0.6754796147009663,-0.24783336800905326,False,3215.78071079019,9.364702448314773,-0.613131580596514,0.9129510925381592,-0.7796791436177535,0.5902554641270832,False,False,False,False,True,0.4522256356289998,0.9557856854586009,2.9871589255710873,0.7607,0.9731,0.7769,0.7182,0.6555,3.491082815325097,3.4467218371974084,1.9657277424316408,0.5055721148364256
490.4507,3.534735021263492,0.41667209228555435,False,489.9804,3.5596032740154837,0.5025054111287252,False,47.1851,2.881775139558229,0.37777297465735216,False,47.2496,3.0582253805403394,-0.01633868202615627,False,47.2363,0.2808789437193531,0.09564240139639733,False,3144.042180491704,9.184793786480377,-1.4934265314718052,0.8609112709832135,0.042842792269572806,-0.03103795729707101,False,False,True,False,False,0.4856338262621825,0.5665478696729285,2.4809526980849026,1.2419,1.3522,1.2378,0.8457,0.921,3.5471691476394875,2.970000260049284,2.669129754760741,-0.007784092145996624
309.0245,2.3098458552801753,-0.953209597753459,False,309.0686,2.2833481617842653,-0.8366764924825687,False,29.5409,1.9519677419275996,-0.7738563973012289,False,29.6682,2.334668745382495,-0.34013546782098686,False,29.5797,0.2568433331126322,0.2524381198594504,False,3448.8440427379346,8.94109932002142,-1.6321774762696473,1.255204685808875,0.16146587671931828,0.018556172634219027,False,False,False,False,True,-0.25927764681559573,-0.10842871589623647,2.450119056215292,0.6626,0.8048,0.7464,0.7466,1.0422,2.2965970085322205,2.143318243655047,2.770573512878416,0.03319405690918131
330.0262,1.327089991759803,-0.9546284291258452,False,329.8717,1.3237079278542538,-0.9702521810780685,False,31.5744,1.1309104876423066,-0.8472100793164987,False,31.5768,1.2042686203123165,-0.6861503983524961,False,31.4953,-0.9941487632411617,-0.10410395941792126,False,1658.520830387409,8.909794660432063,-1.8050179288633568,0.7474568658017808,0.4608871593136473,0.36134194876152315,False,False,False,False,True,-0.8377781159229541,-0.9051002369160863,0.845306808595482,0.662,0.7502,0.7151,0.6407,0.7666,1.3253989598070284,1.1675895539773116,3.0266317692260767,0.31642771072265674
614.9011,4.693362215622609,1.151153799390884,False,615.7159,5.007800524323406,1.3839581693880398,False,58.7396,3.8761724219280533,1.0937330339437712,False,58.6311,3.306601366630357,1.206639490758961,False,59.1875,0.5138664580457933,-0.05183871993023676,False,1922.2584743469165,9.417612316207933,-0.8592528643348597,0.7171601651149908,-0.197021399912592,0.449545816890826,False,True,False,False,False,1.2620198404741638,1.0739030804711873,2.7798364541240965,1.5525,1.7125,1.5433,1.22,0.807,4.850581369973007,3.5913868942792053,2.464003364685059,0.38930793385497964
522.5622,1.864441287587674,-0.8893621859960736,False,521.7488,1.869233029536748,-1.0010773399847221,False,50.3037,1.727940089593577,-0.797760792079368,False,50.2587,1.7161422042030037,-0.44959250439138904,False,48.9916,-0.6733742836904079,0.292283896498576,False,1314.9189651090514,8.592275262498548,-1.9451758938228219,0.7273437714223039,-0.45385744585296084,-2.269767554407599,False,True,False,False,False,-0.5152669119685639,-0.45239673589458307,1.2568064615567858,0.6896,0.7376,0.7362,0.7131,1.073,1.866837158562211,1.7220411468982904,2.2443630321044914,-1.8575795266406239
223.6769,1.0006551353497704,-0.8593302552805626,False,222.9304,0.9830950544975885,-1.0071934429423917,False,20.2579,0.9137164851327555,-1.3637324919735425,False,16.3252,4.459147836146522,3.3617995302167842,False,22.3364,-1.4356345055485902,2.706834465305856,False,1032.8270243833088,7.7442636852860245,-2.208119264823848,0.3052970286947844,-0.998531731371312,-0.337320242494177,False,False,False,False,True,-1.036443787200586,0.3350177000066004,0.27895492798047244,0.7023,0.7351,0.4947,1.8796,2.9394,0.9918750949236794,2.686432160639639,1.778569997558595,-0.26085600112304874
650.8079,2.821573256545155,-0.7342366226151669,False,649.589,2.7127060407091683,-0.6441415713751357,False,62.4118,2.263376508731884,-0.3960732170820119,False,62.3851,2.279228528122757,-0.029081441507486688,False,61.7863,-0.5838672758220539,1.2449601925067633,False,1588.1773181030028,8.648231643698791,-1.3049394933828264,0.6060100377997749,-1.132100723717756,-0.16665061803833034,False,True,False,True,False,0.02100415398419352,-0.0039309923711394945,1.3716288836117319,0.7552,0.8835,0.9076,0.8418,1.8094,2.7671396486271616,2.27130251842732,1.664344839660643,-0.1198367853442388
1563.1382,5.192936463607223,-0.4386467533680123,False,1563.5526,4.823403213520612,-0.3143612998976012,False,149.2188,3.9924908551619396,-0.3731062495500743,False,149.2487,3.9766817464943705,-0.13984542776828157,False,149.5296,1.3263221882360712,-0.6504309553498299,False,1299.9533601771566,10.119119256860804,-0.19275615903023424,0.9573172520194523,-0.004907624832346718,0.795277081566974,False,False,False,False,True,1.3558884423781898,1.3949459816314624,3.822080374176421,0.8802,1.0183,0.9174,0.8079,0.3443,5.0081698385639175,3.984586300828155,2.6282946864013663,0.6749753569262698
593.209,4.107653449989166,-0.7271424657532352,False,594.8629,3.953417229730381,-0.56487687704374,False,57.09,3.339349635764287,-0.4331015933069722,False,57.1882,3.6759374863202074,-0.13984542776828157,False,58.105,0.8718307571426077,-0.07396088812923189,False,2499.9286428588866,9.442365527700318,-1.456401402012411,0.969962638755884,0.3248763309406255,0.34528998371601966,False,False,False,False,True,0.7735540597481497,1.0055275890349413,3.239044384434428,0.7582,0.9159,0.8918,0.8079,0.7899,4.030535339859774,3.507643561042247,2.9103184088134775,0.3031644511962881
303.1851,3.0863005292935966,-0.4114524853972739,False,304.244,2.9731721639134028,-0.07803508161325522,False,29.0195,2.3621919438665984,-0.4860662327173588,False,29.0048,2.4389808782575964,-0.4816127718060138,False,28.5869,0.40202046889783133,-0.6010118427649401,False,3507.894488236214,9.407680142494337,-0.8148468105096774,1.1160637842465755,-0.29794391200971193,0.5931907749474328,False,False,False,False,True,0.17742159444832642,0.10162785454842051,2.63635687998853,0.8917,1.1149,0.8692,0.7033,0.3825,3.0297363466034994,2.4005864110620974,2.3776967326049796,0.5079974745410158
372.7315,2.160661740709704,-0.6148183154393164,False,372.7353,2.198939263818739,-0.5695251152915688,False,35.4852,1.9937522255563704,-0.8144001256994451,False,35.499,2.0897978600043348,-0.5110191398398531,False,35.0001,-0.19752867855317177,-1.0230148408065896,False,1824.4063584610408,9.10668060640296,-1.5781601546263913,0.9365437879187549,0.24354623984496354,-0.9022760651247762,False,False,True,False,False,-0.32884824959309006,-0.19133759942695,1.867236261494011,0.8057,0.914,0.7291,0.6943,0.0563,2.1798005022642215,2.0417750427803525,2.8407667686157207,-0.7276621320385743
470.5359,2.4938283463293436,-0.0416104409952341,False,470.2489,2.497414833430728,-0.2911201086584573,False,44.9546,2.239226555030745,-0.17366860292069866,False,44.9733,2.3125587469816784,-0.2937387538120404,False,45.2234,-0.28737712995512116,-0.18483046793355243,False,2360.9215924238183,8.872124368971766,-1.2034558285197234,0.7824022187185381,-0.7232412384364325,-0.4622549354374249,False,False,False,False,True,-0.14072735336645256,-0.00018320065199277925,1.7519758248695232,1.0481,1.0278,1.0025,0.7608,0.7042,2.495621589880036,2.2758926510062114,2.0139921525878925,-0.36408580829345816
511.5659,3.681305122057722,-0.5862052160961919,False,513.1938,3.5754005772947686,-0.40854928544571,False,48.8459,2.982509567051727,-0.20624419972620167,False,48.8156,3.083107865187124,-0.09638935056271875,False,49.005,0.2366439922786201,0.97522498376463,False,3272.9228328950494,9.41048271199121,-0.5165752950051314,0.8128076869847171,-0.8965293551109439,0.7766492672371729,False,False,False,False,True,0.5339914293008038,0.6178302689296672,2.424206702605104,0.8178,0.9798,0.9886,0.8212,1.6009,3.6283528496762454,3.0328087161194257,1.8658001048583976,0.6595837500317376
165.8331,0.9528972448318636,0.3613376687624868,False,165.9938,0.964381953761287,0.03156548338818045,False,16.0452,0.8747031738642418,0.043111447763405475,False,15.9393,0.9873802705199871,-0.5260490612793712,False,15.5515,-0.9506549623069678,0.17080602551111163,False,2183.668922998373,8.531904583898667,-2.1781440276547617,1.0301803625241757,0.18148513061340596,-1.0265559031374754,False,False,False,True,False,-1.0562407275224213,-1.0982388859441292,0.9011020327525118,1.2185,1.1597,1.095,0.6897,0.9791,0.9586395992965753,0.9310417221921145,2.787693522521973,-0.8303508521289054
389.3161,4.549823902876791,-1.1712366853101601,False,388.9893,4.620401632117717,-0.971720045787909,False,37.4924,4.153390298719282,-0.9158766251007608,False,37.4077,4.34582760618531,-0.5904163335312193,False,37.6381,1.4787122148142215,-0.5645296706472991,False,3571.0589362028877,9.856678924018928,-0.33069922195174173,0.967299202230656,-0.26295656521824956,1.0519105726997051,False,False,True,False,False,1.103891731313441,1.6113340013829902,4.017571122503708,0.5704,0.7496,0.6858,0.67,0.4107,4.585112767497254,4.249608952452296,2.4076171141357428,0.887023949506835
373.5638,1.8318501877670261,-1.014692290556867,False,372.6862,1.9275310383263033,-1.0416882636236473,False,35.2919,1.8556135170258408,-0.5172356886535597,False,35.2427,1.955692646462909,-0.5534950047776211,False,35.0537,-0.39265212324997517,-0.7126576389972956,False,2084.3491263324727,9.28825372680837,-1.625656774751037,0.8713698824196061,0.6981286961408135,-0.11446390604950095,False,False,True,True,False,-0.5076106677466292,-0.3024796524279273,1.6169257321470387,0.6366,0.721,0.8559,0.6813,0.2962,1.8796906130466646,1.9056530817443749,3.2295153242187506,-0.07671646312988223
363.803,2.2155947815755104,-0.9449330814145386,False,363.8639,2.1774955577933555,-1.0289667694716949,False,35.0318,2.130397031509986,-0.8779108216295989,False,34.963,2.4085911246716027,-0.5378116084929067,False,35.0057,0.044243298242286795,-0.8043805469100883,False,2242.684177014591,9.01854012304892,-2.2955333212598705,1.0220578473210051,0.8632143345613199,-0.12443573791869135,False,False,False,True,False,-0.31887417893844433,-0.005407563603302009,2.1773890039641555,0.6661,0.7262,0.702,0.6861,0.2253,2.196545169684433,2.269494078090794,3.3706927994995137,-0.08495589011962856
100.8086,0.7167237971151639,0.1522965132308995,False,100.877,0.7186398306994152,-0.19839998782018894,False,9.8718,0.6566725758823215,1.5922099721114358,False,7.9676,1.3530958783343825,0.034305618476566865,False,14.8726,-1.3487926411826299,-0.43735954585424525,False,2180.161759405541,7.543714888527147,-3.4646398690638645,0.5944490967819117,2.030111963974194,0.12245071732716871,False,False,False,True,False,-1.1997688081911813,-1.0379473096792513,0.3903584196146974,1.1301,1.0657,1.756,0.8612,0.509,0.7176818139072896,1.004884227108352,4.368597055786132,0.1190390176806666
377.4505,1.7057785929268483,-0.03380686844710956,False,377.4918,1.586797757834987,-0.008311507895824041,False,36.3117,1.3494639374170656,-0.15679491248907088,False,36.3661,1.5560092312541294,-0.22185652084043314,False,36.9459,-0.470879539390399,0.09292564389827514,False,1925.1195182516199,9.144402305360048,-0.7208931265676078,1.1238337574215436,-0.9001452018977714,0.9580103324983547,False,False,True,False,False,-0.6466383561338426,-0.6722808878561972,1.5165731272922918,1.0514,1.1434,1.0097,0.7828,0.9189,1.6462881753809175,1.4527365843355975,1.8627079151000974,0.8094369841821294
333.0799,2.438016779894177,0.0605454178165823,False,332.9704,2.5084143015630627,0.4851356787289438,False,32.0234,1.6968610741867884,-0.4291175275106159,False,31.9881,1.7454344439808214,-0.07580489293903131,False,31.822,-0.7792110196345607,0.20470080953530312,False,2373.253125770713,8.639731937909685,-1.2339790904391381,0.6606526395363487,-0.9436364575099057,-0.01794945199903871,False,False,False,False,True,-0.1540736630732633,-0.4531261770154153,1.121035747587986,1.0913,1.3451,0.8935,0.8275,1.0053,2.47321554072862,1.721147759083805,1.8255151845703121,0.0030305490576161276
621.9224,3.826604482583833,-0.9830050565735721,False,620.0922,3.7433537979102707,-0.8699480925722901,False,59.2303,3.5045075258908707,-0.6269146764591388,False,58.9813,3.713329397013438,-0.22512389506641528,False,59.0001,1.022016074264043,-0.14744270998320405,False,2291.9608148968655,9.595220164236872,-0.4871674492277145,0.9792265636046565,-0.655726932507823,0.4116667105908329,False,False,True,False,False,0.6272869035747594,1.088217408248254,3.4317068617047735,0.65,0.7912,0.8091,0.7818,0.7331,3.784979140247052,3.6089184614521543,2.0717288482055665,0.3580095591040049
278.2485,4.061796714534415,0.9317078804617965,False,277.9608,3.7691039156974853,0.8141820178515581,False,26.4998,3.0093817422963274,0.41105164189750654,False,26.5972,2.8416292531814595,0.04541469084490639,False,26.0671,0.8336180919256558,0.006506881577054343,False,3439.5757332051085,8.644194499351663,-1.1533929746479719,1.0600263580577407,-0.8246303080087748,-0.3143401315701477,False,False,False,True,False,0.7050029121331772,0.5302183957707689,3.1900239682918334,1.4597,1.4796,1.252,0.8646,0.8521,3.91545031511595,2.9255054977388935,1.9272865311889635,-0.24186822147948916
584.6696,2.328368993894841,0.15608006355726264,False,584.3709,2.278639500796979,-0.09222444047504831,False,55.9289,1.682711999976547,0.8249257710954827,False,55.9134,1.8272807000510263,0.24080366955863863,False,55.8316,-0.6609353147499396,-0.06671620146757275,False,2041.2462092542023,9.423776026353156,-1.8901193733228834,0.7563763523112228,1.038109666352321,0.6186911047191717,False,False,True,False,False,-0.25516330484466504,-0.4254891825252014,1.272763564532583,1.1317,1.1091,1.4286,0.9244,0.7955,2.30350424734591,1.7549963500137866,3.520259300964355,0.5290676357836919
307.177,1.8982522963897446,-0.4833399415981821,False,307.2453,1.9991976475248534,-0.676679239109937,False,30.5016,2.5185225238722238,-2.3986521717800326,False,29.9783,1.3422183393257412,-1.94637663731381,False,26.7626,-0.8351533431156295,0.7131225698981734,False,2217.9423482224356,8.155003387142928,-2.3444358684848434,0.416621711674547,-0.17711416942707392,-0.094469415945535,False,False,False,True,False,-0.46648990039464694,-0.2822982137630934,1.0492711647865463,0.8613,0.8702,0.0531,0.255,1.3983,1.948724971957299,1.9303704315989825,2.481027574462889,-0.06019561284179886
436.7136,4.875020672730782,0.19959089231044375,False,436.7008,4.715092358430414,0.5847058348798017,False,41.925,3.643757507960387,0.2416116671465797,False,41.9237,3.83787540402025,0.14866371638594209,False,41.6915,1.0701401650966127,-0.23916561789599664,False,3775.1635041998234,9.843779673771868,-0.6605029908929768,0.9587471066975285,0.026261024077486227,0.9934946583779337,False,False,False,False,True,1.2289460978371298,1.1959106400244899,3.493441968264419,1.1501,1.3858,1.1797,0.8962,0.6622,4.7950565155805975,3.7408164559903185,2.654949404541016,0.8387566233618156
334.4329,4.101536822156771,3.1230929351125023,False,334.1288,4.846043662229754,3.0497399709388806,False,32.2624,3.2247608624475093,1.916794156108716,False,32.66,2.6137354741579784,1.230818060031229,False,34.1841,-0.06583336807181361,-0.6612979853423187,False,2268.2145207067874,8.366728722801222,-1.2924954838014642,0.6314202075756231,-0.515293141816247,0.7695948729183628,False,False,False,False,True,1.037581741095578,0.5251093565345997,2.0361791731483514,2.3864,2.3934,1.8945,1.2274,0.3359,4.473790242193262,2.919248168302744,2.1918246251831057,0.6537549145971671
551.4717,3.8964949942427896,0.06527485572453678,False,551.1909,3.6484480882540664,0.015663615698240114,False,52.3704,3.0046341964153673,-0.37826209940418265,False,52.3115,3.2940129719611595,-0.21401482269807612,False,52.4469,0.6805918921046075,-0.4781109083260784,False,2818.332162374988,9.470858659690343,-2.611552312826908,0.9963665861119092,1.5538289554151765,-0.32619252384972525,False,False,False,False,True,0.6198366704347644,0.7129633506436897,2.9937171167974794,1.0933,1.1532,0.9152,0.7852,0.4775,3.7724715412484278,3.1493235841882634,3.961290682495118,-0.2516614993969739
222.9717,1.185088760347019,0.7652316661017989,False,222.3007,1.4926214797462385,0.5864183437079494,False,19.9529,1.4154337536656605,-1.5036435084691206,False,19.7556,1.530473411322059,-1.0396802896037647,False,21.5737,-1.14740060249383,1.6463934552054873,False,2661.592056682667,8.999319237305798,-1.6603070209074093,0.4583121590947589,-0.23879205416363747,-1.0430358766865766,False,False,False,False,True,-0.8297628660764265,-0.6557739358278439,0.6487104996981079,1.3893,1.3865,0.435,0.5325,2.1197,1.3388551200466288,1.4729535824938598,2.4282820532226577,-0.843967762304688
459.3014,3.00686506059804,-0.06951412465216558,False,459.603,2.820717809216901,-0.08586369339907228,False,44.0129,2.4575104230781823,0.22216005178789797,False,44.0456,2.411962661481988,0.4054793305481388,False,44.1243,0.19832714835609136,-0.24822147622307067,False,2014.408160308502,9.366625014114964,-1.0366110282234375,0.9664466202944781,-0.18933205329673483,-0.32740380963519533,False,True,False,True,False,0.10835824954683454,0.12951105329852317,2.3750526427223626,1.0363,1.1117,1.1714,0.9748,0.6552,2.9137914349074707,2.434736542280085,2.470579118652344,-0.25266234868164084
726.0273,4.906082184661998,-0.2806835272423329,False,725.7159,4.712132669249295,-0.33197567641568876,False,69.6292,3.9419507477717333,-0.5465302900973574,False,69.5626,3.9489097679623906,-0.4972961680907282,False,69.0714,1.12578653818394,-0.6830320453272962,False,2182.2222988363314,9.61663743499026,-2.3208482588511643,0.9043306536873392,1.4483616987714238,0.3561140990648767,False,True,False,True,False,1.2373156150870064,1.3629755121424127,3.5648268965357075,0.947,1.0111,0.8434,0.6985,0.3191,4.809107426955647,3.945430257867062,3.871097488464354,0.31210809458251987
168.6978,1.352119945371147,-0.484995244865966,False,169.2495,1.4027865802360373,-0.6473219449131238,False,16.5125,1.2900184805094077,-0.32951588260170295,False,16.4995,1.6243997815144766,-0.5103656649946567,False,16.5845,-0.7348475309605603,-1.01939249747576,False,3393.580994079176,8.885643777753613,-1.5834859184919299,0.9131238447319778,-0.286232768758819,-0.6279199043481983,False,False,False,False,True,-0.8067716299213645,-0.6686291037063915,1.1779466346980543,0.8606,0.8822,0.936,0.6945,0.0591,1.3774532628035923,1.4572091310119422,2.3877118353881848,-0.5009698265966804
668.3486,3.1569739859271917,-1.122759946753627,False,668.3365,3.2401410416866168,-1.0634615901529503,False,63.9444,2.8761802432929353,-1.0958626563714549,False,64.119,2.7239395126291837,-0.9988381117789875,False,64.9935,0.50627505026518,-0.6484904142797425,False,1823.4715393591696,8.959121057736473,-0.9708526584888817,0.9631169543216788,-0.8398497973693365,0.26557436463916245,False,False,False,False,True,0.2779810267398301,0.4277934555482029,2.770097956000477,0.5909,0.7121,0.609,0.545,0.3458,3.1985575138069042,2.8000598779610595,1.9142711707763667,0.23729781486084
271.7289,3.6580958740299834,-0.09458014556432415,False,272.048,3.474779925748567,-0.002684693174768261,False,25.9495,2.7687784389062307,-0.3316250939056564,False,25.9767,2.8856711845013137,-0.21760893434665643,False,26.0058,1.3747366462579345,-0.08249926883761603,False,3507.0341122706727,9.122173268957562,-1.0843078867892992,1.4028525787311732,-0.2826556761182707,-0.18238998438069182,False,False,False,False,True,0.4971113845524275,0.44997331897966353,3.8841879729548774,1.0257,1.1457,0.9351,0.7841,0.7833,3.566437899889275,2.827224811703772,2.3907708834838868,-0.13284175389404318
1015.4679,4.8570568358371,-1.349300022544646,False,1014.696,4.809214459308214,-1.307371776104806,False,96.7668,4.277402008405806,-1.0562563552194402,False,96.7982,4.335471147422563,-0.7684882288472462,False,97.4605,1.525881987980726,-0.7187380010169024,False,1655.4024530210397,10.197644117393022,-0.6493466304863553,0.9534016190549238,0.5558504660795587,0.9858551548010568,False,True,False,False,False,1.2516281818358805,1.6577331195923994,4.078082000162879,0.4951,0.6124,0.6259,0.6155,0.2915,4.833135647572657,4.306436577914185,3.1078422247314457,0.8324443296142583
217.7109,1.7447025751172547,-0.9569931480798225,False,217.0418,1.7338727403021623,-1.0556329783671332,False,20.9856,1.5537929549578329,-0.9618105601646358,False,21.0301,1.5761559415953281,-0.8841532764470145,False,21.297,-0.6338698358479273,0.3745628378702773,False,2192.994448029624,8.369703857562971,-1.803667674395852,0.8414789197986066,-0.8912449478862745,-2.0684064621005924,False,False,False,True,False,-0.5912426062921228,-0.5806399319964134,1.307484017328602,0.661,0.7153,0.6662,0.5801,1.1366,1.7392876577097085,1.5649744482765806,1.8703192094726582,-1.6912008671923822
351.9147,4.486834438463081,1.6808508450817852,False,353.2792,4.2755414548459525,1.2584557366966638,False,34.1713,2.935507421876574,0.665328782429672,False,33.9823,3.4589355529575414,0.8802288055833449,False,33.9048,-0.8541182746380331,-0.9976584374907824,False,2528.709785988325,8.682858900911976,-1.3489625362359217,0.34915338413545854,-0.7921099928310783,-2.35554389911704,False,False,False,False,True,0.9824225781628484,0.7520714509000717,1.0249423505029611,1.7765,1.6612,1.3605,1.1201,0.0759,4.381187946654517,3.1972214874170577,1.9550971635131837,-1.9284539596386736
432.7118,4.759946690093067,-0.061001136417847414,False,433.011,4.750090037468783,-0.009779372605664537,False,41.3977,3.9829722422006824,0.03654945703999496,False,41.2686,5.056679903003836,0.6446511238900321,False,43.0013,1.1000418252549644,-1.0023157360589918,False,2427.0027721067504,9.317826642373527,-1.3432322082342607,0.8867249253469173,0.06717489675540013,-0.7983812048694805,False,True,False,False,False,1.2050971108784914,1.8319632463697046,3.531800764124243,1.0399,1.1428,1.0922,1.048,0.0723,4.755018363780925,4.519826072602259,2.689938015930176,-0.6418169105273428
295.5562,1.1251980008505367,-0.11538967235932417,False,295.979,1.1493477674621273,-0.04965636388966903,False,29.7312,1.1905512328128152,-1.6754270513355514,False,30.0243,1.4514055820906835,-1.0926117520646754,False,29.9275,-0.7473411130064745,1.1566008891154556,False,3197.538800293834,8.316678394856234,-3.3543666076268104,0.9759508371237782,0.9060507595595894,0.3446173898907722,False,False,False,True,False,-0.9498366431801983,-0.7798599600873587,1.1619194723024129,1.0169,1.1265,0.3617,0.5163,1.7411,1.137272884156332,1.3209784074517494,3.407325533813477,0.30260870699707
247.7861,1.0252629781350897,-1.189445021255785,False,247.8551,1.0223505594059972,-1.2158748758580717,False,24.1183,0.9398932255699839,-1.1209388352073457,False,24.0831,1.0439056833021596,-0.9975311620885948,False,24.1413,-0.9815387431632808,-0.45016711691682143,False,1778.5292092807344,8.64276685028532,-1.6054748063387227,0.9165757534433383,-0.36899317921143526,0.4018080181449959,False,True,False,True,False,-1.0174234768488084,-1.0485492307915014,0.8614833413830975,0.5627,0.6498,0.5983,0.5454,0.4991,1.0238067687705434,0.9918994544360717,2.316937018676759,0.34986361584228476
396.7731,4.565530277576711,-0.3100060422716506,False,399.0369,4.323144560227755,-0.1942410378089742,False,38.2805,3.6952959353205346,0.10685650050510985,False,38.2147,4.017737758840814,0.19538716781748672,False,37.3746,0.8084533564350636,-0.09414251525813978,False,3593.014632931271,9.184486719642265,-0.8231679101771089,0.8545301660710531,-0.9164177052322707,-0.35541935308759826,False,False,False,False,True,1.0200379742884256,1.2903787104293774,3.1577418492911438,0.9346,1.0674,1.1222,0.9105,0.7743,4.444337418902233,3.856516847080674,1.8487920411376955,-0.27581075590332027
1026.2604,3.5960434490837034,3.0178629416605145,False,1025.1064,3.5032839886855327,0.9543630976413408,False,98.2627,2.5461351161661074,2.8422692049211777,False,97.8353,0.004652821644750415,-0.6600114045446389,False,98.3177,1.3245390886415647,1.728025549553826,False,1927.2398446186921,10.551413104804062,-1.5730358698663105,1.5002318350425485,2.6666928480131746,-1.5053860647194905,False,False,True,False,False,0.48711973393819574,-0.8170791424028109,3.8197929575921514,2.3419,1.5369,2.2894,0.6487,2.1828,3.5496637188846183,1.275393968905429,4.912986518615723,-1.225993920383301
241.6113,0.6783079711224572,1.4034693117802552,False,242.1102,0.7786527580713836,1.0206616537024773,False,23.5568,0.7656164426569944,1.0871710432203607,False,23.5944,0.9396855331407249,0.17284228565820983,False,23.5311,-1.2872528586126832,2.512392250083109,False,1813.69026704124,8.616594911803487,-1.7464044308152624,0.6129748186086214,-0.3568673608927951,-0.9522563593939694,False,False,False,False,True,-1.1933365808531726,-1.1622440404342538,0.469303600061449,1.6592,1.564,1.5405,0.9036,2.7891,0.7284803645969204,0.8526509878988596,2.3273067421264653,-0.7689593571582041
669.3494,5.510419111585517,-0.8196029768537452,False,668.8848,5.303280062191113,-0.5482410769988794,False,64.1482,4.42969467441077,-0.7937767262830113,False,64.1712,4.665492011591215,-0.48618709572238905,False,64.1038,1.8132665335113825,-0.4479678370373891,False,3558.371855223507,9.833770916769517,-0.8700011186752926,1.0038497720529704,0.0680004113228998,0.5224622701430628,False,False,True,False,False,1.5933646417301182,1.8546349109186215,4.4467479891715085,0.7191,0.9227,0.7379,0.7019,0.5008,5.406849586888315,4.547593343000992,2.6906439771728508,0.44955662244140626
279.4469,3.10982726252056,-0.5256684108743744,False,279.7002,2.930898039518536,-0.5112998151345561,False,26.8982,2.408882456468784,-0.7232353260063461,False,26.8428,2.4460517263747197,-0.6622985665028266,False,26.4122,0.2532494185277153,-0.6239102273919701,False,3349.0950820929615,9.104773100114873,-0.8606152637990726,1.015204649065678,-0.7177918090763699,0.19511271868905697,False,False,False,True,False,0.17183809137219963,0.12357562828380943,2.4455086688598606,0.8434,0.9378,0.768,0.648,0.3648,3.020362651019548,2.427467091421752,2.0186523803710923,0.17907746026611449
340.7646,1.6648267296697186,1.0790298712945785,False,340.8274,1.7762342232730255,0.7217065411315965,False,32.5863,1.5463104906746108,1.1038103768404381,False,32.661,1.7593625798887926,0.2653089762535046,False,32.4678,-0.9385087487203592,1.7764097069013363,False,2250.711800374,8.657775114526778,-2.574928944599202,0.5928198673065325,0.8548919395837198,-0.8293022730664733,False,True,False,True,False,-0.6024154439638547,-0.5089015243480055,0.9166835798964218,1.522,1.4418,1.5476,0.9319,2.2202,1.720530476471372,1.6528365352817018,3.3635756770019523,-0.6673660661084
504.6277,3.404491536524031,-0.6389384487698843,False,504.4666,3.388605692374114,-0.47656035033499394,False,47.9328,3.026995591027466,-0.9200950477086676,False,47.9749,3.3860092265600943,-0.6391002094983533,False,48.1586,0.9174439874312478,-0.7112345755458983,False,3615.1464375359865,9.88348835064544,-1.3825509091738852,1.0893833110986788,1.3562569334007804,0.8055419237010122,False,False,False,False,True,0.39591572064795805,0.7596492190111037,3.297558479634603,0.7955,0.952,0.684,0.6551,0.2973,3.3965486144490726,3.20650240879378,3.7923315924072245,0.6834568895507811
363.6967,1.9557711827202424,-0.46394924617556854,False,362.689,1.958209615239434,-0.4347262061045352,False,35.0627,1.6939791037384615,-0.5005963550334825,False,35.1448,1.7332535313499207,-0.3626803499802637,False,35.3816,-0.46867632265337095,-0.37888457494228156,False,1661.4993983619709,8.795850747409565,-2.459054688737503,0.8969411016275248,0.7975750910242775,-2.3541308393566633,False,True,False,False,False,-0.46156654473491515,-0.45927551448013415,1.5193994834411828,0.8695,0.9691,0.863,0.7397,0.5542,1.9569903989798383,1.713616317544191,3.3145596145019525,-1.9272863905419921
263.4892,1.7910147703389752,1.1348372386084413,False,262.489,1.6263659298670083,1.0079401595505249,False,25.1805,0.8572313416460187,0.08224903529231925,False,25.2495,0.9464224629821694,0.03986015466073663,False,27.7909,-0.6120399729190287,-0.09660053394691703,False,1389.798593987868,7.708632508413825,-2.1907660151148733,1.557908573097707,-0.8114761807680582,0.15259609352500544,False,False,False,False,True,-0.6094680926665464,-1.1220924583918461,1.3354880562783817,1.5456,1.5588,1.1117,0.8629,0.7724,1.7086903501029918,0.901826902314094,1.9385356409912102,0.14394724211913967
499.0438,2.9226085264063455,0.6108155184070856,False,499.5853,2.7515442677817634,0.7417673588327521,False,48.0557,1.9003506667934147,0.2048176477331695,False,47.773,1.774797424047526,0.10063331526400439,False,46.7239,-0.4497764094208432,-0.35999664186009867,False,1425.3845786362529,8.937946580014222,-1.181758805350237,0.8122947607400101,-0.557237397753303,-0.36055700773864563,False,False,False,False,True,0.06266243557675547,-0.3580654212912411,1.5436448902050752,1.324,1.45,1.164,0.8815,0.5688,2.8370763970940542,1.8375740454204703,2.1559548535156257,-0.2800558465698231
235.2952,0.5789124957728509,0.8314437968131617,False,234.7477,0.6793709920235769,1.007695515432218,False,22.5452,0.6263130940738849,0.9238243455697442,False,22.5723,0.7843171258578843,-0.10651821066326336,False,22.4971,-1.187626409469782,-0.4211883702701846,False,1666.005563803409,8.68140207265766,-1.510539596539806,0.9533691172241926,-0.0643306008313308,0.7498444159647272,False,False,False,True,False,-1.252508279921259,-1.2825421306876275,0.5971075616031725,1.4173,1.5587,1.4708,0.8181,0.5215,0.6291417438982139,0.7053151099658845,2.577477511718751,0.6374357016162104
215.0222,2.112080027065183,-0.19579011679455002,False,214.7901,2.0970871501022605,-0.34200608526626713,False,20.5011,1.9187315474735516,-0.31920418289348623,False,20.4985,2.0673845317828934,-0.4776919227348353,False,19.7525,-0.4063709156119,-1.011371594386066,False,3455.1226534030893,9.166649921847183,-1.4693096991334686,0.833533400382831,0.47948543343494127,0.22201075944996715,False,True,False,False,False,-0.37365169612605253,-0.23111448557503989,1.599326831187441,0.9829,1.007,0.9404,0.7045,0.0653,2.104583588583722,1.9930580396282225,3.0425365893554677,0.20130250837402386
565.0425,3.3720033731993,-0.9643237768371519,False,564.9641,3.409724859641906,-1.0612597930881893,False,53.9975,2.8588574208780435,-0.9489209355293649,False,54.0218,3.037655017668005,-0.5701586133301301,False,53.9182,0.24614503554761066,-0.6871718662768159,False,3522.8892410239946,9.901555809959754,-0.32756990630019495,0.852226810532392,0.5469740209098213,1.5505969619784712,False,False,False,False,True,0.3925297122221524,0.5487941044904556,2.436394941561755,0.6579,0.713,0.6717,0.6762,0.3159,3.390864116420603,2.9482562192730244,3.100251291137697,1.2990736259497062
356.9211,3.1275733132672148,-1.2412323663478866,False,356.2847,3.167571491117922,-1.2002176522864383,False,34.1314,2.8846147611280974,-1.0518035757999828,False,34.1961,3.1213288864808084,-0.7011803197920141,False,34.6196,0.47087724457595237,-0.4321847696673458,False,3233.713285691512,9.99047524313578,-0.2859045331797349,0.9445588948133786,-0.17970891872492767,1.4829627750381271,False,True,False,True,False,0.24761141157729996,0.5934687813209285,2.724688530733514,0.5408,0.6562,0.6278,0.6361,0.513,3.1475724021925684,3.0029718238044527,2.4788086040039055,1.2431895163281244
308.6674,3.0300998523168454,-1.630938049963335,False,308.0657,3.1036845922333365,-1.5759910180056464,False,29.7393,2.9438129140122062,-0.9679038372649459,False,29.6571,3.119812068446907,-0.46396895098571034,False,29.3253,0.11357244646644901,-0.11147801548425287,False,3406.085875738991,9.846100063830411,-0.33881122980047684,0.7698609576619206,-0.2031478772897989,1.0883884923246672,False,False,False,True,False,0.19955373478193253,0.6170168624912934,2.2663266291589665,0.376,0.5026,0.6636,0.7087,0.7609,3.066892222275091,3.0318124912295565,2.4587641408691407,0.9171645655371083
303.0565,1.0341541822641693,-0.5845499128284077,False,300.5823,0.9061751219572978,-1.648894965261066,False,28.5817,0.5413687418980306,1.0599856530805163,False,28.6347,0.7644755880212424,-0.4923951067517552,False,32.8839,-0.8565405205260458,-1.0184869116430526,False,2244.574744978246,8.24112705362045,-2.0990720900421445,1.8875028012250692,-0.3315410993920772,-0.9898582148075022,False,True,False,False,False,-1.0493757544428015,-1.3253203820913277,1.0218350168282244,0.8185,0.4728,1.5289,0.7,0.0598,0.9701646521107335,0.6529221649596365,2.348965183715819,-0.8000286477783192
305.882,5.296649915097408,2.8773986357942674,False,305.8526,5.619606883146487,3.414993639570897,False,29.4009,3.207415474477133,0.6039272978034717,False,29.2672,3.4151795488875054,0.8596443479596568,False,28.4951,0.7101122443724287,-0.37189862708996735,False,3408.7300942669,9.704288227501031,-2.4729596237132254,0.9451805614061962,1.2297171897075778,-0.12755925045424069,False,True,False,True,False,1.6239092015872585,0.8452132440283638,3.0315867588292167,2.2825,2.5427,1.3343,1.1138,0.5596,5.458128399121947,3.3112975116823193,3.6841176877441395,-0.08753675528320315
619.8002,4.110784760065593,-0.19910072333011805,False,619.3777,4.3289337296423005,1.0774190891496491,False,59.5923,3.414111004861338,-0.17015325074744278,False,59.5979,3.5155079496073007,0.4564503684734601,False,59.6754,1.1372394717045435,-0.6826439371132789,False,2552.3512116981087,10.396307230180016,-1.1971214055181094,1.0484483594633909,1.2624860614822369,0.5216705805403146,False,True,False,False,False,0.8863260818873299,0.9705540404862927,3.579519082072779,0.9815,1.5872,1.004,0.9904,0.3194,4.2198592448539465,3.4648094772343194,3.712140880004883,0.44890247295654184
640.5803,3.9056979908142253,-0.4857046605521594,False,640.5529,3.9528127104383386,-0.05870819626701985,False,61.4947,3.3744827423440142,-0.14976420814255964,False,61.4375,3.7287691152722906,0.34764680674825466,False,61.4065,1.0750186045921195,-0.10332774298988628,False,2395.748690871328,9.63510381239204,-0.23389389051268777,1.0371071515368577,-0.8131062921721615,1.154469684240851,False,False,True,True,False,0.7132259718162703,1.04143869854397,3.4997001848226854,0.8603,1.1228,1.0127,0.9571,0.7672,3.929255350626282,3.5516259288081526,1.937141606872558,0.9717654817309569
300.2653,1.7884326192835085,-0.26862346057704906,False,299.8998,1.7906941501672193,-0.4677531620759499,False,29.054,1.6153058986484794,-0.2435069327627126,False,29.1074,1.6780516138728936,-0.35451191441530855,False,29.2123,-0.8249903752587474,-1.0190043892617426,False,2145.8023340085133,9.078838989568286,-2.0252031435258537,0.657651620314968,1.3483063037475007,-0.5291665960433726,False,False,True,True,False,-0.5612955407049887,-0.5139292817878288,1.0623085415504985,0.9521,0.9556,0.9727,0.7422,0.0594,1.7895633847253638,1.6466787562606866,3.785532395141601,-0.41937291597412063
567.0811,4.133085190510302,-0.9321635990630616,False,569.3503,3.7117056040197505,-0.6487898096229643,False,54.5706,2.750341576523202,0.564555353463007,False,54.4961,2.7730964615156846,-0.23002495640538867,False,53.7165,0.6045993029457885,-0.6077390518079094,False,2870.424494769043,9.128900539806715,-1.2045285730349613,1.0530442630965364,-0.4381677922657422,-0.010534923195265018,False,False,False,False,True,0.7091397957343164,0.39648857465932236,2.8962314187136418,0.6715,0.8816,1.3175,0.7803,0.3773,3.922395397265026,2.761719019019443,2.2577804662475582,0.009156952866209878
375.998,4.363436765498921,0.28448430275822667,False,376.8766,4.390116865417636,0.6532061880056991,False,36.1447,3.5274434123661687,0.5511970152046356,False,36.1882,3.4058342125511243,0.9076747490815948,False,35.8314,0.9599687096921427,0.04505896416945525,False,2535.610483970897,8.903886486818894,-0.9289261961448493,0.9502946318720455,-0.9635383250804236,-0.12322960517570722,False,False,False,False,True,0.9797950590181509,0.9720476721597667,3.352110539003981,1.186,1.4138,1.3118,1.1285,0.8819,4.376776815458278,3.4666388124586467,1.8084955610351567,-0.08395929864013674
789.4799,1.702564361569151,-0.9446966095191409,False,791.8785,1.8309155478551544,-1.2440089494633513,False,75.8635,1.7599752713800343,-1.0743018297088196,False,76.5709,1.7784268730369979,-0.17284590745070125,False,76.366,-0.2534531307280374,-0.23373210289975224,False,1422.4130657244498,8.560515477768652,-1.0627928163898095,1.020181722872619,-1.4174983623504613,-0.3019551139432518,False,False,True,False,False,-0.5748904660516906,-0.4138911863237397,1.7954946045696887,0.6662,0.6383,0.6182,0.7978,0.6664,1.7667399547121527,1.769201072208516,1.4202792839965834,-0.2316348511376951
579.0406,4.219111092530164,-1.1395494513268654,False,576.2874,4.1795340873028355,-1.1652335433685692,False,55.1439,3.5609341128149716,-0.9207981181433189,False,55.2656,3.712671870359802,-0.7106557050473624,False,55.5555,0.9039163161765984,-0.6017880591929751,False,3220.6692548112583,10.028971826052047,-0.2698239930381824,0.9211641246252118,-0.000932254407418429,1.515152575981643,False,False,True,False,False,0.8740932890694251,1.1109848140555965,3.280204754879258,0.5838,0.6705,0.6837,0.6332,0.3819,4.1993225899165,3.6368029915873867,2.631694332580567,1.2697869879028332
428.0777,6.640014050072416,0.6396650896456079,False,427.8527,7.317974463719875,1.442917401899973,False,41.3075,4.234526790722743,-0.3726375359269736,False,41.4613,4.874983462519172,0.45154930713448704,False,41.1963,1.6432736461243065,-0.5558619205342425,False,3247.5696153060617,9.58058185045012,-0.6980125877110759,0.9986182501519925,-0.23940012590550944,0.006341633334249145,False,False,False,False,True,2.5298228958400473,1.8604824268419435,4.228675733973278,1.3362,1.7366,0.9176,0.9889,0.4174,6.978994256896145,4.554755126620957,2.427762044128418,0.023101547719727833
182.6686,2.187309642979811,0.7269232190473678,False,182.9314,2.1192917366890116,0.8119802207867968,False,17.5462,1.615917607850553,-0.35576384549534606,False,17.6282,2.014380340216447,-0.4433844933620229,False,17.4996,-0.34029292893932495,0.24234730629499646,False,3046.7377341343436,8.961354956255965,-1.0618420432507083,1.0421903661933556,-0.8185099919065466,0.6455240273865868,False,True,False,True,False,-0.34463303616882984,-0.37637524032171044,1.6840937634640594,1.3731,1.4787,0.9248,0.715,1.0344,2.1533006898344116,1.8151489740335,1.9325204860229501,0.5512388787548819
380.9966,0.6241721905090155,-1.1452247768164106,False,381.5248,0.6446452666721114,-1.2699412260038694,False,36.6282,0.5472312407771176,-1.7956520956608977,False,36.4999,0.556659055584701,-1.3709920361183543,False,35.9346,-0.30296608442042233,-0.4153667470599226,False,1288.8701585477572,7.1745854673550635,-3.0162133060415743,3.1649834507341086,0.9529655900969892,0.5801509268965233,False,False,False,False,True,-1.2493709660445425,-1.4077669826639982,1.7319778207842698,0.5814,0.6277,0.3104,0.4311,0.526,0.6344087285905635,0.5519451481809092,3.4474460275878904,0.49722303736816187
161.9465,1.3570365165808445,-0.995065123238856,False,162.0277,1.3334026868928142,-1.0805866784344247,False,15.4971,1.1697461147421064,-0.6301956718208442,False,15.4579,1.423450311149686,-0.8926484494345679,False,15.2008,-0.7436462183109778,1.3848085189577206,False,3294.710743004438,8.64698652656245,-1.5281968630212917,0.9973612097838223,-0.48191062676624913,0.12952857297465606,False,False,True,False,False,-0.8259718209355933,-0.7997661151950382,1.1666594001391126,0.6449,0.7051,0.8077,0.5775,1.9175,1.3452196017368294,1.2965982129458962,2.2203725911865213,0.12488723851074468
259.4093,2.3575719598962515,-0.6637679977866451,False,259.6254,2.363015894451895,-0.6245700419105936,False,25.0312,2.1588204727599463,-0.7094082741248735,False,24.9179,2.453487348089804,-0.46266200129531765,False,24.8422,0.1213911420000376,-0.691441056631008,False,2779.603263150568,9.235218470533214,-1.1210929993698082,1.0544446506448917,-0.439319335180627,0.01268645796010435,False,False,False,False,True,-0.2213361606651931,0.024524777932715656,2.276356699204401,0.785,0.8915,0.7739,0.7091,0.3126,2.360293927174073,2.306153910424875,2.2567956929931654,0.028344086899414478
208.0965,2.36743298389563,-0.6013394174016461,False,207.8672,2.2596256099237113,-0.6186985830712308,False,19.8492,2.0325775903286587,-0.974231471176806,False,19.8143,2.2873023925160334,-0.9841349277620681,False,18.9044,-0.5421910588604123,-1.0288364640168517,False,3577.490233477779,8.614902000445001,-0.8056915974132349,0.7011257333121927,-1.6866967039614231,0.12116490562221663,False,False,True,False,False,-0.24919181851077837,-0.0948572454497172,1.4250924535331104,0.8114,0.8939,0.6609,0.5495,0.0518,2.3135292969096706,2.159939991422346,1.190066997924804,0.11797658985351411
335.8474,2.4974146313027576,-0.3031483573051166,False,335.8506,2.6760572592091187,-0.07558864043018773,False,32.0892,2.505802987432415,-0.4459912179422434,False,33.0149,2.7252407305197845,-2.2584108758951054,False,31.0686,-0.8314328050386761,-1.0094310533159787,False,2823.9436658980276,7.872672083334955,-1.6290556024363911,0.42064120525471566,-1.529071111551449,-1.8812555929436625,False,True,False,False,False,-0.08645449172246379,0.2771202347789188,1.0540439887644382,0.9375,1.1159,0.8863,0.1595,0.0668,2.5867359452559384,2.6155218589761,1.3248648118896469,-1.5365636909228542
239.8431,1.5630512737258704,-0.1085319873927899,False,239.4715,1.4957272240101496,-0.1993785642934165,False,22.9987,1.2920072545320778,-0.19335457509093074,False,22.9347,1.5644909973289036,-0.3567990763734958,False,22.8267,-0.6891814788761917,0.007283098005089317,False,2809.573353551986,8.97926301307601,-0.8916751900474329,0.9570600219401348,-1.0960198452912637,0.43445980260813516,False,True,False,False,False,-0.7162699662000187,-0.6922746227334099,1.2365284913692838,1.0198,1.0653,0.9941,0.7415,0.8527,1.5293892488680099,1.4282491259304906,1.695200384521483,0.37684281060791136
402.2125,4.3214664749056215,-0.01559853250148474,False,404.6322,4.255386889519387,0.36110111074740825,False,38.9065,3.1923477294710385,0.7091535061895934,False,38.9538,3.909413042756728,1.9855815062331046,False,38.8469,1.658785969713919,0.3481714793170902,False,2535.676722602766,9.054095336852535,-0.915488047821621,1.3308623601133402,-0.9352254022513866,-0.1792999809295919,False,False,False,False,True,0.9271687243632716,1.0408299713039983,4.248575433546288,1.0591,1.2944,1.3792,1.4584,1.1162,4.288426682212505,3.5508803861138833,1.8327081273193357,-0.13028857628662038
280.0452,2.600864274768528,-0.6859963559540313,False,281.2306,2.4137984646381763,-0.7664636305285237,False,27.1361,2.042794071040807,-0.8661929810520798,False,27.0466,2.1828398313906,-0.8112908312076124,False,26.0242,0.015366500002182188,-0.3980312468338095,False,2811.2468981706606,9.122705985087581,-0.47232977412312144,1.0477536447485867,-1.3833908423003884,0.6770748606468933,False,False,True,False,False,-0.13375234643576098,-0.13333267874757895,2.1403449334038087,0.7756,0.8335,0.707,0.6024,0.5394,2.507331369703352,2.112816951215703,1.4494472577514657,0.5773083904077154
425.6579,2.198727371658239,-0.540802612179829,False,428.0449,2.1794162783261566,-0.23216087614652417,False,40.3667,1.8167602642172203,-0.8622089152557232,False,40.3991,1.903536830467961,-0.4322754209936834,False,40.6964,-0.18978429407205125,-0.2435641776548611,False,1620.6073904475736,9.613972171879919,-0.943875488729679,1.0332519044710875,0.49217099109919377,1.2902962920982703,False,False,True,False,False,-0.32332572557811684,-0.3396335939064166,1.877171002969839,0.837,1.0519,0.7087,0.7184,0.6588,2.189071824992198,1.8601485473425905,3.0533849891357434,1.0839949530444333
362.2907,3.5733980376539716,-0.9735461807576632,False,362.1472,3.5088465645210407,-0.7821208541001576,False,34.6547,2.891181352891248,-0.9219699022010707,False,34.6452,3.171445184054058,-0.47050369943767467,False,34.5542,0.4961756527571421,-0.2625814801417166,False,3398.680197534773,9.517998596921501,-1.2325477007765542,0.9536385970857337,0.3192379088759112,0.8209097020803683,False,False,False,False,True,0.4820319825686813,0.6166092527148488,2.757142129291643,0.654,0.8271,0.6832,0.7067,0.6441,3.541122301087506,3.031313268472653,2.9054965587768553,0.6961548260595709
1468.9049,2.750149029158771,-0.859093783385165,False,1467.6429,2.6785451467919716,-0.9455431251290841,False,139.7081,1.7632291003103264,-0.3541233478144933,False,139.5778,1.86983413473468,-0.15128123755921893,False,139.1639,-0.5107590968049144,-0.27577715941831016,False,2192.294979308594,9.529726192012655,-0.7358831750120102,0.8310969736341032,0.3415597711967733,1.7748515654986543,False,True,False,False,False,-0.010442080017746023,-0.37524632743530534,1.465414369091495,0.7024,0.7603,0.9255,0.8044,0.6339,2.714347087975371,1.8165316175225033,2.924585706665038,1.4843685102856448
283.6122,2.217299691318998,-0.30078363835113936,False,283.2349,2.2823320055472256,-0.6138057007050953,False,26.9582,2.1359881352343653,-0.8804887465566531,False,26.8945,2.449985089378486,-0.6397536843435497,False,27.4409,-0.12684197554360546,-1.0155114153355853,False,3507.3620426608177,9.100565547046628,-0.8373638524419509,0.916632151943672,-0.9158302605971398,-0.049959737481361996,False,False,False,False,True,-0.28714315076532443,0.013773826842805892,1.9579154009260273,0.9385,0.8959,0.7009,0.6549,0.0621,2.249815848433112,2.2929866123064255,1.8492944104003914,-0.02341859425048831
385.5001,3.7590022888694734,-0.15464400699534617,False,385.2046,3.6682520424478575,0.14948394841204668,False,37.1086,2.7201339870001267,-0.040553933960081334,False,36.9618,3.3176022337308133,0.131673370410835,False,37.8902,0.32896058760755026,0.6514133638693974,False,3424.3977842182435,8.91446154744382,-1.1853124731337974,0.9347456281612193,-0.8714176545319009,-0.6636919307696055,False,False,False,False,True,0.5847856332877165,0.6064479208369713,2.5426333523611153,1.0003,1.2079,1.0593,0.891,1.3506,3.7136271656586652,3.01886811036547,1.8872750588378917,-0.5305271841455088
846.1737,4.019880908639825,-0.005193769103984993,False,846.7733,3.6450270797332758,-0.09026728752859377,False,80.9641,3.1395990559220865,0.37566376335339896,False,81.0127,2.626130082955701,0.10357395206738836,False,81.5302,0.5325810468550363,0.13458259220281552,False,1299.9258244991327,8.785985635119946,-1.3408135196706,0.8930580213943634,-0.7659317010910843,-0.4915970315879051,False,False,False,False,True,0.6555656107970949,0.49540255652586684,2.8038441208533897,1.0635,1.1099,1.2369,0.8824,0.9511,3.8324539941865505,2.882864569438894,1.97748424194336,-0.38833030640869026
529.6404,4.621476949451474,0.11020451585010459,False,529.6454,4.363201225248101,0.19865741619170876,False,50.5379,3.536732396376732,-0.11086097742519571,False,50.5931,3.8446140673954496,-0.022873430478120568,False,51.4187,2.46070034562678,0.8635791875322745,False,3361.9239448846583,9.213961202146976,-0.7936749475080969,1.4921390649083746,-0.6746659677371359,0.4021275041878749,False,False,False,False,True,1.0486304820177152,1.1549692604806046,5.277296570760733,1.1123,1.228,1.0293,0.8437,1.5146,4.492339087349787,3.690673231886091,2.055532616943358,0.3501275976220697
265.5676,2.5892798442751923,-0.6585656160878952,False,265.8402,2.642680185808988,-0.4564995326338381,False,25.56,2.169809481150594,-0.6901910155777421,False,25.5992,2.2220968846583746,-0.8495191096516036,False,26.8124,-0.012430738988279589,-0.8218454165408738,False,3268.1973193018725,8.488589401286225,-2.110918961451119,0.9699864314789687,-0.1161611258933202,-2.165265862850402,False,True,False,True,False,-0.06903507030568524,-0.06545287890974169,2.1046857556104968,0.7872,0.9602,0.7821,0.5907,0.2118,2.61598001504209,2.1959531829044843,2.5331532280273414,-1.7712328985400418
146.6318,0.5137339462255154,-0.3783464200415928,False,145.983,0.5252629545657064,-0.1981553437018822,False,14.041,0.46869713590518153,-0.19171407741007798,False,14.0619,0.6747430443128936,-0.6377932598079606,False,13.8488,-1.2005173613864943,-0.014968439598578276,False,1767.0532834046248,8.683034810892966,-1.5483411890037437,1.238690395326722,-0.19190579572086822,1.182066640028274,False,False,True,True,False,-1.3178180247348825,-1.391620964584767,0.5805706405628916,0.9057,1.0658,0.9948,0.6555,0.8355,0.5194984503956108,0.5717200901090376,2.468378112792969,0.9945680224609372
400.8402,3.122667713639586,-0.8011581690127226,False,400.3152,3.0587148259678805,-0.7045686685969094,False,38.2095,2.5846141798308992,-0.7881521628058022,False,38.4577,2.43692194098342,-0.6770017505197464,False,39.6828,0.6078477645209733,-0.30734329415839673,False,2561.7211548017895,8.463581629050429,-0.8082164803610239,1.1221785714285715,-1.8246380993011313,0.41517764310984434,False,False,True,False,False,0.21372979308198742,0.19158993427490498,2.9003986480166675,0.7269,0.8588,0.7403,0.6435,0.6095,3.090691269803733,2.51076806040716,1.072102660644532,0.3609105378344726
186.3612,1.1109208054353419,-0.7706532945064163,False,185.5865,1.135567670715666,-0.9301305456757573,False,17.9269,0.9940170928870187,-1.8251810539162459,False,17.655,1.155683441637231,-1.5029939548480329,False,29.0253,-0.5798424652097031,1.9969845418679244,False,1768.1037381253657,7.710095390844822,-2.303736413236378,1.3850788360466606,-0.5083204179916496,0.35823407815675123,False,False,False,True,False,-0.9581928979619627,-0.9808208233734608,1.3767920380264373,0.7398,0.7666,0.2978,0.3907,2.3907,1.1232442380755039,1.074850267262125,2.197787539672852,0.31385977001953336
323.2499,2.9606090453992975,-0.31142487364403676,False,323.8905,2.863122059004085,-0.36035439413927495,False,31.1676,2.250932001164848,-0.7907300877328565,False,31.1738,2.3782732799671593,-0.6943188339174516,False,32.0526,2.005531844361978,3.404264925895228,False,2121.8698078729353,8.48075037415202,-1.6317218642569902,2.085088315217391,-0.8432670251686116,-1.1766122361485052,False,True,False,False,False,0.10721108491836188,0.031423071242551746,4.693392013977725,0.934,0.9995,0.7392,0.6382,3.4785,2.911865552201691,2.3146026405660036,1.9113488354492194,-0.9543379205444324
666.02,5.057862455096225,1.7905738045463289,False,666.6991,4.414160653873288,1.7081116261445186,False,63.5939,3.357235091324506,1.1129502924909032,False,63.5979,3.4410648876634795,1.8359357666831226,False,63.6962,1.3398269206998885,-0.39725503040577453,False,2992.2107355037933,10.528803914290148,-0.6348255859235882,1.143621035728623,0.3904175447793445,0.767514535659588,False,True,False,False,False,1.1937755806216086,0.9169438058782002,3.8394046723250113,1.8229,1.845,1.5515,1.4126,0.54,4.736011554484756,3.399149989493993,2.9663677610473638,0.6520359940234375
326.5831,1.4675203371113525,-0.7607214748997119,False,326.3563,1.5290953859093415,-0.6815721214760725,False,31.35,1.435303751660063,-0.8600997039517697,False,31.1454,1.6868178373710996,-0.6077334169289249,False,30.6517,-0.5246132961797697,-0.5715156184996133,False,1525.1866979182523,8.651591034547423,-1.5673728453127327,1.008596098252063,-0.4797550129270005,-0.5428201853337112,False,False,False,False,True,-0.7347837978438497,-0.5838353863552991,1.4476417637308878,0.744,0.8682,0.7096,0.6647,0.4053,1.4983078615103471,1.5610607945155812,2.222216023010253,-0.4306544692114258
584.3339,4.568975447219171,-0.6013394174016461,False,586.0181,4.173381342357439,-0.3738098206461478,False,56.0546,2.1043640821786784,2.2104432409813457,False,56.1142,0.020339987210190986,-0.09867651252090635,False,56.0844,0.02493375112508657,-0.34097933937324315,False,3390.2412290735047,10.459394861946247,-0.7499204136326998,1.0229304539649369,2.0257997228938267,0.6422640862859718,False,False,True,False,False,0.9764603231338576,-0.9910254899524975,2.152618105890543,0.8114,0.994,2.0198,0.8205,0.5835,4.371178394788306,1.0623520346944346,4.364909325500488,0.5485452867407226
672.9413,4.527788193180317,0.5159902883525984,False,674.2561,4.2513408450330985,0.5279483994326298,False,64.579,3.335993302607079,0.49565445086719473,False,64.5742,3.244659996583814,1.1167866995444518,False,63.3795,0.5736283922879597,-0.5012680317624534,False,1667.0050565171346,9.402297184891447,-0.7881495803095766,0.8562669931757206,-0.42000888406115694,-0.044624444575054795,False,True,False,True,False,0.9874121383246144,0.8280907705656184,2.8565009544777062,1.2839,1.3626,1.2881,1.1925,0.4596,4.389564519106708,3.2903266495954466,2.27330955065918,-0.01901020099365347
340.2361,0.9543542939437565,-0.4854681886567614,False,340.0687,1.0158240989372396,-0.5377213799116878,False,32.6305,0.8932125245734057,0.9896786096154013,False,32.7203,0.892133219831185,3.1428854570759808,False,33.0931,-0.8803404177351122,2.9453916475219204,False,1393.1561252972194,8.663119693425088,-1.505082278360341,1.109818467936829,-0.20715216881528356,-0.1662937762409004,False,False,True,False,False,-1.0404858520101152,-1.1295666212096236,0.9913037555640443,0.8604,0.927,1.4989,1.8126,3.1238,0.985089196440498,0.8926728722022954,2.4553397620239252,-0.11954193761962983
350.7243,2.4445906588441835,1.132236047759066,False,351.018,2.5662818267056253,1.0522207449640513,False,33.5116,2.1437242392496603,0.34215073930169376,False,33.5341,2.3270875377098164,-0.233619068053969,False,33.7812,-0.31067832026306536,-0.19401569566529894,False,3539.9630001565033,9.415821992154573,-2.236435690983178,0.8033142925145781,1.4861065174824468,0.21288527691405898,False,True,False,False,False,-0.13488119118433098,-0.03324018772673778,1.722084320599193,1.5445,1.5769,1.2226,0.7792,0.6971,2.5054362427749046,2.2354058884797383,3.903375997131347,0.19376239457275446
330.4445,4.143719062929698,-0.6692068513807929,False,329.8951,3.9349277500235935,-0.5306267004807915,False,31.8043,3.4213677467197177,-0.3102986240545716,False,31.8466,4.1361263733644655,-0.1882025663128171,False,32.9668,1.5977396702810713,0.14881322671678898,False,3671.9688577414645,9.174790122878676,-0.8710359626974911,1.218887771676077,-0.7226953816044978,-0.12814220781402066,False,False,False,False,True,0.7787887291001736,1.226880552401575,4.170263308883597,0.7827,0.9299,0.9442,0.7931,0.9621,4.039323406476646,3.7787470600420914,2.0144589569091806,-0.08801843554687494
626.8887,4.554852685065265,-0.708461186016815,False,626.6572,4.260702542948361,-0.7373509804500173,False,60.1461,3.6309429887018756,-0.6852695225351841,False,60.1336,3.876232130436724,-0.5495741557064426,False,60.1382,1.0972061412601808,-0.5050197444979555,False,2558.159461439431,9.523540721046075,-0.6553516352859868,0.9716933231784717,0.7536378547268576,0.20969877807931053,False,True,False,False,False,0.9982608874107947,1.2063381027208357,3.5281630589632975,0.7661,0.8454,0.7842,0.6825,0.4567,4.407777614006813,3.7535875595693,3.2769854914550773,0.19112948571044797
304.3946,0.5638002472240357,-0.43060670892448955,False,304.5431,0.5507119095152462,-0.007332931422597042,False,29.3957,0.43153579962365884,2.8364102846324184,False,29.4907,1.4626632176071597,2.9128623115668377,False,32.8032,-0.5566614927647241,-0.8808378650715275,False,1919.6887244912964,7.983429407391167,-2.4138850501140965,3.2593572172797947,-0.45108653734795534,-0.3122636167674542,False,True,False,False,False,-1.2953274467070244,-1.085127883603629,1.4065293230179796,0.8836,1.1438,2.2869,1.7422,0.1662,0.557256078369641,0.9470995086154093,2.2467326499023414,-0.24015245928710982
121.9685,0.5055491660213877,-0.15204281614597098,False,121.9917,0.5411230293347663,-0.33442211759875684,False,12.036,0.5451438690646108,0.13240139296410136,False,12.055,0.7238464071973338,-0.47703844788963895,False,11.5314,-1.252647539904952,-1.0142177212888606,False,1810.6430919592265,8.087399084044831,-2.0000381498030304,0.9423134462330202,-0.67089710340548,-1.9073402880962296,False,False,False,True,False,-1.3155321050338606,-1.340365842624331,0.5136963979510755,1.0014,1.0101,1.1331,0.7047,0.0631,0.523336097678077,0.6344951381309722,2.05875566381836,-1.5581166958349613
234.803,2.604066528480168,-0.14092863706227815,False,234.1858,3.055090078368884,0.9088592916362804,False,22.5809,2.2832872853166757,-0.5322345245927841,False,22.6089,2.5542989151558833,-0.3228183844232816,False,22.7267,-0.30950403090387724,0.19900855572971352,False,3528.5538887616963,9.786006284479186,-3.7110782408638494,0.7548724802316515,2.962097566420632,-0.8734108642426347,False,True,False,False,False,0.05819614704690658,0.11649341186017907,1.7235907361483938,1.0061,1.5183,0.8495,0.7519,1.0009,2.829578303424526,2.4187931002362797,5.1656099008178735,-0.7038116782470709
633.5568,5.409142238204218,-0.18704065666483416,False,633.0261,5.209244596547954,0.18153232791023466,False,60.4725,4.412100286162326,0.3646489932105306,False,60.4466,4.480915254308389,0.5610063437048889,False,60.568,1.4976505048183242,-0.04847511540875221,False,3082.7319665259115,10.009660137982364,-0.46133437524264415,0.9160865569808281,-0.3130550403114301,0.8860235752256621,False,False,True,False,False,1.5351951057140532,1.7720996756013543,4.041865760204572,0.9866,1.221,1.2322,1.0224,0.8096,5.309193417376086,4.446507770235358,2.364774040100098,0.7499564756298831
336.8991,1.97347384362257,-0.6306619324309638,False,336.8375,1.9621032044017945,-0.7099508391996584,False,32.5023,1.6888806561468261,-0.955248569441225,False,32.4555,1.7667565820193172,-0.8188057919273716,False,31.8447,-0.41273932742428066,-0.5404669613782167,False,1826.8910233517154,9.045074249231462,-1.490945271554148,0.9421371635711641,-0.4653412261594454,-0.02623689856267712,False,False,True,True,False,-0.45513457094245297,-0.44767949471699736,1.5911572309923772,0.799,0.8566,0.669,0.6001,0.4293,1.9677885240121822,1.7278186190830715,2.234542364929199,-0.003817120637206628
638.7453,4.64226842757241,0.5987554517418014,False,639.1856,4.4715929174874,0.7072725381514967,False,61.1709,3.152740028153612,-0.316626257966432,False,60.8691,2.7704390278700917,0.6168784429691839,False,60.7401,1.865264079723729,2.7698373653813566,False,1415.4645246820364,8.46193299511726,-1.7020865510915812,1.4315966576880454,-0.4533782143238534,-1.4341570555401728,False,False,False,False,True,1.0871048821425233,0.5596806013881716,4.513452086864026,1.3189,1.4359,0.9415,1.0395,2.9881,4.556930672529905,2.961589528011852,2.2447728599853516,-1.1671395164599616
150.6699,1.6152569037479645,-1.6091826355867445,False,150.6348,1.621869127406293,-1.5595998620790927,False,15.1079,1.5611753147871528,-1.6416796704722962,False,15.3178,1.7035640244124448,-1.274931233874479,False,16.1083,-0.5060216780592252,-0.4394294563290051,False,3370.2092507772495,8.631047977772973,-1.0468561539505985,0.9425537707595971,-1.2290703986828388,0.3665067144253232,False,False,True,False,False,-0.6631530288863478,-0.5256124904042521,1.471491679769432,0.3852,0.5093,0.3761,0.4605,0.5074,1.618563015577129,1.632369669599799,1.5814185838012715,0.32069520240966654
363.3123,3.1664763170811754,-0.40932423833869463,False,363.0342,3.2413785853197394,-0.29405583807813884,False,35.0093,2.519408971101919,-0.5692629008177447,False,34.8879,2.6278731309645837,-0.2182624091918528,False,34.8011,0.17202662470994506,-0.28198689084258954,False,2185.981488074438,9.132718486438913,-1.4871958052093086,0.9293106143504767,0.16119749872684672,-0.5437720096592364,False,False,False,True,False,0.2811796650663027,0.24292502527207432,2.3413134987348267,0.8926,1.0266,0.8337,0.7839,0.6291,3.2039274512004576,2.5736410510332517,2.7703440021362304,-0.4314409332373046
1680.3436,4.986299525927556,-0.1291050422923917,False,1683.1641,4.777928910116281,0.22997186333497593,False,160.8591,3.712432321336948,0.3161371332196015,False,160.5086,3.689122733654835,1.3209975886683358,False,160.3628,1.228079487297653,-0.3844474593431984,False,2222.981077378041,10.734555702136005,0.4447215577547513,0.995587584823018,1.1740260757038814,1.541105196702522,False,False,True,True,False,1.2808025876311733,1.1632193044092631,3.6960515286187627,1.0111,1.2408,1.2115,1.255,0.5499,4.882114218021918,3.7007775274958914,3.6364919163818357,1.2912308636547838
342.9386,2.994520194656352,-0.9496625193224931,False,341.6328,2.8671473065347737,-1.0074380870606985,False,32.8005,2.5596091502363696,-0.597620075015341,False,32.785,2.840393183706934,-0.6201494389876568,False,32.5999,0.406661843994452,-0.47306550154385146,False,3488.0556322293755,9.050359279938979,-1.16710712467537,1.0323103363614043,-0.5909015828542296,-0.08075045703133542,False,False,False,False,True,0.11850961633878601,0.34609664134307294,2.642310982834235,0.6641,0.735,0.8216,0.6609,0.4814,2.930833750595563,2.700001166971652,2.12716600970459,-0.04886004663574184
205.7555,1.7771683745945595,-0.3275049625310821,False,205.3221,1.7542283987850997,-0.6211450242542986,False,19.623,1.529095190259397,-0.5755905347296051,False,19.411,1.5869387334747793,-0.481939509228612,False,18.0601,-0.6473403562453472,1.5016290913769756,False,2498.4802414248697,8.401755281801815,-1.527455844478137,0.8437693190850482,-0.8935082041461903,-0.33135160498875177,False,False,True,False,False,-0.575510882855773,-0.5863206415409448,1.2902036075013938,0.9272,0.8929,0.831,0.7032,2.0078,1.7656983866898295,1.558016961867088,1.8683837243042003,-0.2559242941308604
163.9453,0.8309422051338892,1.7979044333036585,False,163.9888,0.8948080492558362,1.0955227539043508,False,15.8644,0.793325673834866,-0.08203508960449868,False,15.7237,1.035083862524809,-0.45514704057555844,False,15.2364,-1.055578395847217,-0.9839452805954988,False,2452.6672805102794,8.565309811811975,-2.1675281943681393,0.9661894947919568,0.052086222024770874,-0.31340434676995116,False,True,False,False,False,-1.1132834616047,-1.1119860698736417,0.7665029320079978,1.826,1.5946,1.0416,0.7114,0.0865,0.8628751271948627,0.9142047681798375,2.677034525207519,-0.24109501043457016
182.9138,1.5388352051481864,-0.5890428788409645,False,183.1422,1.5611775982226341,-0.7417545745795393,False,17.5509,1.2312130194388236,-0.611681483708364,False,17.6724,1.3191118614131483,-1.1396619409188182,False,22.2654,1.3825936586461653,-0.5960958053873857,False,2686.5286004789596,7.741975626861022,-2.223318284113397,3.1629516059283724,-0.5138712876016185,-0.6639268474422791,False,True,False,False,False,-0.703989224293484,-0.8172681828070019,3.894267197073946,0.8166,0.8436,0.8156,0.5019,0.3863,1.5500064016854103,1.2751624404259858,2.1930405624999985,-0.5307212887792971
332.7874,2.9019706993295546,-0.7250142186946557,False,332.9571,2.904644811226285,-0.5687911829366485,False,31.9818,2.451697290474899,-0.6257428924013869,False,31.8985,2.5373076515520165,-0.6381199972305588,False,33.2682,-0.20874094231405707,-0.686395649848781,False,3394.0829506061023,9.067674299870422,-1.9659980532626862,0.7557428977627018,1.0116131934027064,-2.810140541585681,False,False,False,False,True,0.1021135772149378,0.17830926314198497,1.8528528147404644,0.7591,0.9143,0.8096,0.6554,0.3165,2.90330775527792,2.494502471013458,3.4976001212158216,-2.304073594479979
1309.4536,3.670501811892249,-0.08441185406222211,False,1310.0874,3.471514170414353,0.046978062841507295,False,124.7546,2.7750680221855104,-0.33935886868681925,False,124.7329,3.10229067812106,-0.10161714932429032,False,124.7837,0.43202541795299854,-0.268791211565996,False,2700.2915750219177,9.71299797256784,-0.9643863533585568,0.9638856261285741,0.09312149281012738,0.8305554559277871,False,True,False,False,False,0.49983358930105976,0.5409746983697333,2.6748481781136646,1.03,1.166,0.9318,0.8196,0.6393,3.5710079911533006,2.9386793501532855,2.712126953491211,0.7041248245141603
483.8178,5.190978033556771,-0.7869698552888592,False,483.5474,5.0542999474989205,-0.40610284426264226,False,46.5004,4.280108522828403,-0.27022360927945616,False,46.4873,4.466831628526199,0.09540551650243316,False,46.393,1.588755790897912,-0.37345105994603717,False,3198.727257213591,10.057283348806047,-0.2934821949451704,0.9716432380029083,-0.07607073455573803,0.9184038884694619,False,False,False,False,True,1.424072741344169,1.7124652179586584,4.158738504124834,0.7329,0.9808,0.9613,0.8799,0.5584,5.122638990527846,4.373470075677301,2.5674376169433586,0.7767113618310546
569.2452,3.085476951932753,-0.4462138540207394,False,570.9224,3.0388453907542075,-0.635089738997785,False,54.5857,2.5850442458563774,-0.5092675570608468,False,54.5911,2.6471733452373436,-0.31628363597131726,False,54.4414,-0.09309046362578922,0.4167372637935077,False,2022.5293560394507,9.29208094210057,-0.6440350846267032,0.774150350291087,-0.7100160566579566,1.0390406421943241,False,False,True,True,False,0.19673565335466853,0.277599461899651,2.001212908447673,0.877,0.8872,0.8593,0.7539,1.1692,3.0621611713434804,2.6161087955468605,2.025302026611328,0.8763899101293937
582.4506,4.5511645444285,-0.9621955297785724,False,582.394,4.247504193886074,-0.8604069719583258,False,55.5335,2.9432642437850105,-0.40427570548627517,False,55.524,3.2422308664653006,-0.2270843196020047,False,55.423,0.4115685788004811,-0.25093823372119284,False,3415.775773876956,9.747844441318842,-0.8012895685081456,0.8998870907038011,0.21368824443881093,1.3474589967354544,False,False,True,False,False,0.9932316133995356,0.6667696580693165,2.6486054975122166,0.6588,0.7951,0.9041,0.7812,0.6531,4.399334369157287,3.0927475551251558,2.815232891479491,1.131226789438477
217.1275,2.6940885260694065,-0.06336585537182492,False,217.109,2.558386823217618,0.004409986256128557,False,20.968,1.9127957726898601,-0.5657475486444888,False,20.9256,2.2591092949293508,-0.45318661603996935,False,20.6311,-0.26391255717752793,2.6937681554339346,False,3499.9599919521793,8.612357722776318,-1.2650211864892085,0.9316608426188435,-0.9494711308174577,-0.6307182922503417,False,False,False,False,True,-0.06292502828165583,-0.15526717396396625,1.7820769213419971,1.0389,1.1486,0.8352,0.712,2.9293,2.6262376746435123,2.085952533809605,1.8205255049438502,-0.5032820509814435
475.5677,2.149146950377544,0.09601620212624115,False,475.5257,2.0560008827795335,0.17027869846812257,False,45.6901,1.4057846795265303,0.7117314311166478,False,45.7298,1.3811977484645157,0.10488090175778143,False,42.9998,1.7173104582104934,-0.4625865797653801,False,1456.4275708045654,8.409750114438577,-2.640491139172022,3.0756150371448836,-0.5943685382883886,0.7317429572670403,False,False,False,True,False,-0.37484877039867537,-0.7206540676156242,4.323652499339697,1.1063,1.2164,1.3803,0.8828,0.4895,2.102573916578539,1.3934912139955231,2.1242011484375016,0.622479006667481
531.4448,3.554944734247611,0.6103425746162903,False,532.8448,3.1959519373368956,0.6485579497578703,False,50.9565,2.147274223018498,0.24676751700068805,False,50.9352,2.5439926193434337,0.19440695554969217,False,50.6347,-0.25050332997832975,0.25179127283608804,False,1944.1507692016744,8.49640620191214,-0.8173753661300032,0.8379361532062053,-1.8403962529025673,-1.3894217954897354,False,False,False,False,True,0.38334720167565517,0.056759355244942106,1.7992787023149635,1.3238,1.4119,1.1819,0.9102,1.0417,3.375448335792253,2.345633421180966,1.0586266468505858,-1.1301761065380873
289.4646,2.744742871699437,-0.24757746188665158,False,289.2928,2.4965671101801417,-0.5467732122890386,False,27.9191,2.195348951393026,0.02248804834697198,False,27.8832,2.283100183326144,-0.4456716553202102,False,27.6488,0.3391443911523862,-0.14407910546171937,False,3626.614291192087,9.047257575331486,-0.8661144733282984,1.1641417899342241,-0.6932526225304348,0.4262845840987147,False,False,False,False,True,-0.06625039033908678,-0.03012227929206955,2.5556974578048997,0.961,0.9233,1.0862,0.7143,0.7357,2.6206549909397894,2.239224567359585,2.039637733398436,0.3700878716040048
148.0217,0.9384854769479507,-0.4570915612090348,False,147.997,0.895623883919654,-0.4261636619637979,False,14.4508,0.7419665731518937,-0.5931672955958837,False,14.423,1.1470687122055265,-0.7488839834913533,False,14.4431,-1.067778937591217,-0.03670249958355598,False,3287.7296002559947,9.111234548904996,-2.016089063497268,1.0119750918090373,1.71092781166476,1.028927727473267,False,False,False,True,False,-1.081011056397652,-1.087235948155404,0.7508516909846247,0.8724,0.9726,0.8235,0.6215,0.8187,0.9170546804338023,0.9445176426787101,4.095638043701172,0.868033910590821
212.9758,1.536883250327557,-0.23315267626739047,False,212.8376,1.436240403000221,-0.0689832492359044,False,20.5704,1.1783476728916378,-0.03469501367132136,False,20.5252,1.4561210328755891,-0.6727541640259693,False,20.5834,-0.6216238240974461,0.056702210589979006,False,3375.115628522051,8.797187318660805,-1.2350611388967427,1.1229229022602953,-0.6621444240878935,0.009316175673024677,False,False,False,False,True,-0.7417804003161742,-0.7829169386092911,1.323193588715143,0.9671,1.1186,1.0618,0.6448,0.8909,1.486561826663889,1.3172343528836135,2.0662407556762687,0.025559323256835853
307.4053,1.744341370531396,-1.020840559837208,False,307.445,1.7386692263876722,-1.1119011255776918,False,29.6253,1.965459227015579,0.14575973122247327,False,29.4754,1.9250834390466947,0.31105221541725464,False,34.0634,-1.213086513572074,-0.8327124465333626,False,2152.754177288301,8.452016225645082,-2.4263240053685324,0.2871830291070548,0.43052786663923565,-2.6454042690393136,False,False,True,True,False,-0.589921654076692,-0.2701317950299903,0.5644465344007444,0.634,0.6923,1.1388,0.9459,0.2034,1.741505298459534,1.9452713330311369,3.0006691940917953,-2.1679569302587893
183.6154,1.0980706733273526,1.6695001941026946,False,183.9063,1.074908616948734,1.3340507692534576,False,17.5302,0.9093343926317168,0.9978810980196648,False,17.532,1.3720969292074767,-0.3447097917373621,False,17.3974,-1.0077372784686274,0.9679802971029707,False,3510.3409226065473,9.032897076577411,-0.8294084638735839,0.9104186952288218,-0.7701413773231109,1.177588838871,False,False,False,False,True,-0.9800860116106984,-0.9270424688956396,0.8278750312664608,1.7717,1.6921,1.5024,0.7452,1.5953,1.0864896451380432,1.1407156609195968,1.9738842227783184,0.9908681490380857
523.8683,5.261672679349037,-0.040901025309041016,False,523.0386,5.19131733322006,0.3645261284037033,False,50.1094,4.179160071131197,-0.1589041237930246,False,50.114,4.167141692428684,0.32804256139236176,False,50.2431,1.8550656497413256,-0.5726799431416657,False,2850.7175296249006,10.243552416080462,-0.4952561037232214,1.076859737737959,0.30527161244054907,0.8617297180707821,False,False,True,False,False,1.4859352563211468,1.5489068450421164,4.500369218163291,1.0484,1.2958,1.0088,0.9511,0.4044,5.226495006284549,4.173150881779941,2.8935529003906257,0.7298831866943356
594.7143,0.935470513529514,1.3760385719141193,False,594.8453,1.0112569692309121,0.8247017149387494,False,57.1697,0.9446996881598639,1.2840307649226825,False,57.1187,1.0080597493703618,0.6573938833713625,False,57.2834,-1.1949928094719546,1.4145634820323927,False,1087.4260476243062,8.658912385749584,-2.0638217171459483,0.6220576950994421,0.24865301911136006,-0.9778294562813888,False,False,False,False,True,-1.0474701959982191,-1.0612209207331926,0.5876577105778866,1.6476,1.4839,1.6245,1.0519,1.9405,0.9733637413802131,0.9763797187651129,2.845133969848632,-0.7900896436962892
322.5008,2.2289654726090578,-0.735655453987553,False,323.1039,2.286146456247174,-0.479740723872982,False,30.9986,1.9992375078753626,-0.9163453387238616,False,30.9846,2.251389744597599,-0.5296431729279515,False,31.2275,-0.3304097616682511,-0.20811696077459996,False,2961.3740519901808,9.440482828130424,-0.7463453921778858,0.8487096688105469,-0.17947486471596855,1.217359985767236,False,False,False,False,True,-0.28253270005454245,-0.12312928388811058,1.6967722031825219,0.7546,0.9507,0.6856,0.6886,0.6862,2.257555964428116,2.1253136262364807,2.4790087616577168,1.0237298604516596
263.6303,2.9716419741792417,-0.660457391251077,False,262.7756,2.925518521011651,-0.767442207001751,False,25.0549,2.6633617881245315,-0.7609667726659578,False,24.7896,3.305527518923377,-0.3956808296626834,False,24.3979,2.0372394129372475,1.0427558130036678,False,3240.5451943860735,8.752554548556478,-1.10222309221717,1.7774781884343898,-1.1848248247844808,-0.30917250104617633,False,False,False,False,True,0.12908043333426966,0.5783415547837713,4.734067486300971,0.7864,0.8331,0.7519,0.7296,1.6531,2.948580247595446,2.984444653523954,1.6192563901367176,-0.237598362644043
975.1821,1.7581077685423023,-0.31922844619216184,False,978.2653,1.7945780045886663,-0.283046852754334,False,93.2179,1.5625591082486059,-0.3890425127355004,False,93.0754,1.6650611487955829,-0.11991444498979051,False,91.4746,-0.44888643541296525,-0.523519569366121,False,1274.4784143598981,9.039534165146616,-0.577247982743326,0.9886260102865541,-1.2057301852427527,1.4122150880976096,False,True,False,False,False,-0.5691704168925615,-0.5407661473339144,1.544786577024735,0.9307,1.0311,0.9106,0.814,0.4424,1.7763428865654842,1.6138101285220943,1.6013786023559575,1.1847328146020502
707.0618,3.493332187593529,0.6053766648129381,False,708.9663,3.1654141183674485,0.518896567055279,False,68.6306,2.2407189873025684,-0.5491082150244116,False,68.7037,2.4559355198255535,-0.5956441322927909,False,69.1767,0.498419799897289,-0.6778572691403968,False,2187.3970017278702,10.644494641934957,0.3888890872585904,1.2317568637107128,1.7669304399370473,2.1286432364042938,False,True,False,False,False,0.3559022177140419,0.058958839143198105,2.7600209922568575,1.3217,1.3589,0.8423,0.6684,0.3231,3.3293731529804886,2.3483272535640607,4.1435302149658195,1.776696006401366
586.4496,2.06299769010004,1.423332950993664,False,587.021,2.069805846888514,1.3516651457715456,False,56.059,1.7385106056010091,0.4757341218854123,False,56.069,2.256849005567236,0.45154930713448704,False,55.9159,-0.6368881365870069,0.8326598998155502,False,3341.4455720917795,9.604458107184794,-2.4803493006530593,0.7498441720340744,1.7958144365252429,0.29978845499884443,False,False,True,False,False,-0.3963949469615644,-0.22734086555870037,1.303612045629346,1.6676,1.6993,1.2796,0.9889,1.4907,2.066401768494277,1.9976798055841225,4.168231150512694,0.26556789635009714
304.4994,1.1973535375470905,-0.8569655363265853,False,304.7668,1.1593020222128885,-1.1530013374532304,False,29.6525,1.0755761979603138,-2.3642017204821264,False,29.6712,1.2537740128653465,-1.53828159648864,False,30.2907,-0.4747199670679468,-1.0200393444991225,False,3546.320798739387,8.43157626022073,-2.164111035139885,1.4054294879410716,0.12915961472748558,-0.25698371019115074,False,False,False,False,True,-0.9253820260539959,-0.907479851449678,1.5116465051409687,0.7033,0.6755,0.0678,0.3799,0.0586,1.1783277798799894,1.1646751054128301,2.7429459339599624,-0.1944763227246078
274.4683,0.6471707986271036,0.2501958779255568,False,274.4086,0.6873149839090835,0.19205202499742596,False,26.4079,0.7689823242314117,1.2027089513146998,False,26.3447,0.8187193822950761,0.3639836778781654,False,26.1982,-1.2326892699358074,1.4594546654537452,False,1105.5686368593213,8.54145146874868,-1.7839080665991371,0.7013158576387091,-0.2307822403850198,0.2677554430649699,False,False,False,False,True,-1.229813082318735,-1.2102536902394674,0.5392994982273602,1.1715,1.2253,1.5898,0.9621,1.9752,0.6672428912680936,0.7938508532632439,2.4351318634033223,0.23909997485351653
231.9216,1.3072973240871926,-0.21021490241381116,False,232.1129,1.2221184099167437,-0.162437302429093,False,22.4537,1.0291007255346292,-0.37146575186922154,False,22.421,1.2650971822797765,-0.6678531026869963,False,21.9585,-0.3686104337914549,-1.014088351884188,False,2407.8572817445793,8.578220954276441,-3.040812491894477,1.6011719079335638,1.1487997174709266,-0.7437273337439823,False,True,False,True,False,-0.8739291622563475,-0.9218305818338468,1.6477671721600968,0.9768,1.0804,0.9181,0.6463,0.0632,1.264707867001968,1.1470989539072027,3.6149189097900383,-0.5966580483691395
626.4981,1.937216957588332,-0.7959557873139728,False,627.0212,1.8853614217055217,-0.721449112760077,False,59.8938,1.70315564631454,-0.35646691592999713,False,59.8369,1.7157755441855875,-0.2555104753680495,False,59.4545,-0.28383837264280876,-0.7155037659000903,False,2103.467304428071,9.911084568624638,-0.1607426375151717,1.0313299659553636,-0.4080218733932631,1.303017450911637,False,False,False,False,True,-0.4887887689481598,-0.46266453263484836,1.7565154547302597,0.7291,0.8519,0.9245,0.7725,0.294,1.9112891896469268,1.7094655952500637,2.283560568969726,1.094506066813965
243.9718,0.6933122044050578,-1.2213687271344775,False,243.8979,0.7341674991422005,-1.2689626495306423,False,23.2975,0.6978778908475701,-0.8411168022161887,False,23.3011,0.6558834721093648,-0.9579959339542109,False,22.7939,-1.119449689070134,-1.0278015087794716,False,1069.200713415607,7.682336265103354,-2.0047152929442773,0.9809263553052888,-1.2915653287050435,-1.0521275986076697,False,True,False,False,False,-1.20211686371551,-1.3057585223260475,0.6845668159172491,0.5492,0.6281,0.7177,0.5575,0.0526,0.7137398517736291,0.6768806814784675,1.5279743440551758,-0.8514799807177731
551.4156,2.7466382400456566,-0.10049194294926712,False,551.6056,2.7604494297668545,-0.11424241112265793,False,52.1948,2.379825594567822,-0.41482176200604254,False,51.1563,2.505379573048711,-0.7400620730812018,False,53.1877,-0.23028974708884928,0.18594224585779257,False,1221.5155199257683,8.668559453857288,-1.6390952743697422,0.7669508766738182,-0.40008507593685055,-1.0934993360368297,False,False,False,False,True,0.012905718628228577,0.13593358789749205,1.8252093260845819,1.0232,1.1001,0.8996,0.6242,0.9908,2.7535438349062558,2.4426025838082666,2.2903479372558575,-0.8856642123071286
406.1662,2.7383755209445693,-0.7678156317616437,False,406.0312,2.670943712427672,-0.6289736360401154,False,39.0933,2.420949655391944,-0.6482411463102236,False,39.1573,2.754244316131466,-0.39633430450787976,False,39.1655,0.3266545952721673,-0.5603898496977795,False,2886.438070285572,9.78004173053418,-0.8833992801143788,1.0490408781388953,0.12683046650541374,0.6266941919540708,False,False,False,False,True,-0.016212485644746383,0.25431988930035515,2.5396751524224217,0.741,0.8897,0.8,0.7294,0.4139,2.7046596166861203,2.5875969857617047,2.740954099487304,0.5356803478540044
639.7339,4.024064059688975,2.355741634546889,False,640.1544,3.6986912893139174,2.1328138155250826,False,60.96,2.695286026982947,1.6850152694853875,False,60.9889,2.5327518629650942,1.868282771520346,False,61.0664,0.401187333455028,0.4207477153383546,False,1232.922464932742,8.798280523389879,-1.4215994588696963,0.9777396836908775,-0.39576809087387077,-0.3122393831399781,False,True,False,False,False,0.6727941901300551,0.27589312236881436,2.6352881074787486,2.0619,2.0186,1.7956,1.4225,1.1723,3.861377674501446,2.6140189449740205,2.2940397244873054,-0.24013243576415988
302.7291,1.6310196248676545,-0.699002310200906,False,302.9232,1.6383819073067345,-0.9010178955972509,False,28.9603,1.5333071397315243,-0.8781451784411493,False,28.9691,1.7045805894334827,-0.5920500206442105,False,28.8574,-0.7543168230232125,-0.46931378880834934,False,2297.331766716835,8.912181316405132,-1.9777711971092216,0.751950330678904,0.12807693482152574,-0.10285081108878616,False,False,False,True,False,-0.6535404722583102,-0.5365745094749194,1.152970810753444,0.7701,0.7785,0.7019,0.6695,0.4843,1.6347007660871946,1.6189438645825036,2.7420200507812496,-0.06712090944335891
128.0645,1.1081347081673627,0.587404800762711,False,127.8875,1.0208109959149245,0.5328412817987653,False,12.4638,0.8694792048352533,0.732823544156182,False,12.4309,1.2407493004338768,-0.4685432749020852,False,12.6932,-1.0209230034916763,-0.6979095268646323,False,3270.9475444244385,8.527980457410044,-1.4832780295526875,0.9326962179747865,-0.740894124660422,-0.4138423140209405,False,False,False,False,True,-0.9932004584030024,-0.9969350577487985,0.8109599659575654,1.3141,1.3646,1.3893,0.7073,0.3076,1.0644728520411437,1.055114252634565,1.9988958066406255,-0.3240839044531221
578.8196,3.706255614771515,0.5150444007710075,False,580.7057,3.6100064273127677,0.7410334264778319,False,56.0502,2.8442738271292622,1.0405340377218346,False,56.0693,3.2097866439207197,1.4935149478001937,False,55.2758,0.5942684353594786,0.18180242490827303,False,1637.4025518784083,9.362079669098064,-0.7227284420142138,1.0136079822432427,-0.7135023939828231,0.2956486421753408,False,False,False,True,False,0.5517289918164432,0.6131122043969204,2.8829786548637575,1.2835,1.4497,1.5206,1.3078,0.9876,3.6581310210421414,3.027030235524991,2.0223205903930666,0.2621472925976551
547.8049,4.664740791104403,0.2329334295615228,False,546.2366,4.691588974261594,0.4281335991634652,False,52.2274,3.956456672222558,0.3817570404537088,False,52.0359,5.154005648329843,0.8076930977665413,False,52.2399,0.3011247957717367,0.4413174506812799,False,2853.7154164652957,8.798409279844703,-0.8163866234348323,0.6336287555878989,-1.308154083867321,-0.6506182092538323,False,False,True,False,False,1.1593188322606112,1.8608711029772167,2.506924717757819,1.1642,1.3218,1.2395,1.0979,1.1882,4.678164882682999,4.5552311602762,1.5137880187377935,-0.5197247583398443
365.4853,1.873065897511755,0.8520168517127634,False,366.4515,1.7932287330440655,0.3080133370748377,False,35.4654,1.4262956647689038,-0.4759888898206922,False,35.534,1.5563000294048197,-0.5466335189030587,False,36.9993,-0.14990398483787162,1.2036913524162405,False,1602.0781980743573,8.591946719635413,-1.3134008823403458,1.3519852673331445,-1.0663294244742842,-1.2222824159542869,False,False,False,False,True,-0.5353344874437242,-0.6407960497311214,1.9283307256286917,1.426,1.2727,0.8735,0.6834,1.7775,1.8331473152779103,1.4912978470868619,1.7205909556884773,-0.992073826750488
289.106,2.264954237496669,-0.4237490239579558,False,290.5286,2.219160875185279,-0.2730164439037562,False,27.8806,1.7163352872875102,-0.6700363297844094,False,27.9061,1.9388042967499022,-0.6554370806282641,False,28.4637,-0.47725362027374163,-0.7479754864728843,False,2697.229443443374,9.02114565796541,-1.1360091668715844,0.8788470794756365,-0.4417450443499011,0.14959396754056953,False,False,True,False,False,-0.2917644281872313,-0.3662337818801706,1.5083962546336058,0.8865,1.0352,0.7907,0.6501,0.2689,2.242057556340974,1.8275697920187062,2.2547212817993145,0.1414666750390623
670.3643,4.262604076444406,0.7496245210055493,False,671.1539,4.103934400776622,0.5781004436855188,False,63.9653,3.502383726696877,0.5945530253414563,False,63.8645,3.2386336917180816,0.8939517773324699,False,63.316,0.003934609881034987,0.07494329664879955,False,1452.8759211194501,8.961410241994498,-0.8848988566904011,0.606923715069394,-1.0999781082878297,-0.09488873188381348,False,False,False,False,True,0.8645310053792463,0.8935585220680575,2.1256797430054575,1.3827,1.3831,1.3303,1.1243,0.905,4.183269238610514,3.3705087092074795,1.6918153682250985,-0.060542081083983845
511.1625,3.666243028295839,0.5159902883525984,False,511.1801,3.5738429481389304,0.9996222595280942,False,49.0084,2.622489537234374,0.7607120047306776,False,49.0204,2.7037585812964653,1.5804271022113188,False,49.2138,0.41921131379624343,-0.23670759920721937,False,2844.1082848198566,10.186628591275175,0.23537446346521232,1.0136970241700698,0.08292544973573389,1.5940761412703506,False,False,True,False,False,0.5290416059784876,0.31598689690495463,2.658409839811629,1.2839,1.5554,1.4012,1.3344,0.6641,3.620042988217385,2.66312405926542,2.703407529846192,1.3349991738378915
859.3242,3.8241896514637532,0.7387468138172543,False,860.2018,3.887512252698274,0.8435393120483713,False,82.1018,3.005967647586173,0.5059661505754115,False,82.0456,3.3998082318260616,1.2236298367340686,False,80.9443,0.6561118025828202,0.10728564781692108,False,1466.7016623324575,9.15757702627841,-1.06931910673181,0.9854774337605711,-0.22444391284157822,0.18203537571575348,False,True,False,True,False,0.6695021617769885,0.7566980455791751,2.9623132833105226,1.3781,1.4916,1.2925,1.2252,0.93,3.8558509520810134,3.2028879397061174,2.4405522566528326,0.16827204215820224
763.0525,4.510670232794232,-1.062696085322605,False,763.4997,4.163164628993414,-1.396422235168473,False,72.7501,3.8201300763216595,-1.2885039554658693,False,72.7307,3.838209295566479,-1.1151566342239523,False,73.9442,1.206963087796599,-0.3458953767507976,False,2483.8334153259852,9.524799334804365,-1.1192731829886662,0.9604287471446143,0.18257885109704436,-0.2211762171817331,False,False,False,False,True,0.9560525559322613,1.268050060376595,3.6689627431310723,0.6163,0.576,0.5268,0.5094,0.5797,4.336917430893823,3.829169685944069,2.7886288473510756,-0.16488966019287155
539.1993,5.613683599266099,2.5515403639362035,False,539.0685,4.5822433110105205,2.231160751084407,False,51.4054,3.277499163565846,1.929918137555537,False,51.3145,3.316017752635606,2.1179101623853813,False,51.612,0.4387212438479705,0.3494651733638149,False,1327.085760493277,9.06764316865994,-1.4148104375823922,0.8187455317410525,-0.11594706742597954,-0.5559429257882194,False,True,False,False,False,1.4093745973177683,0.8333422700029278,2.683437795454574,2.1447,2.0588,1.9001,1.4989,1.1172,5.097963455138309,3.296758458100726,2.533336285949707,-0.4414973979028307
109.1202,0.8003704798345291,-0.8203123925399383,False,108.8813,0.8435720635002857,-0.9881112017144631,False,10.4873,0.7358270649338539,-1.5455933777366393,False,10.5688,0.92454347281971,-1.651006007285024,False,8.6272,-0.8568752899034799,-1.0213330385458474,False,2504.067063489521,7.557568574489659,-2.5265332844217516,1.3881054567749846,-0.2687014127506532,-1.2286367808726382,False,False,False,True,False,-1.137648110650271,-1.1805870478024543,1.0214055640774036,0.7188,0.7429,0.4171,0.3454,0.0576,0.8219712716674075,0.8301852688767819,2.4027042514648436,-0.997324248789063
178.8765,1.531220689667446,-0.7039682200042582,False,179.1379,1.4507116867195893,-0.6676274067325861,False,17.516,1.1807982451807897,-0.9393123062557992,False,17.511,1.4531829045822122,-0.9468868615858718,False,17.0527,-0.42207556111566885,0.2784413701986201,False,3224.2341307218594,8.44200070554559,-1.301913434661886,1.3373837752742657,-1.0461048037878724,0.2500511786609144,False,False,False,False,True,-0.7391569135676649,-0.7831159806112213,1.5791804149771118,0.768,0.8739,0.6758,0.5609,1.0623,1.4909661881935177,1.316990574881501,1.73788659033203,0.22447146969238574
441.8609,1.392837360793941,-1.1759661232181147,False,441.3036,1.4169354981430116,-1.3457809026789702,False,42.0121,1.329266686651923,-1.1889023105569567,False,42.0274,1.464307344122954,-0.7260123639094787,False,41.9459,-0.7616701968337994,-0.5118763229455973,False,1643.3445565023342,8.752107158238937,-1.3496711057104378,0.8602770848182465,-0.6006383710990961,-0.3224343955630697,False,True,False,False,False,-0.7904308847916075,-0.7179630827797231,1.1435376701389255,0.5684,0.5967,0.5693,0.6285,0.4514,1.4048864294684762,1.3967870153874384,2.118839330322267,-0.248556270183105
618.7798,5.7648020881528925,0.05014065441908255,False,619.182,5.568042461448665,0.1751715808342581,False,59.4139,4.316041542830159,-0.153279560315815,False,59.4314,4.376215063374029,0.14474286731476357,False,59.268,1.3773203320304312,-0.08146431360023611,False,3127.2192276398973,10.049198870498808,-0.5838645461018722,0.9007101456842984,0.12234135493096758,0.7801278449611473,False,False,True,False,False,1.74798081082346,1.6901409676057622,3.887502406822037,1.0869,1.2184,1.0112,0.895,0.7841,5.666422274800778,4.346128303102094,2.737115113586425,0.6624579949609366
555.4479,2.4518374585949676,-0.3343626474976161,False,553.8524,2.371177423207819,-0.5961913241870075,False,52.8163,1.9505130184784176,-0.38341794925829104,False,52.8098,2.148113714057095,-0.20323248775233513,False,53.3488,-0.26962642719969326,-0.5902741821771238,False,1678.546968249565,9.186379159156207,-2.1507726785721304,0.9098872815789881,1.3459247830822365,-0.05918276804166514,False,True,False,True,False,-0.19083049629037316,-0.1851826429291215,1.7747469880677542,0.9243,0.9031,0.913,0.7885,0.3908,2.411507440901393,2.0493133662677563,3.783495772949218,-0.031039309072266263
431.7115,1.9495777280251017,-0.30291188540971886,False,431.8538,1.9075869763786941,-0.34738825586901617,False,41.5794,1.639284709877232,-0.29740899941930066,False,41.5554,1.8007633659167155,-0.26041153670702255,False,41.4292,-0.5801654212313835,-0.3364514102097062,False,2072.78186348994,9.058032550973719,-2.0362417051349957,0.8396209221796975,1.1092341875823513,-0.3453868124851752,False,True,False,True,False,-0.47848798357947825,-0.4540436827489104,1.3763777398221995,0.9376,1.0048,0.9497,0.771,0.587,1.9285823522018979,1.7200240378969738,3.5810833704223644,-0.26752116709960916
528.5573,1.8407714229648753,0.8271873026960026,False,528.3552,1.8271897850272545,0.4684998786840832,False,48.8787,2.686979534530983,1.4797187025672518,False,49.7307,0.002172437671933527,3.46504855575782,False,34.1517,3.292524545886741,0.3700349087067402,False,1205.7894627603418,8.874384981768628,-4.866991926630712,2.361159396854914,2.3709885328546516,-0.28444901746549306,False,True,False,False,False,-0.5348381335692627,-0.7605928020401168,6.344386977114674,1.4155,1.3383,1.708,1.9112,1.1331,1.8339806039960649,1.3445759861014583,4.660106928100587,-0.21717008621826217
1422.8339,4.884229246839957,-1.0435418617953895,False,1422.2491,4.788703253542413,-0.8975928779409558,False,135.6606,4.074818428306892,-0.6369920193558054,False,135.6623,4.317479944295214,0.15552520226050456,False,135.1958,1.3198220814229429,-0.04938070124145966,False,1485.6255190593813,9.8433778203313,-1.2338457683735682,0.9359292686451477,0.7476803398262029,0.7563820060477996,False,True,False,True,False,1.2536120770668866,1.567684702491161,3.8137418314670395,0.6244,0.7799,0.8048,0.8983,0.8089,4.836466250191185,4.196149186301053,3.2718907604980476,0.6428375171386715
502.8815,0.2221593871967053,1.7387864594542273,False,502.5042,0.28256728708734136,0.4242192932705567,False,47.8761,0.2883808968306693,-2.06024093590128,False,47.9773,0.4282882437242843,-0.9285895659203716,False,47.6981,-1.486403816481465,1.1919187365910442,False,1216.0061345370286,7.172985464519794,-1.4546128527775941,0.7414723087442072,-2.9861733817569447,1.2491792712974688,False,False,False,False,True,-1.476938801938972,-1.5658478459363525,0.2138264493707614,1.801,1.3202,0.1975,0.5665,1.7684,0.2523633371420233,0.35833457027747684,0.07878416125488208,1.050021186201171
232.3028,1.8586161401911174,-0.35942866840977494,False,233.0159,1.9186138436057067,-0.5000461856924443,False,22.3252,1.7873561300541259,-0.9543111421950236,False,22.2007,1.861891890078118,-0.8697768298526929,False,21.1712,-0.3601745424596204,0.28956713900045383,False,2874.9351276450257,8.874537874177303,-1.1950413595992018,0.9279566464775264,-0.7337801634186638,-0.3997754114707453,False,False,False,False,True,-0.5022948031204549,-0.3686389797733813,1.6585890005060764,0.9137,0.9424,0.6694,0.5845,1.0709,1.888614991898412,1.824624010066122,2.0049795041503895,-0.3124608428076172
539.5389,1.8907346862095085,-0.607487686681987,False,539.855,1.8636885426942833,-0.4205368472427421,False,51.5959,1.5698579728363697,-0.40825977128263174,False,51.5951,1.5679636006760738,0.09605899134762952,False,51.6738,-0.4669452802438121,-0.6077390518079094,False,1523.8435145530184,10.039778034476598,-0.027088063873021893,0.9692724728926198,-0.29419292199162855,1.761937347580968,False,True,False,True,False,-0.5090872994716131,-0.5774259558194288,1.521620119421303,0.8088,0.9749,0.9024,0.8801,0.3773,1.877211614451896,1.5689107867562218,2.3809044937744126,1.473697877541504
518.2256,4.791538432557173,0.18351080342339873,False,517.8328,4.72623260541013,0.8993181710223161,False,49.3615,3.729073368481125,0.7935219583477312,False,49.4255,3.867601718315409,1.1664507877793806,False,49.3255,1.4992182643693859,0.04208346786198811,False,2930.2116402911474,9.631157186983428,-0.3807441880484069,1.0844187100062292,-0.8712757196024835,0.4085809685270527,False,True,False,False,False,1.207400607165191,1.2428759621276466,4.043876931766886,1.1433,1.5144,1.4152,1.2077,0.8796,4.758885518983652,3.798337543398267,1.887396438354493,0.3554599025537115
114.6229,0.6795365115566981,-0.5627944984518172,False,114.6522,0.6649727880114394,-0.5139909004359307,False,10.9937,0.5885089329854143,-0.7431556549881289,False,10.9768,0.8625646914783242,-0.7943004852325053,False,10.9257,-1.078265710267615,0.20185468263250847,False,2162.215564544364,8.49729405459295,-1.4762834165224992,1.252995300191964,-0.7346370938724418,0.7002541943392359,False,False,False,False,True,-1.2268277955830889,-1.26603133780813,0.7373989271517116,0.8277,0.9367,0.7595,0.6076,1.0031,0.6722546497840688,0.7255368122318693,2.0042466767578127,0.5964607818774414
571.8704,3.785284751757501,0.5819659471685633,False,571.3359,3.8852090078897383,0.6174881467329099,False,54.506,3.363085824033013,0.5968965934569599,False,54.6852,2.9774038081313905,0.14408939246956723,False,55.3281,0.3479358544705984,-0.8810966038808724,False,1891.9035375205506,9.33976528837284,-0.7943605321599849,0.7632797851315055,-0.4135235104714349,0.35406194805738556,False,False,False,False,True,0.6572292113915653,0.7300453016110817,2.566975425146731,1.3118,1.3992,1.3313,0.8948,0.166,3.83524687982362,3.1702448160822017,2.278855694335938,0.31041246346679685
1624.2462,0.9809491585293433,1.1513902712862818,False,1624.0625,0.9859810218199677,0.7716139412661788,False,154.8697,0.8912754301061567,1.3634777240382623,False,154.8683,1.1429607625395175,0.022543071263031345,False,154.4581,-0.9834769328191475,-0.6779866385450692,False,2404.8095578275947,9.400514610757066,-3.530403002555642,0.9637839677215496,2.897307322124151,-2.170970302966898,False,True,False,True,False,-1.0414532615285994,-1.0279584928102088,0.8589969703604423,1.5526,1.4622,1.6584,0.8576,0.323,0.9834650901746556,1.0171180963228372,5.110202760620117,-1.7759463071167012
439.6662,2.056648132910732,-0.5985017546568735,False,439.8068,2.075562974679223,-0.8166156747814131,False,42.094,1.790929068212481,-0.826586679900065,False,42.1059,1.9266660782543612,-0.6129612156904961,False,42.3306,-0.5537370540643677,0.02552418406390985,False,2385.6696847104536,9.159110493197916,-2.7617967771652014,0.7874577003383973,1.5730953459994788,0.19950857222100696,False,True,False,True,False,-0.39657138918436985,-0.34073664909972634,1.4102808855237894,0.8126,0.813,0.7239,0.6631,0.8668,2.0661055537949773,1.8587975732334212,3.977766860595702,0.18270962281249936
379.7164,3.4168007410958907,1.158247956252816,False,379.3249,3.670559756878896,0.8450071767582118,False,37.3023,3.1414792158139466,-1.281004537496257,False,37.702,3.3644983039613745,-0.8720639918108805,False,36.828,0.2687377246481066,-0.5711275102855958,False,2221.544858352714,8.970538120211161,-1.726285683430937,0.784782387116502,-0.10078770115230078,-2.031524414225464,False,True,False,True,False,0.4835556409635673,0.79760480279624,2.4653775580633455,1.5555,1.4922,0.53,0.5838,0.4056,3.5436802489873935,3.2529887598876606,2.5463002304687503,-1.6607263320532208
386.6401,1.8179312005638086,-1.0489807153895372,False,387.2883,1.7833942796447217,-0.952148516323367,False,37.0634,1.6123171892856645,-0.7677631202009189,False,37.1017,1.8192632414157015,-0.7335273246292375,False,37.4811,-0.38697902050816596,-0.7622061209868577,False,2508.480107700419,9.320222188025756,-0.7134031789425126,1.0073721093202523,-0.5849078807494547,0.8970598567766298,False,False,False,False,True,-0.5546841370866309,-0.457500551326584,1.6242033678640002,0.6221,0.7576,0.749,0.6262,0.2579,1.8006627401042652,1.715790215350683,2.1322916871337902,0.7590754256152348
515.0021,5.1674980248445195,-0.8188935611675519,False,515.1753,4.917141187679151,-0.7212044686417702,False,49.2079,4.179674835000591,-0.6060569202311549,False,49.2916,4.433953157746933,-0.35777928864129066,False,49.4718,1.5157826618857706,-0.4770759530886985,False,3183.726599334895,9.651109635853715,-0.8767177300583601,0.972593903962013,-0.017958713033431505,0.4008506920980102,False,False,False,False,True,1.3762299748381082,1.6580412775275237,4.0651262650650075,0.7194,0.852,0.818,0.7412,0.4783,5.042319606261835,4.306813996373762,2.6171336932373066,0.3490726059082032
402.6059,2.356334390894079,0.37670834196333924,False,402.0353,2.3732719273394913,0.3085026253114512,False,38.8545,1.9893849603563425,-0.2200712516076743,False,38.8844,1.8218913352603763,0.022543071263031345,False,39.2209,1.8789078353533646,1.7152179784912498,False,1841.6330280040293,8.584980413670534,-1.509096437973767,2.2775655886718815,-0.10752724812189539,0.8848589933912897,False,True,False,False,False,-0.21865020716930547,-0.3024918458190267,4.53095472832898,1.225,1.2729,0.9827,0.8576,2.1729,2.364803159116785,1.9056381478083595,2.540536723510744,0.7489942164257801
284.0299,1.587923812269865,1.1986846503658266,False,283.8008,1.6137777538223053,0.9663506594383731,False,27.4843,1.4379690872894435,1.1891162562447775,False,27.4764,1.6967926935619508,0.49206474753666596,False,27.0297,-0.6376058519058119,1.3148196710299056,False,2504.4876847965197,9.17581218536258,-1.188980086849117,0.9059244383080206,-0.11930593358341841,0.3716492572833402,False,True,False,True,False,-0.6737034360268863,-0.5786750989977895,1.3026913377069862,1.5726,1.5418,1.584,1.0013,1.8634,1.6008507830460852,1.5673808904256972,2.5304638601684566,0.3249443320556633
295.0304,0.6838578537739681,-0.14352982791165333,False,295.9161,0.6875232225755631,-0.3623115470857292,False,27.7495,0.6452131471711041,-0.6205870425472786,False,28.3469,0.7696685432517818,0.25485337873036173,False,25.6759,-0.9493360062926728,0.26201145580521445,False,1021.7083776014902,8.131162335625271,-2.463550252401691,1.3992182819320418,-0.2879115188136705,-0.33013933930210654,False,False,True,True,False,-1.2188246207959335,-1.2808064917243787,0.902794031264718,1.005,0.9987,0.8118,0.9287,1.0496,0.6856905381747656,0.7074408452114429,2.3862762066040037,-0.2549226351831049
523.785,2.4333481212817194,-0.001883162568416701,False,524.8673,2.5445101886414645,-0.03546700502787594,False,50.2612,2.236575028528357,-0.05649019714550717,False,50.1456,2.1321105115764833,0.16042626359947798,False,50.0729,-0.32356953114016573,0.2999166913742527,False,1782.9633767296582,9.027265018093752,-1.7717554025864708,0.7625709156193896,-0.02746036356668852,-0.9557799661087047,False,False,True,False,False,-0.14471374599241824,-0.07493265065815405,1.7055470673563318,1.0649,1.1323,1.0525,0.8998,1.0789,2.4889291549615917,2.18434277005242,2.6090080982666013,-0.7718708081982424
529.3132,2.2934744515533647,-0.68197633373227,False,529.4386,2.1488503364226585,-0.7442010157626071,False,50.7784,1.607331443259812,-0.7534673546963455,False,50.7912,1.7396927058385838,-0.4257406725417191,False,50.7243,-0.6228894422413581,-0.4034647618300539,False,1889.551808222905,9.220831818194112,-1.8985817237665727,0.8222137501588512,0.929676402822224,0.8607175734114524,False,False,False,False,True,-0.3042107682917341,-0.49202017865181397,1.3215700137108886,0.7773,0.8426,0.7551,0.7204,0.5352,2.2211623939880116,1.673512074549198,3.4275296454467785,0.7290468817773448
125.166,1.5796285978559448,-0.44077500042659185,False,124.6726,1.556766210858053,-0.6774131714648572,False,11.8542,1.306434426947287,-1.2376485273594364,False,11.6928,1.879576959942157,-1.2304949444011217,False,11.0341,-0.3433601964210611,3.3981845638756214,False,3555.57104178815,8.275229973588434,-1.8789787268062366,1.2860645287829753,-0.43340365988130547,-0.14086777608515622,False,False,False,False,True,-0.6931536345876969,-0.5577527350118099,1.680158975677819,0.8793,0.8699,0.5485,0.4741,3.4738,1.5681974043569988,1.5930056934447219,2.2618546436767595,-0.09853319271972794
196.7998,1.5900550660587869,-0.8323724592052222,False,196.1424,1.5603393690194096,-1.0744705754767552,False,18.085,1.7968029187352805,-0.41786840055619745,False,18.0167,2.3887285945954875,0.13853485628539747,False,19.3238,-0.3813033891909438,0.10418078210478134,False,1444.3325878665398,8.586665990169456,-1.2771922975555985,0.9079928746252661,-1.139354382182834,-0.9741239617871752,False,False,False,False,True,-0.6889841500888104,-0.14970425399145493,1.6314842473175157,0.7137,0.7076,0.8983,0.8931,0.9276,1.5751972175390982,2.092765756665384,1.6581416762695298,-0.7870279042138666
420.827,2.389104057807662,3.059718467145912,False,420.9234,2.323707797200623,3.078363332780773,False,40.5495,1.7779914347992711,2.0916243375253014,False,40.5308,2.434864211680591,0.4969658088756386,False,40.4436,-0.04192615663046768,0.6290324568610572,False,4644.465763927688,10.174029992767213,-3.2591995575619954,1.1624623493975905,3.1574568696607614,-2.7590689709764327,False,True,False,False,False,-0.2236520730951001,-0.13854933001170242,2.0668481005055535,2.3596,2.4051,1.9691,1.0028,1.3333,2.3564059275041425,2.106427823239931,5.332676724243166,-2.2618746802978507
628.2341,7.281113082850812,0.5266315236454958,False,627.5521,7.16028338526335,1.0135669742715805,False,60.0899,4.975040749867576,0.23528403323471953,False,60.0785,5.5125530002813266,0.9815174065887913,False,60.4152,2.288019746503244,-0.024800514353687284,False,2626.701132990904,9.842688364153295,-0.3803949959144174,1.0162281452732909,-0.20489068456337448,0.382780434100961,False,False,False,False,True,2.673795450517492,2.4230772788677934,5.05577643389697,1.2884,1.5611,1.177,1.1511,0.8279,7.220698234057081,5.243796875074452,2.457273731811524,0.33414169116699277
1168.9851,5.547948142278065,-1.003578111473174,False,1169.634,5.345703030161826,-1.0984456990708193,False,111.5294,4.8816238736415825,-0.9529050013257212,False,111.5322,4.766369727405759,-0.7505176706043446,False,111.8304,1.9734542362172742,-0.7461643148074695,False,1602.872541896984,10.148510232652631,-1.0000010264243882,0.953011121628017,0.809407577712152,0.38706699028209746,False,True,False,True,False,1.6171766071647065,2.080315230918709,4.65224184318527,0.6413,0.6978,0.67,0.621,0.2703,5.446825586219946,4.823996800523671,3.324678487426757,0.3376835445751958
605.7872,5.340041113708003,1.5992680411695706,False,603.4955,4.478745093613592,0.8369339208540879,False,57.0699,2.908285329116116,-0.13171873365318007,False,56.841,2.851673822744496,-0.02712101697189725,False,58.5391,-0.498993728886451,2.7242993349366413,False,1873.6816676733815,8.521748759491075,-1.2917086547906163,0.5090653728294178,-1.1398659800505533,-2.000632966618604,False,False,False,False,True,1.2970514342588326,0.49304699171473226,1.480507355360821,1.742,1.4889,1.0204,0.8424,2.9529,4.909393103660798,2.8799795759303057,1.657704169433595,-1.6352016510815428
646.3608,4.4961659124131685,-0.6919081533389743,False,647.0435,4.4616334022108655,-0.6964954126927858,False,61.9686,3.8463315130069295,-0.70729906282092,False,61.944,3.636834210529167,-0.46658285036649616,False,61.8036,0.8370786757253056,-0.35999664186009867,False,2350.5023190253164,9.376907376045411,-1.1248090087526528,0.830522097196838,-0.14558604741006007,0.04526667371997348,False,False,True,True,False,1.0406251976253185,1.1965364017378857,3.1944633146968022,0.7731,0.8621,0.7748,0.7079,0.5688,4.478899657312017,3.741582861768048,2.507989705810548,0.05526414658203116
427.9041,4.185385501801034,-0.7044411637950536,False,426.7201,4.069782266936208,-0.44500125907341975,False,40.9547,3.4854322412341507,-0.27725431362596764,False,41.2545,3.594321913503798,-0.17284590745070125,False,42.0763,1.0696631595993622,-0.2522319277679177,False,2812.382806925216,9.27980424505154,-0.551135361024119,1.0021224940759155,-1.1210284438811382,0.5045007003848851,False,False,True,False,False,0.8313616599572398,1.0318458932433716,3.4928300505181755,0.7678,0.9649,0.9583,0.7978,0.6521,4.127583884368621,3.539877077368974,1.673813601013185,0.4347155135473635
315.6703,1.915311312830414,-0.4488150448701143,False,314.6857,1.9941626293338046,-0.45282987085923654,False,30.3477,1.8127722784926863,-0.032820159178918513,False,30.377,2.0479758045382295,-0.3822845953361566,False,30.3136,-0.45950414499507497,-0.5636240848145917,False,3612.266961717488,9.552859889410183,-0.6135274353938932,0.8446542686867236,-0.2943659727621472,1.304900010747311,False,False,False,False,True,-0.46290881379903337,-0.28229526630681834,1.5311658431858053,0.8759,0.9617,1.0626,0.7337,0.4114,1.9547369710821094,1.9303740415154578,2.380756504699706,1.09606156980713
212.5279,0.8930040559050142,-0.6673150762176111,False,211.9487,0.884588956753606,-0.5866502035730431,False,20.5079,0.7522389899943852,-0.09937749365922717,False,20.5367,1.096912428852468,-0.48945446994837116,False,20.5788,-1.1161240481942705,-0.4081220603982635,False,2851.9303985792462,9.35218449088842,-0.73094904511462,0.9157103825136612,-0.2625607254793662,1.5611822810629354,False,False,True,False,False,-1.0978432226041472,-1.1035183127785149,0.6888330532694485,0.7835,0.907,1.0342,0.7009,0.5316,0.8887965063293102,0.9245757094234266,2.4079556272583016,1.3078199591113275
314.6142,1.5869193523038743,1.3571208202823013,False,315.0264,1.6383169240986404,0.7537549206297844,False,30.4357,1.2886405329325354,1.7754769987438352,False,30.3841,1.433463858790938,0.5962939853454958,False,30.5748,-1.217793608552936,1.5086150392292896,False,2309.184600423094,9.187171930637675,-1.7577385690705052,0.4333311809905082,0.8839077168845149,0.6021291813434739,False,False,True,True,False,-0.666694133973247,-0.7471401617424348,0.5584081240078935,1.6396,1.4549,1.8342,1.0332,2.0132,1.6126181382012574,1.3610521958617368,3.3883893084106447,0.5153830129125971
315.474,2.780973485196017,-0.6282972134769865,False,315.9162,2.7255331990139124,-0.4606584826450533,False,30.4385,2.332449183629215,-0.5240320361885208,False,30.4078,2.440727540807844,-0.29112485443125463,False,30.4251,-0.06012684264729946,0.08412852438054605,False,3136.6807040256017,9.508874282251977,-0.618274990040683,0.8761175586945461,-0.3151977871086482,1.0449414472128171,False,False,False,False,True,0.012732684691391756,0.09019860481794618,2.043499684540315,0.8,0.9585,0.853,0.7616,0.9121,2.7532533421049648,2.3865883622185295,2.3629416118774405,0.881265569162597
359.9563,1.949595889130525,-0.995065123238856,False,359.8325,1.9394814919005439,-0.9516592280867534,False,34.5712,1.8239148651254093,-0.9615762033530855,False,34.5679,2.0985471053290023,-0.7550919945207194,False,34.5892,-0.17240132069213496,-0.6873012356814884,False,2426.872079023442,9.148116878022245,-1.2942366579916798,1.041424941266721,0.026457182965793347,0.5494850275642907,False,False,True,True,False,-0.46898348631263254,-0.25710091818430747,1.8994704312887285,0.6449,0.7578,0.6663,0.6196,0.3158,1.9445386905155344,1.9612309852272058,2.655117155151366,0.4718847202026364
705.6489,5.378810791891018,0.4277862713692472,False,705.7809,5.4845622948486294,1.0894066509466815,False,67.603,3.904815816754959,0.43495603667564553,False,67.7405,4.291388591449359,0.7126125077904605,False,68.7524,1.1568334968968652,-0.13217712023185066,False,3516.2781365173723,9.58164039075717,-0.9761124723732072,0.9231305871473302,-0.04196798468155849,0.7816304902651507,False,True,False,False,False,1.6081589372856042,1.4876304422586395,3.604654917623187,1.2466,1.5921,1.2622,1.0688,0.7449,5.431686543369824,4.098102204102159,2.5966015113525405,0.6636995859179677
546.232,5.287214962586274,1.6922014960608762,False,547.2192,4.537180780445503,1.7154509496937222,False,52.4531,2.677275856650567,1.2816871968071784,False,52.498,2.3406223678423967,1.4739107024443008,False,47.9703,0.30399715490264784,-0.49661073319424387,False,1166.5382652392298,8.615924930296417,-1.140098686339981,0.9377477725006869,-1.1257821913765338,-0.46357471746332796,False,False,False,False,True,1.2987221125741744,0.19010478352228924,2.5106094709439377,1.7813,1.848,1.6235,1.3018,0.4632,4.912197871515889,2.5089491122464818,1.6697483045043953,-0.36517630478271457
395.5561,2.784136820870001,0.5564269824656088,False,396.2565,2.946615031889534,0.47437133752344574,False,38.1658,2.530108006102476,0.43823703203735104,False,38.1945,2.4891024574886282,-0.12448876890616538,False,38.8439,-0.6277916367150332,-0.9826515865487739,False,3312.913134587544,9.09947787297556,-1.9733579975551836,0.519851848356885,0.7478404585353856,-0.35645951391501896,False,True,False,False,False,0.07951923526739724,0.1906404977681227,1.315281323514925,1.301,1.3407,1.2636,0.8126,0.0875,2.865375926379768,2.509605231795552,3.2720276903686525,-0.27667020974365286
332.4206,2.6884852262935737,-1.1868438304064102,False,333.1099,2.766402855774368,-1.2029087375878127,False,32.1385,2.6446098803038978,-0.9360313108940936,False,32.1648,2.8624613353682014,-0.6364863101175675,False,32.5913,-0.20300149272049628,-0.1211807208346894,False,3256.564429196673,9.234526058493138,-2.035057529352507,0.7033988552158673,0.32543712872342934,-0.4786688905302698,False,True,False,False,False,-0.0026407942777032854,0.3898069112998505,1.8602155622983338,0.5638,0.6551,0.6772,0.6559,0.7534,2.727444041033971,2.7535356078360493,2.910797990295409,-0.3776481693896496
321.1577,1.3970799011172177,1.3228323954496315,False,321.2697,1.5397924084590493,0.955586318232875,False,31.306,1.3613855845112257,0.10076322340479954,False,31.3831,1.4745435320086842,0.23655608306486195,False,31.2001,-1.0455589035818507,0.8401633252865545,False,1600.9984534797516,8.797682083492068,-1.5094763448634645,0.5724728266627117,-0.49481566555066053,-2.671356119565166,False,False,False,True,False,-0.7525770753061768,-0.7006718567758191,0.7793562537430093,1.6251,1.5374,1.1196,0.9231,1.4965,1.4684361547881335,1.417964558259955,2.2093364961547852,-2.1894001696215817
305.1535,0.4308240980488212,-1.2445429728834545,False,305.4181,0.43224086288260716,-1.4235777323005252,False,29.3435,0.5187141230096564,-1.4202124835571845,False,29.1446,0.6650767676583577,-1.5425291829824168,False,28.9595,-1.0210059844715218,-1.011889072004756,False,1548.5531681145799,7.57615599906469,-2.3083325973901836,1.5631992254733218,-1.0741042043866094,-0.7463931661664603,False,False,False,True,False,-1.370215529998331,-1.3751480135439393,0.810853515330768,0.5394,0.5649,0.4706,0.3786,0.0649,0.4315324804657142,0.5918954453340071,1.7139421411132822,-0.598860746118163
333.9985,1.2091823345991604,0.4429204726747014,False,333.8966,1.3024360504452883,0.13798567485162838,False,31.949,1.2359512897200637,-0.7410464436841754,False,31.9173,1.5080544421842166,-0.6142681653808892,False,31.4515,-0.7065289323991407,-1.0280602475888165,False,2118.2060424051783,8.809301537569597,-1.8676245466198704,0.9824615574631014,0.25210282415160823,0.08326698347524966,False,False,False,False,True,-0.8792297159052378,-0.7381990625522598,1.2142746290469029,1.253,1.2032,0.7604,0.6627,0.0524,1.2558091925222243,1.3720028659521402,2.8480841644897463,0.08666266812988432
817.9751,2.9643971349977,0.3511693772603847,False,817.9547,2.864662058701131,-0.0012168284649272218,False,77.833,2.4297390442281106,-0.13312487452248223,False,78.0222,2.65474944900682,0.38032054900807616,False,77.9924,0.17488467928504917,0.5965607362882633,False,1279.0837728015108,9.06706693431946,-1.5508674587956188,0.9651159482145398,-0.3864464675183654,-1.1588278469549007,False,False,False,False,True,0.1087979405349423,0.21728988694550877,2.3449799015841024,1.2142,1.1463,1.0198,0.9671,1.3082,2.9145295968494156,2.5422442466174653,2.3020113643188473,-0.9396432106616199
242.2746,2.0435482589991936,-0.41310778866505804,False,242.2922,1.9738195326797818,-0.6519701831609526,False,23.5998,1.86821324050973,-0.8247118254076619,False,24.3599,2.2190949879571504,-1.6902144979968097,False,23.5923,0.3913036437158612,-1.0248260124720046,False,2576.1025100112893,8.50169582619535,-1.455716907796235,1.4038060220610156,-0.899776814722441,-0.2509071634469866,False,True,False,False,False,-0.43077497526835773,-0.18980335868106116,2.6226089975216835,0.891,0.8803,0.7247,0.3334,0.0549,2.0086838958394875,2.04365411423344,1.8630229514160153,-0.1894554535498063
616.0727,3.571630617867016,-0.37077931938886544,False,617.6405,3.3976580928938973,-0.4640835003013484,False,59.2081,3.052840786791622,-0.440835368088135,False,59.2547,2.9875819568111406,-0.14017216519087977,False,58.2301,0.6736271716155687,-0.0011259132986223563,False,2017.8969748612226,9.411924097861494,-0.9479438141514454,0.9777065891795976,-0.5134043933249717,-0.6851260887809841,False,True,False,False,False,0.4483905248571113,0.6075446787191531,2.984782552962396,0.9089,0.9571,0.8885,0.8078,0.8462,3.484644355380457,3.0202113718013814,2.19343983984375,-0.5482375890478508
293.6276,2.3519742939085964,0.2532700125657274,False,292.9483,2.4080976577126445,0.2671577693176062,False,27.7705,2.042852189705623,0.029050039070382495,False,27.8065,2.2126948670751267,-0.4192059240897548,False,27.1774,-0.41325910901816465,0.7110526594234136,False,3169.7865789179586,9.086291462071479,-1.3549749001887987,0.7785636409381902,-0.15338061517335924,-0.12699069508111904,False,False,True,False,False,-0.20957668028693874,-0.12112080139575894,1.5904904387157643,1.1728,1.256,1.089,0.7224,1.3967,2.38003597581062,2.127773528390375,2.5013239691162124,-0.08706697495117233
853.5029,4.019758886877663,1.621969343127752,False,853.5442,3.8884319289362317,1.5353928786199347,False,81.5016,2.9244311922081216,0.5305736157882016,False,82.9446,0.3091998763508304,0.6126308564754069,False,81.386,0.38257732609607403,-0.9638930228712635,False,2552.323774510645,10.348939319819484,-1.8398133999809345,0.8929649663500848,2.466803406445628,0.031981618125330506,False,True,False,False,False,0.7280221143830524,-0.5383122672734583,2.6114146011432635,1.7516,1.7744,1.303,1.0382,0.102,3.9540954079069475,1.616815534279476,4.742045624145508,0.04428710173583994
309.0511,0.660432054592774,3.059718467145912,False,308.9288,0.6292884324456167,2.8806908851888977,False,29.5175,0.5129831428303708,3.025067517930476,False,29.5215,0.7813286043651924,0.7116322955226659,False,29.5704,-1.0921092529619418,1.3815742838409086,False,1678.4135975072436,9.692900598476346,-1.0969585617436652,1.402853100683801,0.5328950874149806,0.003687256786100183,False,True,False,True,False,-1.2431454528270967,-1.3300284942525165,0.7196399925181067,2.3596,2.3243,2.3674,1.0685,1.915,0.6448602435191954,0.6471558735977816,3.0882113081054694,0.020908315617676365
443.36,3.545458925291886,-0.4535444827780688,False,442.9823,3.3421192852186894,-0.40903857368232355,False,42.4604,2.819578534246505,-0.24960020986302264,False,42.342,2.9711872215284747,-0.23394580547656718,False,40.7354,1.0098895860775485,-1.0239204266392972,False,2644.527400219198,9.10048406909514,-1.1590839964949828,1.2115820068268615,-0.42514010808807984,0.09197178186978254,False,True,False,False,False,0.424054827937279,0.5056236148362795,3.4161506189283206,0.8739,0.9796,0.9701,0.7791,0.0556,3.443789105255288,2.89538287788749,2.2689214448242208,0.0938551831835941
352.5914,4.117838113139182,-0.7302166003934055,False,351.4826,4.035085380327855,-0.7708672246580458,False,33.4549,3.6716873543392374,-0.3841210196929424,False,33.3698,5.734454507011689,0.9334870054668539,False,31.0206,1.192356893309299,0.011940396573298732,False,2863.5118801704807,9.136608025349434,-0.8383615187703989,0.9941547583919965,-1.0097163367314388,-0.38239309377136355,False,False,False,False,True,0.8009104243493256,1.9815806157723221,3.6502254546440738,0.7569,0.8317,0.9127,1.1364,0.8563,4.076461746733519,4.703070930675463,1.7690051779785154,-0.2980983525976555
339.271,2.07184229196662,-0.8475066605106764,False,338.4697,2.2502577526344276,-0.6737435096902556,False,32.3932,2.0295774090322154,-0.6498816439910763,False,32.4388,2.1951132188671347,-0.5701586133301301,False,32.3785,-0.3103680000942338,-0.8898937233986015,False,2837.5222291528294,9.57938459922949,-0.5308035950100157,0.848690176322418,-0.3080842297573861,1.0638656483384556,False,False,False,False,True,-0.34001709560675897,-0.13371776528041454,1.7224824091315472,0.7073,0.8714,0.7993,0.6762,0.1592,2.1610500223005236,2.112345313949675,2.3690249639892578,0.8969020716186531
300.6685,2.224493957095341,-0.7436954984310759,False,301.1387,2.2506707091095586,-0.8393675777839432,False,29.2879,2.0630864261438924,-0.6590215596415413,False,29.3187,2.1049427145809525,-0.2247971576438171,False,31.001,0.5856660493760653,1.0493536526419645,False,2530.7089032571403,8.697134228107343,-1.3692198588733944,1.3920615275813295,-0.7115093107049646,-0.639886799949171,False,False,False,True,False,-0.2944301241760615,-0.15684949936187775,2.8719432419101727,0.7512,0.8037,0.7954,0.7819,1.6582,2.23758233310245,2.0840145703624224,2.0240250297851574,-0.5108577151904274
445.6537,1.765507257256987,-1.4980408447498146,False,444.9928,1.78174524359263,-1.6848576506521622,False,42.4528,1.7551483560890053,-1.328813327052535,False,42.3158,1.6938655645362655,-1.1236518072115056,False,42.0992,-0.4675741862581892,-0.8090378454782977,False,1161.2970623757726,8.413979645447672,-1.7099106909588306,0.8664870599735358,-0.9423798917172013,-0.5133262036919777,False,False,False,False,True,-0.5707885989758531,-0.4503834269244365,1.5208133388849465,0.4322,0.4581,0.5096,0.5068,0.2217,1.7736262504248086,1.7245069603126355,1.8265897709960939,-0.4062844726489274
668.8169,4.5827210820153,2.557452161321147,False,669.7782,4.04226267657075,1.8164889705544205,False,63.2062,3.1662727128562276,2.0536585340541396,False,63.1496,3.1738196499172266,2.1077813022848373,False,61.7479,-0.03366227885802888,0.1330301593467457,False,1273.206916693053,8.763205865986267,-1.3732203970236254,0.6561182351662682,-0.43734597152272875,0.29251635073722876,False,True,False,True,False,0.9415033163844518,0.7298831186122162,2.07744926441434,2.1472,1.8893,1.9529,1.4958,0.9499,4.312491879293025,3.170046181386727,2.2584832686157235,0.25955917368896486
682.1633,6.42043721430816,0.07686197859902553,False,681.7327,5.861208702265179,0.1842234132116089,False,64.8969,4.667788184750185,0.1103718526783652,False,64.9148,4.620430058386726,0.11043543794195083,False,64.4639,1.800617849812333,-0.26956742799403083,False,2933.665958341095,10.03771857120238,-0.7794384647049009,0.9491694314540328,0.19204243350548392,0.5233748453399608,False,False,True,False,False,2.030560680399675,1.9334389605762692,4.430521857467186,1.0982,1.2221,1.1237,0.8845,0.6387,6.14082295828667,4.644109121568455,2.7967218873291007,0.4503106560839836
666.2184,3.575459508021602,-0.6299525167447707,False,666.2939,3.2847220537323283,-0.6832846303042197,False,63.411,2.6140404066416196,-0.3855271605622445,False,63.428,2.6011290577215296,-0.3283729206074513,False,64.2078,-0.017625568563159964,0.2880147061443842,False,1610.4074310188978,8.853569876967457,-1.8255919248921457,0.8025972584494145,0.029306974304290783,-1.0395278703709123,False,True,False,True,False,0.4158953314378305,0.2706396598580253,2.0980216638465565,0.7993,0.8675,0.9121,0.7502,1.0697,3.430090780876965,2.6075847321815746,2.65755423175049,-0.8410692014086916
608.3001,5.154685450554008,0.22229219426862534,False,608.7808,5.175365216964161,0.3224473400549375,False,58.5453,4.119606756871812,0.1684923419428605,False,59.0175,5.016358504138072,1.4569203564691935,False,60.2465,0.9196895666226338,0.033933195367621384,False,1489.014713714813,9.18725583635349,-0.8273573940050604,0.8011539388256133,-0.7809169570151047,0.025926806827662015,False,False,True,False,False,1.4493204438855847,1.8712825352635076,3.300439179680463,1.1597,1.2786,1.1485,1.2966,0.8733,5.165025333759084,4.567982630504942,1.9646691926269533,0.039284191911621136
996.2521,5.8492929616780405,-1.0236782225819805,False,996.6842,5.659721543484244,-0.9479895663121519,False,95.1104,4.97313331595888,-0.9393123062557992,False,95.0925,5.015019963598347,-0.672100689180773,False,93.3177,2.0706027839100876,-0.6572875337974715,False,1273.206916693053,9.906672182473478,-1.2681764289108624,0.9605346912794399,0.9729243576953622,0.10378396943108648,False,True,False,True,False,1.8004492038913196,2.2191835102544326,4.776867074336061,0.6328,0.7593,0.6758,0.645,0.339,5.754507252581142,4.994076639778614,3.46451431072998,0.10361524114257925
465.3145,0.7383437894697952,1.5314006071904238,False,465.4352,0.8061813666069098,1.0930763127212828,False,45.5445,0.9539691098723514,1.1771640588557077,False,47.7678,0.7135987567538666,2.592986374843186,False,47.4074,-1.1896875727309464,0.03406256477229386,False,647.4576476756544,8.136006370534044,-1.8298852787616124,0.623147468818782,-1.1211936789886652,-0.4859083683624918,False,False,True,True,False,-1.1672574190924248,-1.177648778690909,0.5944634361482622,1.7133,1.5936,1.5789,1.6443,0.8734,0.7722625780383525,0.833783933313109,1.6736722957153312,-0.3836299338061533
1019.512,5.088323169657737,-0.6954552317699403,False,1016.9073,4.969338276451245,-0.6605327273016895,False,96.7554,4.096181839860853,0.1591180694808452,False,96.7359,4.616378271989743,0.5041540321727993,False,95.566,1.0186286692921782,-0.04549961910128507,False,1373.7260711561023,9.309661774778684,-1.7746303709600193,0.8367210063926719,0.8241168938486125,-0.7999198199197324,False,False,False,True,False,1.3681952333418435,1.6984297598163824,3.4273613914157592,0.7716,0.8768,1.1445,1.005,0.8119,5.02883072305449,4.356280055925298,3.3372575593261704,-0.6430882222119134
245.0399,2.2159428612469085,1.6456165326675245,False,244.8969,2.22100523596142,1.2286091542632371,False,23.509,2.2354074021935917,2.0077245989902646,False,23.6044,2.360871913603085,1.284076259914738,False,23.4101,-0.5532339157951024,-0.5929909396752461,False,2710.6968712561215,8.979148935431096,-1.4743220260934893,0.631171895481954,-0.2717378908566805,-1.4128331526705264,False,True,False,True,False,-0.30581209880070664,0.017981230717493392,1.4109263272169197,1.7616,1.649,1.9333,1.2437,0.3887,2.2184740486041643,2.2981396578983384,2.400107524597166,-1.1495202120898451
351.5628,0.7931396814020758,0.9957917641145794,False,351.3541,0.8372931017993356,0.45920340218842565,False,33.4179,0.7339707452192598,-0.24186643508185982,False,39.5032,0.0009136357721170802,-0.1986581638359599,False,32.8131,-1.3097361875975595,0.44286988353734985,False,841.3875142582494,8.101948608113911,-3.308265065470772,0.600107398075096,0.6407824679198576,-0.8189178606132715,False,False,False,True,False,-1.1416716991371714,-1.5584115762756643,0.44046127417676934,1.4868,1.3345,0.9734,0.7899,1.1894,0.8152163916007057,0.36744219049568844,3.180474136901857,-0.6587857360986327
567.9241,1.2059310873036393,-0.4452679664391486,False,567.688,1.2401672902996659,-0.711663348027806,False,54.0816,1.1663635289456702,-0.6383981602251075,False,53.9404,1.0777935570579749,-0.5544752170454156,False,52.5834,-0.9823371229661831,-1.0248260124720046,False,744.3952638696896,8.304500667169524,-2.3183453761486095,0.7377281037634965,-0.37551454794495837,-2.5576411407449706,False,True,False,False,False,-0.8987434263633527,-0.9422594664442957,0.8604591545079893,0.8774,0.8559,0.8042,0.681,0.0549,1.2230491888016526,1.1220785430018225,2.3113600927734375,-2.095440877294923
288.5855,0.7625083249578978,-1.2343746813813525,False,288.9331,0.7885860964501896,-1.3528755821098666,False,28.6576,0.6860954760543455,-2.1183614251657747,False,28.7383,0.7837940444665412,-2.1901227545720783,False,27.613,-1.1173308282133778,-1.0235323184252796,False,687.7184274066332,7.209814050715362,-2.5909703861043565,1.0017336969281057,-0.787543253060198,-0.6672169431091062,False,False,True,True,False,-1.1653009061644573,-1.2583498538619367,0.6872849576735683,0.5437,0.5938,0.1727,0.1804,0.0559,0.7755472107040438,0.7349447602604433,1.9590025352783211,-0.5334397966113293
855.3113,3.939274704848878,-0.6483973245857932,False,855.3823,3.865974608526099,-0.6145396330600158,False,81.9645,3.37380242121975,-0.5174700454651101,False,82.0504,3.9326164140133613,0.010780524049495461,False,80.1961,0.9785472523000311,-0.6125257197807914,False,1523.6983219473013,9.097822473667042,-1.6465802226031967,1.0006346726553728,0.0783481835464176,-0.31835321490538554,False,False,False,True,False,0.6973632248137733,1.1243804767202608,3.3759436813611283,0.7915,0.8956,0.8558,0.854,0.3736,3.9026246566874887,3.653209417616556,2.6994931561279305,-0.24518411243896487
482.02,2.0107475464514764,1.8809060685882593,False,482.3207,1.6956560214320615,1.627134422984976,False,46.0413,1.463967472954584,1.9381206259598007,False,46.058,1.294359519333515,1.1906293570516489,False,45.5317,-0.608228255778272,-0.06632809325355533,False,1192.9941936980472,8.818754972232291,-1.8680133836967359,0.9155789813686483,-0.05115800446817277,-0.31302608518587377,False,True,False,True,False,-0.5233889120330556,-0.7323524883899962,1.3403778476445924,1.8611,1.8119,1.9036,1.2151,0.7958,1.853201783941769,1.3791634961440495,2.588742415893554,-0.24078246417968785
660.8511,3.1034634891447817,0.2563441472058975,False,660.3873,2.9335943479074076,0.1105855336012692,False,63.2033,3.0574976603835915,1.0079584409163314,False,63.08,3.3756962849007826,1.7104685964054083,False,64.1128,0.12716052206246073,-0.6697069966460302,False,1388.029820504042,8.648567257569441,-1.4627066806876483,0.7469369059887782,-0.6132284724306094,-2.1726391916258083,False,False,False,False,True,0.17074581662033758,0.7678913170658392,2.2837578425148473,1.1741,1.192,1.5067,1.3742,0.3294,3.0185289185260946,3.2165969726421872,2.1080725626220715,-1.7773252599951181
653.397,2.381690871208886,-0.8467972448244833,False,650.2005,2.525988172624371,-0.4295886796200929,False,62.2222,2.2264584571984365,-0.5359842335775904,False,62.0959,2.2019377504919655,0.04606816569010275,False,61.8495,-0.24337288183605893,-0.5303761478137627,False,753.1803642824601,9.193036542808226,-0.941042014009467,0.8122432560917635,-0.6003797485003095,0.4644175663912471,False,False,False,True,False,-0.16561511539278057,-0.05055610578982,1.808425866827902,0.7076,0.9712,0.8479,0.8648,0.4371,2.4538395219166285,2.214198103845201,2.1190604984741217,0.4015960165087904
468.5702,2.945945155724337,-0.7585932278411324,False,468.9353,2.891884469936327,-0.6989418538758536,False,44.9366,2.4574721803248734,-0.7979951488909183,False,44.8445,2.615162742825213,-0.6658926781514068,False,44.7636,0.14096424241867617,-0.32028023462564537,False,2832.5095448820093,8.964724435945078,-1.1201885870624697,0.9365174955871665,-0.5797505440134293,-0.08599637400265128,False,False,False,False,True,0.11141002311215412,0.21245073349593316,2.301465691792984,0.7449,0.8611,0.7361,0.6469,0.5995,2.918914812830332,2.5363174615750435,2.1367021239624027,-0.05319459122558534
123.9606,0.7038631017050854,1.2866521954537795,False,123.9887,0.7363158016741324,1.0370528096290312,False,11.9326,0.7442596963774658,0.46940648797355167,False,11.9039,1.17550476470109,-0.2950457035024335,False,12.3223,-0.5403443899037941,2.412260330866605,False,2567.3945586170375,8.430362638564969,-1.6446593126608298,1.9179614667495337,-0.691868655871087,-0.49614262551166194,False,False,False,True,False,-1.1983346830008141,-1.074690934659117,1.427461418906687,1.6098,1.5707,1.2769,0.7604,2.7117,0.7200894516896088,0.959882230539278,2.040821270141601,-0.3920861949707053
654.6843,1.4505136314681575,-0.9428048343559591,False,654.3231,1.460863592071772,-1.1030939373186481,False,62.391,1.4225837536314114,-0.589651943422628,False,62.4129,1.436800516638147,-0.45874115222413875,False,62.7283,-0.7527235068225219,-0.4475797288233717,False,1199.220349054111,8.97440862837464,-2.024810801609404,0.8119133683666959,0.811083704084615,-0.05652620667361176,False,True,False,True,False,-0.7601702326705853,-0.6910964219181752,1.1550147671946174,0.667,0.6959,0.825,0.7103,0.5011,1.4556886117699648,1.429692135134779,3.3261118724975596,-0.028844271718750036
209.5812,1.9820945959800553,0.31782684000930567,False,210.7257,1.8657227650217174,0.1763948014257924,False,20.0692,1.9989540465760864,2.41503673746483,False,20.1118,2.7175319908017417,1.699359524037069,False,22.4778,-0.34992543637961804,3.770509710523036,False,2613.9689921225167,8.355473315363273,-1.5632871537321926,0.8363058075156083,-1.0057634481406594,-1.6625219769614041,False,False,False,False,True,-0.48127188669279064,0.0670549500474514,1.6717368781084068,1.2001,1.2189,2.1071,1.3708,3.7616,1.9239086805008863,2.3582430186889143,1.7723855982055667,-1.3558306337744135
1305.4921,3.519837868408151,-1.3902096604484524,False,1319.58,3.3942664817536405,-1.1297601462140865,False,126.0472,2.7816076335660025,-0.7335470257145631,False,126.5137,2.7535844651942813,-0.23296559320877266,False,127.7163,0.5043033965734495,-0.06904485075167753,False,760.2138295602666,10.029548536460728,-0.12514400444593485,0.9949529268100527,0.5701497084595409,1.7049077986327916,False,True,False,True,False,0.4319550622159506,0.4012871039698463,2.7675686562536788,0.4778,0.685,0.7636,0.7794,0.7937,3.4570521750808956,2.767596049380142,3.1200706109008802,1.4265760637182616
286.8083,1.6519118080829296,1.904316786232634,False,286.7905,1.3648579647772592,1.4580853372349931,False,27.5944,0.7661608248240985,1.0485021693145478,False,27.6067,1.018782670676895,-0.22675758217940653,False,27.6013,-1.1050211699750283,-0.7686745912204821,False,2245.9585051226572,9.159359601095538,-1.8779334774594265,0.9176613499524665,0.9367520053150098,0.9827475493243184,False,False,False,False,True,-0.7287813520492641,-1.1297308370665764,0.7030761767887773,1.871,1.7428,1.524,0.7813,0.2529,1.5083848864300944,0.8924717477504968,3.433580539428709,0.8298766079785143
498.4064,4.163968185433232,-0.6935634566067584,False,498.6756,3.909391365402661,-0.8728838219919715,False,47.4314,3.416803572561765,-1.007744495228511,False,47.446,3.682545168224045,-0.7514978828721391,False,47.477,1.0947612660998307,-0.7338742213635834,False,3494.365632305565,9.96505412791095,-1.590272099705123,1.031673791273585,1.3943757981077765,0.30730673080891596,False,False,False,False,True,0.7772140329713955,1.039845273007259,3.5250266957419254,0.7724,0.79,0.6466,0.6207,0.2798,4.036679775417946,3.5496743703929052,3.8249299766845706,0.27178002321289085
733.8853,3.3817358712135683,-0.7240683311130649,False,736.9998,3.1268120901317698,-0.5083640857148749,False,70.4442,2.300716789287294,-0.06164604699961554,False,70.478,2.2668669829722172,0.9968740654509071,False,70.5099,0.1567984474202644,0.6466266958965153,False,1448.5729497161349,9.930906183004554,-0.1676960032985202,1.0091543304407011,0.8457410380800408,1.7203568890127223,False,True,False,True,False,0.3111689045997142,0.006266436144938896,2.321778311026899,0.7595,0.939,1.0503,1.1558,1.3469,3.254273980672669,2.2837918861297557,3.355750034606933,1.4393411859057625
135.8665,0.7922532445369704,-1.2542383205947611,False,135.8681,0.7790674446595726,-1.3051699790400453,False,12.9549,0.7093282570987175,-0.9090802775657998,False,12.9151,1.0426142593450012,-0.8289346520279162,False,12.7526,-1.0223521440508962,-0.2117393041054296,False,2811.7800595209146,9.275485615526893,-1.0262474411440279,1.1406941865447793,-0.010896998335798127,1.2606757244411544,False,False,True,False,False,-1.1592769518230788,-1.1432033015225445,0.8091266192244476,0.5353,0.6133,0.6887,0.597,0.6834,0.7856603445982715,0.8759712582218593,2.6231727106933587,1.059520362236329
573.8135,5.268880617323825,-1.1728919885779443,False,573.885,5.120767402137137,-1.2728769554235508,False,55.1512,4.040941693774399,-0.8256492526538634,False,55.2513,4.3913894453872455,-0.3211846973102907,False,55.3333,1.306959221374514,-0.62546266024804,False,3442.6984916334186,9.40981085834607,-3.170177931262045,0.9396920904388402,1.549385028974339,0.006513989723835233,False,False,True,False,False,1.4670702201035852,1.5840278547234448,3.7972409475643323,0.5697,0.6265,0.7243,0.7524,0.3636,5.194824009730481,4.216165569580822,3.957490337890624,0.023243960659179663
365.1149,1.8308378536920933,-0.13288859261875538,False,365.712,1.830328235337991,-0.35130256176192415,False,35.148,1.7324889731307112,-0.3435772912947259,False,37.3085,1.9845514316604715,-1.064839071143827,False,35.7649,-0.9916670763298985,0.23730189951276948,False,1013.2882394674048,8.625367114086826,-3.646167084103815,0.48975226293217,2.3875511553238487,-1.029652024025805,False,False,True,True,False,-0.5368619120932947,-0.34096311927488687,0.8484903950957974,1.0095,1.0032,0.93,0.5248,1.0305,1.8305830445150422,1.8585202023955913,4.674270905334474,-0.8329090843920905
354.6346,2.8580654212228684,-0.24190213639710606,False,355.2925,2.8269165902548377,-0.13626038177026809,False,33.9613,2.4648392399161354,-0.2507719939207744,False,33.937,2.5348924749249453,0.025483708066415315,False,34.3733,0.28132326483253906,0.21815522762124162,False,2392.759169811498,8.893973665480091,-1.1523427947008253,1.0067685742269485,-1.0154629089526375,0.12122454180572712,False,False,True,True,False,0.06588768262617069,0.18268840793084948,2.481522687269003,0.9634,1.0911,0.9696,0.8585,1.0157,2.842491005738853,2.4998658574205406,1.7640908403930684,0.11802586545166172
781.1334,4.569599984817329,2.8797633547482446,False,781.6007,4.271156475675297,1.9994827710478893,False,74.3908,3.3232270525424035,1.5338551260353905,False,74.3735,3.420679819994128,2.366884078405221,False,74.2004,1.202263428704361,-0.7205491726823172,False,3476.231919966887,10.999466083791031,-1.891529654665516,1.1022219709391077,2.518358279132502,-0.2962417492500293,False,False,True,False,False,1.0057665268786262,0.8947381254938367,3.6629338717314495,2.2835,1.9641,1.7311,1.5751,0.2901,4.420378230246313,3.3719534362682655,4.7861341762084955,-0.22691406844970707
546.0287,1.419537664094341,1.8974591012661002,False,546.4376,1.4884492969245129,1.2971095073891346,False,52.6519,1.30605850530689,2.3998035447140547,False,52.6756,1.231393935544477,1.4438508595652648,False,52.4962,-1.28151477276267,-1.0139589824795157,False,1153.4041476122281,8.503381796461191,-3.2044178966713743,0.36496420047732697,1.452890821413087,-0.4836092600075826,False,True,False,True,False,-0.7611799486916448,-0.8225232841804715,0.47666459816594176,1.8681,1.677,2.1006,1.2926,0.0633,1.453993480509427,1.2687262204256835,3.8749706909179693,-0.3817302492065444
427.3524,2.456170298232996,-0.7446413860126666,False,429.066,2.503383770925402,-0.651236250806032,False,41.079,2.1744812958420745,-0.38435537650449275,False,41.1604,3.2653673848339966,1.0256269586395503,False,40.8902,-0.7062656633315199,0.631102367335817,False,1348.9100246464789,8.634024692232074,-1.5560057564177805,0.5585756756152626,-0.6102322907344773,-2.017006721395728,False,False,True,True,False,-0.1501652663506921,0.3623636887275067,1.2146123589377382,0.7508,0.8806,0.9126,1.1646,1.3349,2.479777034579199,2.7199243403380358,2.1106348289184584,-1.6487307958569328
305.72,0.5571726146122326,2.5706945874634193,False,305.7697,0.6184643560205402,2.2257785804816574,False,29.5377,0.5087587215950988,1.7182939367255419,False,29.5312,0.8287304230511836,-0.004576134812620386,False,29.4703,-1.3609471864434564,1.0283958090850216,False,2291.8704698079932,8.962836948196829,-1.712846050216834,0.7366285204123042,0.1292781550544943,-0.05037355169818226,False,False,True,False,False,-1.277122749138954,-1.3124015641106426,0.374766184335453,2.1528,2.0566,1.8098,0.8493,1.642,0.5878184853163864,0.6687445723231412,2.743047306945803,-0.023760516584472313
753.2322,2.8498300902347933,-0.849634907569256,False,752.4068,2.8987421740945725,-0.6661595420227454,False,71.7881,2.4526989572262092,-0.4628649083738709,False,69.8336,0.0013512064103492112,-1.198801414409095,False,72.4034,-0.09928880451991169,-0.5148518192530644,False,757.5488816844108,8.865587080352238,-1.363887518268576,0.8126808529581979,-0.5637429913475555,-0.8014964261542717,False,False,True,True,False,0.08482665761362458,-0.8565717956919993,1.993261480608278,0.7064,0.8745,0.8791,0.4838,0.4491,2.874286132164683,1.2270250818182793,2.1503914181518553,-0.6443909248779303
665.6474,6.339730506213112,-0.9215223637701639,False,663.8083,5.998654199234139,-0.561696503505752,False,63.6137,4.634349042988471,-0.4239616776565072,False,63.7407,4.967091500377854,-0.0954091382949242,False,63.5001,1.4763113250603668,-0.18392488210084512,False,2734.863335765491,9.649784568222374,-0.5083108889351347,0.8662470495672697,-0.50108585079312,0.495963182577081,False,True,False,True,False,2.0474590957245544,2.0613102064363864,4.014491185153663,0.676,0.9172,0.8957,0.8215,0.7049,6.169192352723625,4.800720271683162,2.203974376647949,0.42766121744872976
391.8133,1.4368377933905174,-0.032860980865518245,False,391.4231,1.435195964826088,0.16269473080061278,False,37.7234,1.3087470287812146,0.05506364515247524,False,37.7833,1.424438694184553,0.3273890865471654,False,38.5502,-0.7254088541103203,-0.35805610079001127,False,1473.8004066292,9.218433595080334,-0.7446622536254976,0.9093085538062002,-0.5985131209182398,1.1752377058355952,False,False,False,False,True,-0.7718878288785511,-0.7426162704655271,1.190054868039208,1.0518,1.2133,1.1001,0.9509,0.5703,1.4360168791083026,1.366592861482884,2.1206567958374016,0.9889254779980483
735.0662,3.088487783511633,-0.45543625794125064,False,739.4966,2.909633550144286,-0.18323205248516886,False,70.5885,2.4885543104991443,-0.2718641069603089,False,70.8115,2.6945017069990933,0.2617148646049242,False,73.3687,1.063133245540005,-0.11600594464778996,False,1408.9610559374053,9.258379012481784,-0.8720654877585748,1.4001917721583548,-1.1927221094884801,-1.423427643459528,False,False,False,False,True,0.1591494251790096,0.25752952543761143,3.48445327013011,0.8731,1.0719,0.9606,0.9308,0.7574,2.9990606668279596,2.591528008749119,1.61250281225586,-1.1582741235571277
269.5593,0.909839013826079,0.03973589102158281,False,268.3942,1.0182275567447925,-0.0317973432532747,False,25.5457,1.0762966286739677,1.7199344344063943,False,25.6561,1.0976182156831986,0.16042626359947798,False,26.4259,-1.1798189984501033,2.61860453131922,False,1823.4715393591696,8.765730263245462,-0.855926630762697,0.5640853453801776,-1.3319397514148352,0.8498908208112826,False,False,True,False,False,-1.0530279431898442,-0.9709354673061882,0.6071231555170759,1.0825,1.1338,1.8105,0.8998,2.8712,0.9640332852854357,1.0869574221785832,1.4934470579833992,0.7201010593090817
677.435,6.318383673476469,0.21945453152385297,False,676.6378,6.989315631121564,1.2949077103243734,False,64.5481,4.904389492638203,0.9449164586092785,False,63.9432,0.005118880627971029,-0.4724641239732641,False,65.0287,2.0743990916097976,0.6758641813524972,False,2785.4732316881987,10.335586495751219,0.325044404110619,0.9749913022123078,-0.5826435292960959,1.430708504202988,False,True,False,True,False,2.3361483857500986,0.1458552351829442,4.78173709798368,1.1585,1.6761,1.4798,0.7061,1.3695,6.653849652299017,2.454754186633087,2.1342281088867185,1.2000133722558601
351.5882,0.7584307321808076,0.5268679955408935,False,351.4856,0.8568048855859955,0.2331522368729642,False,33.7549,0.7887907371977806,0.13146396571789995,False,36.39,0.0015181139009550666,0.11795039866171003,False,31.7937,-1.1877248015945985,-0.4557300013177383,False,947.9285635350134,8.137996996624363,-2.586765362049088,0.7568310743515351,0.12724308215270977,-0.7907215658655906,False,False,False,False,True,-1.1461978446255003,-1.5357848474681244,0.5969813410719357,1.2885,1.2421,1.1327,0.8868,0.4948,0.8076178088834016,0.3951544255493678,2.7413069589843744,-0.6354879794775368
1060.9153,7.3790863034127465,0.050850070105275647,False,1059.9292,6.991357740562062,0.023736871602363933,False,100.957,5.306567533660304,-0.019461820920546602,False,100.9168,5.431124509733415,0.39600394529279054,False,100.7517,2.785101822181147,-0.5580612004136748,False,2494.0145870351726,10.89417864858749,0.6541653412481356,1.0729061703514908,1.119513092657399,1.5666321016021771,False,True,False,True,False,2.652663812792932,2.5251785032099936,5.693449050251032,1.0872,1.1565,1.0683,0.9719,0.4157,7.185222021987404,5.368846021696859,3.5898736557617195,1.312322983132324
583.4952,3.612788544570176,-0.5424579154476128,False,578.4991,3.5157581833159757,-0.7483599657738224,False,54.9164,2.724227775168797,-0.7715128291857252,False,51.8871,3.346358461253764,-0.8671629304719071,False,55.2984,0.09202597377327351,0.013880937643386097,False,2704.6864406106547,10.047533308645802,-0.20563946187854304,0.8217690725337627,1.5861549034824367,1.6041633504084072,False,False,False,False,True,0.49582206456056815,0.619858755346313,2.2386861321711784,0.8363,0.8409,0.7474,0.5853,0.8578,3.5642733639430757,3.0352931182112806,3.9889350964965846,1.343333933620606
410.122,3.9185422351571444,0.0832467197747639,False,410.5746,3.8761611563468077,0.14018747191638914,False,38.8519,2.804271268456259,-0.07922280786589439,False,38.3221,0.004650464533835591,2.1835843843276224,False,39.5359,1.3910814245948904,2.9353008339574664,False,2284.241682582905,8.673824608630914,-1.5235335460601687,1.3925741121221016,-0.3553109247112469,0.14579567425610035,False,True,False,False,False,0.6942223511487337,-0.7116974695015096,3.905155571819994,1.1009,1.2041,1.0428,1.519,3.116,3.897351695751976,1.4044608664950473,2.328637770874023,0.1383282586865242
238.2123,2.840588550034066,1.7047345065169552,False,238.1084,2.299540390207535,0.8144266619698648,False,23.007,2.482451338984047,2.163571878671269,False,23.0579,3.0340055381052653,1.2216694121984786,False,22.4686,0.7446612459151551,-0.7613005351541503,False,3385.320752856268,8.61105273385373,-0.9741311709327349,1.2390604653448318,-1.5481070716504985,-1.649302955329447,False,False,True,False,False,-0.09638496491384678,0.3936385548889605,3.0759073112774735,1.7866,1.4797,1.9998,1.2246,0.2586,2.5700644701208004,2.758228438544656,1.3085856926879895,-1.344908150820313
710.8942,6.518440582218658,1.2568567366336665,False,709.4244,7.3515382901161885,2.00780067107032,False,68.2191,4.606314882773641,1.2137237214575676,False,68.0517,4.768684693829336,3.2235896004577396,False,67.9561,1.0824274226169335,-0.1390336986794924,False,1351.7581268477022,9.579287945733416,-0.8503058835628365,0.7618246994258162,-0.3117095456673959,0.36773588027960075,False,True,False,True,False,2.503611136592831,1.9688669528347407,3.5092044510296923,1.5972,1.9675,1.5945,1.8373,0.7396,6.934989436167424,4.687499788301489,2.365924676452636,0.32171082546142493
572.9902,4.866044825358705,0.994609404637591,False,573.7299,5.062797422001944,1.29441842208776,False,54.6672,3.6404504645261286,0.15560271730758932,False,55.1053,3.616895383911006,0.4613514298124335,False,54.8967,0.8313223672087952,0.3722341885861725,False,2359.9292832410447,9.539489031425202,-0.5546227807016042,0.8754627953422642,-0.712408442612852,-0.8428299714981018,False,False,True,False,False,1.3298292342524907,1.1043467053218556,3.187078939979089,1.4863,1.6759,1.143,0.9919,1.1348,4.964421123680324,3.6286729242185674,2.0232561126708983,-0.6785435994873055
632.881,2.2041156841125717,-1.1378941480590812,False,634.7043,2.0360441938245404,-0.8807124337777882,False,60.4015,1.3892185846876668,-0.06867675134612729,False,59.7779,0.011466786717031769,-1.4137946384787203,False,60.5434,-0.883670626808982,0.9810466069748918,False,2142.9372022581556,9.959347168751844,-0.35465961612633895,0.7104941359568674,1.3854839775497296,2.1783038416257976,False,False,True,False,False,-0.3644211936772004,-1.2866020592754557,0.9870316579828862,0.5845,0.7868,1.0473,0.418,1.6054,2.120079938968556,0.7003426857023493,3.8173258944091817,1.817729082004396
638.5968,4.714478156266522,-1.1057339702849909,False,638.7,4.439026020915469,-1.2503696965393272,False,61.1071,3.5591771709379527,-1.5034091516575703,False,61.1234,3.750708704506203,-0.7746962398766123,False,61.2014,0.6736820418579047,-0.5675051669547663,False,3001.344782057556,9.925998901192647,-1.5262210459940138,0.8386356730477058,2.2370597179668734,0.619702523306475,False,False,False,False,True,1.0989116382462492,1.125795876424907,2.9848529422455794,0.5981,0.6357,0.4351,0.6136,0.4084,4.576752088590995,3.654942937722078,4.545574058166503,0.5299033407690423
533.5719,2.5253501367773197,-0.40861482265250126,False,532.698,2.3402799220432757,0.047222706959814044,False,51.1812,1.6031765962901825,0.29527937699161716,False,51.2309,1.5539579100670715,1.2736206623915949,False,51.4939,-0.44668355756030187,0.3318709343283567,False,2317.0764917524784,9.949852451650164,-0.21074173929194184,0.9653412493815586,0.6276359580725105,1.5110271432295563,False,False,True,False,False,-0.1781384918489228,-0.5695415593946854,1.5476124984420394,0.8929,1.1661,1.2026,1.2405,1.1036,2.432815029410298,1.578567253178627,3.1692315413208014,1.2663782659741223
294.2922,2.423919060179319,-0.7103529611799968,False,294.0047,2.325962220628147,-0.8303157454065924,False,28.0041,2.065141584672149,-0.25217813479007684,False,28.0211,2.2453380343098166,-0.47703844788963895,False,28.2839,-0.12923314548940223,0.3426085949161733,False,3211.824309042658,9.230077491165181,-0.8098928719597613,0.946592692221475,-0.5790093852490482,0.37724243603914054,False,False,False,False,True,-0.21261175014422748,-0.09869489122967892,1.954847932453333,0.7653,0.8074,0.969,0.7047,1.1119,2.374940640403733,2.1552398094909826,2.137335946044921,0.32956580869140595
1042.3505,6.136035675410778,1.3528643261651423,False,1044.0411,5.9530967786879065,1.6596720907197768,False,99.7311,3.98572684775933,1.0599856530805163,False,100.0127,4.079279730897693,3.14484588161157,False,102.0208,0.6907892641382278,-0.6173123877536734,False,857.8486287881165,9.37322277343087,-0.96986941976875,0.7543915434190831,-0.6946803391168092,-0.5970005155140974,False,False,True,True,False,1.9732247289440201,1.4340696647978126,3.006798628328038,1.6378,1.8252,1.5289,1.8132,0.3699,6.0445662270493425,4.0325032893285115,2.038416782714844,-0.47542205862304776
300.6825,0.5030225067257997,-1.6025614225156082,False,301.2375,0.5074252948688919,-1.8186779833659688,False,28.9871,0.5595629325230231,-1.3677165577698989,False,32.4216,1.3159268403799254,-2.5054243673793555,False,7.6973,-0.5069374607346021,1.2533692038104751,False,1318.753861003233,6.827104737144855,-2.944932104161132,2.627616661712878,-1.3239693580340983,-0.6366622304892363,False,False,False,True,False,-1.3263207535549537,-1.0927658275800118,1.4703168847744144,0.388,0.4034,0.493,0.0839,1.8159,0.5052239007973458,0.9377448864514742,1.5002631567382814,-0.5081933497070317
445.6678,2.426228731432893,-0.30858721089926416,False,445.3222,2.3769946244366307,-0.2549127791490546,False,42.3421,1.9020804685744073,-0.35623255911844676,False,42.1218,2.7084099051433363,0.6358292134798798,False,41.0376,1.6813929625653088,1.9109538877607213,False,1273.206916693053,8.670643521413865,-1.5019165535955075,2.248893498474415,-0.6075995309798681,-0.2569744832597285,False,True,False,True,False,-0.19672497221717902,0.023782815342937063,4.277576399352154,0.9352,1.0426,0.9246,1.0453,2.3242,2.4016116779347616,2.3052451868588717,2.11288630505371,-0.1944686987866202
265.4552,0.7883181584025529,-0.3362544226607979,False,265.2439,0.8168259850197207,-0.6270164830936614,False,25.2004,0.7307325683026202,-0.18163673451341159,False,26.6788,1.1006604326725224,-2.337808069586471,False,33.189,-1.328804511732797,-1.0179694340243626,False,904.2352732164838,7.373504647035188,-2.3874102421572183,0.5692914790208231,-1.3392337230620737,-0.26878590502855454,False,False,False,True,False,-1.1492033709699767,-1.110768087191438,0.41599982457768325,0.9235,0.8905,0.9991,0.1352,0.0602,0.8025720717111369,0.9156965004875713,1.4872094196777361,-0.2042281239941417
244.6361,3.1770040101094104,-0.012287925965916447,False,244.8131,3.1314328516933125,0.16685368081182808,False,23.4305,2.8148198736867345,0.40238043987014227,False,23.198,3.5897802095263653,-0.10619147324066519,False,19.586,-0.9319580803203175,-0.7250771018458542,False,3041.1047975536844,8.716369701383535,-1.8187206262676723,0.32864873282205004,-0.34778200627076755,-0.3654118500548365,False,False,False,False,True,0.25157016204100235,0.7562180333809668,0.9250869846094681,1.0605,1.215,1.2483,0.8182,0.2866,3.1542184309013614,3.20230004160655,2.3350763303222664,-0.2840672578466794
493.2947,4.259916739462507,0.04470180082493499,False,492.5445,4.281346712255815,0.17541622495256484,False,46.8658,3.588027524498972,-0.13148437684162972,False,46.764,3.7834992774950753,0.6394233251284605,False,46.9771,2.075820676100166,1.1778174714817433,False,2641.699803998141,9.788372135227554,-0.6500994693911969,1.333200684468144,0.03413451235834902,0.7559108508236367,False,True,False,True,False,0.9165690422369878,1.1509604386803196,4.783560751552571,1.0846,1.2185,1.0205,1.0464,1.7575,4.270631725859161,3.6857634009970237,2.661682632263185,0.6424482156420908
347.1234,1.3999637803872118,-0.6843410526862472,False,347.1756,1.4392923343377322,-0.8606516160766325,False,32.683,1.53957678878326,0.09560737355069115,False,32.6353,1.8033863465507762,0.7423456132468983,False,26.403,-0.7516909780661527,-0.9092991340994744,False,991.4335116206835,7.814249550050798,-2.7774873446269557,0.7510760984325511,-0.20694410597001195,-2.810791124025036,False,False,False,True,False,-0.781649937730113,-0.49367806472545367,1.156339327756647,0.7763,0.795,1.1174,1.0779,0.1442,1.419628057362472,1.6714815676670183,2.4555176926269517,-2.304611151328128
316.7166,2.2261433247603044,0.14898590669533118,False,316.7589,2.2020764829762385,0.09125864825503383,False,30.5082,1.825035633541763,-0.21632154262286832,False,30.5631,1.9644368696181895,-0.2189158840370495,False,30.756,-0.37241453990733037,-0.16374325497193723,False,2559.485282282303,9.346709204895532,-1.4838433328132952,0.9001945574449807,0.4307444534368331,0.8703445557299104,False,True,False,True,False,-0.30841163015301976,-0.31139312169842626,1.642887144457447,1.1287,1.1841,0.9843,0.7837,0.7205,2.2141099038682714,1.8947362515799764,3.0008544141845697,0.7370013698779303
649.8756,4.256901220732017,-0.9520272382764703,False,653.1761,4.097241310318545,-0.5494642975904132,False,62.0434,3.445661364981285,-0.37334060636162464,False,61.9501,3.86286506254812,-0.06600277026108486,False,61.5982,1.1729333035442062,-0.23412021111376966,False,2414.8990978187007,9.629339596440131,-0.7221493035996461,1.0521371298693099,-0.16125983464541724,0.6062195977376822,False,True,False,False,False,0.8608391421778858,1.1252408894446893,3.625308259052977,0.6631,0.9222,0.9173,0.8305,0.6661,4.1770712655252815,3.654263213764702,2.494585840209961,0.5187628018701176
554.5013,2.294386309954839,-0.05769052988227964,False,549.6675,2.3693066142425665,0.1211052306884605,False,52.8409,2.0086653792172515,-0.17835573915170633,False,52.6463,2.1096790132082694,0.3793403367402816,False,54.063,-0.08767839807606581,-0.40100674314127666,False,1285.930997178441,9.244334938476063,-0.9964926796943531,0.9997462485149771,-0.24736968417002042,0.6567883180689937,False,True,False,True,False,-0.23828107927640563,-0.17713301896002756,2.008155677394361,1.0413,1.1963,1.0005,0.9668,0.5371,2.331846462098703,2.0591721962127605,2.4209466595458977,0.5605462258789071
471.5017,2.2729795540356017,-0.5497885442049423,False,471.6215,2.2719373072901616,-0.48683540330387853,False,45.1288,1.9654837639037923,-0.3281097417324008,False,45.1079,1.9525144745315843,0.14310918020177232,False,45.0902,-0.2350472579399742,-0.486778658439135,False,1909.409105421308,9.863194117025465,-0.618547549041753,0.9255259565232611,0.2339825747411704,1.510843514158978,False,False,False,False,True,-0.2736559485835272,-0.2589232117248429,1.819106240617997,0.8332,0.9478,0.9366,0.8945,0.4708,2.2724584306628817,1.9589991192176883,2.8325881401977533,1.266226538754884
454.6911,2.964958768584774,-0.3421662200457409,False,454.6216,2.9424665195868767,-0.6568630655270881,False,43.3848,2.7872939747200736,-0.3262348872399977,False,43.3801,2.776720429776431,-0.5864954844600407,False,43.3028,0.1686582045110938,-0.6019174285976476,False,3315.6715919213325,9.16881690432518,-1.1457266883119333,0.8384448873743544,-0.4734796892324485,-0.9976006951956503,False,False,True,False,False,0.13213757886831023,0.4130536484986116,2.336992382713389,0.921,0.8783,0.9374,0.6712,0.3818,2.953712644085825,2.782007202248252,2.227582536804201,-0.8064260281909181
153.4377,0.9101432433070717,0.9764010686919661,False,153.7314,0.976550504593981,0.5453181318324106,False,14.9962,0.8863883408491661,0.6423618148977344,False,14.9281,1.2368687220966534,-0.4616817890275227,False,14.7238,-1.0756167024432695,0.0902088864001528,False,3167.734498038631,8.972083724875144,-0.9097218181855159,0.8357478591204688,-1.2029060188615204,0.05532138009004823,False,False,False,False,True,-1.065349939385266,-0.9916162222104015,0.7407971582140349,1.4786,1.3697,1.3507,0.7094,0.9168,0.9433468739505264,1.0616285314729097,1.6037937650756824,0.06357205029785007
532.7286,1.2490529672594795,-1.0099628526489128,False,525.5001,1.2552802329253403,-0.14849258768560664,False,50.811,1.1458037736418445,-0.6880818042737886,False,50.6721,1.154520137350759,0.11043543794195083,False,51.1212,-0.7855864501302035,-0.26633319287721874,False,1133.0044819951763,9.320507476423945,-0.8873992671335306,0.9712458356344978,-0.19421128812137015,1.0228684428808603,False,True,False,True,False,-0.8813994499076697,-0.919329675423398,1.1128571436039343,0.6386,1.0861,0.783,0.8845,0.6412,1.2521666000924099,1.1501619554963018,2.4664065082397446,0.8630273046166987
558.7758,4.167132223109547,-0.9137187912220391,False,561.4993,3.7958373369463367,-0.6845078508957537,False,53.1788,2.8561477544931435,-0.8366640227967314,False,53.2307,2.9661487788504726,-0.3571258137960943,False,53.2603,0.7360505759134081,-0.3593497948367361,False,2760.169584460707,10.184400173881372,-0.7822802141895933,1.073075181947975,0.8214995241848098,1.4466877129441675,False,False,True,False,False,0.7443367730063366,0.5184958777871826,3.0648612713230308,0.6793,0.867,0.7196,0.7414,0.5693,3.981484780027942,2.911148266671808,3.3350192444457996,1.213216515419921
1236.873,3.7352377958545997,1.461877869943493,False,1236.5658,3.4524131159318507,1.9216859414263343,False,117.6261,2.5131972905243316,1.6058026671813581,False,117.7428,2.4063226170048617,2.790662515515106,False,118.1973,0.48966901829484966,0.10948492769635325,False,2120.0751226719462,10.575716966150349,-0.07590383801559673,1.0937443005653837,0.8541787872959785,1.338189831615542,False,True,False,False,False,0.5134249613937173,0.1499423878481467,2.7487952127073525,1.6839,1.9323,1.7618,1.7048,0.9317,3.593825455893225,2.4597599537645967,3.362965805419922,1.1235679550073243
316.9607,2.1600701466186703,-0.8023405284897112,False,317.0381,2.1107681644115086,-0.724629486298065,False,30.5209,1.9134570994872615,-0.6559749210913864,False,30.5382,2.1856207532980485,-0.5632971274555676,False,30.6163,-0.22302915376224672,-0.6470673508283452,False,2865.3579567788724,9.096218790355985,-0.9798033291192386,0.9587481451504114,-0.4321249940912039,0.708567798917285,False,False,True,True,False,-0.3552842890267464,-0.18499847561941177,1.8345234449582979,0.7264,0.8506,0.7967,0.6783,0.3469,2.1354191555150894,2.049538926392655,2.2629481295166034,0.6033300651586906
400.1005,1.004417531642703,-1.0258064696405602,False,399.1804,1.0076268734131248,-1.1307387226873138,False,38.1509,0.9433088974114685,-0.9777468233500619,False,38.2283,1.0370938151656892,-0.8357961379024786,False,38.954,-0.9109177569716835,-0.7257239488692167,False,1170.0239594769744,8.9106235807335,-1.0494512268237655,1.009296297123958,-0.8616220157514124,0.8186598531881858,False,True,False,True,False,-1.0280169700376969,-1.0499357088650845,0.9520781772014789,0.6319,0.6846,0.6594,0.5949,0.2861,1.006022202527914,0.9902013562885789,1.8956520658569342,0.6942958430834967
194.0032,0.4027265367962982,0.796209484398901,False,193.8581,0.4270713391669156,0.45088550216599504,False,18.5357,0.40203745658985424,0.7864912540012194,False,18.5468,0.47036910903182594,-0.20715333682351364,False,18.3468,-1.426159270533531,1.4181858253632225,False,868.8840685702821,7.933930527655943,-2.5767669217670917,0.7240869091192275,-0.24235847129099167,-0.7935584150911376,False,True,False,True,False,-1.3801234083580578,-1.5022689163526575,0.29111005929230316,1.4024,1.3311,1.4122,0.7873,1.9433,0.41489893798160693,0.4362032828108401,2.4252321345825187,-0.6378319833056629
235.8507,1.984323305181467,1.1972658189934404,False,235.9279,1.899060711045976,0.8655572826959809,False,22.5411,1.7617852212725857,1.1340424055304374,False,22.4914,2.0705581564595845,0.5701549915376386,False,22.2089,-0.6647191944378414,0.0005558889621200645,False,2481.628746624181,8.685082918865884,-1.3151395678980662,0.7196731296315094,-0.9413922704627877,-0.45768629959727936,False,False,False,True,False,-0.4706791313018395,-0.29389132780109806,1.2679094839317833,1.572,1.5006,1.5605,1.0252,0.8475,1.9416920081137214,1.9161716888660851,1.8274343621826183,-0.36031088088378915
484.0887,2.602979638727184,-1.2499818264776021,False,483.3458,2.5656160901784717,-1.3545880909380141,False,46.0848,2.383636092324631,-1.1427340186815313,False,46.0395,2.413327265566622,-0.7923400606969162,False,44.3207,0.21246513127342576,1.0340880628906113,False,2489.393370528014,9.141076084320078,-1.0857938250057055,1.0040078274940727,-0.9321001138418497,-0.4518549756107585,False,False,True,False,False,-0.08790675049725485,0.0999093644042779,2.3931892945913136,0.5371,0.5931,0.589,0.6082,1.6464,2.584297864452828,2.3984816789456262,1.8353808027343756,-0.3554926319531244
386.083,3.0374239359542186,-0.17616294947653902,False,386.8586,2.895498724734165,-0.32145597932849745,False,36.5691,3.8568669191585814,-0.36138840897255514,False,38.0432,0.0046736306034106225,-0.41005727625700505,False,33.4201,0.6825412724108202,-1.0197806056897776,False,2594.051192921506,8.588938731913789,-1.409163244230199,0.7768527943386166,-1.1535797763360958,-2.2738635122437234,False,False,False,False,True,0.13973141721121918,-0.2819717462122043,2.996217843540516,0.9912,1.0154,0.9224,0.7252,0.0588,2.966461330344192,1.930770274880996,1.645976443420409,-1.860963894326174
1030.4833,3.3007785416717113,0.9482609131396369,False,1029.1377,3.1634924251493888,0.6275185555834877,False,97.7594,2.4629105215253677,0.9662429284603631,False,97.7394,2.664249719162017,2.3048039681115604,False,97.3551,0.005220557345062521,-0.5321873194791776,False,1315.0303188749115,10.241567290142088,-2.3197562217884102,0.8637461160332072,2.777114179056401,-0.33468695476140453,False,True,False,True,False,0.29798196392548365,0.23471038831395244,2.1273293971048575,1.4667,1.4033,1.4889,1.5561,0.4357,3.2321354834105502,2.5635801203436923,5.007416324157715,-0.25868019407958975
769.792,2.5242566252022005,-0.5024941651253978,False,766.6087,2.5007907571489643,0.11572306008571148,False,72.8604,2.1598557150387343,-0.040553933960081334,False,72.7729,2.2259535883806185,0.11991082319729911,False,72.4993,0.07620039935243746,-0.6526302352292621,False,1321.1002230365673,10.032809597109244,-0.12269556719314555,1.027098508975899,-0.3312928669638085,1.7085905160461328,False,True,False,True,False,-0.13065950619438674,-0.06794197040570475,2.2183845845193586,0.8532,1.1941,1.0593,0.8874,0.3426,2.5125236911755824,2.1929046517096764,2.349177466430664,1.4296189831787114
408.8859,3.517943314573675,0.7602657562984468,False,408.8539,3.255088798000761,0.6145524173132283,False,38.9853,2.4839161520475965,0.6400182467822303,False,39.0133,2.663426970617202,-0.06992361933226338,False,39.5271,0.1802831058316557,-0.10035224668241916,False,3345.7238557326905,9.455856964890657,-1.0221124804662067,0.9468536899070545,0.126593188723714,0.6983096922350246,False,False,False,False,True,0.38993976176851214,0.24294993658880182,2.3519051739859993,1.3872,1.398,1.3497,0.8293,0.7695,3.386516056287218,2.5736715613323993,2.7407511849365225,0.5948540978369135
305.9905,0.3487125050746326,-0.5315802082593177,False,305.9744,0.3863851994409007,-0.6705631361522674,False,29.9984,0.7736660343432755,-2.3836533358408083,False,30.1503,0.7700685347977243,-1.4343790961024077,False,30.1779,-1.2720932247668613,-0.5766903946865127,False,1883.7316795385732,7.646015157017752,-2.2080255765734607,0.6317336374802597,-1.129712954704457,-0.2832093800406061,False,False,False,False,True,-1.4083277965767844,-1.228203027276669,0.488750858070605,0.8409,0.8727,0.0595,0.4117,0.4013,0.3675488522577667,0.7718672845704999,1.6663868052978508,-0.21614581082031137
1158.0424,4.994950305700284,-0.5296884330961359,False,1157.0798,4.7773125688131,-0.4452459031917265,False,109.8039,4.083305242027304,-0.5584824874864269,False,109.6147,4.1583083474704114,-0.24309445330931728,False,109.268,1.6462921841135507,0.1748164770559587,False,1145.246542352716,10.402118725585776,-0.2609684705664626,1.0365495007478676,1.6746724116468614,0.988490761924013,False,True,False,True,False,1.2831954705399415,1.50616848562663,4.232548010024552,0.8417,0.9648,0.8383,0.7763,0.9822,4.886131437256692,4.120806794748858,4.064633251953126,0.8346220531005866
1224.1705,5.561914425807246,-0.7663968003892572,False,1215.2889,5.4431573422623964,-0.11081739346636343,False,116.408,4.01065228527427,0.6118954293961842,False,116.3068,4.052140160219669,1.8771046819304975,False,116.1465,1.0963691365811767,0.7578843839148535,False,905.5219648289883,9.963933586106316,-1.0893733251381652,0.8794303449902983,0.7891368623355761,0.9745065374737126,False,True,False,True,False,1.6503608103890846,1.4331657573625622,3.5270893228748794,0.7416,1.1015,1.3377,1.4252,1.4329,5.502535884034821,4.03139622274697,3.3073434336547844,0.8230673059008797
619.978,4.849801828908737,0.2535064844611251,False,620.4797,4.431489731458961,0.6035434319894235,False,59.5699,3.4395185813202223,0.7337609714023835,False,59.5949,3.6164461498346325,1.6081997831321668,False,59.5457,1.074318597793745,0.16071521194665783,False,2697.1120494521438,9.991673312157955,-0.21789648118695232,1.0172360204571784,-0.22051055616409485,1.5073365362700355,False,False,False,False,True,1.13697033349176,1.0221339946025785,3.4988021939507026,1.1729,1.3935,1.3897,1.3429,0.9713,4.640645780183849,3.5279823655774276,2.443915973632812,1.2633288276171868
604.7249,5.117805160229751,0.07118665310948027,False,603.9535,4.80653442123234,0.2140699956450356,False,57.4563,3.821427698769297,0.776413911104553,False,57.3374,4.614124977417941,0.7750193555067199,False,56.447,1.0944044517457743,0.2748190268677906,False,2709.5613530297433,9.30167753911124,-1.3321169230582361,0.9223173224322943,-0.4434549375810771,-0.7043196116239583,False,False,False,False,True,1.328488213058117,1.585343029130712,3.5245689629975017,1.0958,1.2343,1.4079,1.0879,1.0595,4.962169790731045,4.217776338093619,2.253259020080568,-0.5640966239990242
530.9742,5.033553715839675,0.587404800762711,False,531.6689,5.384809850076346,1.3147238839072222,False,50.8656,3.9019677943454703,0.27301547989433117,False,50.8409,3.7410178964134513,0.45710384331865683,False,50.8586,0.9295491050533803,0.0679573487964852,False,3201.921360600074,9.906654363941165,-0.28400161591483974,0.8490811514067329,-0.3632295445972036,0.595321305148324,False,False,False,False,True,1.4756225216226888,1.261782006240303,3.313087307574842,1.3141,1.6842,1.1931,0.9906,0.8996,5.2091817829580105,3.8214928453794608,2.321865947631835,0.5097578680444332
1442.4773,6.164500130970603,-1.159413090540274,False,1441.7717,5.982999327970383,-1.1273137050310187,False,137.3675,5.2896104641502415,-0.8968937233651799,False,137.5074,5.309932819487087,-0.6531499186700764,False,137.7096,2.044959249245844,-0.8470724504520086,False,1076.3088645624437,10.291661403513725,-0.3350753114501847,0.8968468980383387,0.15775732639292647,0.14153747411692744,False,False,False,True,False,1.9906080730137403,2.4687800475089117,4.743970736604282,0.5754,0.686,0.6939,0.6508,0.1923,6.073749729470492,5.299771641818664,2.7674020451660155,0.1348098350292979
305.3825,0.4377523435118351,-0.8874704108328918,False,305.3775,0.4212969485591934,-1.113124346169226,False,29.5751,0.3956404627283699,-2.209760581670424,False,30.1086,1.1607344116510672,-1.6983829335617648,False,28.7217,-1.2239216787172083,-0.9844627582141888,False,2459.3596150338444,7.4179593772432755,-2.445210640399848,1.3915332064060923,-0.49212247324296926,0.13831104650331277,False,False,False,False,True,-1.3714115097073978,-1.2230426936168137,0.5505468416843987,0.6904,0.6918,0.1337,0.3309,0.0861,0.42952464603551427,0.7781874371897185,2.21163965283203,0.13214393420898674
567.0145,1.3769509126246051,-0.8841598042973238,False,567.4788,1.446339158076864,-0.8452390366233058,False,54.1771,1.3132982561696167,-0.592698581972783,False,54.1535,1.3826659717372383,-0.31105583720974606,False,55.4991,-0.8478390837971412,-0.6526302352292621,False,781.4460301792137,8.662875297553008,-2.049960121784306,0.7865673241852488,0.14001695801497785,-0.7098674943522006,False,False,False,True,False,-0.7864050769983049,-0.757811736888171,1.032997495212489,0.6918,0.8013,0.8237,0.7555,0.3426,1.4116450353507346,1.3479821139534276,2.75223088647461,-0.5686806738793937
590.7554,6.0310882147530025,-0.5786381154434648,False,592.1625,5.707986468726127,-0.4087939295640168,False,56.3117,4.608031026703639,-0.35060799564123746,False,56.1396,4.961433178000375,-0.28001578206291544,False,54.9396,2.4815513056108798,-0.03786682422560837,False,3040.1778411627715,9.432223109348168,-0.9101830841261407,1.1510436477748194,-0.1650851712050205,0.32455367698652504,False,True,False,True,False,1.8689676287655836,2.0482560456700556,5.304044842036501,0.821,0.9797,0.927,0.765,0.8178,5.869537341739565,4.784732102352007,2.4913144995727556,0.2860306599755855
299.2479,2.472645434487939,-0.2648399102506854,False,301.616,2.3757807220822142,-0.30751126458501166,False,27.6876,2.3682012287720426,-2.3981834581569323,False,27.9104,2.4399302673935885,-2.159409436847846,False,30.8402,1.3768858166833586,-0.5270125432922781,False,1922.3792507154694,8.312958258805587,-2.3350414333317575,1.6413068913068913,0.2285166118498142,1.3244509667919537,False,False,False,False,True,-0.18326230029119775,0.10446869416476057,3.8869449967850005,0.9537,1.0211,0.0533,0.1898,0.4397,2.4242130782850766,2.4040657480828154,2.82791377331543,1.1122159411425798
365.2,1.5578931595876744,0.6630758072899826,False,364.9995,1.6203642529775748,0.37724762255565536,False,34.9609,1.4558351324969176,0.809458221533157,False,37.9443,0.0013684363986043806,-0.36366056224805865,False,36.0677,-1.0317216159210616,-1.0052912323664591,False,1420.4913462332938,8.55581413344926,-3.6463305880232357,0.5475257097653159,1.8814809111327415,-1.8714137610425108,False,True,False,True,False,-0.6806857677103938,-1.2635288224030286,0.7971071642216574,1.3461,1.301,1.422,0.7394,0.07,1.5891287062826245,0.728601784447761,4.2414911670532245,-1.5284316790258785
771.6218,6.213041278627036,0.38569427398845224,False,773.2199,6.463010734227693,1.30958635742278,False,74.046,4.581956267794396,0.8776560536943188,False,74.0542,4.4860449880918765,1.1752726981895323,False,74.0187,0.5283392106244268,1.6883091423193728,False,3140.683277729343,9.659893444050592,-0.4521822398869682,0.6107440568076566,-0.4500088206060364,0.7785904525373346,False,True,False,True,False,2.148025965681641,1.8435366116736664,2.7984025591080193,1.2288,1.6821,1.4511,1.2104,2.1521,6.338026006427365,4.534000627943136,2.247654288696289,0.6611876934960943
863.3088,8.114744554112171,0.31238798641515814,False,862.8897,7.396600584368706,1.0916084480114423,False,82.409,4.552871717415845,0.22450361990340206,False,81.2653,0.004284642756423366,0.19211979359150455,False,82.0944,2.0026308701109983,-0.4273981016944638,False,2865.2378791406395,10.242853652292204,-0.9618296472568175,1.0300467141366956,0.7887035807555232,0.9541165854646093,False,False,False,False,True,2.9924564118633277,0.0020095036924409147,4.689670552410085,1.1978,1.593,1.1724,0.9095,0.5167,7.7556725692404385,2.278578180086134,3.3069729011230464,0.8062196972460942
502.8668,3.0289218787848746,-0.49469059257727266,False,502.1797,2.9799164538519864,-0.3371132029001316,False,48.0138,2.0533880301671243,0.20434893411006877,False,47.9922,2.343053905420399,0.03757299270254901,False,47.8827,-0.4293086294526023,-0.12286252309543169,False,3110.9926801491,9.899314455584753,-0.8034010998133477,0.7645421045448342,1.3204979541319204,1.1625853394038452,False,False,False,False,True,0.1623412504437102,-0.06360125800712875,1.5699016060311446,0.8565,1.009,1.1638,0.8622,0.7521,3.0044191663184305,2.1982209677937616,3.76175132836914,0.9784712053198241
245.7399,1.754720559916891,-1.2178216487035118,False,244.9161,1.6940618672528913,-1.1243779756113375,False,23.531,1.6152057803706208,-1.342171665310907,False,23.4608,1.839572546953012,-0.9615900456027912,False,23.0926,-0.3218811153820362,-0.9234003992087755,False,3260.012951135587,9.184236397217033,-0.7932108414094414,1.0572727272727274,-0.6361157643924886,1.0942304026406053,False,False,False,False,True,-0.6001157706539644,-0.448030140247134,1.70771302051912,0.5507,0.6872,0.5039,0.5564,0.1333,1.7243912135848911,1.7273891636618164,2.0884998721923846,0.9219915616357426
526.6498,2.8395405511107903,1.484106228110879,False,527.0169,2.7403077277298897,1.5109284667892569,False,50.6356,2.0321011428346725,1.657126808910892,False,50.6471,2.1437752710899396,3.144192406766374,False,50.5901,0.06174257979032677,0.3184165162424182,False,2084.182600264811,10.444053967597217,-0.6677034396200866,1.082543378236044,0.9006731201477276,0.8644843107124842,False,False,False,False,True,0.03457588492983072,-0.15364589412711624,2.199837636081572,1.6933,1.7644,1.7837,1.813,1.0932,2.7899241394203402,2.0879382069623063,3.4027266991577143,0.7321592243627926
563.7436,1.5261210229781814,-0.570598070999942,False,562.7963,1.5099535534649582,-0.4966211680361496,False,54.0185,1.3662791481146026,-0.5338750222736369,False,54.0783,1.468460872413605,-0.233619068053969,False,54.2622,-0.49007698851653536,-0.4039822394487438,False,1073.7396466731373,8.888099785184707,-0.9778793362875278,1.091977458726248,-1.0508449656030592,0.6500060988337866,False,True,False,True,False,-0.723031835797959,-0.7011572985396873,1.491946032068847,0.8244,0.9438,0.8488,0.7792,0.5348,1.5180372882215698,1.4173700102641038,1.7338329119873048,0.5549422805908204
296.8634,2.20222306567533,0.19864500472885296,False,296.8032,2.174782815581984,0.48464639049233027,False,28.5152,1.8081384260262827,-0.2510063507323248,False,28.5049,2.0330398361409423,-0.2721740839205584,False,28.6737,-0.1878847545129647,-0.36931123899651763,False,2897.61474454961,9.169962062964125,-1.7953810834049546,1.0395264905442472,0.5217247496169877,-0.45993705545604646,False,True,False,True,False,-0.32366458526961644,-0.2902845358232818,1.8796077924253003,1.1497,1.3449,0.9695,0.7674,0.5616,2.1885029406286574,1.9205891310836125,3.078658689819335,-0.362170613259277
600.5618,4.315581153755563,2.484855289434045,False,600.7946,4.589097391020585,2.4258974692566,False,57.0649,3.1837068635311097,0.9988185252658663,False,56.8605,4.733614430518796,1.8055491863814885,False,50.2083,-0.3527029570554996,3.2134450540033113,False,2494.0145870351726,9.121584380123512,-0.5847132946179425,0.5239721677275485,-1.482582690246306,-0.7188822163868663,False,False,False,False,True,1.0248043306473198,1.3737779763577291,1.66817378669347,2.1165,2.1384,1.5028,1.4033,3.331,4.452339272388073,3.958660647024953,1.3646206502075202,-0.5761292695849605
1115.9452,2.6744395116693354,0.39846375633992953,False,1123.1277,2.6027980077463626,0.40269061085956,False,107.3945,2.3383485565806486,0.7382137508218407,False,107.7124,2.2956976283475554,1.78692515329339,False,109.1206,-0.43081112537930877,-0.27745896167905243,False,506.9157276005969,9.044890016972587,-1.5749253679450783,0.6705476616386885,-0.31394350519931086,-0.633190180712172,False,True,False,True,False,-0.05555015399398785,0.03339934304393773,1.5679741567113565,1.2342,1.3114,1.3916,1.3976,0.6326,2.6386187597078488,2.317023092464102,2.364014245178222,-0.5053244986254892
225.9908,1.6662681847379512,-0.3783464200415928,False,225.9639,1.5365765047861744,-0.44377803848188574,False,21.5134,1.319620882300755,-0.38458973331604307,False,21.4999,1.5368619567228163,-0.5054646036556838,False,21.5835,-0.5789960026842432,0.13160709589534836,False,2687.8611609603568,8.657608174099716,-1.6738840455288384,1.0441467889908256,-0.40533159860382795,-0.11380882160133637,False,False,False,False,True,-0.6733629815528984,-0.6922809149377658,1.3778779069395732,0.9057,0.9654,0.9125,0.696,0.9488,1.6014223447620628,1.4282414195117856,2.2858612306518555,-0.07617518640624965
572.4573,2.2356858460551052,-0.9132458474312437,False,572.0382,2.269326748720704,-1.0752045078316754,False,54.4925,1.91796225964871,-0.7335470257145631,False,54.5026,2.027672302525794,-0.6567440303186568,False,54.5142,-0.45103089012479375,-1.029224572230869,False,2270.4491011697864,9.466402926486474,-1.9698814998809688,0.8039968434747371,1.0476703992353593,0.7216713021062736,False,False,False,False,True,-0.2855405672505614,-0.24764083768912623,1.5420356026612367,0.6795,0.7073,0.7636,0.6497,0.0515,2.252506297387905,1.9728172810872522,3.528435421813965,0.6141570986718765
193.6976,1.491388096519606,-0.7607214748997119,False,193.1551,1.456945580683757,-0.657841642000315,False,19.0968,1.39659983678175,-1.6669902061197377,False,19.6122,1.5237115544216404,-0.9877290394106484,False,19.6581,-0.4720171594884138,-0.7957127967970317,False,2511.64356386141,8.213486112732294,-3.183068305496883,1.08485889252503,0.7024790588745112,-0.9678569336580748,False,False,False,False,True,-0.749163556015446,-0.6662232667987188,1.5151137522316869,0.744,0.8779,0.3653,0.5484,0.232,1.4741668386016815,1.4601556956016952,3.2332356552734396,-0.7818496459570312
572.2849,1.5684935894869994,1.0440320307757154,False,572.5432,1.4625677537140516,0.4633623521996409,False,55.0835,1.2498841218190366,0.2943419497454157,False,55.0188,1.2659549428182764,0.6054426331782462,False,55.1389,-0.7678773115139031,0.21233360441097981,False,729.3496281672661,8.59705963293655,-1.3509179421381587,0.9085442139680604,-0.8737507483766023,0.696214944184494,False,True,False,True,False,-0.7245249183809088,-0.831346823697646,1.135574987009236,1.5072,1.3362,1.2022,1.036,1.0112,1.5155306716005255,1.2579195323186565,1.8852798501586907,0.5931232700561537
1630.1191,6.374631523575446,-0.5266142984559655,False,1628.401,5.994447782628092,-0.19913392017510975,False,154.5951,4.40188267829867,-0.2563965573979838,False,153.7979,0.0026775615346690076,1.4833860876996487,False,154.4166,1.4752229993748591,-0.26193463311835424,False,1581.0141828269004,9.982295552155088,-1.1821768349271713,0.91167696638302,0.7220961208363557,0.825290184730863,False,False,False,True,False,2.0566008155621733,-0.06028700586919476,4.0130950465252955,0.843,1.0654,0.9672,1.3047,0.6446,6.184539653101769,2.2022801199166695,3.2500117195434584,0.699774288105468
685.2249,3.4483531019618283,0.03973589102158281,False,683.6631,3.3431415448495923,0.011015377450411333,False,65.7922,2.8183059012699507,-0.5317658109696835,False,66.3432,3.186276480846788,-0.43194868357108523,False,70.0094,0.7093395905062985,-1.0311651133009563,False,1509.8568229944303,8.706076936573002,-1.9130390933134664,1.0753252770163315,-0.2680966309427713,-2.01462046384746,False,True,False,True,False,0.39543842639774296,0.5929130523249336,3.0305955739998716,1.0825,1.1513,0.8497,0.7185,0.05,3.3957473234057103,3.0022911910583696,2.4032214470825206,-1.6467591024804697
422.105,3.460617677590261,-0.19602658868994774,False,422.2672,3.28507352740386,-0.3116702145962264,False,40.381,2.8721459513111314,-0.17882445277480705,False,40.3575,2.982085561966711,-0.08756744015256719,False,39.6581,0.39949488430974844,0.4849149400559078,False,2928.0644988934337,9.123121032549399,-0.8479782436323335,0.9167768716479318,-0.8649787868740927,0.30340454034393194,False,False,True,False,False,0.3817968665671705,0.5315331540849314,2.6331169801592917,0.9828,1.0194,1.0003,0.8239,1.2219,3.37284560249706,2.927115756638921,1.8927814317016587,0.26855575972168033
122.627,0.6138179885851196,-0.20832312725062932,False,122.2532,0.6492206412796431,-0.283046852754334,False,12.07,0.6386047777611873,1.0105363658433857,False,12.0322,1.1307966041291437,-0.40482947749543347,False,12.1114,-0.9289893300916154,1.2064081099143626,False,3198.1511785454277,8.76038792303217,-0.5532499847418108,1.4545700622575115,-1.534523806721987,1.7851908143908093,False,False,True,False,False,-1.251092064186057,-1.1360758177056918,0.9288953913460345,0.9776,1.0311,1.5078,0.7268,1.7796,0.6315193149323813,0.8847006909451656,1.3202017912597643,1.4929115229931629
412.4091,3.4474033162109095,-0.5644498017196014,False,410.6216,3.4974690936852566,-0.30946841753146564,False,39.1725,2.8477735279512237,-0.6297269581977435,False,39.22,3.048046740814564,-0.0509728488215672,False,40.3325,0.45496405777559873,-0.7266295347019242,False,1971.9640318885217,8.985138826148475,-1.1436498285091528,0.9496101303724036,-0.6241418987580539,-0.5938073079353893,False,False,False,False,True,0.44111866021391954,0.5485115300630159,2.7042745911488413,0.827,1.0203,0.8079,0.8351,0.2854,3.472436204948083,2.947910134382894,2.0987396491699233,-0.4727836065258799
522.5562,3.61810150334738,-0.17119703967318686,False,519.334,3.3035526809110496,-0.2160143643382771,False,49.4757,2.9634989537957943,0.13544803151425652,False,49.4963,3.2432088490610282,0.4404402347661479,False,55.2839,1.6495388519566965,-0.39893683266651697,False,1698.3933502674863,9.015983118366568,-1.093930690932468,1.4296320006608296,-0.8784518548583927,-0.9093935782092968,False,False,True,False,False,0.43420361624276355,0.6754296207528661,4.236712938271357,0.9933,1.0585,1.1344,0.9855,0.5387,3.4608270921292146,3.1033539014284113,1.8812595710449216,-0.7335431206250007
266.8151,2.241613280746735,0.7631034190432197,False,266.9637,2.225511119564143,0.5524128112633074,False,25.5,2.102514476954985,0.5779136917213789,False,25.4684,2.3082421256757994,0.42312315136844225,False,25.5205,-0.18408839165011806,-0.425845668838394,False,2919.637987612691,9.16324398686542,-1.0388789018858495,0.8962972229171879,-0.46772910636931486,-0.07659798791482651,False,False,False,True,False,-0.2968247426565788,-0.05775737553913747,1.884477886837937,1.3884,1.3726,1.3232,0.9802,0.5179,2.233562200155439,2.2053783013153923,2.2325003041992186,-0.045428985366211094
1068.7516,4.679494689916519,-0.449051516765512,False,1067.6749,4.2662953775426935,-0.5174159180922254,False,101.6048,3.585688762230707,0.5420570995541706,False,101.531,3.1763887159983866,0.24047693213604043,False,101.6488,0.5959021398962557,0.608203982708787,False,937.9374637703207,8.699829871989845,-1.3309601183820639,0.8046081559364529,-0.9093724149391225,-1.1153715705090799,False,False,False,True,False,1.0370485043197695,0.9021561732708918,2.885074422740512,0.8758,0.9353,1.3079,0.9243,1.3172,4.472895033729606,3.3810387391145467,1.8548170128173833,-0.9037365867114264
820.2534,2.93129867424091,0.4107602949006114,False,819.3922,3.030452057041515,0.551923523026694,False,78.2793,2.2696332904889704,0.27582776163293543,False,78.4406,2.343910585644835,1.850312213277444,False,78.9076,-0.35202742136430004,0.9688858829356782,False,1025.5437359993778,9.631742180667823,-1.2813336301408522,0.7353788791559477,0.7808300168923972,1.1705835847560535,False,True,False,True,False,0.14831723159995464,0.025029390564090703,1.6690403852548048,1.2394,1.3724,1.1943,1.417,1.596,2.9808753656412126,2.3067719380669027,3.300239608764649,0.9850799166870114
1160.1522,2.4169724735105764,-0.2993648069787529,False,1159.5199,2.511928078208141,-0.18910351132453193,False,111.0213,2.305080309081864,-0.22991423769279032,False,111.061,2.5551418561864705,1.401048257204899,False,112.0527,0.0630457186196008,-0.8496598385454583,False,415.09143063510845,9.035973584385085,-1.7814738231157912,0.9550683918189369,0.058454114866624045,-0.75633595344084,False,True,False,True,False,-0.15929475041520522,0.12573441742575178,2.201509343808314,0.9391,1.0695,0.9785,1.2795,0.1903,2.4644502758593587,2.430111082634167,2.682480202026367,-0.60707617442627
136.9106,1.4213728318250196,-1.507026776774928,False,136.9166,1.3979494994655832,-1.5407622649694708,False,13.5788,1.3515493675498547,-1.3013935801011405,False,13.7649,1.6192837896957326,-1.0288979546580233,False,13.1946,-0.7715814632918662,0.08943266997211796,False,3469.6070846774683,9.028927925298536,-1.0020882459762008,0.8366865547384487,-0.7314333485736658,0.5211433024351909,False,False,True,False,False,-0.7875867819623413,-0.6455980394054671,1.1308231838942173,0.4284,0.517,0.5213,0.5358,0.9162,1.4096611656453013,1.4854165786227935,2.0069864467163097,0.44846679879882956
249.5028,0.9052359223495984,0.30671266092561283,False,248.9492,1.0127806580953183,0.5044625640751792,False,24.0414,1.382079084356817,3.1909921405081474,False,23.9769,1.1381851424047216,-0.6123077408452998,False,23.8188,-0.9542703069554359,0.8192054817296117,False,2233.473932856939,8.779742997957312,-1.3350147109054666,0.6486344843649915,-0.6652061715077153,0.3437315840215035,False,False,False,False,True,-1.0560211143612757,-0.8295402761001625,0.8964641542334235,1.1954,1.353,2.4382,0.6633,1.4803,0.9590082902224584,1.2601321133807692,2.063622419067382,0.3018767920507823
143.1684,1.275275043980112,-0.8330818748914153,False,142.95,1.2518349407653016,-0.9915362193707579,False,14.0069,1.2238225104250011,0.025065973274025904,False,14.1726,1.6108485293432928,-0.38816586894292454,False,14.0371,-1.1693499313359739,-1.0034800607010443,False,3084.647623389234,8.556789255591953,-2.428206518499526,0.5070614413514373,-0.38783917938123624,-0.7388367909196144,False,False,False,False,True,-0.8746158795687691,-0.701185459547713,0.6205532060944353,0.7134,0.7415,1.0873,0.7319,0.0714,1.2635549923727067,1.4173355198841469,2.300820348876954,-0.5926171388281247
635.1233,4.17844797479429,-1.0695537702891391,False,631.7859,4.145212374383789,-1.0739812872401417,False,60.3214,3.9521967290380977,-0.21679025624596904,False,60.4869,3.8343809225951073,-0.22610410733421019,False,61.5039,2.904438718390434,1.8126331402096323,False,2431.8507483983126,9.221979435108645,-1.6316675167058987,1.4793135559398696,0.6043701614747286,-0.39590452545883487,False,False,False,False,True,0.8517606866889181,1.3204026182434825,5.846538197007268,0.6134,0.7078,0.9841,0.7815,2.2482,4.161830174589039,3.8932888258166027,3.149335162353516,-0.3092624452514663
249.7971,1.8688946479614994,-1.1679260787745922,False,248.6443,1.9220429897574738,-1.1781996816388283,False,23.974,1.8749450102849157,-1.325063618067729,False,23.9757,1.9702156536200177,-1.1207111704081216,False,23.8211,-0.46688795976846914,-0.8805791262621825,False,3252.0911961372713,9.000186885579941,-1.0380867058773533,0.81159375,-0.7699043910933968,-0.3551880578724506,False,False,False,False,True,-0.4982122762688342,-0.28865874266825,1.5216936519409232,0.5718,0.6652,0.5112,0.5077,0.1664,1.8954688188594866,1.9225803319524668,1.9740868880004871,-0.27561964357177615
401.7995,0.7986026254845097,-0.5573556448576696,False,401.8411,0.779953935772476,-0.7649957658186832,False,38.4937,0.6739814900755824,-0.6107440564621626,False,38.4572,0.7038580130765634,-0.6544568683604696,False,38.607,-1.2563917884155833,-0.9628580676338836,False,860.5428445193872,8.318241544283943,-2.690350069014754,0.7550550942007316,0.8472064368149416,-0.7215366084414444,False,True,False,True,False,-1.157121904566311,-1.2959287567490083,0.5088931574785682,0.83,0.8341,0.816,0.6504,0.1028,0.7892782806284928,0.6889197515760729,3.357003210205079,-0.5783225144995114
318.769,3.4711761112685307,-0.823150055284711,False,321.8707,3.3046742696598352,-1.0832777637357993,False,31.74,2.3437583612666284,-1.1708568360675773,False,32.1997,2.8905537929651794,0.8119406842603176,False,44.7656,2.8381362670952592,0.7863456529428005,False,3310.715066664552,9.006854730293584,-1.6787890990600893,2.4582241111648386,-0.27765933296149836,-1.608754960040881,False,False,False,False,True,0.3907791217563948,0.2784545555433784,5.761483314409816,0.7176,0.704,0.577,1.0992,1.4549,3.387925190464183,2.617156077115904,2.3950436422729506,-1.3114045527709965
305.5263,0.3050334289030299,-0.3684146004348882,False,305.6276,0.3338760567882493,-0.6226128889641394,False,29.5581,0.35654415454005184,-2.3721698520748395,False,29.4982,0.8199914667995586,-1.1151566342239523,False,29.0206,-0.2305370527395082,-0.48858983010454976,False,3031.9627898940935,7.555442284878754,-1.823030584305602,5.11827792247587,-1.5724342076908038,0.5200098153477457,False,False,False,False,True,-1.436975367371162,-1.3781099365213079,1.824892074570172,0.9099,0.8923,0.0644,0.5094,0.4694,0.31945474284563957,0.5882678106698052,1.287781680419922,0.44753023225585764
303.1977,1.024746621331551,-0.8519996265232331,False,303.0046,1.0588038508207884,-0.9602217722274907,False,29.1793,1.0889466958366034,1.6074431648622105,False,29.4591,1.844800974460636,-0.45351335346256755,False,26.0994,-0.9584653978589727,-0.9972703292767648,False,3349.267440385944,8.226626893807056,-2.130284179217415,0.8182976836972182,-0.268662509509616,-0.23982946345391418,False,False,False,False,True,-1.0067204417890807,-0.6607379812804263,0.8910825588728319,0.7054,0.7543,1.7625,0.7119,0.0762,1.0417752360761696,1.4668738351486197,2.4027375206298807,-0.18030228074218613
306.2646,1.7746196898517774,-0.7827133611717002,False,307.1494,1.729075542536778,-0.5917877300574854,False,29.4905,1.533997680267536,-0.311704764923874,False,29.4998,1.850448760745889,-0.4577609399563442,False,29.4952,-0.33537065075197353,-0.5271419126969507,False,2962.937884501799,9.078398687567296,-1.0832568613959572,1.1019626948775054,-0.41598729304699705,0.27186940453380276,False,False,False,False,True,-0.5837611848819072,-0.4767427380397922,1.6904082176834563,0.7347,0.9049,0.9436,0.7106,0.4396,1.7518476161942778,1.6922232205067125,2.2767487236328137,0.24249921840332078
592.4965,3.8147843383905524,1.495929822880765,False,592.1127,3.712973019807541,2.2627198423459802,False,56.5993,2.488935645586477,1.5031543837222903,False,56.6518,2.4505317891887426,2.366557340982623,False,57.2268,0.26606402702796095,-0.27254292430149807,False,1537.9271570968758,10.019227341375183,-0.43749791735908705,0.9891568142853961,-0.2019090557720563,1.3374711937754706,False,False,True,False,False,0.6147182759003881,0.1580858538750219,2.4619476541496854,1.6983,2.0717,1.718,1.575,0.6364,3.7638786790990464,2.4697337173876095,2.4598235527954095,1.1229741660131847
465.9484,5.400481176801354,-0.34382152331352506,False,465.9908,5.068748024543306,-0.30897912929485216,False,44.5497,3.9321554543572113,-0.5469990037204584,False,44.4983,3.9578840155023336,-0.4649491632535049,False,44.4074,0.6239536843310454,-0.4946701921241566,False,2920.322396664946,9.154826461374453,-1.5604924013491552,0.7428647889208537,-0.19696892362407425,-1.785885989108906,False,False,False,False,True,1.4907717458182772,1.3626403247728869,2.921059831605054,0.9203,1.0205,0.8432,0.7084,0.4647,5.23461460067233,3.9450197349297724,2.4640482412109392,-1.457762634291992
335.9265,1.6475414266670811,1.39779398629071,False,335.8218,1.5789255856579445,1.3475061957603305,False,31.9881,1.2648243046257217,1.0906863953936166,False,31.9458,1.5885986812787156,0.14801024154074574,False,31.9263,-1.0338716996013189,3.6873251833186274,False,2754.5628287384834,9.708331589504942,-3.0769922913533705,0.6280310758847996,3.2989999492124285,-2.5769329508920125,False,False,False,True,False,-0.6663275860227778,-0.6935300827978002,0.7943489688393355,1.6568,1.6976,1.542,0.896,3.6973,1.613233506162513,1.4267114929522187,5.45372113977051,-2.111381124111329
511.603,0.48878435871865533,-0.5419849716568175,False,512.6266,0.5171916630797869,-0.7444456598809138,False,48.974,0.49239835778093805,-0.5577794170517759,False,48.938,0.5193810488620477,-0.6162285899164783,False,47.816,-1.2957742884722743,-0.43309035550005326,False,661.5047968878966,8.206570608316907,-2.065448627021165,0.9308967687280649,-0.7856254511458717,-0.4730767601101714,False,False,False,False,True,-1.3276525759949138,-1.4453707363463004,0.4583720401852808,0.8365,0.8425,0.8386,0.6621,0.5123,0.5029880108992211,0.5058897033214929,1.9606425957641616,-0.37302755896240214
303.28,1.8733024525136415,-1.0622231415318095,False,304.039,1.7960053246102503,-1.2403392876887493,False,29.2996,1.4341398426716496,0.3341826077089811,False,26.4652,3.3066371066770204,-2.5511676065431055,False,30.2163,0.5415729857508159,-0.7909261288241497,False,3080.990679912915,7.891184986252276,-2.564673224305389,1.9631134850596068,-0.7633312185322669,-0.522247215567246,False,True,False,True,False,-0.5344370872144887,0.0769715785075417,2.8153792646099776,0.6165,0.6398,1.2192,0.0699,0.2357,1.834653888561946,2.370388474674335,1.9797081153564449,-0.4136556384472634
305.9416,0.3599061852937149,-0.36959695991187697,False,305.7625,0.35103469727869047,-0.6732542214536419,False,28.9376,0.34686942470234755,-1.850257232752137,False,28.4783,0.43657317097035025,-1.5127960775259794,False,21.3172,-1.2027714491155304,-0.9997283479655421,False,956.7477551722526,7.206722217125702,-4.932132727209136,1.6654077423843363,1.9502501702896575,-2.2226075401675915,False,True,False,True,False,-1.4155223810616824,-1.5385879577035009,0.5776790254956902,0.9094,0.8716,0.2871,0.3877,0.0743,0.35547044128620264,0.3917212978363489,4.300301070068361,-1.8186126147167982
396.2729,3.592621312593096,-1.4975679009590188,False,395.9307,3.504043195850833,-1.5385604679047098,False,38.0877,3.0934098280764353,-1.2142128462043982,False,38.1213,3.2940966117090134,-0.9233617671587999,False,38.244,0.6538622250717645,-0.6365884290498738,False,3183.4570086332906,9.857101343202396,-1.0877161720456283,0.9566878036118218,0.38740945912624575,1.0635716780814126,False,False,False,False,True,0.48632663830445133,0.7492396494032572,2.959427454093668,0.4324,0.5179,0.5585,0.5681,0.355,3.5483322542219646,3.1937532198927245,2.9637953147582987,0.8966591727709954
591.5001,6.576141741935712,0.891271186348786,False,590.8026,6.122351387853995,0.599629126096515,False,56.3635,4.25329272674569,-0.002588130488919339,False,56.3056,4.84116847282685,0.08691034351487943,False,57.6194,1.5773258686002827,0.2801231724593625,False,3168.8303522992696,9.094418998193003,-0.9124066021352037,0.9743218029772212,-0.9045905373518994,-0.8548954413489214,False,False,False,False,True,2.154709564712353,1.854338735156169,4.144075838112761,1.4426,1.3919,1.0755,0.8773,1.0636,6.3492465648948535,4.54723059978627,1.8589063655395517,-0.6885129370410166
285.5609,2.309664664819887,-0.8427772226027219,False,285.6965,2.4209164935699725,-0.7657296981736035,False,27.261,2.653397930796199,0.07193733558410251,False,27.0642,2.0710863288878216,-0.17349938229589762,False,26.0154,-0.5403705641929512,-1.0237910572346247,False,2148.2628093868734,8.567184489776317,-1.6615628856873552,0.537962220115236,-0.5254137704909028,-1.3698695572867305,False,False,False,True,False,-0.2183598722121572,0.07032017940758904,1.4274278417002966,0.7093,0.8338,1.1073,0.7976,0.0557,2.3652905791949297,2.36224212984201,2.183169694213868,-1.1140206757934585
1339.7913,3.2253172850164256,-0.6893069624895993,False,1339.7656,3.0505456742893844,-0.8393675777839432,False,127.9476,2.6815414568954545,-0.46872382866263035,False,127.9645,2.429088415013148,-0.4940287938647461,False,129.6616,0.08070881790851304,-1.007102404031874,False,653.0339588276684,9.113761653693208,-1.6882789262267122,0.8294364126977163,-0.2617521106495804,-0.5943847503660584,False,True,False,True,False,0.24186873301740808,0.22796195804981778,2.224168126507573,0.7742,0.8037,0.8766,0.6995,0.0686,3.137931479652905,2.5553149359543013,2.408647136230469,-0.47326072996826163
1498.041,7.530065375964165,-0.310478986062446,False,1496.7777,6.713862321671983,0.3129062194409732,False,142.7796,5.216757719345128,-0.41974325504860055,False,142.7592,5.537885810328872,0.11272259990013844,False,142.8681,3.052355288290986,-0.884977686021047,False,2254.191032837362,10.362868224952996,-0.3355061200974273,1.1570961463604514,0.24798788240243394,0.7230276298737408,False,True,False,False,False,2.6149836682525196,2.532098852330259,6.036290253550385,0.9344,1.2747,0.8975,0.8852,0.163,7.1219638488180745,5.377321764836999,2.8445651600952147,0.615277791816407
435.8063,5.095753007966183,-0.0654941024304042,False,436.22,4.943579919127373,0.44623726391816626,False,41.8969,3.8849256175100955,-0.4773950306899946,False,41.9186,4.6679529021983095,-0.06730971995147794,False,41.7927,0.9254291507402188,0.13729934970093785,False,2837.259045452869,8.969062230792668,-1.3782609914926731,0.8514454137554442,-0.6587804079875758,-1.7029016611327472,False,False,False,True,False,1.3627364822341863,1.6332406461638938,3.3078020998100075,1.038,1.3292,0.8729,0.8301,0.9532,5.019666463546778,4.276439259854202,2.0691175855712896,-1.3891951613720703
198.2868,0.5568639730868458,0.6694605484657209,False,197.4882,0.607028670800202,0.19107344852419897,False,18.9687,0.5922979182744189,0.5699455601286663,False,19.051,0.64144009647874,-0.5982580316735766,False,19.8129,-1.330681348838398,-1.0208155609271574,False,1410.33437637439,7.888585556878575,-2.145052999476806,0.6982839982839982,-0.7561894481556607,-0.9002408319926252,False,True,False,True,False,-1.2806205416544303,-1.3547573805040205,0.41359215854795,1.3488,1.2249,1.3198,0.6676,0.058,0.5819463219435239,0.6168690073765795,1.9858155946044942,-0.7259804796582046
401.4238,4.567314002651358,0.6394286177502102,False,401.4368,4.895541720429595,1.196805418883356,False,38.4418,3.651620846980322,0.5127624981103729,False,38.4055,3.7497937049556715,0.9047341122782105,False,38.1856,0.655099943718985,-0.09052017192731014,False,2771.6097459477746,9.298266483323182,-0.5954873144461514,0.8108769674675564,-1.101854107357068,0.2839234295166672,False,False,True,False,False,1.1910452739431812,1.163161944825422,2.961015238740714,1.3361,1.636,1.2954,1.1276,0.7771,4.731427861540476,3.700707275967997,1.6902110565795905,0.2524590994042981
304.9651,1.2285295969770114,-1.1199222840088543,False,305.0016,1.1965754810646436,-1.2425410847535105,False,29.4046,0.9253482385486166,-1.5350473212168723,False,29.4193,1.5169159185359251,-0.20649986197831727,False,28.6775,-0.6197082783347367,-1.0169344787869827,False,3092.3303050402797,7.404715091044285,-1.7762738360089774,1.4325967848756698,-1.2649720409403147,1.065651421539664,False,False,False,False,True,-0.9049958244506774,-0.8613833667085523,1.3256509114351123,0.5921,0.6389,0.4216,0.7875,0.061,1.2125525390208276,1.2211320785422708,1.5507163176269536,0.8983776027050787
1286.0167,5.964392499226423,-0.7427496108494848,False,1286.3387,5.616929777403004,-0.37087409122646653,False,123.3545,4.501961155639988,0.6219727722928512,False,123.3663,4.618269999853646,2.327348850270837,False,123.3961,1.3430492143386603,1.871754958144958,False,1279.0973359691575,9.567902011187691,-1.3017107702761697,0.8537475557193608,-0.03720756082411313,0.27659608742542957,False,True,False,True,False,1.821984502365589,1.8648591750066428,3.8435383325711476,0.7516,0.9952,1.342,1.563,2.2939,5.7906611383147135,4.560115577746817,2.600672517333985,0.24640473537353458
289.3665,2.4534737211592756,-1.0383394800966395,False,289.872,2.335183879893913,-0.8728838219919715,False,27.7983,2.0604172160828855,-0.4513814246079021,False,27.7109,2.304719096607183,-0.17088548291511182,False,26.4548,0.0008320817214863353,1.4440597062977196,False,2872.823670153129,9.318736432951328,-0.8000630727657083,1.0297427652733118,-0.6204594255264573,0.5059134687969357,False,False,True,False,False,-0.2010630657734897,-0.07638160282738098,2.1216997217059297,0.6266,0.79,0.884,0.7984,1.9633,2.394328800526594,2.1825681563450345,2.1018888163452143,0.43588284191162074
331.6473,2.603097897032943,-1.1634331127620354,False,330.6984,2.4491433392030086,-1.2435196612267378,False,31.4416,2.1729167754140786,-0.6690989025382077,False,31.393,2.329869182960056,-0.6998733701016214,False,31.5233,0.21731797862278715,1.9454955188082756,False,2636.647685454539,8.957395263379295,-1.592409593529404,1.1042368064360981,-0.4931652585597638,-0.543379736689201,False,False,False,False,True,-0.12256040774076235,-0.020186907644651798,2.399414680734666,0.5737,0.6385,0.7911,0.6365,2.3509,2.526120618117976,2.2513929791870675,2.2107478865966783,-0.43111680979247957
638.0339,5.5485229718088735,-0.11586261615011957,False,637.6866,5.366264358298038,0.07682464527493398,False,61.0458,4.192076978543384,-0.15187341944651286,False,61.0541,3.9845418933596166,0.5133026800055497,False,61.2612,1.1791829516447512,0.07972996462168143,False,2285.0672673047843,9.399121735536474,-0.6003356148937742,0.8667124969310092,-0.7881801243572094,0.08568181777799953,False,True,False,False,False,1.6234715524343903,1.4796347570029802,3.633325505400337,1.0167,1.1782,1.0118,1.0078,0.9087,5.457393665053456,4.0883094359515,1.9584578974609368,0.0886579736254891
483.0718,3.015168015922007,0.19202379165771688,False,481.8859,2.9235753991014737,0.4303353962282259,False,45.9153,2.377152298679395,-0.04406928613333669,False,45.9551,2.6695360515554913,-0.20192553806194205,False,45.9222,0.2339679683642205,-0.24951517026979553,False,3493.74880682825,9.782284082549392,-0.9137972796140615,1.0183503243744207,0.2841673223865859,1.2882856124609816,False,False,True,False,False,0.14146500240418397,0.2018581907490182,2.420773814447562,1.1469,1.3227,1.0578,0.7889,0.6542,2.9693717075117405,2.523344175117443,2.8755049925537115,1.0823335884838858
506.0925,2.4483662335527674,2.5278931743964317,False,505.9195,2.198842436185195,2.8569604057131404,False,48.4339,1.217744291874509,1.9043732450965456,False,48.34,0.005119980579440736,-1.6085301423472562,False,48.295,-0.7145331836926131,-0.1140654035777026,False,2813.656646744761,10.322040209493865,0.1566197882852482,0.9887186745483307,1.5734257868095285,2.4775940785809794,False,False,True,True,False,-0.24319055626217112,-1.3591965247601712,1.2040065222009597,2.1347,2.3146,1.8892,0.3584,0.7589,2.323604334868981,0.6114321362269748,3.9780494460449205,2.0650236702490243
421.9423,2.5493394588646217,0.3573176465407259,False,422.3004,2.3982604131636966,0.549477081843626,False,40.6426,2.0591456529870973,0.5760388372289761,False,40.6985,2.352930471599245,0.36300346561037083,False,40.4567,0.20532545534163946,-0.07331404110586953,False,2676.2231968211527,9.67352209603825,-0.36611917831102797,1.1577764248583338,-0.6519049761669719,0.711372405807822,False,False,True,False,False,-0.15372556419963768,-0.05721868810764445,2.38403029237798,1.2168,1.3714,1.3224,0.9618,0.7904,2.473799936014159,2.206038062293171,2.074997298156738,0.6056474281079112
1056.4393,2.8895187374720317,-0.6091429899497709,False,1059.9866,2.802649176939805,-0.5981484771334618,False,100.8334,2.4674156864477386,-0.4914564393830176,False,101.2856,2.19937195143966,-0.3156301611261209,False,101.1886,0.0875608098010348,-0.5753967006397879,False,873.5538277199341,8.891976289969387,-1.9083276036395398,0.9049784723329612,0.02745265663945016,-0.17503228021837863,False,True,False,True,False,0.06802784766450205,0.04676585742716089,2.232958078531859,0.8081,0.9023,0.8669,0.7541,0.4023,2.8460839572059182,2.3333938189436996,2.655968461547852,-0.1267623025903326
426.1118,1.8066515312698121,1.5058616424874693,False,426.0109,1.7333554640130076,1.2746022485049109,False,41.2234,1.4065184447882864,1.8125053749687958,False,40.8104,1.4454226023327557,1.1171134369670506,False,40.4317,-0.32424416763049907,2.073441860029364,False,1698.9266299710175,9.818432002903602,-3.432243833747853,1.2119866814650389,3.754579047887869,-2.5537368516023164,False,False,True,True,False,-0.5729465153631513,-0.6941350759875645,1.7046816223183225,1.7025,1.6678,1.85,1.1926,2.4498,1.7700034976414099,1.4259705235605211,5.843322001220702,-2.0922148797290046
113.7198,0.9659142226434767,-0.5769828121756806,False,114.1049,0.9874031603938718,-0.764017189345456,False,10.9746,0.883924121592886,-0.8050258532374298,False,11.0405,1.2726637613857277,-0.7341807994744338,False,11.5958,-0.7155312839865573,0.13923989077102508,False,3284.109411761617,8.55441833128551,-1.4490271427174084,1.3606667112925899,-0.6917058882140548,0.06718681495828699,False,False,False,False,True,-1.0455075374001224,-0.9780091020276714,1.2027261275599839,0.8217,0.8345,0.7331,0.626,0.9547,0.9766586915186742,1.078293941489307,2.040960465332031,0.07337610491699209
718.5029,3.425293051821819,-0.8938551520086304,False,718.4209,3.2747435744023425,-1.0468257901080895,False,68.7291,2.510227547567412,-0.7677631202009189,False,68.9763,2.403167650791018,-0.5175538882918175,False,69.1723,-0.09832911552431294,-0.3358045631863437,False,3184.485971043284,9.717367627567407,-1.243645531849214,0.7945465350155421,0.48244346407274535,1.0154500343878654,False,False,False,False,True,0.36819964236043545,0.14744200970896945,1.9944926000202485,0.6877,0.7189,0.749,0.6923,0.5875,3.3500183131120806,2.456697599179215,3.0450662297363262,0.8568976951367198
546.5996,1.4425394551242325,0.6337532922606649,False,546.1713,1.440695177085964,0.24293800160523527,False,51.9511,1.3628460969849956,0.5940843117183556,False,51.9469,1.165957678620327,0.23328870883887978,False,51.7279,-0.6754723007008677,0.0356149976283638,False,749.7833047884321,8.482972434233442,-3.528932182833678,0.9202176692735436,0.7837223444166516,-1.5432378722158324,False,True,False,True,False,-0.7685518919559995,-0.8260540532196772,1.2541150589460786,1.3337,1.2461,1.3301,0.9221,0.8746,1.4416173161050982,1.2644018878026613,3.302713061340331,-1.2572697389477554
256.2001,1.1577229754445573,-0.11373436909153976,False,255.8395,1.135378210234247,-0.2235983320057874,False,24.7525,1.1595395580970103,0.005614357915344196,False,25.2225,1.08355539525313,-1.2069698499740504,False,11.5134,1.93698601835915,-0.3360633019956886,False,1683.602305768416,8.146938345683672,-1.8778546889302294,3.971800036623329,-0.9615814813932578,-1.7550954505509972,False,False,True,True,False,-0.944310315329311,-0.9426930761380272,4.6054592593159045,1.0176,1.0554,1.079,0.4813,0.5873,1.146550592839402,1.1215474766750702,1.810169009155274,-1.4323213314550785
668.9252,3.02346402499052,-0.21849141875273137,False,670.9587,2.870099517589119,0.0036760539012083092,False,64.0431,2.246599665082998,0.2690314140979746,False,64.1031,2.474213993643722,-0.10913211004404916,False,64.1882,-0.005820748377544396,-0.029328443517224228,False,2851.8063436022303,9.285882970175289,-0.5919856009833909,0.9406060606060607,-0.6616558819513858,1.073246463315996,False,False,True,False,False,0.12800915916125283,0.06882167717092975,2.1131652607326137,0.9733,1.1483,1.1914,0.8173,0.8244,2.946781771289819,2.36040682936336,2.0666585457763667,0.9046531589941402
542.8748,2.4469282456568178,-0.7645050252260756,False,542.5233,2.3263428920898734,-0.8241996424489231,False,52.1042,2.026671504301786,-0.8608027743864207,False,52.0646,2.2999863927010056,-0.6273376622848178,False,51.4933,1.0299494118375274,2.5596120827885667,False,1790.1894329213494,8.375477673001223,-1.5626347926078616,1.698293971608632,-0.7456116734609112,0.036032449919585346,False,False,True,False,False,-0.2056455895194935,-0.09209020004109128,3.441883998186721,0.7424,0.8099,0.7093,0.6587,2.8256,2.386635568873346,2.1633289485013956,1.994861466430665,0.0476341831201168
640.0952,5.134397341401261,-1.1776214264858988,False,630.8373,4.866587896399789,-0.24904132030969206,False,60.2899,3.26586827656443,0.6718907731530824,False,60.3141,3.4456659186858074,0.563620243085675,False,60.2879,0.28791022969921093,1.2801486705776797,False,2571.3696192386797,9.694566720211574,-0.5859178213473744,0.7624228668699907,-0.08004454708672296,1.2688798374686747,False,False,True,True,False,1.351315456278658,0.8815221617090299,2.4899726542380085,0.5677,1.045,1.3633,1.0232,1.8366,5.000492618900525,3.355767097625119,2.56403930303955,1.066299175917969
497.3577,1.0195136510688594,0.018926364226583316,False,496.9112,0.9731909203466735,-0.242191284997102,False,47.3225,0.85358083861217,-0.13078130640697866,False,47.2578,0.7975484917803379,-0.19702447672296902,False,48.0267,-1.0011588871187607,-0.4292092733598787,False,673.0185013476125,8.51958031852292,-1.5050494380132153,0.9797712905746147,-0.9050513762686551,-0.27266619006134796,False,True,False,True,False,-1.0337769192303743,-1.184359718834001,0.8363139998568079,1.0737,1.0478,1.0208,0.7904,0.5153,0.9963522857077665,0.825564665196254,1.8585122666015632,-0.2074342876806643
591.4504,2.1383252436612503,0.6219296974907784,False,590.9037,1.961734710833592,1.0089187360237517,False,56.4442,1.233818388306064,2.1516196812821993,False,57.2891,0.003385890198424983,-0.6913781971140677,False,56.47,-0.9974630588672014,2.91887091956406,False,2505.738615546828,9.819877575574623,-3.237585578572403,0.681668496158068,2.5909287280639015,-0.21174874017481668,False,False,False,False,True,-0.406146911485037,-1.3533422977846938,0.8410551252887658,1.3287,1.5592,1.9947,0.6391,3.1033,2.050029977247421,0.6186021392522445,4.848194770080566,-0.1571000173754875
348.8105,2.054550297868886,1.3975575143953123,False,349.2158,1.935708525715185,1.2092822689170017,False,33.4818,1.4763645728413428,1.4023809547556259,False,33.498,1.6929006563281603,0.18623851998473662,False,33.7174,-0.8844950741639707,1.6157329062981085,False,2719.1437471308927,9.11774060031173,-1.3033411083249236,0.6678391292805946,-0.5003353290347617,0.6910907095151598,False,False,False,False,True,-0.4388487923340445,-0.564589259899886,0.9859740308270794,1.6567,1.6411,1.675,0.9077,2.096,1.9951294117920355,1.5846326145847516,2.2046162057495113,0.5888892679199209
163.1684,0.49921970331433774,-0.0680952932797794,False,163.0772,0.5316112433391195,-0.3160738087257484,False,15.5236,0.5643181345484194,-0.5132516228572032,False,15.1012,0.7336679117398516,-0.781884463173773,False,14.9445,-1.326514958864416,1.9774497617623792,False,1117.0038457508117,7.618337498802516,-2.4390009124000747,0.7423772333368995,-0.653881039089526,0.14225026375783825,False,False,False,True,False,-1.3202500767275769,-1.3285284822728358,0.4189369354478958,1.0369,1.0176,0.8576,0.6114,2.3756,0.5154154733267287,0.6489930231441354,2.073307414184569,0.1353987918310544
555.0838,2.4989063739818844,-0.6644774134728385,False,554.6581,2.3139135577104595,-0.8031602482745402,False,52.84,2.436267857202636,1.027410056275013,False,52.6944,1.3410787014804633,-0.3783637462649781,False,50.7636,1.3997715322765694,-0.06788052610962514,False,1230.0900828505949,7.430329171405637,-1.8224709008504303,1.6075012053234359,-1.1028930750200712,-2.246760292360346,False,False,False,False,True,-0.19386684064318482,-0.3163434704646226,3.916303516943981,0.7847,0.8185,1.515,0.7349,0.7946,2.406409965846172,1.8886732793415497,1.6893225551147477,-1.8385693128344727
433.549,3.312642263683172,-1.1116457676699338,False,432.6242,3.310534020519018,-1.1388119785914372,False,41.3923,2.9053754815626984,-0.9376718085749465,False,41.291,3.1715206424767497,-0.6580509800090498,False,41.3482,0.28069152956213317,0.4653801599503625,False,2574.8852733711888,9.069011498610827,-1.242364826364942,0.8538353452130037,-0.1670490763027004,0.1076384738425211,False,False,False,False,True,0.34530845967435697,0.6224347315466594,2.4807122772734838,0.5956,0.6813,0.6765,0.6493,1.2068,3.311588142101095,3.0384480620197243,2.489635012695313,0.10680010307128818
219.1165,2.480171932687446,1.4810320934707084,False,219.087,2.010767179156366,0.7674549912549635,False,21.0764,1.718403057110244,1.339104615637022,False,21.1179,1.7328589462054793,-0.011110883264584684,False,21.411,-0.23987754875822276,0.43096789830748106,False,3016.3888733903095,8.87754765012564,-1.1862445617972988,1.0549968374446554,-0.7277923719326705,-0.8455432516514096,False,True,False,False,False,-0.28973204832325405,-0.4494656597852061,1.8129097907065352,1.692,1.4605,1.648,0.8473,1.1802,2.245469555921906,1.7256310016578618,2.010100126953125,-0.6807855018798818
306.1855,0.7173560351165699,-0.2546716187485833,False,306.3148,0.6990107463774708,-0.3698955147532393,False,29.544,0.4812488112746983,-0.6712081138421612,False,29.4858,0.7289115907515312,-1.6320552367743275,False,32.3257,1.9192143590844233,-0.06904485075167753,False,2219.6465373116653,7.590706107256037,-3.807531186226144,9.522436430114675,1.5147273466866984,1.0997710622652672,False,False,False,False,True,-1.205426606063828,-1.3643828085517413,4.582661212431568,0.958,0.9956,0.7902,0.3512,0.7937,0.7081833907470203,0.6050802010131148,3.9278518779296867,0.9265696432812511
254.9539,1.7186553438491683,0.30482088576243127,False,255.1531,1.8640932859735866,0.35302785484328447,False,24.5571,1.754676371791582,0.27981182742929206,False,24.6788,1.8709910588329508,-0.2427677158867191,False,26.2788,-0.9007282345669447,2.5634931649287407,False,2970.9749447093473,9.22364992321392,-0.7295084342003777,0.5500442329398127,-0.6433355657140851,1.1577708584864594,False,False,False,False,True,-0.5602168482966743,-0.3782656230751466,0.9651496189797143,1.1946,1.2911,1.196,0.7764,2.8286,1.7913743149113774,1.8128337153122664,2.0823256626586915,0.9744931434619133
609.1406,4.250916516189791,1.4337377143911638,False,610.4402,4.2114498231573085,1.3773527781937571,False,58.1105,3.253109831126703,0.9807730507764872,False,58.0796,4.834967518725183,2.3244082134674535,False,58.9208,-0.23617391924712516,-0.9798054596459793,False,1462.3485033481047,8.897898877357694,-1.4903276083094859,0.5587456366979016,-0.4985065157095915,-1.9033894141638326,False,False,False,True,False,0.8930712517616677,1.4434881776351174,1.8176609238410923,1.672,1.7098,1.4951,1.5621,0.0897,4.23118316967355,4.044038674925943,2.206180165222168,-1.5548522066479489
449.0063,2.0509837702634877,-0.05603522661449524,False,449.1737,1.9717317761309763,-0.2651878321179391,False,43.1067,1.7722142464870172,-0.32248517825519174,False,43.1538,1.867149264936568,-0.19375710249698685,False,43.5027,-0.38870099119985535,0.3812900469132464,False,1954.4776582216405,9.034020931604557,-1.2459785319391496,0.915236051502146,-0.357944729342499,0.01936972124737039,False,False,True,True,False,-0.4291822627337505,-0.3726742749690478,1.6219943693706285,1.042,1.0384,0.939,0.7914,1.1418,2.011357773197232,1.8196817557117926,2.3263854011840817,0.03386626784179647
238.2524,1.7271260075078756,-0.20170191417949299,False,237.9912,1.7892173365138562,-0.3444525264493346,False,23.0029,1.557072049181362,-0.46216183793921983,False,23.022,1.80094296676231,-0.6868038731976929,False,22.8188,-0.697728800666831,-1.0188750198570702,False,3282.2035797073013,9.114643374868683,-1.4637781782047607,0.7870950590558655,-0.03508904053382333,-0.05767031760964708,False,False,False,False,True,-0.5799942196770661,-0.4875332189571858,1.225563716504642,0.9804,1.006,0.8794,0.6405,0.0595,1.758171672010866,1.679007507971836,2.6024842276000975,-0.029789616430663912
529.6744,2.1219613881252255,-0.4400655847403985,False,529.6627,2.0275639885624055,-0.450138785557862,False,50.4946,1.6959415877217676,-0.2484284258052706,False,50.7113,1.8299617850392529,0.32216128778559416,False,51.8701,-0.5555874462074575,0.4629221412615853,False,952.5745829095887,8.604153020726496,-1.3493393062841361,0.8301625209981986,-0.9338457295068834,-1.370108199169366,False,False,False,False,True,-0.3914147103749322,-0.4189937396930391,1.4079071439287905,0.8796,0.9628,0.9706,0.9493,1.2049,2.0747626883438155,1.7629516863805104,1.833887992004394,-1.1142178584570317
504.4093,1.8418465138721958,0.9257960830768536,False,505.4516,1.8965559090664823,0.8594411797383116,False,48.5005,1.3264996254832635,1.277234417387721,False,48.4751,1.361179877737475,1.2615313777554609,False,48.2924,-1.2012484623459274,0.6295499344797474,False,1481.8261540327214,9.274307953870256,-1.8838236485852866,0.43696413476633256,1.2594885831113225,0.9860059081131523,False,True,False,True,False,-0.5138587483941381,-0.7611939292366912,0.5796327611171586,1.4572,1.4981,1.6216,1.2368,1.3337,1.869201211469339,1.3438397516103693,3.7095775048217767,0.8325688925756847
221.914,1.7237491176834228,-0.29179770632602575,False,222.0412,1.6719878418384575,-0.057974263912099595,False,21.7246,1.0330493140538992,-0.009150121212329854,False,21.7605,1.3835279685426691,-0.2453816152675049,False,21.7157,-1.0019295001077544,0.07675446831421429,False,2992.763340071787,9.770728052020834,-0.9735206497517517,0.8086017015501853,1.3334234311744684,1.802234344749806,False,True,False,False,False,-0.6159142105080243,-0.8718698890303149,0.8353254331292347,0.9423,1.1231,1.0727,0.7756,0.9064,1.69786847976094,1.2082886412982843,3.772804901733398,1.5069940833374016
403.5886,2.8863598024067474,-0.6836316370000541,False,403.8889,2.8357027703525914,-0.5893412888744176,False,38.5234,2.393893558906895,-0.5137203364803038,False,38.4716,2.6603982507017494,-0.32183817215548705,False,38.3852,-0.033180238183883874,-0.2894903163135938,False,3146.579921222621,9.35858148951949,-1.2605869252794737,0.8680701920572146,-0.011324292786975677,0.09662409772374396,False,False,False,False,True,0.07693132203851608,0.2049622603579098,2.078067641444837,0.7766,0.9059,0.8574,0.7522,0.6233,2.8610312863796694,2.527145904804322,2.622807298217774,0.09769925289062442
278.6552,1.9820683190015995,0.4310968779048155,False,278.2379,1.7953055543398393,-0.18836957896961115,False,26.5091,1.4996672959675008,-0.5020024959027847,False,26.5558,1.4808061166208226,-0.6456349579503177,False,27.4225,-0.40543173923845754,2.4712527793972585,False,2510.481057436517,8.435281707734122,-1.407964630978055,1.067257811557486,-1.1101627866158505,-1.0679292957155029,False,False,False,True,False,-0.5022519487463298,-0.6416624592753727,1.6005316363586075,1.248,1.0698,0.8624,0.6531,2.7573,1.8886869366707195,1.4902367062941617,1.6831056634521477,-0.8645364513183598
216.4843,3.1077210607365626,-0.0070855442671665745,False,216.537,3.1390938011023617,0.09370508943810187,False,20.7883,2.7878033802381066,0.07006248109169964,False,20.6269,3.70016470994858,0.49206474753666596,False,22.2574,0.0335373988288415,-0.3959613363590497,False,3262.0258215093336,8.828205396796532,-1.077326990009807,0.7761146832507643,-0.9593648810878425,-0.21669849326408766,False,False,False,False,True,0.23321738840580838,0.7902525542588849,2.1636551374189077,1.0627,1.1851,1.1065,1.0013,0.541,3.123407430919462,3.2439840450933435,1.812064595214844,-0.16118985059081936
186.7468,0.5161769340002743,-0.08228360700364283,False,186.9359,0.5976534632840065,-0.04084917563062497,False,18.1191,0.5708761110954448,0.28028054105239275,False,18.2452,0.685475318335944,-0.536504658802514,False,17.7513,-0.9196301502228718,-0.7461643148074695,False,1368.18941515274,7.994835110608398,-2.5450342892176216,1.6481713372770845,-0.06523525945147743,-0.21878623222222443,False,False,False,True,False,-1.2955304939459757,-1.3455255808973552,0.9409016434437207,1.0309,1.1301,1.1962,0.6865,0.2703,0.5569151986421403,0.6281757147156943,2.5767038682861347,-0.1629148869677728
190.2517,0.5873213719066768,0.9754551811103753,False,190.1565,0.6848605490087852,0.5788343760404391,False,18.657,0.6721179688736441,-0.3138139762278275,False,18.7287,0.8296557627547151,-0.3956808296626834,False,19.0752,-1.033403922911229,0.41738411081687005,False,1638.0620507027386,8.155467099242935,-2.1722539045776097,1.182752261350663,-0.18532874048664363,-0.113647084657796,False,False,True,True,False,-1.2483689336315025,-1.2453333036527297,0.7949490475797171,1.4782,1.3834,0.9427,0.7296,1.1697,0.636090960457731,0.7508868658141796,2.474002660522462,-0.07604154799804874
773.2623,6.339474720533945,0.4176179798671451,False,773.1133,5.78517575456043,0.7195047440668357,False,73.9099,4.243971514425831,0.17997582570882903,False,73.8993,4.209435434401896,0.541402098348996,False,73.7299,1.8699678536146975,-0.518732901393239,False,2684.7199452287446,10.26584017040898,-0.40385105114696795,1.064919079097333,0.11870793480357529,0.8070787357269625,False,True,False,True,False,1.9838029996863993,1.5926319357149286,4.519486236857669,1.2423,1.4409,1.1534,1.0164,0.4461,6.062325237547187,4.226703474413863,2.734007895507812,0.684726711450196
582.3017,1.045116824876004,0.442447528883906,False,582.1587,1.1069783046573152,0.1622054425639993,False,55.6676,1.445727667580863,3.1373244306631087,False,55.6308,1.3922335522318325,0.3714986385979246,False,56.1756,-0.5685027357531327,0.980011651737512,False,2482.555630888544,9.058609903065662,-1.5455149508565451,0.9623797296043065,-0.24554331417182373,-2.281970050831552,False,False,True,False,False,-0.9863059050724196,-0.6998422620133306,1.3913390018079357,1.2528,1.2131,2.4153,0.9644,1.6046,1.0760475647666596,1.4189806099063478,2.422508529541016,-1.8676620851611343
520.0148,3.84429905445255,0.11871750408442222,False,521.1326,3.7727881919874857,0.6064791614091051,False,49.6224,3.003336190384546,-0.055552769899305736,False,49.6519,3.041346007772,0.5420555731941924,False,49.4327,0.8774051387730578,-0.5968720218154207,False,2074.430978097446,9.902031029823407,-0.9528083825566508,1.0808631374598672,0.4867629983777904,0.732100544850466,False,True,False,False,False,0.6413232419632342,0.6092835771311683,3.2461953775858055,1.1159,1.3947,1.0529,1.0166,0.3857,3.808543623220018,3.0223410990782726,3.048760197021485,0.6227744706127947
617.2626,5.151503310859633,1.320231204600257,False,617.9083,5.343057452346716,1.0541778979105059,False,59.1252,4.664231159364145,0.9299176226700541,False,58.9566,5.0803629985012355,1.1396583191263272,False,58.4262,-0.42440262378444116,1.1339612432977704,False,2460.0037315588347,9.207727940384125,-1.1860555826817922,0.3379324762203407,-0.22221506970800536,0.011443805988359125,False,False,True,False,False,1.4983162010606677,2.1197518659924457,1.5761951853479963,1.624,1.5777,1.4734,1.1995,1.7236,5.247280381603174,4.87229707893269,2.4424583124999995,0.02731732067138637
591.7078,0.9391939541707388,0.19557087008868287,False,590.2092,0.9812828834112464,0.4168799697213531,False,56.5,0.8179805702246652,-0.04711592468349185,False,56.4055,0.8175816580133362,1.2334319594120144,False,56.7344,-1.0913077760599499,0.00042651955744759274,False,615.0338079264992,8.902862937528793,-1.3188870632990124,0.8810333383004376,-0.2264416309752427,0.9822883685416454,False,False,False,True,False,-1.0552883802347053,-1.190714900905873,0.7206681524499322,1.1484,1.3172,1.0565,1.2282,0.8474,0.9602384187909926,0.8177811141190007,2.438843853637696,0.8294972006054699
385.2265,0.4098163406924901,-0.15653578215852776,False,384.8728,0.41818035515039675,-0.31900953814543,False,37.0194,0.39125602322308894,0.20036486831371217,False,37.0871,0.41924029415164793,-0.20486617486532602,False,37.064,-1.4454163946246679,1.53099594623763,False,593.2920291094739,7.962993666118925,-2.942964799154598,0.6809004726388548,0.5853677122967141,-0.6654248781799332,False,False,False,True,False,-1.3806598507170202,-1.5275434276791098,0.26640641113540003,0.9995,1.0164,1.1621,0.788,2.0305,0.4139983479214434,0.4052481586873684,3.133084700927734,-0.53195906685791
984.729,2.1373380782599667,1.0260601667254883,False,987.0577,2.217183601103568,1.0673886802990713,False,94.5532,1.9556824043062435,0.8253944847185835,False,94.563,1.9455554385564116,1.8715501457463277,False,92.0796,-0.2442103322365414,-0.7492691805196091,False,549.4496062960775,9.322414266727579,-0.9180961295060515,0.9241539193553285,-0.586065391951181,-0.06114374449240993,False,False,False,True,False,-0.33036101621906583,-0.26576554913639544,1.8073515589538671,1.4996,1.5831,1.4288,1.4235,0.2679,2.177260839681767,1.9506189214313276,2.131301809936522,-0.03265960537353507
483.5989,2.9437568476926033,-0.7129541520293717,False,485.9986,2.9999272747711445,-0.6813274773577658,False,46.4282,2.7891169389019703,-0.6299613150092939,False,46.4218,2.9669907432988287,-0.4107107511022014,False,46.3364,0.09507021063004376,-0.5863931000369492,False,2971.9159643435387,9.19845158331262,-1.0190776857832076,0.8040506815127664,-0.5210481435654684,-0.13972959278918431,False,False,True,False,False,0.14293648475305618,0.4914746508455415,2.242591375542931,0.7642,0.8683,0.8078,0.725,0.3938,2.971842061231874,2.8780538411003995,2.186903078857423,-0.09759274583984379
425.3899,2.2758832437880505,0.1300681550635133,False,424.0227,2.2554185893050422,0.22679148979698818,False,40.7846,1.8493767530058218,-0.4907533689483665,False,40.6868,2.1191324579565323,0.2947153442873439,False,40.3169,-0.23561862635346317,0.02604166168259974,False,1763.1319350671595,9.106942872069439,-0.9765267120832082,0.9832357134268881,-0.497562657014939,0.4006307799201139,False,False,True,True,False,-0.27771088888630513,-0.23830239072359208,1.8183732711367806,1.1207,1.2395,0.8672,0.9409,0.8672,2.265650916546546,1.9842546054811772,2.2069873316650384,0.34889089904052817
306.4134,0.8189192636604408,-0.2664952135184695,False,306.4398,0.8451332380993348,0.4780409992980475,False,29.5992,0.846025241018157,-0.4340390205531739,False,29.643,1.0596836410123778,-0.9717189057033359,False,28.3388,-0.6381023661222968,-0.770485762885897,False,2967.6908065907446,8.331344468762504,-2.1124720851391587,1.539025469253618,-0.20213731885199182,-1.1037551035174327,False,False,False,False,True,-1.131658796525392,-1.0804290459073882,1.3020543935583742,0.953,1.3422,0.8914,0.5533,0.2515,0.8320262508798878,0.9528544410152674,2.45962834741211,-0.8941382468164072
179.4916,1.5273863242066628,0.12202811061999051,False,180.1115,1.3928816849153496,0.08220681587768301,False,17.4612,1.2782947693878022,0.21747291555689033,False,17.4997,1.6652539549379564,0.1705551237000226,False,16.7317,-0.2862574272779144,-1.0139589824795157,False,3024.1870643581697,8.577750871156589,-1.449637646924132,1.3716806615233794,-0.9201903189866981,-0.8250212980477002,False,False,False,False,True,-0.7575223053828816,-0.6567367559894712,1.7534122148957363,1.1173,1.1804,1.1694,0.9029,0.0633,1.4601340045610063,1.4717743621628792,1.8455657878417977,-0.6638288242480463
214.0774,0.8852684052514046,-1.1736014042641374,False,213.9258,0.7954308911049225,-1.2489018318294867,False,20.7508,0.6806839650595552,-0.7192512602099895,False,20.8254,0.9652691462156058,-0.6639322536158178,False,20.9881,-1.0682405573894218,-0.19388632626062646,False,2139.4570507894655,8.974393037972222,-0.9203602455059551,1.1022141684127074,-0.026531369312811463,1.6228764050510616,False,False,False,False,True,-1.126700910491807,-1.1864728812330234,0.7502595104999821,0.5694,0.6363,0.7697,0.6475,0.6972,0.8403496481781636,0.8229765556375805,2.6098025529785165,1.3587959720410154
323.4231,1.4039416222495993,-0.3641581063177294,False,323.4379,1.4118339661112211,-0.5135016121993172,False,31.0222,1.2020118687559984,-0.707767776444021,False,31.0823,1.3620674937755628,-0.6345258855819784,False,31.6734,-0.7856686524012629,-0.5134287558016671,False,2329.240924605955,8.718053860509302,-1.398611840993552,0.9257410187480362,-0.795897902252013,-0.7374957302811685,False,True,False,False,False,-0.7886431022727947,-0.811652992869245,1.112751691929409,0.9117,0.9369,0.7746,0.6565,0.4502,1.4078877941804102,1.2820396812657806,1.9518578297119138,-0.5915090604565432
841.546,3.139568629720003,-0.2553810344347764,False,843.579,3.2207923448865667,-0.38873311186286114,False,81.0324,3.1393599042285985,-0.10570512757108734,False,81.165,3.7154889384224856,1.4278407258579526,False,79.0735,0.6434023341449882,-0.12674360523560627,False,911.0905700131431,8.718892623885694,-1.3294834871429513,0.9384107795514794,-0.8759194757745417,-1.8775671398886922,False,False,False,True,False,0.2670346307219461,0.9400295620433201,2.946009175019816,0.9577,0.9879,1.0315,1.2877,0.7491,3.180180487303285,3.427424421325542,1.8834252039184562,-1.5335160322729493
468.9698,5.166087435478189,0.28519371844441976,False,470.3589,4.886208319083255,0.4824445934275695,False,45.2534,3.4740657839453,-0.1896048661061245,False,45.1558,3.940034763957568,-0.12514224375136174,False,45.4409,0.9053591716768579,0.07352023319740221,False,3399.465683048789,9.376313500985477,-0.968808202950935,0.9447304396883043,-0.6212716103514323,-0.3199024316939775,False,False,False,False,True,1.3665971787115805,1.1683409314686863,3.2820556955727374,1.1863,1.344,0.9957,0.8124,0.9039,5.026147877280722,3.707050273951434,2.10119425439453,-0.24646418402343784
616.9138,4.693346594792901,-0.863350277502324,False,617.6017,4.503829798023115,-0.98150581052018,False,59.4497,3.7963522639321394,-1.0691459798547112,False,59.3126,3.9017774061027675,-0.8037758704878535,False,59.8491,1.3731428670461836,-1.0232735796159347,False,2075.741549526109,9.086338132863947,-1.4952524671972762,1.0225983134998817,-0.6363275757327116,-0.5090170558245822,False,True,False,False,False,1.1119184586699533,1.284294226240412,3.8821434225484643,0.7006,0.7456,0.6204,0.6047,0.0561,4.5985881964080075,3.8490648350174537,2.088318735961913,-0.4027239524047861
622.6439,3.591989209275885,-1.649855801595153,False,622.2836,3.5911974859810822,-1.699291653632262,False,59.6766,3.2460390675533417,-1.2821763215540092,False,59.6852,3.2365655846174306,-1.0700668699053986,False,59.8034,0.6655526800661782,-0.38030763839367887,False,2306.210734406711,9.80411154505006,-0.6617537913343646,0.9163242579010022,0.08622235692091779,1.3656362083816027,False,False,False,False,True,0.512095391508413,0.7880629607954369,2.974424339693477,0.368,0.4522,0.5295,0.5232,0.5531,3.591593347628484,3.2413023260853864,2.706226969726563,1.1462460767871079
436.8528,5.121205305989823,1.671391969265876,False,436.8147,4.813802867525619,1.4211440753706701,False,41.8973,3.543093919653214,0.7482910937185071,False,41.8938,3.438304078700537,0.4580840555864514,False,41.7641,0.39427536128335083,0.7067834690692214,False,2940.472032019162,8.98289789415396,-1.1309265653254865,0.7412790263012307,-0.419159481857924,-0.15033233730977125,False,True,False,True,False,1.3316656213713236,0.991692544501446,2.626421210854345,1.7725,1.7277,1.3959,0.9909,1.3934,4.967504086757721,3.4906989991768755,2.2740359400634773,-0.106353477119141
257.902,0.9651945247066767,0.677264121013846,False,258.304,1.0252787067025193,0.36085646662910154,False,25.1165,1.0133413049467115,0.8150827850103667,False,25.0644,1.0588051201707476,0.11697018639391513,False,25.1766,-1.058829441331949,0.5270893659791382,False,1687.908282990651,8.711108821034317,-1.9408825913122087,0.7522957805653924,0.060315788705672835,-1.033366211377851,False,False,False,False,True,-1.034441475363955,-1.0124818532048447,0.7623323879840397,1.3521,1.2943,1.4244,0.8865,1.2545,0.995236615704598,1.0360732125587295,2.6840722630615232,-0.8359780065234368
167.2056,0.8979148076296571,-0.36297574684074063,False,167.0284,0.9163028648625802,-0.5362535152018473,False,16.0197,0.9452095194173814,2.0527211068079376,False,16.0526,1.1891162009001393,-0.309748887519353,False,16.3208,-1.1364051919325402,-0.8091672148829702,False,2871.217943108135,8.978641966243309,-1.6954015972038456,0.7012368651488617,0.6746803755097915,0.3130385470662022,False,True,False,True,False,-1.0869353635312962,-0.9870975049700211,0.6628157603051067,0.9122,0.9276,1.9525,0.7559,0.2216,0.9071088362461186,1.0671628601587604,3.2094628548583977,0.2765160518774401
238.6174,1.9843119530967508,-1.1849520552432282,False,238.912,1.9611782285231945,-1.1848050728331114,False,23.0088,1.9716551776210882,-0.8029166419334763,False,23.0619,2.1959921185609246,-0.6319119862011927,False,22.8596,-0.09831624735960652,-0.476687844874681,False,3195.174244635357,8.993789378767866,-1.490001848688637,1.0115912408759125,-0.33478042124165286,-0.17101057466111388,False,False,False,False,True,-0.45218215951468343,-0.15700538525308363,1.9945091077091344,0.5646,0.6625,0.734,0.6573,0.4786,1.9727450908099726,2.0838236480910064,2.346194989501953,-0.1234392873461907
305.4744,0.5426244173695074,-0.8810856696571532,False,305.5572,0.5263836059774142,-1.0827884754991854,False,29.5795,0.3685557105116091,1.6421279729716676,False,30.4979,1.393366786937147,-2.2737675347572215,False,31.1469,0.1518754560987038,-1.0278015087794716,False,3018.045196639079,7.552319452881044,-2.0299824334049488,6.282531720271467,-1.463487464230346,-1.6831510961216312,False,False,False,False,True,-1.3088798640272394,-1.1391290302977952,2.315462941976372,0.6931,0.7042,1.7773,0.1548,0.0526,0.5345040116734607,0.8809612487243781,1.3809504522705076,-1.3728758591064434
229.7793,1.8143491590614944,-0.32064727756454803,False,229.9663,1.8496348519985644,-0.3720973118180003,False,22.1051,1.712322376329603,-0.8659586242405294,False,22.2962,1.6508636077977419,-1.3621701257082024,False,22.5448,0.8522064799340259,1.3373299474429186,False,2557.1263262159055,7.865503801289344,-1.7381033989406305,1.8769069335701025,-0.14213117949998674,1.4264932099678709,False,True,False,False,False,-0.5360226552504767,-0.485422200222361,3.2138697406402663,0.9301,0.9947,0.7071,0.4338,1.8808,1.8319920055300294,1.6815929920636723,2.5109442301025418,1.1965304004663082
537.5154,3.8733108313057896,0.19935442041504606,False,537.0244,3.882516979350455,0.559262846575897,False,51.5657,3.3252508246630303,0.06162563587588576,False,51.5138,3.4993019754829584,0.36006282880698687,False,52.87,0.8251711865112231,-0.6932522282964226,False,2343.0832718195293,9.246897604614214,-1.4986608895425113,0.9560746477085185,0.47459168131980345,-0.2788763141080849,False,False,False,True,False,0.6826441041646402,0.9276613727511782,3.179188010732167,1.15,1.3754,1.1029,0.9609,0.3112,3.877913905328122,3.4122764000729946,3.0383515640869145,-0.2125655277929699
903.663,4.363529048127362,-0.7746733167281776,False,902.96,4.112404476586729,-0.9315984103855978,False,85.8683,3.405844742912666,-1.0499287213075796,False,85.6317,3.7336341021674677,-0.5848617973470499,False,83.3601,0.8185365951819122,-0.5726799431416657,False,1548.9200941333381,9.07594590480912,-1.5598906542449273,0.9309516981441273,-0.39443665610132594,-0.5824678336960114,False,False,False,False,True,0.8971119431065345,1.0562281628233836,3.1706769470297957,0.7381,0.766,0.6286,0.6717,0.4044,4.237966762357045,3.569739422540067,2.2951783371582035,-0.4634141374731442
260.5432,1.8466599314394065,0.8560368739345249,False,260.9107,1.9722164582448136,0.6199345879159773,False,24.9716,1.8180371641346897,1.0196762814938507,False,25.0083,1.9549215412588663,0.28556669645459415,False,24.9685,-1.166802877919268,-0.31225933153595126,False,2950.5352655352913,9.369728791781494,-2.747571388723538,0.3431286549707602,1.4294240725554077,-0.7816227599112517,False,True,False,False,False,-0.4898913261086764,-0.31813478693977254,0.6238206468163914,1.4277,1.4002,1.5117,0.9381,0.6057,1.9094381948421102,1.886479352696778,3.8549024621582024,-0.6279699077392564
594.8153,4.908706435739531,-0.41783722657301253,False,595.1337,4.854671019396361,-0.5937448830039397,False,56.8778,3.8936804484368057,-0.03750729540992617,False,56.8412,4.150161214058492,0.46886639053219237,False,56.5366,2.1725301903789935,-0.8897643539939291,False,3228.050877429601,10.782661595058473,-0.03415454402103543,1.2604071756112862,0.969319995130558,1.2869767632421916,False,True,False,False,False,1.280549141459667,1.4254292065796632,4.90762277674712,0.889,0.9041,1.0606,0.9942,0.1593,4.881688727567946,4.021920831247648,3.461431942016601,1.0812521254467757
127.126,1.7450373876046017,-1.4405781741681674,False,125.2758,1.6947005485345004,-1.6410663534752492,False,11.8442,1.5254125617193222,-1.0656306276814553,False,11.8443,1.9538624359135681,-0.5185341005596124,False,12.4999,-0.4533982011277039,-1.0285777252075066,False,3366.4602292071995,8.918427801699162,-1.5019823627967694,1.008906560636183,-0.09519575882621086,0.47984254890888134,False,False,False,False,True,-0.6028094757694933,-0.4380295121003673,1.5389987411954702,0.4565,0.476,0.6219,0.692,0.052,1.7198689680695511,1.7396374988164451,2.5510823320922853,0.41434121908935495
215.1148,0.7499801547268572,0.7370915105494699,False,215.0421,0.7692054784819574,0.4790195757712745,False,20.5014,0.6980101431952854,0.4579230042075831,False,20.5281,0.9145618088787321,-0.262371961242612,False,20.6603,-1.2311103120922258,3.2322036176808213,False,2002.9128872378699,8.455330691824289,-1.4533341761346699,0.7755260300884042,-0.8820492577882355,0.2674838990085505,False,False,True,False,False,-1.1748042453475191,-1.2001005520986634,0.5413250353136781,1.3774,1.3426,1.272,0.7704,3.3455,0.7595928166044073,0.8062859760370087,1.878183154052735,0.2388756061059567
582.0182,0.898178020807298,-0.4968188396358522,False,580.223,0.9584951682093946,-0.6955168362195585,False,55.1898,0.9888214291822759,-0.5418431538663498,False,55.3085,1.0363697374076257,-0.26759976000418323,False,53.0,-1.0091851984755458,-0.7531502626597837,False,727.030454472774,8.25176493613246,-1.8283203791516234,0.8353556762485097,-0.8766900874988195,-2.0188433474753285,False,False,False,True,False,-1.0742909104983482,-1.0316510739250968,0.8260175936635779,0.8556,0.8625,0.8454,0.7688,0.2649,0.9283365945083464,1.0125955832949507,1.8827661943359377,-1.6502483451586905
184.5424,0.4388226695497709,-0.41097954160647854,False,184.9678,0.43016699465366875,-0.5423696181595166,False,18.0035,0.436353236439297,-0.17694959828240367,False,17.7128,0.5263926225370503,-1.3455065171556935,False,17.9954,-0.31237822252277564,1.7550637551303758,False,2049.0138030884273,7.867599616213742,-4.0308617135489,3.9415397631133673,-0.8545791719969503,1.2992091538968893,False,False,True,False,False,-1.3684509858733303,-1.4653884069415364,1.7199036321886978,0.8919,0.9251,1.0011,0.4389,2.2037,0.4344948321017198,0.4813729294881737,1.9016749453125001,1.0913593846777339
608.8845,4.860591166622404,1.4687355549100272,False,608.6956,4.709130634242744,1.679243620184319,False,57.8616,3.9244400948706826,0.170132839623713,False,57.7279,4.152244526697994,0.5583924443241035,False,58.0365,2.492382440273686,-0.6418925746414458,False,3655.407224882323,10.494801431687426,-1.6325015725714764,1.3550823138498715,1.5353548947157971,-0.37819413921499656,False,True,False,False,False,1.2228730129975218,1.4388371602642192,5.317939364322576,1.6868,1.8332,1.1492,1.0216,0.3509,4.784860900432574,4.038342310784339,3.9454920868530277,-0.29462888179687496
137.7449,1.023268807193239,0.5140985131894162,False,137.9077,1.1920529336067753,0.5514342347900805,False,13.8846,1.4339554332050797,-0.21140004958031003,False,14.2722,1.9015777560479286,-1.2494457149118183,False,13.995,-0.2967262269786813,1.202527027774188,False,3594.8617771502422,8.843970535718565,-1.1316211477640405,1.2134146341463414,-0.7247003646997819,0.7189132071684,False,False,False,False,True,-0.9674752328290688,-0.49671129850656925,1.7399825073647002,1.2831,1.3722,0.9864,0.4683,1.7766,1.1076608704000073,1.6677665946265041,2.0127443410644528,0.6118781671606452
311.3109,1.0347205893878628,-0.9413860029835729,False,311.5148,1.1197605050216166,-0.8934339279297409,False,29.9004,1.0994792078262354,-0.06281783105736732,False,29.9092,1.2990653182856327,-1.6412038846070778,False,27.6432,-0.7449024080915795,-1.0246966430673319,False,2189.726097403661,7.663353766280888,-2.311618833176286,1.0596361548674154,-0.4619768659064536,-0.3863764924844883,False,False,False,False,True,-0.9855952972813804,-0.8792316606420484,1.165047920137664,0.6676,0.7816,1.0498,0.3484,0.055,1.0772405472047397,1.199272263055934,2.2374194891357426,-0.3013897160400383
545.1805,5.645876167708621,0.6276050229803237,False,544.7923,5.697958575204313,1.0727708509018203,False,51.831,4.669464100151762,0.3751950497302977,False,51.9233,4.767413167672344,0.648245235538612,False,52.8952,1.9706111975236538,-0.2708611220407557,False,2818.3325550347026,9.697593513736761,-1.3714622481953642,0.9955306655067421,0.46766630361070927,0.16864513417841043,False,True,False,True,False,1.7512540010829327,1.994128172938156,4.6485947031839245,1.3311,1.5853,1.2367,1.0491,0.6377,5.671917371456467,4.7184386339120525,3.032429138916015,0.15720808530761765
479.6988,4.889054961180632,-0.38993354291608107,False,479.0283,4.382140382308611,-0.4293440355017859,False,45.9756,3.1326433261911752,-0.17085632118209385,False,45.9597,3.4600542831782244,-0.4201861363575497,False,45.7734,0.7827886955993032,0.027982202752687105,False,3809.7720319055747,9.563229525419132,-1.617871667921907,0.9975021363307697,0.4993859119761464,0.34982406213601164,False,False,False,False,True,1.1339633946866097,0.8330077925877518,3.1248184102380256,0.9008,0.9713,1.0037,0.7221,0.8687,4.6355976717446215,3.2963488046847,3.059555025024414,0.3069108248413084
356.4034,3.2763686441915056,-0.6377560892928955,False,355.8884,3.0294703980225925,-0.3334435411255298,False,33.979,2.3720081614474426,-0.11531375684465302,False,33.9623,2.591292557435661,-0.5463067814804604,False,34.1453,0.32836041271157057,-0.286902928220144,False,3638.6121542737665,9.39346061192215,-1.150190586708826,1.0716082138020617,0.10668049240570095,0.3994797460339152,False,False,False,False,True,0.2507964579274858,0.16781565832885922,2.541863429012607,0.796,1.0105,1.0274,0.6835,0.6253,3.152919521107049,2.4816503594415518,2.7237223009033222,0.3479398341015614
300.5621,1.3984430929208955,-0.6498161559581794,False,300.6766,1.4333353311963468,-0.8195514042010943,False,28.9839,1.3573344786797155,0.09959143934704776,False,28.9693,1.6463533806969635,-0.5087319778816659,False,29.2821,-0.8588403978293289,-0.12635549702158885,False,3442.42501689339,8.868442409143823,-1.3028085251072368,0.7506511309115833,-0.29733084655685904,0.33494777320510616,False,False,True,False,False,-0.7838770053864336,-0.6321852916835179,1.0188846614462128,0.7909,0.8118,1.1191,0.695,0.7494,1.4158892120586213,1.5018439296883395,2.3782210122070317,0.2946189913916015
414.0822,2.5778862773666456,-0.567287464464374,False,414.0522,2.4838914186383234,-0.5895859329927244,False,39.3048,2.2742816293630397,-0.3742780336078261,False,39.4867,2.5413180221846714,-0.21532177238846884,False,28.9512,1.5514239226150672,-0.9386659889601286,False,2256.6357696514942,8.623690993398533,-1.9167888682397118,1.8075369158711432,-0.15333237927117127,-0.9598139153455243,False,True,False,True,False,-0.11972018042706412,0.10751752667855045,4.110848002161267,0.8258,0.9058,0.9169,0.7848,0.1215,2.5308888480024843,2.4077998257738553,2.501365219360352,-0.7752039400292965
953.6741,3.5201046813008174,-0.13312506451415307,False,951.0949,3.4637485437527937,-0.4618817032365874,False,86.9962,2.8014749921875506,-1.2188999824354059,False,85.5011,3.563334568609524,-0.4636422135631122,False,91.2003,-0.28559343773027646,-1.0298714192542313,False,812.7124581985088,8.321400946028717,-1.9177173248731227,0.6261929899752255,-0.7097212406457445,-0.2454798926722738,False,False,False,True,False,0.45272824895041325,0.739973775960485,1.7542640016987439,1.0094,0.958,0.5565,0.7088,0.051,3.4919266125268056,3.1824047803985374,2.02555414654541,-0.18497106172607403
359.1376,1.4246497002233796,-0.794773427836984,False,353.0585,1.5671006500036775,-0.027149105005445914,False,33.9341,1.7338943182262212,0.8298472641380408,False,34.2149,1.7410301428420418,0.18460483287174573,False,35.4996,-0.6540560150857878,0.009353008479849009,False,1541.1155522159788,8.34882663662948,-1.6559158131648506,0.7391387896936603,-1.1618101172534552,-0.3011619855016077,False,False,False,True,False,-0.736232843405255,-0.4398055942320399,1.2815885478304434,0.7296,1.1357,1.4307,0.9072,0.8543,1.4958751751135284,1.7374622305341316,1.638938043457033,-0.23097951278320394
139.9659,0.3764223100738388,1.8329022738225214,False,139.9454,0.4068772335491342,1.7007723025953156,False,13.5318,0.37294909648687247,1.720403148029495,False,13.4957,0.6733000053716492,-0.32935313287524587,False,13.2947,-1.1640964023158467,2.7772114214476877,False,1981.0662042962565,8.53867915846938,-1.354262724745868,1.6819791367594987,-1.077450813013394,0.11429400560869482,False,False,False,False,True,-1.3939719262308272,-1.4312986767630562,0.6272925993642247,1.8408,1.842,1.8107,0.7499,2.9938,0.3916497718114865,0.5231245509292608,1.7110801976928691,0.11229937028564585
488.3985,1.502088179519516,-0.7959557873139728,False,488.8384,1.606178842586066,-0.9726986222611363,False,46.4549,1.5429313211322222,-0.8833010282952576,False,46.4977,1.4317031988825344,0.2584474903789421,False,46.2404,-1.0009573434553987,-0.9882144709496908,False,1285.0965742899516,8.10188958945027,-1.6883844729208715,0.5421968787515006,-0.9813023901757305,-1.2864618372820782,False,False,False,False,True,-0.7015308846085752,-0.6440461543931166,0.8365725464458199,0.7291,0.7492,0.6997,0.9298,0.0832,1.554133511052791,1.4873172600073783,1.7933041374511713,-1.0451033666796885
303.18,0.5955871531312869,-1.0111452121259012,False,303.7903,0.6182993086099287,-1.1172832961804409,False,28.9861,0.6668944565299235,-1.291784950827575,False,28.6414,1.2235436306746208,-0.7671812791568535,False,39.1855,0.9348920339467005,-1.028189616993489,False,2922.1835790614523,7.7640743898961775,-2.1868036733907954,4.978211099707903,-1.151894307881462,-1.4517312692493578,False,False,False,False,True,-1.2657309693786898,-1.0866632621756533,3.3199413858309343,0.6381,0.6901,0.5254,0.6159,0.0523,0.6069432308706078,0.9452190436022722,1.6474178176269554,-1.1816605646142548
689.5639,6.404778685906313,0.5885871602396994,False,688.6381,5.558993180946692,0.6803616851377515,False,65.6684,3.331487663627719,-0.18187109132496193,False,65.6346,3.7828344204515343,-0.21368808527547795,False,65.2228,1.199587342141797,-0.643574376902188,False,3740.71125450606,10.305344962599529,-0.9230565731335441,1.0984584884285482,1.0770190030051197,0.9592678852124411,False,False,False,False,True,1.9358888021346572,1.045958056357044,3.6595009032068595,1.3146,1.4249,0.999,0.7853,0.3496,5.981885933426502,3.5571610420396267,3.5535336788330056,0.8104760624487302
1014.949,6.150047890514976,0.12060927924760433,False,1006.9661,7.346339645668974,1.3093417133044731,False,96.0435,4.960017104566176,0.7944593855939327,False,95.8405,5.055998923289258,2.204822316796507,False,94.7571,1.2568886794040792,0.283745515790192,False,1327.1981446028472,9.545775059743043,-0.4345973628822902,0.7526201610181749,-0.8321946341354274,0.4913044469311921,False,False,True,True,False,2.3923450753083046,2.230558320845406,3.733008871891497,1.1167,1.682,1.4156,1.5255,1.0664,6.748193768091975,5.008008013927717,1.9208176918945306,0.42381184325927634
299.5569,1.8447144648690033,-1.0485077715987416,False,300.1497,1.7491451954264505,-1.2381374906239884,False,29.0007,1.6140962971848754,-0.7389372323802219,False,29.1216,1.6499660221127146,-0.7446363969975767,False,29.1104,-0.5825016986423591,-0.9856270828562411,False,2293.6781642896,8.270076323828556,-1.726083690374086,0.8508666376507334,-0.7701818908446642,-0.9393137059934167,False,False,False,False,True,-0.5569076693145091,-0.5258888799789356,1.373380689230194,0.6223,0.6407,0.7613,0.6228,0.0852,1.796929830147727,1.632031159648795,1.9738495765380861,-0.75826522902344
345.5735,2.6762040960797564,0.6290238543527105,False,349.1254,2.9262180098617665,1.1380908304897301,False,32.9466,2.2352647280351183,0.1490407265841788,False,32.9946,2.2611876275577942,0.9066945368138003,False,32.2105,-0.16085634115787503,-0.20397713982508042,False,2320.6842035669697,9.434393586778823,-0.7031227966729222,0.8563999925179103,-0.3395424827148438,1.009782411452273,False,False,False,True,False,0.04129900879963623,-0.022772565427717592,1.9142806963648242,1.3317,1.612,1.1402,1.1282,0.6894,2.8012110529707615,2.2482261777964565,2.342122583068848,0.8522147074975575
187.3109,1.3842635080534296,0.2114144870803302,False,187.3551,1.4268557657702607,0.3180437459254155,False,18.0563,1.2368694394080277,0.04475194544425797,False,18.0121,1.6057278155896788,-0.13527110385190635,False,18.1448,-0.8622535751879942,0.09189068866089521,False,2938.583248657325,9.081393970266742,-0.9582828544996431,0.8202208715007276,-0.7559044925243987,0.17249759724282815,False,False,True,False,False,-0.7900298843753621,-0.6979496266724736,1.014506129523869,1.1551,1.2768,1.0957,0.8093,0.9181,1.4055596369118453,1.4212986274988533,1.9860592821655292,0.16039126053222574
155.9527,1.556174274773525,-0.1707240958823912,False,156.1221,1.6586167998743784,-0.08684226987229929,False,15.0984,1.5945891791467195,0.393709237842778,False,14.7298,1.8852194398117486,-0.5567623790036033,False,14.9208,-0.7917827631540726,1.198775315038686,False,3031.0292002429237,8.814968893440613,-1.6050597216423301,0.6929109589041096,-0.2680837083024575,-0.23427929885466742,False,False,False,False,True,-0.669805010340274,-0.43781166418957307,1.1049083171806704,0.9935,1.1113,1.2446,0.6803,1.7737,1.6073955373239517,1.739904309479234,2.403232498229979,-0.1757163454199251
245.2548,2.0047608178606238,-0.9234141389333458,False,245.7637,2.0744217533976075,-0.9829736752300209,False,23.6059,1.8242871197890804,-0.902518286842389,False,23.6586,1.9662600946158673,-0.9452531744728805,False,23.2321,-0.1751205172157692,-0.5338691217399198,False,2913.148153557872,8.547453960727433,-1.6053503378182037,1.0393003049657632,-0.4037012962813519,-0.6957752724171524,False,False,False,False,True,-0.4123647864138256,-0.3109543768653262,1.895982159941905,0.6752,0.745,0.6915,0.5614,0.4344,2.0395912856291156,1.8952736072024738,2.2872554280395487,-0.5570366915820308
461.0689,1.4431185694417028,-1.3547388761387937,False,460.835,1.4451053517335395,-1.6043697357292328,False,43.995,1.4014286606327402,-1.5528584388947013,False,43.9182,1.4241898329920226,-1.6059162429664704,False,43.965,-0.372925617299281,-0.9857564522609137,False,1794.5110108040549,9.611255657421118,-0.3825813715462535,1.171826696811701,-0.4413831655998204,2.1448483224826167,False,False,True,False,False,-0.7670659406556546,-0.7048811106962157,1.6422315182065104,0.4928,0.491,0.414,0.3592,0.0851,1.4441119605876211,1.4128092468123814,2.2550307522583015,1.790085785266113
342.0703,1.3527309193752932,-0.5677604082551694,False,342.9838,1.2831289642472665,-0.5166819857373052,False,33.1825,1.2371046958759566,0.2877799590220052,False,33.2013,1.4746917448292525,-0.06861666964187066,False,33.6696,-0.7595363219385707,-1.0160288929542753,False,1812.1516857939223,8.830318781167351,-1.462029050463907,0.9265788709719986,-0.46655729934240087,0.15578509044322145,False,False,True,False,False,-0.8422270853375687,-0.7513483248840922,1.1462750723789017,0.8256,0.9356,1.1994,0.8297,0.0617,1.31792994181128,1.3558982203526044,2.2335024068603513,0.14658221507324143
553.3011,4.331287677327562,-0.6661327167406224,False,553.2006,4.244608980728945,-0.8016923835646995,False,52.9619,3.7790500057039016,-0.7361249506416173,False,52.9612,4.161655966889542,-0.43554279521966555,False,53.0749,1.6940663418609097,-1.0217211467598648,False,4026.574750589564,10.239918218570375,-1.6369365029954681,1.1362205329033248,2.070717780254307,-0.17313286874062342,False,True,False,False,False,0.9268837901607664,1.3833246401080765,4.293834211349201,0.784,0.8191,0.7625,0.7174,0.0573,4.287948329028254,3.9703529862967217,4.403322224365235,-0.12519287558837888
804.0347,6.247957276340168,1.6865261705713304,False,804.515,6.985016460377307,2.4036348544906843,False,77.0303,4.190978723457147,1.0792029116276476,False,77.6918,0.0016284760197981117,-0.6224366009458444,False,76.7173,0.9179484045117472,0.2040539625119405,False,1002.0721431939454,9.378028169326903,-1.5133831631776258,0.7869774053891054,0.1757267173847754,-0.41891649692226496,False,False,True,True,False,2.313892999153122,-0.14681564484017773,3.298205561827251,1.7789,2.1293,1.5371,0.6602,1.0048,6.616486868358738,2.0963035997384725,2.7827690587768554,-0.32827655030761704
219.8984,3.017939489527072,-0.40459480043074014,False,219.9976,3.024712306034943,-0.37087409122646653,False,20.8017,2.5982896788172796,-1.008447565663162,False,20.1541,2.9415394716476326,-1.903574034953444,False,21.4359,-0.2185072846346956,-0.9561308585909144,False,3488.689083867861,8.702115510649413,-1.9756612265066968,0.7082829357975713,0.1190997324257553,-1.0850527742745302,False,True,False,False,False,0.17241185560504768,0.4031801542991312,1.8403242417652312,0.8946,0.9952,0.6463,0.2681,0.108,3.0213258977810074,2.7699145752324563,2.7343429519042957,-0.8786850704736331
161.1643,1.2166219444832902,-0.3487874331168772,False,161.6794,1.269934639731883,-0.45870132969859906,False,15.6112,1.1365354000913899,-1.1387499528851748,False,15.5628,1.42906920664441,-0.7119626547377551,False,13.713,0.06164465447647574,-1.014864568312223,False,2779.3207436895445,8.351203209745243,-1.5958207630681591,1.9354540247609817,-0.9470987592462209,-1.8516688037065674,False,False,False,True,False,-0.8866938286860663,-0.8110303204845072,2.1997120143902134,0.9182,0.9593,0.5907,0.6328,0.0626,1.2432782921075867,1.2828023033679,1.822554303039551,-1.512117010214844
265.0415,0.7535408371178203,0.13621642434385395,False,265.8268,0.8507257458653568,0.10373549828867967,False,25.4898,0.8048537134437812,1.4787812753210505,False,25.4616,0.9651842977198198,-0.08201290396839743,False,25.3799,-1.2407151589863663,0.6688782335001832,False,2018.826275109212,8.734858182272637,-1.1758662089820606,0.6572668112798264,-0.8838130110557672,0.5128729017133445,False,False,True,True,False,-1.1494647332772598,-1.1358159173784659,0.5290036337819212,1.1233,1.1892,1.7076,0.8256,1.3641,0.8021332914915885,0.8850190055818006,1.8766748324584963,0.44163321357421914
863.9,5.108716714156042,-0.09339778608733566,False,866.4514,5.301104000542671,0.3838530137499387,False,83.0421,4.29770275853186,-0.13992122205744362,False,83.1806,4.1190061208293,0.661968207287737,False,83.4447,1.5060562845754644,0.3185458856470907,False,1285.0965742899516,9.180177088276933,-0.9768932102092978,0.9429802822971661,-0.6627737083243577,-0.4520242931419576,False,False,False,True,False,1.4730782190248752,1.5776501548522186,4.052648960469682,1.0262,1.3037,1.0169,1.0533,1.0933,5.204910357349357,4.20835443968058,2.065702606140137,-0.3556325339746085
311.0959,1.9184240365594813,0.548859881812882,False,311.8398,1.9155082435346116,0.18348948085668865,False,30.2728,1.6951602048213363,0.34730658915580265,False,29.1655,0.0060723606706596074,-1.7424924856125241,False,27.2784,-0.09882253475989068,-1.0265078147327469,False,3370.402108818575,8.673921598282769,-0.8849144936823549,1.1762071930075944,-1.5194090737385986,0.9742440283502769,False,False,False,False,True,-0.4854072563165404,-1.1639053543487732,1.993859626211082,1.2978,1.2218,1.2248,0.3174,0.0536,1.9169661400470464,0.850616282745998,1.333127566406251,0.8228504024487293
247.7325,2.171413725240739,-1.1274893846615814,False,247.9676,2.1803323393034644,-0.7855458717564524,False,23.9387,2.023617224357412,-0.6848008089120834,False,23.9168,2.2878126330904585,-0.35287822730231727,False,23.6642,-0.007766208202878472,-0.653406451657297,False,2676.8707190636114,9.37151071040088,-0.818503326508015,1.0430181844181226,-0.36734923354069643,0.33012539163766275,False,False,True,False,False,-0.33118767277853484,-0.09830696170994002,2.1106695633065082,0.5889,0.8257,0.7844,0.7427,0.342,2.1758730322721016,2.155714928723935,2.318342883544922,0.2906344014624018
619.0088,3.965104578602708,-0.07944594425886993,False,619.0189,3.905681734416335,0.0004956803632200239,False,59.0117,3.4812663088658318,0.31894941495820583,False,59.0003,3.334641392420777,-0.1620635725049599,False,58.897,0.7886208202652603,0.06769860998714027,False,2876.7292504690477,9.444499857139775,-1.1929242338946233,0.8997588137208195,0.060057604683863355,0.0033332641473994436,False,False,True,False,False,0.7168819960302857,0.9241320596693088,3.1323000443113767,1.0321,1.147,1.2127,0.8011,0.8994,3.9353931565095213,3.4079538506433042,2.683851469970703,0.020615822067870937
1194.328,6.358725382722898,-0.9631414173601635,False,1192.2198,6.188035148844681,-0.8655444984427682,False,113.3728,5.177922145517131,-0.7166733352829353,False,113.3782,5.205124447527213,-0.4476320798557996,False,113.57,2.1446286942197,-0.76492287848498,False,2105.768677394368,10.505440324793467,-0.2525037419593559,0.9408851113716296,0.5271114604708388,1.197720980166473,False,False,True,True,False,2.1095193075008614,2.3803964888336813,4.871829854558515,0.6584,0.793,0.7708,0.7137,0.2558,6.273380265783789,5.191523296522172,3.0832652821655273,1.007502736396484
159.3731,0.7138466100605854,-0.22795029456864033,False,159.15,0.7400583424559443,-0.5991270536066887,False,16.025,0.7065708532211146,-1.0698490502893623,False,16.5104,0.9210146468011425,-0.7005268449468178,False,22.0054,0.4281790503262437,-0.6658259145058558,False,1246.4640209796682,7.791567053806561,-3.088873089141294,3.7786924323808915,1.0021218627391872,0.6678560253381575,False,True,False,True,False,-1.1942466775340876,-1.193971355424238,2.669913936007535,0.9693,0.9019,0.6201,0.6363,0.3324,0.7269524762582649,0.8137927500111286,3.4894833515625017,0.5696911419970689
703.3771,4.655016563176669,-0.8768291755399943,False,701.9484,4.516919351227907,-0.7459135245907547,False,66.9197,3.983992945960443,-0.36584118839201246,False,66.9543,3.658078564927527,-0.21466829754327246,False,67.292,1.6534763405168658,0.2766301985332052,False,1893.0040460483112,9.141496563196307,-0.9463411969613237,1.0647017027214436,-0.7837122011538386,-0.23211107101908246,False,False,False,False,True,1.1044011306539638,1.2614087974395463,4.241764073194304,0.6949,0.8419,0.9205,0.785,1.0609,4.585967957202287,3.821035755443985,1.962278763549806,-0.17392480348632766
179.8274,0.5085036133054643,-1.2660619153646475,False,179.6604,0.5570745415204195,-1.256485799496997,False,17.4596,0.5699965138538716,0.1834911778820849,False,17.3939,0.7455635838371018,-0.4459983927428087,False,17.403,-1.2832031328569067,0.6157074081797912,False,1765.6589750028108,8.029621686733128,-1.589980778080863,0.8324589797968523,-1.2561624875740447,0.5446049497067049,False,False,False,True,False,-1.3099013758347442,-1.3213539744359821,0.47449871641055646,0.5303,0.6332,1.1549,0.7142,1.323,0.5327890774129419,0.6577800488454867,1.558250046875001,0.4678524575512686
215.8783,2.0669788079662164,1.4240423666798572,False,215.8175,2.0359820100496773,1.0828012597523982,False,20.7518,1.743729619741671,-1.149764723028043,False,20.6232,2.197459811070239,-1.1158101090691486,False,20.9963,-0.3396242390878504,0.23613757487071724,False,3146.0129147512525,9.14837356261712,-1.422191673040409,0.9662917696008322,-0.27282231750518393,-0.22692128133128037,False,True,False,False,False,-0.4052829523214311,-0.24945553761608077,1.684951579965565,1.6679,1.5894,0.586,0.5092,1.0296,2.051480409007947,1.9705947154059549,2.399180147644042,-0.1696366351953138
293.3955,1.042365184881531,-0.2009924984932999,False,293.3793,1.036231937291525,-0.4961318797995361,False,28.0531,0.9417063521878873,-0.4933312938754207,False,27.9838,1.1973698081616895,-0.0499926365537723,False,26.8854,-1.0219823958498724,-0.6222284251312279,False,1000.8703926971496,8.166480169524847,-1.8728183029478007,0.859716982938552,-0.8937612067503565,-1.0908097621387396,False,False,False,False,True,-1.008195689443475,-0.985158164492546,0.80960094391704,0.9807,0.944,0.8661,0.8354,0.3661,1.039298561086528,1.0695380801747885,1.8681673622436517,-0.8834418976855485
297.3532,0.999942731255924,0.03855353154459432,False,297.1983,1.062765396049556,-0.10519057874530766,False,28.7274,0.9491279254926125,0.8959358849952487,False,28.9418,1.0841363657609544,-0.2868772679374779,False,28.5251,-0.6158643578066668,1.0010988646991272,False,1946.8709636521842,8.09885772864528,-2.104126336720636,1.4018995528290032,-0.17292153767386867,0.0777023506560792,False,False,True,True,False,-1.0129278812948703,-1.0283552660979693,1.330582014325613,1.082,1.1038,1.4589,0.7629,1.6209,1.03135406365274,1.0166321456267835,2.484613017578127,0.08206477814941238
680.238,2.9570643325388333,-0.7238318592176669,False,682.5135,2.8082381260300626,-0.7219384009966905,False,65.2046,2.42246309126914,-0.53574987676604,False,65.0917,2.525966798785985,-0.3025606642221923,False,64.401,0.38922605330839594,-0.5122644311596147,False,1377.0057884463963,9.814423345601112,-0.35638251319570535,1.0815206259473187,-0.17596979176801825,1.3626785132823596,False,False,False,False,True,0.08980938241858555,0.161744725934156,2.6199437988036776,0.7596,0.8517,0.848,0.7581,0.4511,2.882651229284448,2.4742149450275623,2.48200622015381,1.143802221621094
999.5451,2.0128294093972547,0.5933165981476539,False,1001.7032,1.82053569897857,0.13602852190517384,False,96.1586,1.6455367857718695,0.23622146048092096,False,96.2314,1.9406247625943958,0.8756544816669698,False,93.11,-0.4584815390572511,0.41854843545892256,False,641.1147458012591,8.4483292433364,-1.7914805962648113,0.9312934768111975,-0.7979358317922872,-2.0653709064726122,False,False,False,True,False,-0.4855761760881119,-0.39439367774899264,1.532477674442207,1.3166,1.2024,1.1774,1.1187,1.1706,1.9166825541879122,1.7930807741831325,1.9501150388183586,-1.6886926781958014
136.259,1.5697721764469523,-0.6261689664184072,False,135.6739,1.5275480347654848,-0.6796149685296182,False,13.0635,1.1532628956537891,-0.8162749801918483,False,18.263,4.306243552669347,-2.5420189587103557,False,16.5633,-0.5538212703476992,0.05903085987408378,False,3143.6344941246284,7.8883086088931265,-2.337001591458467,1.2227679009920438,-0.45453622384037917,-1.904496780756042,False,True,False,False,False,-0.7047911543574829,0.3703888620246115,1.4101728502105901,0.8009,0.869,0.7283,0.0727,0.8927,1.5486601056062186,2.729753224161568,2.2437825566406246,-1.5557671906054686
127.7303,0.528897985953784,-1.201505087921069,False,127.9518,0.5263205139698275,-1.3954436586952457,False,12.1207,0.7457195828942577,-1.3939645206635416,False,10.2986,1.5072702566673242,-1.8408404498145867,False,17.4998,-1.0914255227566967,-1.0272840311607816,False,1070.2662831005766,7.197313459082289,-2.851329932382431,0.9662038114446772,-0.8377548699510797,-1.0768852113911205,False,False,False,False,True,-1.312986773930746,-0.9386535443851015,0.7205171032613666,0.5576,0.5764,0.4818,0.2873,0.053,0.5276092499618057,1.126494919780791,1.9160627049560546,-0.8719364570849599
509.6427,3.2810810485076978,0.21992747531464837,False,509.9512,2.958165533341655,0.2620202428331639,False,49.0321,2.291908793169547,0.35691521842936835,False,49.0178,2.440893649824619,0.18199093349095993,False,49.0548,0.24965189343020167,-0.21872525195774378,False,2784.2603144003906,9.604482326350691,-0.5662476641848707,1.0650047057278555,-0.2234908253310982,0.7993781461213053,False,False,False,True,False,0.2309633406706167,0.07371603105155602,2.440893649824619,1.1587,1.2539,1.2289,0.9064,0.678,3.119623290924676,2.366401221497083,2.4413673153686517,0.6783639441406262
225.7603,1.8707010280319387,-0.3885147115436949,False,226.1861,1.7852320462607867,-0.40634748838094903,False,21.9198,1.2906768284013348,-1.2713959082226916,False,22.643,6.19365485413353,-1.3883091195160595,False,22.4373,-1.0624041730505964,-0.20177785994564812,False,1850.8165743059378,7.386334837043077,-2.191817706916244,0.5870924404485093,-1.1517230688727964,0.31999220241925613,False,False,False,True,False,-0.5384204518187304,1.1970123979542633,0.7577466090164816,0.9014,0.9807,0.5341,0.4258,0.6911,1.8279665371463627,3.742165841267432,1.6475642573242197,0.2822616497119128
294.0927,1.2946591735721018,0.41880033934413363,False,294.2175,1.2118070611106357,0.48978391697677254,False,28.1512,0.9744852735429312,0.2788744001830906,False,28.2044,1.119827582637125,-0.10815189777625463,False,28.1061,-0.7244854304364701,-0.8121427111904375,False,1769.483928801485,8.687536227181846,-1.3728511848961789,1.2224294173455033,-0.6562675134978112,0.1560494997395674,False,False,False,False,True,-0.8807641719335801,-1.0034325321502116,1.191239465148859,1.2428,1.347,1.1956,0.8176,0.2193,1.2532331173413689,1.047156428090028,2.071266555664062,0.14680068858154272
568.9274,1.5309699406082178,0.5623387798505524,False,567.515,1.6188155371983337,0.561709287758965,False,54.542,1.5829639505511692,0.5893971754873479,False,54.4368,1.692497280587133,1.1311631461387737,False,53.873,-0.34922705083051897,1.4822236806761027,False,909.7016643111198,8.569428682942084,-1.7750846805239389,1.0566461659522477,-0.5778724352069312,-0.5543190130944612,False,True,False,True,False,-0.6891655147794498,-0.5212353382053968,1.6726327891905164,1.3035,1.3764,1.3281,1.1969,1.9928,1.5748927389032756,1.6377306155691511,2.138308239807129,-0.44015560732177583
207.2407,1.0506771463204025,-1.349300022544646,False,206.5866,1.1029220263643047,-1.3543434468197075,False,19.9583,1.0994370433960095,-0.7082364900671217,False,20.0121,1.2893409355259573,-0.694972308762648,False,19.8007,-0.9867198509057463,-0.1315302732084883,False,2299.8958396966955,9.100876345625677,-1.0523062669860748,0.7775223306825463,-0.47207018468889556,0.5793128774240901,False,False,True,True,False,-0.9858579585028308,-0.8832187987098348,0.8548368524199929,0.4951,0.5932,0.7744,0.638,0.7454,1.0767995863423536,1.1943889894609834,2.2287879129638686,0.49653058210693324
643.4371,3.393361705067084,0.45592642692157637,False,643.3655,3.2852535653551844,0.559262846575897,False,61.5547,2.5409157593362526,0.5136999253565743,False,61.5637,0.8981904793117775,2.1924062947377747,False,61.4996,0.11737339515050871,0.4078107748711063,False,2786.181758011828,9.825616220880805,-1.381214953553257,0.8938519894108815,0.9628674117539322,0.8447287405343206,False,True,False,False,False,0.36181975702367175,-0.4544281824769234,2.271202606408169,1.2585,1.3754,1.2958,1.5217,1.1623,3.339307635211134,1.719553119324015,3.455913839782715,0.7158357864770508
609.9149,3.361039893051995,-0.8711538500504488,False,610.8568,3.181880221019694,-0.7559439334413325,False,58.9177,2.681251923265655,-0.7000340016628582,False,59.0411,2.862752153163542,-0.39372040512709433,False,59.8236,0.6500643576587374,-0.4744885649952488,False,1798.6048736577145,9.92380377106345,0.1749329463059279,1.1019313045369943,0.11991120182426451,1.902084865839852,False,False,True,True,False,0.32140590337793695,0.4048845443889674,2.9545554295964496,0.6973,0.8378,0.7779,0.7302,0.4803,3.2714600570358447,2.7720020382145982,2.7350369020385727,1.5894975881298823
306.1743,2.853789530059007,-0.8990575337073803,False,305.8693,2.9546403359663747,-0.478762147399755,False,29.4175,2.251299193775079,-0.8610371311979711,False,29.8843,2.757284020110725,-0.29112485443125463,False,30.6756,0.08831693356310814,-0.8799322792388201,False,2242.2494067686757,8.730180902174983,-1.362846967703081,0.9922839506172839,-0.7265928837397507,-1.6653588748100108,False,False,False,False,True,0.10265394356536184,0.18630198272980006,2.233928058020641,0.6855,0.9511,0.7092,0.7616,0.1669,2.9042149330126907,2.504291606942902,2.0111259019165058,-1.3581746777783223
218.7571,2.3020165663791525,-0.06880470896597249,False,218.6803,2.418543168189711,-0.11326383464943093,False,21.9916,1.9789146835570288,-1.9772786246124445,False,22.025,2.1531277522155645,-1.9408221011296403,False,20.8103,-0.7563595404682586,-0.9966234822534025,False,2849.0039525256534,8.665639002458784,-2.3133567729662965,0.5813036598967655,0.2457727193733671,-1.1133533722123468,False,False,False,False,True,-0.22134453553040578,-0.1715408696547159,1.15035034817515,1.0366,1.1005,0.2329,0.2567,0.0767,2.360279867284432,2.0660212178862967,2.842670803161619,-0.9020690097070307
359.0175,0.9376331349991677,-0.14282041222545971,False,356.2259,0.9486533910766082,-0.26836820565592745,False,34.006,0.8995342729440926,-0.040085220336980094,False,34.7966,1.0130759924700115,1.0024286016350767,False,34.6487,-0.8545175367569138,-0.49686947200358883,False,1575.5044524038278,8.928767814247252,-1.1862420176508701,1.1388450615336068,-0.5670652066725538,0.13862224139293589,False,False,False,False,True,-1.0654712215569417,-1.0776115948805332,1.024430164422603,1.0053,1.0371,1.0595,1.1575,0.463,0.943143263037888,0.956305132707052,2.147550335327148,0.13240106525634765
466.795,2.957301528299448,0.14023644656561535,False,466.4555,2.9617042148567525,0.06410315112298193,False,44.3228,2.5882604714079127,-0.08062894873519653,False,44.311,2.524520602849927,-0.2189158840370495,False,44.2312,-0.10117656141423352,-0.8250796516576859,False,2601.335778706672,8.804823066219114,-1.097882608757542,0.7691806247170665,-1.026093760026263,-0.5992702483029229,False,False,True,True,False,0.13558656574067493,0.22884017433356488,1.9908398063280277,1.125,1.173,1.0422,0.7837,0.2093,2.9595028715781,2.55639053712892,1.7549995788574204,-0.47729747106933473
307.8003,0.2701181135898172,-1.7300197741349812,False,307.3797,0.2693346271271983,-1.8492584981543156,False,29.7592,0.2876414432450827,-2.224993774421199,False,29.4969,0.39324140508471755,-0.43162194614848703,False,30.8589,-1.485912524684701,-0.6918291648450253,False,604.5609712496321,6.272439718464766,-3.4836429051577205,0.7455695243865496,-1.0850336785632764,0.15226861638478953,False,False,False,True,False,-1.466596397653824,-1.5804573988583284,0.21445669403409698,0.3341,0.3909,0.1272,0.7186,0.3123,0.26972637035850777,0.3404414241649001,1.7045955039062477,0.14367665753417924
184.1367,1.6089545842013588,0.30955032367038576,False,183.7892,1.5824867206170365,0.32782951065768656,False,17.7405,1.8452604364511915,1.6648605836920543,False,19.3979,2.4608690078347712,-1.163840510191086,False,20.9532,-0.2805487859187767,-1.0293539416355415,False,2802.553185348352,8.300374284202787,-1.4785431983373922,0.9541934601176632,-1.1855908184252182,0.06731119624478722,False,False,False,True,False,-0.6767592318904766,-0.1004708256305167,1.7607354406755915,1.1966,1.2808,1.787,0.4945,0.0514,1.5957206524091978,2.1530647221429815,1.6186013298339859,0.07347887746093917
506.5515,1.4255340627681756,0.5171726478295868,False,506.5065,1.4266241718879202,0.13871960720654863,False,48.6317,1.326177490265221,0.20177100918301483,False,48.7565,1.4160849232407253,0.49337169722705865,False,49.5488,-0.8473751468524279,-0.0761601680086642,False,1189.2804436884423,8.568089576300803,-1.2644828435751687,0.7793773124585979,-1.291949322155018,-0.47598851264824593,False,False,True,True,False,-0.7778073216733531,-0.7389107625026227,1.0335926482059965,1.2844,1.2035,1.1627,1.0017,0.7882,1.4260791173280478,1.371131206752973,1.5276459616088864,-0.37543345316162124
298.5399,0.823232426406325,-0.668970379485395,False,298.1357,0.8394610354832441,-0.9249930191913147,False,27.8119,0.9274484527409039,-0.042663145264034544,False,28.5996,7.3299754378770805,-2.0015952617329087,False,28.1835,-1.2240658545646557,0.23678442189407958,False,2089.8459033702084,6.896343433719547,-2.8758416285858646,0.5934150698278662,-0.7497183662515914,-0.33249968165873867,False,True,False,True,False,-1.1320635570186208,1.5126229523111272,0.55036188834499,0.7828,0.7687,1.0584,0.2381,1.0301,0.8313467309447846,4.128711945308992,1.991349516357424,-0.2568729156103515
247.5604,2.3493882257655616,1.3313453836839497,False,248.4092,2.6288910411423716,1.2511164131474604,False,24.513,2.6921476617408966,3.361838256128376,False,24.745,2.741317380144384,0.47017334022258545,False,24.3397,-0.21901616057638257,3.2584656068293363,False,3348.6076990039305,8.94152202063608,-1.2549893404749923,0.6833471528135715,-0.8869158532454605,-0.756492733742884,False,True,False,False,False,-0.14458837310196035,0.3597576040244013,1.8396714396043554,1.6287,1.6582,2.5111,0.9946,3.3658,2.4891396334539664,2.7167325209426405,1.8740213525390637,-0.6072057173095704
881.0583,3.7562867309990775,-0.6701527389623837,False,880.9097,3.682432353227574,-0.6265271948570477,False,83.9195,3.1047246435609477,-0.1115640478598473,False,83.9092,3.25237725222589,0.06534567362339747,False,83.6764,0.40497510237506024,0.3171228221956935,False,1430.2457351377416,9.201426252899454,-1.3799446256696417,0.8503643576847102,-0.2323104058731742,-0.039654379469257005,False,True,False,True,False,0.5882001608111952,0.7368271649854377,2.640147177309596,0.7823,0.8907,1.029,0.8707,1.0922,3.7193595421133256,3.178550947893419,2.4338250111083983,-0.014903584565429284
255.4208,1.7002349931529197,-0.5363096461672722,False,255.0856,1.8231198005424556,-0.7040793803602958,False,24.485,1.6823713647044494,-0.6020728544347983,False,24.4803,1.8603852159916425,-0.53356402199913,False,24.4908,-0.7004769745540457,-0.7421538632626224,False,2835.144331116606,9.079770704339225,-1.2079919898161908,0.7263784308962836,-0.13737319368803808,0.06439705368071921,False,False,False,True,False,-0.5779060117514789,-0.4121135121555402,1.2220382720788574,0.8389,0.859,0.8197,0.6874,0.2734,1.7616773968476878,1.771378290348046,2.5150131511230462,0.0710710084545898
155.0494,0.4258611071268741,-1.2497453545822044,False,154.288,0.4452902800727464,-1.3795417910053054,False,15.1236,0.42429703137153646,-1.197573512584321,False,15.1803,0.5066984683914608,-1.1386817286510236,False,15.5081,-1.1760833135295727,2.0871550169246476,False,1100.2184413264604,7.7166823182433415,-1.9908279638539925,1.4421864050455504,-1.209223032134813,-0.2843679923131849,False,False,False,False,True,-1.367807163653438,-1.4783503128663178,0.6119154103452152,0.5372,0.5829,0.5656,0.5022,2.4604,0.43557569359981024,0.4654977498814986,1.5983915993042004,-0.21710313755371047
345.6684,2.060770854389687,-0.22322085666068583,False,346.9929,1.9186482002706158,-0.1920392407442129,False,33.5305,1.5421216564472537,0.10474728920115613,False,33.5496,1.5637457980853096,-0.3283729206074513,False,33.3775,-0.7034065554015219,-0.31264743974996867,False,2222.640771092681,8.903895020586916,-1.6739218116661592,0.7900025967281226,-0.26488762657431836,-0.8714461361666291,False,False,False,True,False,-0.4420771819584091,-0.5904710455251329,1.2182801130640042,0.9713,1.0683,1.1213,0.7502,0.6054,1.9897095273301515,1.5529337272662818,2.4059657144775386,-0.7021882820898444
651.6613,5.8612276566383,-0.7510261271884052,False,651.8135,5.70116144570309,-0.7500724746019699,False,62.5067,4.903323097923712,-0.7853398810671975,False,62.4978,5.015356511190574,-0.5057913410782819,False,62.5524,2.0779919716410697,-0.820551722494149,False,3305.848380012737,10.220571273965207,-0.666939988432673,0.9761433343455814,0.4796611519953494,0.017646823891595786,False,False,False,False,True,1.8163456678242214,2.1908212742721687,4.786346158180959,0.7481,0.8402,0.7415,0.6959,0.2128,5.781194551170695,4.959339804557143,3.0426868598632826,0.03244268918945359
312.7628,1.6348233182234215,2.0159315208603594,False,312.8867,1.554546527004424,1.5838324140446765,False,29.972,1.2552475212975507,1.059751296268966,False,29.9436,1.4146817427606342,0.6613147324425406,False,29.4773,-0.7970956590919448,1.537464416471254,False,1781.964259615368,8.985604288725336,-1.1747529843790465,0.8748017801422068,-0.5649146274400745,0.051985419004179044,False,False,False,False,True,-0.6773761711164373,-0.7684403647375108,1.09809276615019,1.9182,1.7942,1.5288,1.0531,2.0355,1.5946849226139228,1.3349646320290924,2.149389461669921,0.0608156452392592
553.1965,2.2628213245760933,0.28684902171220417,False,553.1079,2.078042749715745,0.06801745701589046,False,53.0214,1.789157480505831,0.24348652163898307,False,52.9134,1.7837394266616395,0.5286593388676656,False,51.5729,-0.33384309182131316,-0.1607677586644701,False,1074.012768236732,8.965946401021332,-0.931019026431868,0.9459021003222946,-1.1121971073349177,-0.5752668657127398,False,False,False,True,False,-0.33442863710814713,-0.39980889306008305,1.6923678186178106,1.187,1.1746,1.1805,1.0125,0.7228,2.170432037145919,1.7864484535837353,1.6813659587402352,-0.4574641925952143
622.7808,5.836733560753804,1.7423335378851932,False,622.5795,4.776522155302207,2.390913360338731,False,59.3419,1.9237689879845967,2.1663841604098732,False,59.3449,2.324436810663545,0.6312548895635053,False,59.3428,-0.3169944260694519,0.2906020942378339,False,3474.790704692972,10.14805970711836,-0.2864418871364629,0.8909499170164991,1.7077199907047458,1.6051945028156474,False,False,True,False,False,1.5336669135102736,-0.12411782881976337,1.7139818202037906,1.8025,2.1241,2.001,1.0439,1.0717,5.306627858028005,2.124102899324071,4.092894788330078,1.344185944072267
371.2193,1.3920468273517328,2.7518320593380756,False,371.1823,1.4421230164950851,3.2168319037424085,False,35.4999,1.1016842127893645,2.491671414841805,False,35.48,1.4095154956338456,0.9367543796928357,False,35.5235,-1.2568483824264174,-0.5649177788613166,False,2660.1062848233987,9.973228014341847,-1.6704521766749176,0.46139122112498365,1.1705477093460803,-0.36934137694015956,False,False,True,True,False,-0.7831647729858393,-0.8332408148299877,0.5083074242330011,2.2294,2.4617,2.1398,1.1374,0.4104,1.417084921923409,1.2555998542116051,3.633517296752931,-0.2873141086059565
570.4227,1.9744615435364985,-0.1737982305225618,False,572.084,1.9771299216465927,-0.360599038257582,False,54.7689,1.4663454334330812,-0.09187807568961472,False,54.7436,1.5193377115377515,-0.13788500323269215,False,54.1308,-0.7911445359168185,-0.7627235986055477,False,1342.4384153571411,9.168907365147037,-1.515338700411487,0.7540699688257706,0.09412927226147431,0.9005958946693056,False,False,False,True,False,-0.4503650247870808,-0.6395356152739675,1.1057270552766945,0.9922,0.9994,1.0374,0.8085,0.2575,1.9757957325915456,1.4928415724854163,2.7129887835082993,0.761997148166504
612.9526,4.609961531959454,0.7172278713360611,False,611.3913,4.478864617373507,1.6278683553398963,False,58.3369,3.1569933388089835,0.5575246491164958,False,58.3213,3.318344688279295,0.8939517773324699,False,58.2441,1.1929778906723192,-0.7193848480402648,False,3898.8431675765346,10.679863649286553,-0.159807841494231,1.1564871058896826,0.6381284809681491,1.2068761870449436,False,False,True,False,False,1.0796486931133196,0.7850964018952045,3.651022089712208,1.369,1.8122,1.3145,1.1243,0.291,4.54441307466648,3.2376690135441395,3.178204507751465,1.0150674105346678
608.0786,4.352110069418399,-0.162447579543471,False,608.2375,4.190604300303802,0.1453249984008314,False,58.0529,3.6133546263390053,1.097717099740128,False,58.1455,3.8315459617889602,0.8678127835246128,False,58.5119,1.4137031779883082,1.2793724541496447,False,1840.4997630959533,9.031764864968254,-1.303781433156645,1.0887875339549224,-0.6377075023451245,-0.3396763343723548,False,False,True,True,False,0.9170011666358074,1.1809148750009324,3.9341754729162557,0.997,1.2062,1.545,1.1163,1.836,4.271357184861101,3.7224502940639828,2.0871386541748045,-0.2628027695068358
260.7199,1.1120079008996617,0.2274945759673752,False,260.9676,1.151387418389774,0.01908863335453515,False,25.0286,1.0951336307729367,0.34051024162084126,False,25.0203,1.2235745694727207,-0.24211424104152274,False,24.9997,-0.9169996649825467,0.7701744773587395,False,1978.0754260900553,8.760587034674993,-1.1359772590503743,0.8622473884604119,-1.1070662798472415,0.09402054533991008,False,False,False,True,False,-0.9531575621210684,-0.9118243925322408,0.9442761131491336,1.1619,1.1546,1.2219,0.7766,1.4424,1.131697659644718,1.1593541001228287,1.6857537254638686,0.09554801527831991
97.2633,0.46624781052320985,0.11989986356141123,False,96.8208,0.5316017359762307,0.08930149530857982,False,9.1172,0.5437653131866845,-0.00797833715457807,False,8.4109,9.48297415965486,3.1144593013099366,False,16.972,3.230643582006812,-0.14563153831778916,False,1814.4247544803948,7.293521073577932,-2.8166451794482823,11.52152218347962,0.07116317511814324,-0.21462140686862713,False,False,False,True,False,-1.3300728700733628,2.234936107067147,6.265004118487129,1.1164,1.1833,1.0732,1.8039,0.7345,0.4989247732497203,5.013369736420772,2.693348700683593,-0.15947361610840005
433.5003,1.0267321857770055,-0.6507620435397704,False,433.4368,1.031368859592014,-0.8014477394463927,False,41.559,1.1586596001727882,-0.23975722377790634,False,41.6161,1.3749068338813286,0.24243735667162988,False,42.4106,-1.2622989251635637,-1.0160288929542753,False,790.527764524877,7.951419285396573,-2.62283565377008,0.4326683138498605,-0.2963662915966233,-1.5345691583263517,False,False,False,True,False,-1.0143000005371594,-0.8241097246421543,0.5013152955327139,0.7905,0.8192,0.9743,0.9249,0.0617,1.0290505226845097,1.2667832170270583,2.3790458776245114,-1.2501070394433587
843.1226,1.5763071633401347,0.8316802687085594,False,843.4297,1.6526730680409996,0.5022607670104184,False,80.5874,1.5332763463165648,0.23669017410402166,False,80.6413,1.5886807330468464,0.28066563511562076,False,80.4946,-0.7144628830176505,-0.9840746500001714,False,2340.3076157960336,9.143803375490767,-2.0764596789888072,0.785309646903531,1.347126018017704,-0.36187144692490064,False,False,True,False,False,-0.6655790783394908,-0.5839025465037175,1.2040967061313976,1.4174,1.3521,1.1776,0.9366,0.0864,1.614490115690567,1.5609785396817055,3.784523041687013,-0.28114192843017527
406.295,3.838477600796818,0.7351997353862882,False,405.6281,3.7078429389256353,0.5372448759282874,False,39.5201,2.6787233445465506,-0.5980887886384417,False,39.7709,2.5377837351209336,-0.5721190378657195,False,42.1882,-0.30679994196771926,-0.39919557147586193,False,2301.473921284883,8.676116893208125,-1.5283440453998187,0.6447323612272066,-0.38788395327309716,-2.6941461463087824,False,False,True,False,False,0.6202469161370852,0.2711857337975935,1.7270596270039378,1.3766,1.3664,0.8214,0.6756,0.5385,3.7731602698612265,2.608253539833742,2.3007820592651385,-2.2082308883813475
465.1301,4.089318870993247,-0.5583015324392604,False,465.4278,3.8677820871498567,-0.5034712033487394,False,44.6872,3.601010643610032,0.9524158765788909,False,44.9449,3.8901841531839927,-0.31105583720974606,False,43.9349,0.848734142884553,-0.9961060046347124,False,3303.2068150055993,8.969098820246124,-1.5933585087055022,0.8912540490513652,-0.08702085261140739,-1.1256971059674301,False,False,False,False,True,0.742588937452093,1.1998142258258944,3.2094153167945043,0.8296,0.941,1.483,0.7555,0.0771,3.9785504790715516,3.7455973983970123,2.5580733255615247,-0.9122682684179715
371.8099,3.89766714399186,-1.5850625022561768,False,371.9504,3.850559497954532,-1.6312805887429782,False,35.6293,3.5003843644633044,-1.3210795522713725,False,35.6481,3.658709398760368,-0.924668716849193,False,35.6328,0.8538356919178046,-0.2938888760724582,False,3888.3496487977486,10.027874604142855,-1.3588694120698812,0.9187447464275708,0.7859180878709352,0.6321154666541848,False,False,True,False,False,0.680380261238789,1.0642358430512004,3.215959745327872,0.3954,0.48,0.5129,0.5677,0.6199,3.874113320973196,3.579546881611836,3.3045908110961904,0.5401597853002933
413.7903,2.968288402685043,-0.5954276200167031,False,413.8965,2.8489466362646154,-0.522308800458361,False,39.4831,2.4372660094204712,-0.435913875045577,False,39.5309,2.5661699714863824,-0.492068369329157,False,39.2702,0.23205691023034705,-0.2231238117166084,False,3424.9322533454206,9.507530187183331,-1.5570844756676858,0.9922274545546609,1.0921304260705402,-0.21220022561102747,False,False,False,False,True,0.10527637298331192,0.18420065375907052,2.41832224859987,0.8139,0.9333,0.8906,0.7001,0.6746,2.908617519474829,2.501717990453427,3.566456623413087,-0.15747306631347513
356.8636,2.287348348370303,-0.31402606449341197,False,357.1595,2.261894619089298,-0.3055541116385571,False,33.846,1.9811359307222378,-0.29365929043449446,False,33.824,2.1606800942815836,0.018948959614451016,False,32.0263,-0.016311165130415826,-0.31264743974996867,False,1835.2516431227455,8.837105138248107,-1.5916452088567885,1.0598504573068963,-0.008773700518361259,-0.7990882257521381,False,True,False,True,False,-0.2723675118784091,-0.16755085671308687,2.0997078221630874,0.9329,1.0219,0.9513,0.8565,0.6054,2.2746214837298004,2.070908012501911,2.624988506591796,-0.6424011007763664
526.8068,3.948931002972593,1.0787933993991807,False,526.11,4.162286839774018,1.4260369577368057,False,50.6103,3.213618816524148,0.953118947013542,False,50.5175,3.1189253153293928,2.2606944160608013,False,50.5244,0.4711368111263827,1.1712196318434462,False,1957.4922147727993,9.830322780595987,-0.5435747821477225,0.8479604042975823,-0.345463046737883,1.1556955441999444,False,False,False,True,False,0.7884893025514271,0.7268015957095932,2.725021510918135,1.5219,1.7297,1.4833,1.5426,1.7524,4.055608921373306,3.1662720659267705,2.3370594516601564,0.9727783732202138
402.0493,4.3611960993239585,3.2198099403301703,False,402.2159,3.8687077078010854,3.2258837361197585,False,38.5061,2.3635370466622763,2.088343342163596,False,38.5196,2.554995215760458,0.7586824843768087,False,38.4919,-0.5419765893466876,1.750018348348149,False,3390.775749093308,9.007065035144995,-1.0544787370995552,0.6030654708056554,-0.768104274405869,-0.5266744728046525,False,False,False,False,True,0.823837337980198,0.14953918727737608,1.4253675818119937,2.4273,2.4654,1.9677,1.0829,2.1998,4.114951903562522,2.459266131211367,1.9756263067626971,-0.417313748937989
635.3143,4.761180460569005,-0.14211099653926662,False,635.2249,4.4773655387300515,-0.014427610853493318,False,60.4731,3.5823343762107376,-0.023914600340003905,False,60.4104,3.77459717727969,0.03724625527995083,False,59.8382,0.5555417707507109,-0.273060401920188,False,2394.2902126704635,9.352357889844061,-1.4220605581835633,0.79090854356072,0.15952855966396748,-0.6638847646613518,False,True,False,False,False,1.1242394969940317,1.145002010406123,2.833298864036335,1.0056,1.1409,1.0664,0.8621,0.636,4.619272999649528,3.678465776745214,2.768916763488768,-0.5306865170336916
641.3813,4.959073718349373,-1.0539466251928893,False,642.4818,4.787038409050684,-1.1400351991829714,False,61.3323,4.286341180049063,-1.022508974356185,False,61.3668,4.685534721412496,-0.6590311922768444,False,62.0515,1.809976229593593,-1.028189616993489,False,2351.855644109251,9.232337602166691,-1.2813397761945744,1.036438047410981,-0.39298775735318175,-1.386894470498517,False,False,False,False,True,1.2754070387713516,1.8042939753095548,4.44252708318733,0.62,0.6808,0.6403,0.649,0.0523,4.873056063700028,4.485937950730779,2.2964174023437494,-1.1280878533447254
536.5068,2.2112672430340927,0.6032484177543582,False,537.0669,2.3019200714404353,0.47706242282482053,False,51.3993,1.8315262732074322,0.9156218571654807,False,51.4269,1.882669918447357,-0.03594292738204916,False,51.2812,-0.5290729047287406,-0.9042537273172474,False,2347.953745808155,9.3255251158136,-1.6839814064589147,0.7872782705099778,0.6854573221773578,0.6554522294809692,False,False,False,True,False,-0.2831059046260136,-0.34212425332241786,1.4419208367643321,1.3208,1.3418,1.4673,0.8397,0.1481,2.2565936572372642,1.8570980958273946,3.218679054016116,0.5594422557641607
374.4325,2.6511675625348188,2.801727629266996,False,374.1145,2.997796319364006,3.4651456838237866,False,35.948,1.9376086943281878,1.6697820767346123,False,36.0479,2.180515906736678,1.6408735253919884,False,36.3085,-0.13926505671623565,-0.014321592575215918,False,1971.9640318885217,9.25735193429765,-0.7284067655259756,1.0022553495791848,-0.7830384839664769,0.6192416145378525,False,True,False,True,False,0.05516046540971173,-0.17722274754926193,1.9419786792815656,2.2505,2.5632,1.7891,1.3529,0.836,2.824481940949412,2.0590623005324327,1.962854911132812,0.5295225056127926
1585.3596,0.1602490974896868,-1.116611677473286,False,1585.291,0.15023369922648386,-1.2687180054123357,False,151.5196,0.11062515424230945,0.5033882256483576,False,151.48,0.17649298440140912,-1.1014336624748273,False,151.4601,-1.539499223603278,3.4636454826398992,False,529.2308926149217,8.181353247749199,-2.3317452710152753,1.317186691949664,-0.4447139561217752,-0.8591938859268151,False,False,False,True,False,-1.5347901199279999,-1.741209631270988,0.14571398096284896,0.5935,0.6282,1.2914,0.5136,3.5244,0.15524139835808531,0.1435590693218593,2.2521823361206064,-0.6920646134765622
462.2499,5.614744171256991,2.0946766620278017,False,462.4086,5.954398575084232,2.7131096641487553,False,44.1495,3.796815855932835,2.231066640397779,False,44.1594,3.3730657697499464,2.689373914509659,False,43.0442,1.0629400755227476,0.5131174702745098,False,1902.7439608016653,9.146899529075247,-1.4283851529994012,0.9176651166990204,-0.053801543581305435,-0.6081671479133547,False,True,False,True,False,1.8183570939320146,1.0686399273446991,3.4842054655192967,1.9515,2.2558,2.0286,1.6738,1.2437,5.784571373170611,3.5849408128413907,2.5864817214965807,-0.48464871362304685
702.0561,3.4767457118167573,0.17759900603845577,False,704.3945,3.335836834297617,-0.045742057996760496,False,67.112,2.5775038762977864,-0.5744187506718531,False,66.8661,2.81181626417807,0.07972212021771877,False,67.4111,-0.05301116488811875,-0.22648741623809296,False,1250.8676619196706,8.720714781741261,-1.1410611786641514,0.7963626825216403,-1.2772549607440993,-0.7973357343190403,False,False,True,True,False,0.40171899896235036,0.3417356958222692,2.052627901138431,1.1408,1.1281,0.8315,0.8751,0.672,3.406291273057187,2.694660070237928,1.5402122445678703,-0.6409530694213874
345.8091,1.0361381914551384,-0.3293967376942639,False,346.0079,1.1152097464275557,-0.46701922972102966,False,33.4196,0.8028957841268313,-0.8875194509031645,False,32.9655,1.2869697142477154,-1.0958791262906575,False,33.9629,-1.2567080854441017,-0.05766034314049871,False,2007.473982507864,7.8692125028509174,-2.749252290828124,0.633316816072796,0.2916682428436128,0.015419463030744898,False,False,True,False,False,-0.9865284398689871,-1.0052481410099883,0.5084874016414758,0.9264,0.9559,0.6979,0.5153,0.8025,1.075673968941347,1.0449327491872733,2.8819196087646475,0.030602287402345496
298.7642,0.3461444665177323,-1.0118546278120943,False,299.057,0.3494475419925858,-1.267250140702495,False,28.286,0.39879937975049196,-0.8774421080064979,False,27.6642,0.8216846087298737,0.49369843464965685,False,25.8477,-1.331959150741322,-0.4307617062159485,False,604.3673579032316,6.730740415794052,-2.7482754282919903,1.0329829351535835,-1.6922618652570385,0.14543502790530766,False,False,False,True,False,-1.420093709668058,-1.3601682623311555,0.41195295383209185,0.6378,0.6288,0.7022,1.0018,0.5141,0.34779600425515905,0.6102419942401829,1.185307798828127,0.1380302673730469
299.2112,2.1352010930882916,-0.1291050422923917,False,299.1164,2.0733657277071225,-0.2108768378538348,False,28.4254,2.1841248382952703,0.1382603132528608,False,28.5618,2.6186258943095155,0.09769267846062078,False,28.6185,-0.36088832408841887,-0.7189967398262475,False,2791.9124518879976,9.049475034406223,-1.1863395130842778,0.7589645563206743,-0.4813864157244027,-0.00872761975364387,False,True,False,True,False,-0.3738304992256401,0.1022720276448478,1.6576733388457345,1.0111,1.0606,1.1356,0.8806,0.2913,2.104283410397707,2.4013753663023927,2.220820884521485,0.010650273747558003
391.6562,1.6470781792547158,-0.6209665847196572,False,391.8846,1.6743863381485442,-0.568301894700035,False,37.626,1.5216982057772577,-0.454428063158057,False,37.6775,1.6337952815170826,-0.057834334696129676,False,37.2148,-0.764443314896148,0.07352023319740221,False,2175.4665467479176,9.118388367925471,-1.2485743224095296,0.7491500103029054,-0.5548359077397098,0.11069150123090288,False,False,False,True,False,-0.6380346434432889,-0.5702114962155991,1.139980226535945,0.8031,0.9145,0.8827,0.833,0.9039,1.66073225870163,1.5777467436471702,2.1580085530395507,0.1093227284619136
645.1549,4.9944201989283386,-0.672517457916361,False,645.6995,4.863814642595742,-0.6419397743103747,False,61.6728,4.130570065593659,-0.5348124495198383,False,61.5315,4.814074051324314,0.3081115786138707,False,60.6835,0.8973514093401603,0.4107862711785734,False,2515.2286973903233,9.334707402172839,-0.574870466164979,0.7920899616017554,-1.0266148647012385,0.2704124656695291,False,False,True,False,False,1.308800352732123,1.7931767521296216,3.2717830846494413,0.7813,0.8844,0.8484,0.945,1.1646,4.92911742076204,4.472322058458987,1.754553942016603,0.24129539331298844
522.3707,3.078896242652129,-1.0492171872849347,False,523.4969,3.0725242714631067,-1.194101549328769,False,49.8099,2.899533066660455,-1.520282842089198,False,50.1902,3.15495739041848,-0.89591582366055,False,51.4389,0.8385708717901691,0.25036820938469057,False,2253.905824630787,8.906477225885647,-1.4780008464581356,1.1023766508410011,-0.33294451503120204,-0.21405312293484705,False,False,False,False,True,0.2048062548678128,0.6132877437796026,3.196377551027889,0.622,0.6587,0.4279,0.5765,1.0406,3.075710257057618,3.027245228539467,2.347765014648438,-0.15900406005859402
223.6882,0.4982135634887311,1.468026139223834,False,224.0923,0.5597648182926701,1.1055531627549287,False,21.7353,0.5156865491098257,0.3597275001679726,False,21.9899,0.6165740107351227,-0.22937148156019233,False,22.4371,-1.2246387602470332,-1.030259527468249,False,822.6320080360276,7.591545059611713,-3.512195207958365,1.0658159452779215,0.3027124135002076,-0.2439732838355931,False,False,True,True,False,-1.3121648030919928,-1.3961849818476113,0.5496269468065982,1.6865,1.5987,1.2301,0.7805,0.0507,0.5289891908907006,0.5661302799224742,2.891364331787109,-0.1837261958203129
185.1465,0.6018378696562798,0.36795888183362335,False,184.9834,0.6689743110112981,-0.035222360909569185,False,18.0447,0.7098520148101486,1.5624466570445372,False,18.1125,0.8085845083947113,-0.5283362232375588,False,17.9232,-1.211652549897257,-1.025214120686022,False,1829.7318085341387,8.34690058773007,-1.635612269109295,0.7977522871871081,-0.9954246970423289,-0.6610503363771502,False,False,False,True,False,-1.2487768809997022,-1.2385308125247543,0.566286068379173,1.2213,1.1324,1.7433,0.689,0.0546,0.635406090333789,0.7592182616024299,1.7812270624999993,-0.5283445135571281
389.4586,2.3762693855266317,-0.40956071023409235,False,390.5344,2.3721640157653368,-0.0963833904862636,False,37.3433,2.014464370955334,-0.6107440564621626,False,37.3208,2.0580491627096795,-0.17186569518290634,False,36.9378,0.05468180629977152,-0.6601336607002662,False,1958.8093878932343,10.000613190415212,-0.2944643306362329,1.0875247455370438,0.40691029083774016,1.4778466682376898,False,True,False,True,False,-0.2130429695953094,-0.19584320978696676,2.19077985241664,0.8925,1.1074,0.816,0.7981,0.3368,2.3742167006459844,2.0362567668325067,2.9804719815673835,1.2389622300073242
293.6772,1.0218043288814214,0.514334985084814,False,294.0345,1.030330697627205,1.0128330419166602,False,27.9293,0.9433659001640823,0.5734609123019215,False,27.88,1.1940355858601248,0.06469219877820111,False,28.0297,-0.6509357842640856,0.20224279084652588,False,2158.7534958778424,9.135379269005492,-0.3434960437425868,1.3627705627705629,-1.2879951327499197,1.6487692129989229,False,False,True,True,False,-1.0160768496123664,-0.9858418408854405,1.285591278665165,1.2832,1.5608,1.3213,0.8705,1.0034,1.0260675132543131,1.0687007430121036,1.5310274942626947,1.3801904262841802
496.6091,4.206176072474757,0.8470509419094113,False,496.2551,4.115723089319259,0.9396844505429341,False,47.689,3.2070199002648185,0.4068332192895996,False,47.6974,3.658023693867566,0.9972008028735052,False,47.3559,0.8372051972068942,0.9572426365151544,False,2566.910115485507,9.402396955042466,-0.5983091915486494,0.9961352657004832,-0.6666903152867178,1.0143284268920822,False,False,False,False,True,0.8512361552974042,0.9441915121094341,3.1946256204570322,1.4239,1.5309,1.2502,1.1559,1.587,4.160949580897007,3.432521797066192,2.062353213134765,0.8559709443457031
427.3248,1.3511718512281523,0.052978317163855454,False,425.6736,1.2805899254957862,-0.11326383464943093,False,39.573,1.1367436287558093,-0.09679956873217273,False,38.2885,1.6383627166814916,0.4489354077537013,False,40.6944,-1.252207088619149,-0.4019123289739841,False,665.1184410877706,8.081781782268166,-2.5037003870574286,0.4523987729414617,-0.12506759792001904,-1.422110668573122,False,False,False,True,False,-0.8434476174249306,-0.7255024116542598,0.5142614227981525,1.0881,1.1005,1.0353,0.9881,0.5364,1.3158808883619693,1.3875531727186505,2.5255366161499033,-1.1571859465234375
440.7039,2.972015117551532,-0.9328730147492547,False,442.088,2.9882879867269834,-0.9861540487680088,False,41.9104,2.583846769508731,-0.7998700033833215,False,41.8775,2.61554921396917,-0.6874573480428892,False,41.6463,-0.28851865757011785,0.08244672211980376,False,2707.095349651421,8.906204613010983,-1.2099211595718817,0.6774826811635238,-0.5250196942668367,0.31929067885551227,False,True,False,True,False,0.14788608735396197,0.2642002248277923,1.7505114371224844,0.6712,0.7437,0.7353,0.6403,0.9108,2.9801515521392576,2.5996979917389504,2.18350669921875,0.2816820017333992
329.3802,1.9082232907160679,-1.4746301271054398,False,330.8801,1.8913384520702814,-1.5114049707726576,False,31.5263,1.7991997706748308,-1.187261812876104,False,31.7144,1.8869285255766512,-0.9847884026072644,False,32.1549,-0.30032490651368876,-0.8959740854182084,False,1722.4249834737786,8.841555416212426,-1.1652399452335904,0.9645210252164615,-1.032340478295757,-0.4031001395960802,False,False,True,True,False,-0.49564377397743387,-0.3535828140674976,1.7353660073805104,0.4421,0.529,0.57,0.5493,0.1545,1.8997808713931748,1.843064148125741,1.7496575277709958,-0.31520796640625015
303.8045,0.8583675816110318,-0.38756882396210385,False,304.1538,0.8719972017173039,-0.7446903039992206,False,29.4448,0.5772939809861753,-1.7527647991471778,False,29.7781,0.6503333332294243,-1.3033573896405237,False,23.1968,-1.2573594520738076,-0.8328418159380351,False,2095.077547711854,7.7309548918484055,-3.8543210345579055,0.8793644566496664,1.7223019971871556,-0.34268919236037204,False,False,False,False,True,-1.1119091244346453,-1.3572520396973264,0.507651807917031,0.9018,0.8424,0.3287,0.4518,0.2033,0.8651823916641679,0.6138136571077999,4.1053649879150385,-0.26529220412109566
537.7015,4.089910352568756,0.28117369622265886,False,539.1969,4.167158355518278,0.5482538612520922,False,51.2717,3.112544626868094,-0.12843773829147456,False,51.169,4.135948664849339,0.7175135691294339,False,49.1812,0.8850309064668691,-1.0054206017711316,False,1916.4952117628345,9.051384400771402,-1.1647685142402424,1.0460823358441587,-0.9724305683710107,-1.172163212549249,False,False,False,True,False,0.8319278134349175,1.1007326987330321,3.2559779536933613,1.1846,1.3709,1.0218,1.0703,0.0699,4.128534354043516,3.6242466458587166,1.8008911172485345,-0.95066182515869
603.4979,4.300483750905599,0.019162836121981015,False,606.31,4.3439752316253815,-0.1073923758100684,False,57.645,3.626079592213713,0.36628949089138363,False,57.893,3.9265277712912647,0.27837847315743314,False,60.1372,0.2676483275988919,-0.48716676665315245,False,2564.760226453159,9.437269445233234,-0.7157160466876786,0.6795162605770211,-0.5911621157787115,0.5099168661655133,False,False,False,True,False,0.9473035886373163,1.2248855614589107,2.4639800450557123,1.0738,1.1029,1.2329,0.9359,0.4705,4.322229491265491,3.7763036817524887,2.1269432078857413,0.43919072964599515
711.9778,3.806089474805356,0.6486510216707214,False,711.0281,3.4034725953693665,0.9078807151630535,False,68.1126,2.6485432586514297,2.06654815868941,False,68.1832,2.578593350235619,0.9929532163797289,False,69.1528,0.049210433873934076,0.18180242490827303,False,1985.9327945553275,9.293883497922232,-0.8940211683982378,0.824514002404658,-0.6587908411236527,0.2778720057563602,False,False,True,False,False,0.5199507237873606,0.27552517943481897,2.183761002732565,1.34,1.5179,1.9584,1.1546,0.9876,3.6047810350873615,2.6135683044435245,2.0691086633911127,0.24745898860107474
1655.3042,2.3494155678029705,-0.9271976892597095,False,1654.6775,2.317007886276858,0.0839193247058308,False,157.7031,1.937404879809118,0.24676751700068805,False,157.5325,2.6293374249444725,2.6906808642000515,False,157.6461,-0.18090885007742794,0.4435167305607122,False,1733.5475792628315,9.761725698851846,0.1672937269730306,0.974786800148313,-1.0513761309983818,1.9127318977727443,False,True,False,False,False,-0.23746785028569345,0.005922911759050496,1.8885567033808566,0.6736,1.1811,1.1819,1.6742,1.1899,2.333211727039914,2.2833711523767954,1.7333786714477544,1.598294912775879
270.0185,0.4379023368871755,0.18705788185436473,False,269.6214,0.45679850165300956,-0.24732881148154426,False,25.748,0.38237692323590927,-0.9913395184199841,False,25.2785,0.3877669862970182,-1.0707203447505949,False,21.0433,-1.590843324587455,-1.0125359190281182,False,463.82941879625446,6.986644468065778,-4.223802075225472,0.2088205083375221,0.9177877554423635,-2.1971483795088638,False,False,False,True,False,-1.360793471304272,-1.5440170716706405,0.07984814348666025,1.1448,1.0457,0.6536,0.523,0.0644,0.44735041927009256,0.3850719547664637,3.417362745178224,-1.7975764702832038
955.5133,6.023966568822863,-0.31237076122562785,False,954.8388,5.6369522335696765,0.0022081891913672694,False,91.1998,4.3499602282196115,0.1612272807847984,False,91.2455,4.400447124526102,0.8031187738501661,False,91.22,1.9175459353798843,-0.2751303123949478,False,2137.470553958764,10.470271871354335,-0.18479879636524352,1.0530029391975635,1.7061109953011653,1.148828446636013,False,True,False,True,False,1.8456905979213403,1.7138806834641627,4.580520905707755,0.9336,1.1477,1.1454,1.0965,0.6344,5.83045940119627,4.375203676372857,4.091518812133788,0.9671042955029296
425.0064,3.4980035499495874,0.7134443210096975,False,425.0588,3.5149194569825792,0.9658613712017595,False,40.4879,2.720158164165883,0.6224414859159519,False,40.5566,2.649579890959094,0.7864551652976568,False,41.1992,0.30746957578891515,0.0306989602508093,False,2362.711316527518,9.2760227973476,-0.9164519351794573,0.9246021189026775,-0.4206767567909863,-0.4778914661426219,False,True,False,False,False,0.4613860517928237,0.3337414193977552,2.5150640023381925,1.3674,1.5416,1.3422,1.0914,0.8708,3.5064615034660833,2.6848690275624887,2.2727384011230463,-0.3770058068261708
262.7578,1.401290697925439,-0.3118978174348324,False,262.8686,1.4479318937924264,-0.4325244090397742,False,25.5274,1.3705081702254283,0.6791558343111446,False,25.5406,1.5213848681216364,-0.2528965759872637,False,25.5109,-0.9424955913923825,-0.1611558668784875,False,2714.5082204785263,9.241415885866047,-1.2406184437612537,0.6651322128251793,0.09516153943891284,0.09341090249595681,False,False,False,False,True,-0.7786816391306046,-0.6778248998317731,0.9115691319570266,0.9338,0.97,1.3664,0.7733,0.7225,1.4246112958589325,1.4459465191735323,2.7138715548706074,0.09504428559570322
720.4443,0.5678467750175656,0.6427392242857779,False,720.0106,0.6033375992831452,0.1218391630433813,False,68.5281,0.5203743938987315,0.27910875699464094,False,68.5544,0.7404926615462126,-0.5655842894137552,False,67.9483,-1.1105389399720746,-1.0270252923514367,False,1868.1102225486843,7.750047879488235,-1.8512098010923164,1.3374943405989261,-1.2351108406034552,0.05013417022540173,False,True,False,True,False,-1.278448858200965,-1.343682101924853,0.6959978068321497,1.3375,1.1966,1.1957,0.6776,0.0532,0.5855921871503554,0.6304335277224721,1.5762529355468757,0.05928601363769559
477.4218,1.5248027609708519,-0.45165270761488696,False,477.9985,1.4837741241000297,-0.5876287800462704,False,45.2521,1.304105179678521,-0.5252038202462727,False,45.3151,1.2830394820133773,-0.39633430450787976,False,52.584,-0.5292826305493784,1.9405794814307211,False,1011.4447672371912,8.06152342400781,-2.1687344529554484,1.1054720250405232,-0.36644996517077744,-1.2348663032679836,False,False,False,True,False,-0.7312214256447986,-0.8022367139593195,1.4416517938450502,0.8747,0.9066,0.8525,0.7294,2.3471,1.5042884425354408,1.293572330845949,2.3191119173584003,-1.0024715171777352
624.4194,0.463682390081469,3.1987639416397737,False,624.4102,0.570455023100412,2.7084614259009268,False,59.4501,0.5057299009439333,1.600178103704149,False,59.4276,0.749601090533095,-0.05195306108936173,False,59.5055,-1.4157466605066145,0.7602130331989583,False,1831.888301563475,8.687157032539503,-1.0332225174612273,0.6020361547999739,-1.1796476969857688,0.5515021688177264,False,True,False,True,False,-1.319265317522031,-1.3459421689642055,0.30446768493165727,2.4184,2.2539,1.7594,0.8348,1.4347,0.5170687065909405,0.6276654957385142,1.623683751831054,0.47355142380371085
184.7362,1.2716910507973096,-0.2473409899912539,False,185.0821,1.3790647328937051,1.189221451215846,False,18.1251,1.209273062406681,-1.0698490502893623,False,21.7227,2.030324239620392,-2.5335237857228017,False,20.8086,-0.5917918113731687,-0.9671272579880756,False,2311.7542529910224,7.776891976822607,-2.009857725902011,1.1258524488530688,-1.1926488613521178,-1.743218544399509,False,False,False,False,True,-0.8377906651920133,-0.5358765859503142,1.3614630386426114,0.9611,1.6329,0.6201,0.0753,0.0995,1.3253778918455072,1.6197986510135367,1.6125654523925768,-1.4225077984570333
338.194,5.246304808252239,1.3325277431609381,False,338.6563,4.937725922969457,1.4639567960743562,False,32.6949,3.371165693366458,0.7047007267701361,False,32.5917,4.128275241164028,0.757375534686416,False,32.4998,1.2783411972999135,0.4629221412615853,False,2905.122461021935,9.18627652269753,-0.8621180836053034,1.11549807477332,-0.9073464019885452,-0.4406634696542335,False,False,False,False,True,1.4058315788917681,1.2031806652688175,3.7605288406921487,1.6292,1.7452,1.3773,1.0825,1.2049,5.092015365610848,3.749720467265243,1.8565496129150372,-0.34624542467529196
356.8601,2.2149450305768004,-0.4802658069580115,False,355.5919,2.085391857512276,-0.20500537901447227,False,34.0983,1.7749549936708817,-0.21538411537666663,False,33.9313,1.8491817948008324,0.04378100373191513,False,33.9877,-0.12713278152636792,-0.3334759139022389,False,1957.189168218387,8.935620514066287,-0.8875437435829031,1.102868722186904,-1.119807396971184,0.45662354457185717,False,True,False,True,False,-0.3464987788576459,-0.378890499142092,1.9575423458090697,0.8626,1.063,0.9847,0.8641,0.5893,2.150168444044538,1.812068394235857,1.674857812499999,0.39515604895019507
323.8245,1.2093774801177752,2.1587605456805843,False,324.0702,1.1110957394554848,1.807192494058763,False,31.0308,0.9123077043162173,1.5905694744305832,False,30.9779,1.1598285823559695,0.2068229776084244,False,30.8164,-0.526817285516728,3.2151268562640536,False,1999.4753180680705,8.806255064377494,-1.2649236226395155,1.5836920039486673,-0.3359515578774263,1.3439488520216687,False,True,False,True,False,-0.9361581498316816,-1.012485992168217,1.444814416466358,1.9786,1.8855,1.7553,0.914,3.3323,1.16023660978663,1.0360681433360934,2.345193460144044,1.1283264616479496
533.3485,1.219530574032067,1.6470353640399107,False,533.4402,1.1773981307391623,1.2486699719643928,False,51.1411,0.9871402679253761,1.8579705964095696,False,51.1814,1.0220622972877733,0.9145362349561573,False,51.5492,-1.0858270258726848,1.0719932984596494,False,1134.842954852207,9.12030872865426,-1.1923329044537905,0.737178956089478,-0.4521287078718926,0.28737819733049424,False,False,False,False,True,-0.913387544953041,-1.0381783306884518,0.7276990322231165,1.7622,1.6572,1.8694,1.1306,1.6757,1.1984643523856147,1.0046012826065747,2.2458414094238286,0.2553136709155268
246.5675,3.3209577542232043,-0.052961091974325164,False,246.7582,3.4137135325899366,0.16489652786537354,False,23.393,2.476359890475715,-0.4860662327173588,False,23.2747,2.6393221259988353,-0.2074800742461118,False,22.1053,0.19865272559584313,-0.6064453577611846,False,3187.1223925260865,9.063070519467757,-1.8127704642757467,0.9592589157352873,0.21777910349434224,-0.6478880002188104,False,False,False,False,True,0.3785148234012121,0.23002446770969825,2.3754703035080884,1.0433,1.2142,0.8692,0.7872,0.3783,3.3673356434065704,2.557841008237275,2.8187313009033215,-0.5174688681176765
309.06,3.8634683803512373,2.1083920319608698,False,308.5839,3.061266124164831,1.7629119086452365,False,29.5346,1.1297486570982063,-0.8354922387389796,False,29.413,1.0874087119637632,-1.2373564302756845,False,28.6723,-1.199926612540525,-0.6195116676331056,False,2845.0794756569267,8.11296228904696,-2.4557252389587783,0.5145644283121598,-0.43647869500592545,-1.968488457202593,False,False,False,False,True,0.4351210226957442,-0.9532819493284128,0.5813284718761687,1.9573,1.8674,0.7201,0.472,0.3682,3.4623672522580344,1.1085786845309848,2.259224943725588,-1.6086416025439476
1329.6091,2.200665616132393,2.255477550898253,False,1329.9817,2.071022231686124,3.4930351133107593,False,127.0274,1.3791007770932502,1.9807735656619703,False,127.4802,0.0059934844723739675,0.8769614313573625,False,126.9714,-0.25188525270650136,-0.7483635946869017,False,3326.6226761636576,10.371590435516977,0.4638203059811875,1.3033898305084743,0.46130560749945987,1.733034799944386,False,True,False,False,False,-0.3550312729548839,-1.2929670423497903,1.7975059281096764,2.0195,2.5746,1.9218,1.1191,0.2686,2.135843923909259,0.692547130782812,3.026989616577149,1.449816565241699
309.428,0.6349629366948095,-0.6505255716443727,False,310.2804,0.666693099153044,-0.971720045787909,False,30.126,0.6638174085821662,0.22262876541099869,False,30.3937,1.4118936803747877,-0.12938983024513842,False,34.9185,-1.227191150859466,-0.4788871247541133,False,2381.213143877396,7.8471353714916505,-2.103823953913195,0.8230465972985201,-0.892085878737874,-0.2929590288672654,False,False,False,False,True,-1.2395907089752163,-1.0110265992018734,0.5463526593610735,0.7906,0.7496,1.1716,0.8111,0.4769,0.6508280179239267,1.037855544478477,1.8696000645751951,-0.22420165459472585
193.2101,2.4052255171571737,-0.6112712370083505,False,191.4165,2.5813611960303184,-0.3309970999424618,False,18.5145,2.3178136317540146,0.689936247642462,False,18.7501,2.549667185968611,-0.46592937552129976,False,17.6715,0.6019363192351747,-1.0131827660514807,False,3339.075250644247,8.341407074820673,-1.2249496214648627,1.2480793189368773,-1.5579789002091284,-2.5356338569171233,False,True,False,False,False,-0.14211418074947493,0.12869772154527345,2.8928152589421603,0.8072,1.0115,1.371,0.7081,0.0639,2.493293356593746,2.433740408861313,1.3001435299072277,-2.0772569156396514
502.2957,2.2118175802261955,0.38451191451146377,False,502.2527,2.180013436933176,0.39314949024559626,False,48.1798,1.9083989920978717,0.4361278207333973,False,48.1619,1.9819773508539957,0.6397500625510586,False,48.106,-0.29722066519843654,0.5215264815782213,False,1532.4172847321015,9.026383533488941,-1.5814063882033107,0.9114174937067793,-0.48915357824335837,-0.9565103047496477,False,False,False,False,True,-0.319249240693308,-0.27019969550619327,1.7393482263703859,1.2283,1.3075,1.2627,1.0465,1.2502,2.1959155085796858,1.9451881714759338,2.214178584167481,-0.7724742652148446
622.2582,3.8228431383196324,-0.21305256515858378,False,622.7917,3.826815989394872,-0.25099847325614605,False,59.7007,3.4374136985327777,-0.44364764982673954,False,59.7792,2.938143446581951,-0.8037758704878535,False,59.7021,0.9028343817326545,-0.07098539182176475,False,3475.230522828574,9.50937787593949,-1.0536141215772648,0.9538615664845173,-0.052401507018986604,0.12601816342534766,False,True,False,False,False,0.6510240690096448,0.7443614169288275,3.278816815137813,0.9756,1.0442,0.8873,0.6047,0.7922,3.8248295638572523,3.1877785725573644,2.5876790008544948,0.12198669189453071
1594.4773,4.4094305955848645,-0.7392025324185191,False,1594.8197,4.2337855039212835,-0.7796744129170898,False,152.4149,3.7664897060081874,-0.8127596280185924,False,152.4572,3.8086690518612802,-0.37967069595537084,False,151.6382,1.3070519883887604,-0.663497265221751,False,1109.0107754210508,9.94751458252293,-2.42299094167149,1.0081960255906972,1.2878153696119952,0.4162202535926878,False,False,False,True,False,0.9469334229363786,1.23409204162063,3.7973599520257286,0.7531,0.8281,0.7298,0.7345,0.3342,4.321608049753074,3.787579378934734,3.7338019270019522,0.36177201575195284
207.5186,3.2843435210354173,-0.19224303836358403,False,206.3993,3.3843064924551087,-0.24072342028726149,False,20.0513,3.5847346781210536,-1.06844290942006,False,20.4932,2.698212536855314,-1.958139184527346,False,21.1114,-0.8884811994000873,3.0341390591272455,False,3415.626193617175,8.392486609835986,-1.4085799878865222,0.2736215065577148,-1.3518209698248655,-0.15936956058341262,False,False,False,False,True,0.3588518217928732,0.7065539327965129,0.9808605032371678,0.9844,1.0484,0.6207,0.2514,3.1924,3.3343250067452628,3.1414736074881837,1.476445093139649,-0.11382066492675591
204.0546,1.4332360505110375,-0.2551445625393787,False,204.0205,1.471296990915112,-0.2346073173295922,False,19.5238,1.580006927415798,0.8689848516669545,False,19.6029,1.9305883107677537,-0.2725008213431566,False,19.4945,-0.6987455263073055,-0.9523791458554123,False,3050.4253913886946,8.701098261322302,-1.8400268279057133,0.7748443424119099,-0.06588203823453062,-0.50791741989674,False,False,False,False,True,-0.7622086235882128,-0.4252431997052465,1.2242594286797563,0.9578,1.0509,1.4474,0.7673,0.1109,1.4522665207130747,1.7552976190917757,2.5761507578125027,-0.4018153560644535
318.8078,1.5152742183962544,-1.1449883049210128,False,319.1682,1.4538314381865192,-1.2763019730798457,False,30.5539,1.3241680215367833,-1.211166207654243,False,30.5512,1.4308289058375472,-1.0507893619721038,False,30.281,-0.406601665174747,-0.9226241827807404,False,2129.533827270939,8.851711420452803,-1.2151815679432345,1.2075739576391504,-0.8269745609789727,0.3393411108483765,False,False,True,True,False,-0.7429770733350851,-0.7337119686984122,1.5990308183463773,0.5815,0.6251,0.5598,0.5291,0.1339,1.484552828291387,1.3774984636871652,1.925281779479981,0.2982490751342759
390.0904,2.4356415039894554,-0.7763286199959616,False,390.0177,2.377658565485634,-0.7307455892557345,False,37.4755,2.1215847349635704,-0.5090332002492962,False,37.4093,2.321300146734266,-0.5191875754048088,False,37.3208,-0.08471243635450718,-0.3724161047086572,False,3160.821518308494,9.392074218888766,-0.9025627396153655,0.9483290833445175,-0.18824719128296263,0.5845252543956025,False,False,False,False,True,-0.19372384203805007,-0.044641185955457297,2.0119605069457243,0.7374,0.8481,0.8594,0.6918,0.5592,2.406650034737545,2.221442440848918,2.4715068679199224,0.5008374135961908
558.9019,5.2204741249916715,-0.781294529799314,False,560.2379,5.00944606675584,-0.8019370276830065,False,53.3614,4.274375814167655,-0.6997996448513079,False,53.0462,4.639741462344595,-0.7426759724619876,False,52.7188,2.5102922969844155,-1.022885471401917,False,3235.8782788119784,9.116935570681585,-2.130008079511672,1.249519211097017,0.6662848918394398,-0.3300775338051272,False,False,False,False,True,1.4194987575254736,1.780714340890084,5.340914695250938,0.7353,0.819,0.778,0.6234,0.0564,5.114960095873755,4.457058638256125,3.202283228576661,-0.25487156714599735
399.1831,0.7290622547516183,-0.8501078513600513,False,398.928,0.7501138213735226,-1.120708313836736,False,38.0539,0.5486631678526456,-0.02649252526705835,False,38.2391,0.6345302305521073,-0.3878391315203264,False,36.9803,-1.2063555662471908,0.11556528971596014,False,723.2115468355191,7.600438704519636,-2.6013639133952107,1.044504607200532,-0.3827219899603438,-0.6402219613319773,False,False,True,False,False,-1.186720222512045,-1.3753919364065168,0.5730812066233272,0.7062,0.6887,1.0653,0.732,0.9364,0.7395880380625705,0.5915966992023765,2.305196452636718,-0.5111346490356468
369.7199,0.542389041571241,-1.0364477049334577,False,369.6076,0.5842084181710205,-1.1647442551319558,False,37.8924,0.9884718508462315,-2.381075410913754,False,38.8006,1.6807299310421084,-1.9382082017488549,False,31.0379,-0.8599100977048698,-0.9376310337227489,False,1595.908023087439,7.444301989929616,-2.7277722789928407,1.029379254174181,-0.5451794993425018,-0.6866013755543984,False,True,False,True,False,-1.2917281018227833,-0.7687373552497794,1.0175124165962661,0.6274,0.6707,0.0606,0.2575,0.1223,0.5632987298711307,1.33460089094417,2.166266493408205,-0.5494565744677757
880.0683,4.01429746152054,0.37812717333572543,False,881.2467,3.8478558240549603,0.2620202428331639,False,84.7743,3.0811310083828154,0.2812179682985947,False,84.7749,3.1550651920099813,0.49337169722705865,False,86.0683,0.20368258616031276,-0.20345966220639053,False,1362.4308638249333,9.35366255868951,-1.913631099146161,0.7730676694125332,0.15039350038863294,0.11127582689128179,False,False,False,False,True,0.7143108364030287,0.6874680935199126,2.3819227678051913,1.2256,1.2539,1.1966,1.0017,0.6898,3.93107664278775,3.1180981001963985,2.7611046690063468,0.10980553931152315
602.543,1.8177793143790153,-1.0125640434982877,False,601.5356,1.8231715449550134,-1.058324063668508,False,57.1363,1.63627599946246,-1.1021902902833152,False,56.6978,2.8811833426564295,0.3535280803550226,False,54.7823,-0.22553861767033212,-0.8396983943856768,False,800.3581196075824,8.36811423121496,-3.0234950685607203,1.119190299099353,0.9608280281650399,-0.9343285481468347,False,False,True,True,False,-0.5428825789787108,-0.014196581096857896,1.8313042252474834,0.6375,0.7142,0.6063,0.9589,0.198,1.8204754296670145,2.2587296710594447,3.454169805419923,-0.7541461419140614
478.8941,0.8022605037471496,-0.8068334945022679,False,479.0387,0.8043552163131445,-0.9174090515238047,False,46.1998,0.5899581273406638,-1.3391250267607522,False,46.3683,0.6405951050242225,-1.2909413675817916,False,38.8483,-1.4433070614104975,2.5734546090885226,False,524.650739336462,7.390168151128416,-3.738844927607244,0.45615496771505937,0.46125031546823875,-2.0802447436443248,False,False,True,True,False,-1.1487650938458929,-1.356057550036916,0.2691123305303174,0.7245,0.7718,0.5052,0.4556,2.8363,0.8033078600301471,0.6152766161824431,3.026942332092286,-1.7009824858300782
139.9326,0.35606489662879803,-1.1286717441385699,False,141.373,0.35638045527067025,-1.3090842849329536,False,13.5154,0.3300242555043802,-1.5598891432412125,False,13.4987,0.40073388120377906,-1.0674529705246127,False,11.7779,-1.5294974045536804,1.4302171799977632,False,696.3566269482866,6.846017760681145,-2.814705213352143,0.48040296521573844,-1.2071706241300522,-2.526749960174899,False,False,False,True,False,-1.4150743075649295,-1.5600960923424696,0.15854463093742074,0.5884,0.6117,0.411,0.524,1.9526,0.3562226759497341,0.36537906835407963,1.6001467718505857,-2.0699164169677715
384.8757,1.3862967115525116,-1.2334287937997614,False,385.4606,1.3705368724604459,-1.388348979264349,False,37.0051,1.293154769605882,-1.1828090334566468,False,36.9733,1.3492604859294453,-0.9988381117789875,False,36.3638,-0.46356808174590897,-0.03450321970412367,False,1625.30834751516,8.668448700952933,-1.4387607068939552,1.18002309730305,-0.6846813856131961,-0.32983673361538834,False,False,False,True,False,-0.8061976974504333,-0.7796728042727763,1.5259524965225453,0.5441,0.5793,0.5719,0.545,0.8204,1.3784167920064787,1.3212076277676637,2.0469676598510738,-0.2546726011376954
1367.5524,4.0653538221349335,1.2918545771525298,False,1365.8246,3.63561258298581,1.3580258928475217,False,129.4146,2.5790695907530257,0.8502363067429238,False,129.392,2.6265366971719533,1.188668932516059,False,129.4564,0.4949949663124587,-0.5118763229455973,False,1302.974048443785,10.766669085327248,0.4575105692095193,1.0684579885857841,1.1959210727295253,1.4890502899073135,False,True,False,False,False,0.6663048266713238,0.2667355467580537,2.7556275073587395,1.612,1.7019,1.4394,1.2145,0.4514,3.8504832025603717,2.6028031439624897,3.6552160187988285,1.2482194481372062
264.5901,3.5669501821805247,1.3337101026379266,False,264.4419,3.514817971432009,1.5006534138203724,False,24.3542,2.282262014261958,-0.7126892694865791,False,23.3834,3.4590725892708862,-0.3332739819464244,False,17.7312,-0.8058653734132722,-1.0046443853430966,False,2134.006651622577,8.352655702449587,-1.6952275573055313,0.47621293800539083,-0.7671225532072813,-0.4742347191478015,False,False,True,False,False,0.4818900827176359,0.4854436244049678,1.0868426991097881,1.6297,1.7602,0.7725,0.7487,0.0705,3.540884076806267,2.870667301766422,1.9764658523559557,-0.3739843459472638
293.4122,1.1742275261648192,-1.2632242526198747,False,292.8023,1.2242981176393712,-1.2158748758580717,False,27.7787,1.2928809800868943,-0.7600293454197563,False,27.7767,1.3522928114462092,-0.7622802178178805,False,26.9086,-0.7847022224884268,-0.4041116088534164,False,1452.044628196554,8.607739203614036,-1.5180049996869736,0.8616349656009713,-0.5988970419976576,0.2000587355619899,False,True,False,False,False,-0.912911931363765,-0.7785466474361548,1.1139914588033213,0.5315,0.6498,0.7523,0.6174,0.5347,1.1992628219020953,1.3225868957665519,2.120328475280763,0.18316420635742148
305.0426,0.3889206964730615,-0.5233036919203973,False,305.0891,0.4084228234705453,-0.6500130302144983,False,29.4018,0.3569888634657959,-1.1586702818669572,False,29.4945,0.5115720435908828,-1.530439898346283,False,27.6563,-0.1767167918146588,-0.9931305083272454,False,1742.8361550566117,6.987861514874132,-2.770791805368093,5.305303896560823,0.265212271924765,0.4053335359415111,False,False,False,True,False,-1.389789233061147,-1.503838884875011,1.8939344083739065,0.8444,0.8811,0.5822,0.3823,0.0794,0.3986717599718034,0.4342804535283393,2.859295065429688,0.3527766459521473
368.3065,0.6271605109086296,0.9345455432065694,False,368.4402,0.6600580955140192,0.3816512166851774,False,35.3833,0.5916218935769033,0.015926057623560943,False,35.2539,0.6678398956436326,0.19179305616890638,False,34.7406,-1.317115085509074,0.26628064615940633,False,571.8306007686444,7.903057969685447,-3.0459134628467894,0.728498040922943,0.5589539124991451,-0.6412894939951418,False,False,True,True,False,-1.2438905836023066,-1.3442557939727966,0.4309953904378958,1.4609,1.3028,1.0834,0.9094,1.0529,0.6436093032113244,0.629730894610268,3.110496221374511,-0.5120167194067378
187.8481,0.9362717668326535,0.9369102621605464,False,187.3147,0.9774097353569868,0.7045814528501224,False,18.2053,0.903086665419856,0.4640162813078929,False,18.2969,0.9747488919296826,-0.2012720632167457,False,18.9449,-1.2166088313461156,2.956905524537771,False,1978.8751690729725,8.657379164409843,-1.1304613490270439,0.62001579155152,-1.0430944269001612,0.8134249771789699,False,False,False,True,False,-1.0573122232177987,-1.091808174247267,0.5599279936999148,1.4619,1.4348,1.2746,0.7891,3.1327,0.9568407510948201,0.9389177786747693,1.7404609960327129,0.6899704213110365
675.9841,1.9769256625150342,-1.0009769206237993,False,676.2889,1.8905294525266885,-1.0690884048740061,False,64.625,1.7901151116049592,-0.8992372914806838,False,64.6742,1.7635123245041746,-0.7763299269896036,False,65.7026,-0.36381106453214046,-0.913438955048994,False,953.2347809055245,9.17631825673891,-1.2506391124956835,0.9239204474590581,-0.11395685548911176,0.6529093151945603,False,False,True,True,False,-0.4754232083829249,-0.4076755464544623,1.6539239549172755,0.6424,0.7098,0.6929,0.6131,0.141,1.9337275575208612,1.776813718054567,2.535038269836427,0.5573411216015618
504.9428,1.6087106333937229,2.0830895391533133,False,505.3889,1.6253916051100872,1.6364308994806336,False,48.4618,1.1556821898325398,1.7290743500568593,False,48.4253,1.3577642581389318,0.25550685357555813,False,48.2552,-0.9455589394688343,-0.3645245710236356,False,2370.8222218843252,9.600343722318563,-1.3428797911808936,0.7853710821998816,0.9612002529781397,1.2751714147875952,False,False,False,False,True,-0.6640535998198785,-0.8323235960210174,0.9076393721079107,1.9466,1.8157,1.8144,0.9289,0.5653,1.617051119251905,1.2567232239857358,3.4544881235961924,1.0714977184374987
723.705,2.076526260310366,-0.3681781285394905,False,723.322,2.1019873217991405,-0.33735784701843835,False,69.0211,1.940297667682214,-0.18327723219426434,False,69.1181,1.8673262440911265,0.37411253797871,False,70.2197,-0.23610605022014222,-0.45249576620092613,False,962.501127372702,9.238742967056732,-1.390514025955708,0.9368397533291626,0.3321542997739708,0.3627782839684291,False,False,False,True,False,-0.382781203307477,-0.30398291102118546,1.8177479883765548,0.91,1.0089,0.9984,0.9652,0.4973,2.089256791054753,1.9038119558866702,2.9165423618774415,0.3176145116259761
647.4568,3.557308661348222,1.8551306319899077,False,647.4883,3.429183387065511,1.6305594406412705,False,62.0224,2.873556153958304,2.869923308684123,False,62.0635,2.960392254608613,1.4134642792636314,False,61.9253,-0.36605021830666784,2.38703329695547,False,3594.1458320542406,9.957654706574797,-0.30645091127920715,0.5745673336938887,0.015690611766254397,0.7701038868603018,False,False,False,False,True,0.45351416514625276,0.5232526904417056,1.651051497599488,1.8502,1.8133,2.3012,1.2833,2.6922,3.4932460242068664,2.9169742042834583,2.645909828857423,0.6541754976220702
335.4904,2.528087803466933,-1.7413704251140723,False,331.9774,2.563115417254303,-1.6290787916782172,False,32.1027,2.3841564016660723,-1.6498821588765595,False,31.6253,2.4947550152268336,-1.3275359589127915,False,29.6418,-0.03277416593151127,0.1748164770559587,False,2147.1366570648233,9.056124231329328,-0.48650182652188323,0.8718339796530966,-1.537098032758423,0.4865105428658538,False,False,True,False,False,-0.11095642731077894,0.13336419949323824,2.0785885637799386,0.3293,0.4809,0.3726,0.4444,0.9822,2.545601610360618,2.439455708446453,1.3180003718261712,0.41985078343994253
484.903,4.002206211541013,0.034297037427435235,False,486.0974,4.0061491410713455,0.03670300987262273,False,46.6936,3.442201867524441,0.29387323612231503,False,46.9435,3.4886539238556993,0.8054059358083534,False,46.8225,0.664660572954938,-0.2117393041054296,False,1757.5147933866488,9.121570956678553,-1.6218819479156075,0.863772675424072,-0.5319416876176376,-0.2968283104571402,False,False,False,True,False,0.7578539450801447,0.9710589722126852,2.973279916461324,1.0802,1.1618,1.202,1.0972,0.6834,4.004177676306179,3.46542789569007,2.1775871682739254,-0.2273987264648447
709.3484,4.615133886105634,1.9095191679313839,False,707.4372,3.923754074656675,1.472519340215093,False,67.1269,2.7609406134940047,1.1441197484271037,False,67.1025,2.9192923833946347,2.4979057848671053,False,66.9106,0.7099782429937972,-0.5772078723052028,False,3040.1778411627715,10.265479968672054,-2.162560924613248,1.0979645280323769,1.9818397635270786,-0.04419946353344409,False,False,False,False,True,0.9158615538754649,0.46049923647369123,3.031414857620366,1.8732,1.7487,1.5648,1.6152,0.4009,4.269443980381155,2.8401164984443197,4.327315770202636,-0.01865905184570238
306.4456,0.42609807568862684,-0.3284508501126731,False,306.7246,0.582159511474997,0.02960833044172646,False,29.5338,0.9008497796897267,-0.8092442758453368,False,29.4934,1.3091642455218444,-0.8844800138696127,False,33.4825,0.7545566812347523,-1.0179694340243626,False,2045.7735756448928,7.800486266369344,-1.8808804074425949,3.4285422036741537,-1.3432179540266387,-0.8257691150528658,False,True,False,False,False,-1.3269730613296047,-0.9561981793576562,3.088601488836792,0.9268,1.1589,0.7313,0.58,0.0602,0.504128793581812,1.1050070126057856,1.483802196166991,-0.6644467231152333
402.7914,4.3626504214243695,-1.0556019284606735,False,402.8259,4.224678412171341,-1.2031533817061195,False,38.5017,3.7246445192475597,-1.3367814586452482,False,39.9187,0.0067703575803387496,2.4903908241473465,False,40.1113,1.2965480348785445,-1.0157701541449304,False,3757.8182034682836,9.075565224568594,-1.9316872748028031,1.0159050423528555,0.17431476951424676,-1.1574113313201424,False,False,False,False,True,0.9302886152224662,-0.3350948217540208,3.7838851480755236,0.6193,0.655,0.5062,1.6129,0.0619,4.2936644167978555,1.8657074384139491,2.7815615931396476,-0.9384727860791031
560.4583,4.704693221268438,-0.4185466422592056,False,558.7598,4.77732139728127,-0.2517324056110663,False,53.6261,4.2969648696288525,-0.09562778467442094,False,53.8443,4.364188162957942,0.00816662466870967,False,54.7862,0.9167508296383986,-0.24498724110625858,False,3604.9860991213072,9.851257313604632,0.0012288212052644432,0.7672088031681732,-0.8540452317547085,1.109172685813743,False,False,True,False,False,1.1967513346332757,1.6774431082699328,3.296669274883638,0.8887,1.0439,1.0358,0.8532,0.6577,4.741007309274854,4.330576516293397,1.9021315588378904,0.934337924157715
706.1766,2.5388023715466077,0.16388363610538773,False,705.8625,3.0892201555848904,1.507503449132962,False,67.4154,2.029430550043007,0.6151764247578898,False,67.3409,2.0607809340064347,1.828420805963364,False,67.0918,-0.10514679828778087,-0.47487667320926624,False,725.9370951191094,9.306527526736394,-1.0074354228346256,0.9784748045654037,-0.43812857220725643,0.056488303424860845,False,True,False,True,False,0.04892353795060921,-0.18861812088630436,1.9857466608323917,1.135,1.763,1.3391,1.4103,0.48,2.814011263565749,2.045105742024721,2.2578140063476564,0.06453624421386728
433.7147,1.241071242721118,-0.728088353334826,False,433.6176,1.302400419148072,-0.8728838219919715,False,41.7812,1.2428258100728502,-0.996729725085643,False,48.9184,0.0014196869667615817,-1.1386817286510236,False,42.4723,-0.6266434843316455,-1.0266371841374193,False,1210.4190938508484,8.358329082154368,-2.1027952885693777,1.0594841200210563,-0.42388698960320553,-0.8326091917588084,False,False,False,False,True,-0.8697429095788107,-1.3504677598421528,1.3167542097244902,0.7578,0.79,0.6513,0.5022,0.0535,1.271735830934595,0.6221227485198059,2.2699930831909185,-0.6700984743042007
641.2035,4.424508017447375,0.8385379536750931,False,639.4001,3.4621830158806737,0.6578544262535279,False,61.1059,1.7759306463078819,1.284968192168884,False,61.1343,1.687397181148683,2.5240447786749622,False,61.2372,-0.47458143967978567,0.3316121955190118,False,3605.253157529546,10.140764471305559,0.12658977399981242,0.8512856150104239,0.054525620719570976,2.1540157576317216,False,False,True,False,False,0.7216188713626952,-0.44453985480871355,1.511824212458065,1.4203,1.4157,1.6249,1.6232,1.1034,3.9433455166640243,1.7316639137282825,2.679120643371583,1.797660563259278
490.2206,4.190783988328129,1.5907550529352523,False,490.0768,3.9160694431806338,1.7315974615019694,False,47.1455,2.8642085253174754,1.404490166059579,False,47.2048,2.977544137144926,0.5469566345331658,False,47.1872,0.12201164338478263,0.1559285439737758,False,3490.8867986518067,9.57686728171541,-0.11746993333426677,0.7950373298199385,-0.9091980874778037,1.1411087124133856,False,False,True,False,False,0.7871894575034544,0.5264387332869734,2.277152698015909,1.7384,1.8546,1.6759,1.0181,0.9676,4.053426715754382,2.9208763312312005,1.8549660936889634,0.9607257095678712
434.7015,1.5405220597405627,0.9830222817631027,False,435.1157,1.4945719124508106,0.8075766266572754,False,41.6957,1.2143535482306327,0.5214337001377366,False,41.854,1.2779155865245757,0.7639102831383803,False,41.8189,-0.7509853663860614,-0.5966132830060756,False,1119.272325783837,8.526423581582975,-4.214447792434552,0.9529716534648534,2.551603070448528,-0.5485010097397769,False,True,False,True,False,-0.7233238874656904,-0.8409691152670932,1.1572445087482572,1.4814,1.4769,1.2991,1.0845,0.3859,1.5175469860956867,1.246134567377604,4.8145643640136715,-0.43534836483154393
350.8231,2.7416629482980963,-0.3528074553386386,False,350.8707,2.7289141804846113,-0.19081602015267918,False,33.5356,2.3272249650162298,-0.4513814246079021,False,33.4935,2.5258359705037257,-0.29308527896684405,False,33.1652,0.03177472474888279,0.3877585171468709,False,2820.8040214395037,9.105061165929051,-0.9368259777626118,0.9287430118798043,-0.7601359739901263,0.3147410154453699,False,False,False,False,True,0.0020318473612767948,0.12281088557905698,2.1613939233310453,0.9165,1.0688,0.884,0.761,1.1468,2.735288564391354,2.426530467759978,1.9824406156616199,0.27792275067626804
364.6277,3.547236944740766,0.058417170758003026,False,363.5375,3.556707734177347,0.27547566934003676,False,35.0095,3.254515625014053,0.7780544087854061,False,35.245,3.546972562643049,0.6789585532628445,False,37.3197,0.5056146372699508,-0.24136489777542894,False,2237.425948047932,8.867390937364334,-1.7160508925717834,0.8508949030779712,-0.7823666435602695,-2.530033263156806,False,False,True,True,False,0.4884948788811417,0.9182453741710173,2.7692507573120757,1.0904,1.2594,1.4086,1.0585,0.6605,3.5519723394590565,3.4007440938285507,1.9634294537353512,-2.0726293122070327
589.4617,5.021751956588233,0.07733492238982094,False,586.6788,5.974186739691622,1.0108758889702063,False,55.9495,4.58993403593095,0.8033649444328472,False,55.8605,4.838719173286036,2.980823695467266,False,56.4369,0.4290698252503205,0.39500320380853016,False,2276.387461184011,9.714198809067154,-0.28191011643297775,0.5819379166145433,-0.6451537979503583,0.8293991697467258,False,False,True,True,False,1.6476407234193262,1.9907707471758498,2.671056650267839,1.0984,1.56,1.4194,1.763,1.1524,5.497969348139927,4.714326604608493,2.080770751892091,0.7031694197607425
369.4405,3.304415985723097,-0.3800017233093767,False,370.1978,3.0479823381211153,-0.23950019969572772,False,35.5976,2.352114600974062,-0.617774760808674,False,35.6817,2.5419415570239594,-0.6685065775321927,False,35.6783,0.1676387038441203,-0.45805865060184303,False,3155.4813939372157,9.339423751573268,-1.5194100477979307,0.9930147680854663,0.6413481493590117,0.4095021351281321,False,False,False,False,True,0.26466312822180826,0.1395469550375322,2.3356845349966973,0.905,1.0489,0.813,0.6461,0.493,3.1761991619221064,2.4470280789990104,3.180957894775389,0.35622103501708935
289.0487,2.1067175746549727,-0.7890981023474388,False,289.2758,2.056638397069822,-1.060281216614962,False,27.6488,1.9292701694052343,-1.0735987592741683,False,27.4998,1.6582544360234572,-1.0785620428929523,False,27.312,-0.21231462915203458,-0.15339370259813834,False,2303.2388594018003,8.716208464419049,-1.2595596105719906,0.9580142820270152,-1.004089470331474,-1.1420208928199962,False,False,True,False,False,-0.3872955681837308,-0.39383721735449573,1.848268376178894,0.732,0.7134,0.6185,0.5206,0.7285,2.081677985862397,1.7937623027143457,1.773817145874025,-0.9257561261889649
652.868,0.8596222791589718,0.3436022766076579,False,652.9507,0.8950604534723234,0.29064360467505684,False,62.5398,0.7781209350690919,0.08506131703092405,False,62.5828,0.8092671776748273,0.6436709116222376,False,62.8234,-1.2400261846572473,-0.2511969725305378,False,464.09142504784603,8.320738656723394,-3.779568561276034,0.6809834409688268,1.5580474492212766,-0.41237034414909074,False,True,False,True,False,-1.10466655166694,-1.2103817131409074,0.5298874718532314,1.211,1.2656,1.1129,1.0477,0.6529,0.8773413663156476,0.7936940563719596,3.964898242248534,-0.32286765968994224
219.0466,1.279816066462993,0.32326569360345325,False,219.4427,1.329067104785939,-0.03155269913496795,False,21.0472,1.1357241362878374,0.009598423711700785,False,20.9697,1.4939025761158025,-0.41005727625700505,False,20.7751,-1.011576929252173,0.08257609152447624,False,3185.9503965513845,9.539912179691527,-0.873374897185687,0.7246032548266451,0.08335456123024552,1.1207108267351025,False,False,False,False,True,-0.8502615129106074,-0.7848936552204481,0.8229494057393474,1.2024,1.1339,1.0807,0.7252,0.9109,1.304441585624466,1.31481335620182,2.7037744962158214,0.943871545559082
671.8448,1.2537885162093978,1.630718803257468,False,672.5343,1.171389457966658,1.0664101038258444,False,64.6793,0.8383383025814556,0.9878037551229985,False,64.6849,0.8190860017077947,1.6591708210574885,False,64.657,-1.2308334317240062,-0.7362028706476881,False,725.9370951191094,9.22284810456926,-3.682579295516082,0.6461356048550657,2.3426003298040246,0.4485138898860106,False,True,False,True,False,-0.9049741139210885,-1.1817898310761885,0.5416802262116379,1.7553,1.5827,1.4981,1.3585,0.278,1.212588987088028,0.8287121521446251,4.635829983886721,0.38845528337646584
191.6581,0.16636574515310132,0.20337444263680743,False,191.6496,0.20487172235797538,0.21431463976334234,False,18.4468,0.24801247292015013,0.21512934744138676,False,18.095,0.5339373729358298,1.1265888222223985,False,17.7301,-1.5211118172984275,2.192720451137396,False,670.1562915599598,7.074492997182461,-1.9221707658533562,0.6826347305389221,-2.301324354090051,0.48229288952009736,False,True,False,True,False,-1.5166956614385856,-1.539197364436934,0.16930192762213842,1.1517,1.2344,1.1684,1.1955,2.542,0.18561873375553833,0.39097492292798997,0.6644514403686514,0.41636586238769446
255.6558,0.5945234404293062,1.2942192961065069,False,255.1726,0.5459271271798154,0.48440174637402356,False,24.8849,0.36613432288671577,-0.7757312517936318,False,25.5383,0.3970822689502044,-1.2906146301591934,False,38.3228,-1.4999211995882322,-0.19854362482883603,False,531.806287972192,7.406052943883496,-4.6371048180130385,0.5366498312092743,1.4621364721021153,-1.0321495849540072,False,True,False,True,False,-1.2876022546744632,-1.5468451102349716,0.19648592257707792,1.613,1.3448,0.7456,0.4557,0.6936,0.5702252838045607,0.38160829591846007,3.882877360656739,-0.8349727444287129
618.9634,6.361929645955975,0.47862772887975796,False,621.2477,7.112624414019378,1.4720300519784795,False,59.544,4.448593732208459,0.421832055228824,False,59.6211,4.9247455257934725,1.3379879346434433,False,58.3526,1.9884571351419815,-0.5926028314612285,False,2262.117747201762,9.516574775913261,-0.5292053025858224,1.0501044415127527,-0.7166154972322544,0.26458413201584413,False,False,False,False,True,2.3858424488638343,1.968189137085718,4.671488036677897,1.2681,1.7485,1.2566,1.2602,0.389,6.737277029987677,4.686669629000965,2.01965833544922,0.2364796152050772
341.2236,0.7464187577876955,-0.15511695078614157,False,341.2338,0.7991311454153951,-0.29283261748660505,False,32.5617,0.6981565866613582,-0.5120798387994513,False,32.5852,0.7354769324020252,-0.5557821667358087,False,33.4126,-1.3009434117865046,2.1815946823355623,False,879.2138715268206,8.343542773987393,-2.2199246710011837,0.6470481462994055,0.12405282810983749,-0.0702907153470031,False,False,False,True,False,-1.1669522204287184,-1.2731511629414036,0.451740925225952,1.0001,1.0271,0.8581,0.6806,2.5334,0.7727749516015453,0.7168167595316917,2.738578726440428,-0.0402174743310546
331.7021,0.8530680148667694,0.13527053676226317,False,331.4715,0.9634046238950328,-0.06311179039654188,False,31.5779,1.109953084801991,1.5047948814031427,False,31.565,1.1146508592885134,0.36953821406233517,False,31.7455,-1.2657831841597278,1.0351230181279911,False,1773.776877547943,9.10430201767568,-1.1027297794013893,0.44762754808245997,-0.3820980571480893,0.4085146764301781,False,False,False,True,False,-1.0862637708286147,-0.9502419268728209,0.4968455778364781,1.1229,1.121,1.7187,0.9638,1.6472,0.9082363193809011,1.1123019720452523,2.305730025756837,0.3554051273730465
716.7243,3.8864906808443545,-0.4542538984642619,False,716.8593,3.8011022114722297,-0.5171712739739187,False,68.5771,3.0910751238206635,-0.42161810954100337,False,68.6056,3.104253469558373,-0.39894820388866553,False,68.2232,0.4042971699271175,-0.5950608501500058,False,1741.5492713263293,9.097722651685201,-1.9644937242606684,0.85383803317295,1.072543773944347,-1.0798032424495094,False,True,False,False,False,0.6623218164907666,0.6707841223583966,2.639277504112868,0.8736,0.9354,0.8967,0.7286,0.3871,3.843796446158292,3.0976642966895183,3.5497065649414044,-0.8743475390380855
405.0304,5.1404515085888045,0.5966272046832222,False,405.0174,5.02798777774242,1.0708136979553664,False,39.0993,3.4307261644580387,-0.05906812207256162,False,39.106,3.364908289177989,-0.001962235431834957,False,39.3006,1.1321618326965603,-0.6380114925012712,False,3395.124824688697,9.616809810501717,-0.6380361411452443,1.0414720251043041,-0.3546344159046926,0.22556810687053985,False,False,False,False,True,1.4011880058352537,0.9158556201156381,3.573005326076435,1.318,1.5845,1.0514,0.8501,0.3539,5.084219643165612,3.397817226818014,2.329216305786135,0.20424183835205234
769.4656,4.585796365066755,0.3161715367415218,False,768.738,4.084405300223844,0.30287581059039537,False,73.2654,3.1742497190217684,1.4858119796675617,False,73.2877,3.191908479637392,0.6430174367770412,False,73.4476,0.17670154999464538,-0.22338255052595335,False,1766.0028300341703,9.149926417344224,-2.1654118040876527,0.7394851850366866,0.5918778957114491,-0.13095562232119784,False,True,False,False,False,0.9549704873054449,0.7405243497973821,2.347310640823463,1.1994,1.2706,1.7106,1.0475,0.6744,4.335100832645299,3.1830790993295803,3.138652061401368,-0.09034307596679625
1540.7036,3.7864299446403304,2.403981901208024,False,1540.8182,3.6061219250346688,2.3184987013199256,False,147.1183,2.988451541967483,1.4305037721416718,False,147.1195,3.540657221671538,3.517980018218731,False,147.119,0.8880549841108868,1.1976109903966334,False,1494.0100090700844,10.525154047806382,-1.554496491531398,1.0908182014699526,2.581150163167234,-0.7142432741903434,False,True,False,False,False,0.5744502591765248,0.8070480032611466,3.2598573361890764,2.0823,2.0945,1.687,1.9274,1.7728,3.6962759348375,3.2645543818195106,4.839832364257813,-0.5722962501318349
564.8018,0.7066782693245712,-0.2865953246272759,False,565.0143,0.7221112515704446,0.043063756948599305,False,54.0155,0.6384804116032209,0.9650711444026113,False,54.0323,0.618096819108821,1.196837368081015,False,54.1058,-1.1850587823012355,-0.9653160863226609,False,560.9174993993083,8.883185044783444,-2.2665431544687706,0.940359929723484,0.9537650000203529,0.10233103161866713,False,False,False,True,False,-1.2017267630809803,-1.345433398792017,0.6004013949850259,0.9445,1.1644,1.4884,1.217,0.1009,0.7143947604475079,0.628288615356021,3.4481296647338873,0.1024147220019529
806.1328,4.806089395998569,-0.8285889088788585,False,795.8237,4.745268396181502,-0.4073260648541763,False,75.8404,4.044666835826629,-0.1940576455255818,False,75.6207,4.283390516407894,0.25223947934957597,False,73.6167,1.016068437685388,-0.17189352746630396,False,1819.3210766816649,9.553656371448067,-0.8460569505468528,0.8465659062360712,-0.2211695074745212,0.3723577700305042,False,False,False,True,False,1.2174036920629536,1.5414586665297647,3.424077045294552,0.7153,0.9803,0.9938,0.9279,0.7142,4.775678896090035,4.164028676117262,2.4433524534912117,0.3255297549877927
437.6326,1.6040449020171905,-0.724777746799258,False,437.9829,1.5770987471384263,-0.7449349481175274,False,41.9925,1.3329903760721307,-0.8474444361280491,False,41.9735,1.4365276246751215,-0.600545193631764,False,41.7629,-0.6907205176839916,-0.681867720685244,False,1913.0259032339327,9.094978219645034,-1.5387879305062713,0.9261538461538461,0.17707138426383107,0.13543979883692672,False,False,False,False,True,-0.6798261648602468,-0.7277838220049562,1.2345541636852655,0.7592,0.8423,0.715,0.6669,0.32,1.5905718245778084,1.384759000373626,2.7839189872436503,0.1297715079760735
571.2561,3.491905617267413,-1.3029515310466921,False,570.074,3.5440258169000773,-1.2139177229116178,False,54.616,3.2016393226464204,-0.9517332172679694,False,54.5471,3.1807642583255,-0.7220915148382998,False,55.4113,0.6596113422363868,-0.8862713800677718,False,1721.618485579995,9.909969740634441,-1.0978158898274628,0.926651101056976,0.8411688159185117,1.025982059841116,False,False,True,False,False,0.46823861186876753,0.7471564359364756,2.966802603517616,0.5147,0.6506,0.6705,0.6297,0.162,3.5179657170837455,3.19120179048596,3.3518399744262695,0.8655999933618155
314.4005,0.5015123598045852,-0.5460049938785788,False,314.9363,0.5368014123372312,-0.6470773007948171,False,30.3705,0.5651063455325726,0.01850398255061539,False,30.2051,0.5799116203770683,-0.1306967799355315,False,29.5154,-1.2866524143840068,-0.4995862295017111,False,709.6301739531696,7.812722165502741,-1.8681567532738848,0.8318325791855203,-1.3988162764898884,-0.3803437455008228,False,False,False,True,False,-1.3180214797586343,-1.3909768424327587,0.4700738689184636,0.8348,0.8823,1.0845,0.8107,0.4609,0.5191568860709082,0.5725089829548204,1.436255778015136,-0.29640503729980594
236.9948,1.287856157412731,-1.1960662343269213,False,237.3193,1.3669905085338048,-1.289023467231798,False,23.0624,1.367288567290558,-1.338421956326101,False,23.1156,1.5705847090177405,-1.1239785446341037,False,24.5376,-0.7085688359109338,1.0161057156411357,False,2531.6907883625954,8.428710746004047,-1.3271847341892589,0.8861756071523886,-1.191230539234483,0.08070863437290747,False,False,False,False,True,-0.8365722848076064,-0.6590537257846466,1.2116577762712302,0.5599,0.6199,0.5055,0.5067,1.6325,1.3274233329732679,1.4689366381541493,1.6137783691406256,0.08454878063964699
270.8966,1.213246601027282,-0.9837144722597652,False,271.0218,1.3143391454809983,-0.9565521104528889,False,25.9993,1.3268482746046117,0.307934644815338,False,25.9761,1.6574743235665002,-0.39045303090111216,False,26.1162,-0.7517691514113207,-0.4382651316869527,False,3302.927106992048,9.605071331251434,-0.7878654746502098,0.8714176795084542,-0.22393696660193432,0.40138161817346935,False,False,False,False,True,-0.8744741842660638,-0.6400910508678057,1.1562390445157467,0.6497,0.7558,1.208,0.7312,0.5083,1.2637928732541401,1.492161299085556,2.440985785522459,0.3495112942749028
241.7615,3.6786064569658583,-0.1503875128781871,False,241.3108,3.5613772959775805,-0.12598532880138352,False,23.8444,2.672294780240607,-0.8797856761220018,False,24.8308,2.742596598339191,-1.3438728300427023,False,25.2998,1.5255704768475506,-0.5988125628855079,False,3273.5159419777083,8.603176796740286,-1.6351706555726344,1.5259103950562791,-0.09731206760368834,-1.2894865262386914,False,False,False,False,True,0.5290111609329243,0.35217501023935166,4.0776823838237775,1.0021,1.0953,0.7012,0.4394,0.3842,3.6199918764717194,2.707445689289899,2.549272513061524,-1.0476025768701156
557.7192,6.004144288331474,0.7399291732942427,False,557.1918,5.582432704997343,0.7217065411315965,False,53.4803,4.5187101168277035,0.7712580612504447,False,53.4845,4.644850368641827,0.8318716670388088,False,53.4572,1.9141239049092837,0.3182871468377457,False,2863.5118801704807,9.622173458415977,-0.6145021158413316,1.0127073652482674,-0.5628157691016851,0.3424674724451508,False,False,False,True,False,1.8235495055488293,1.8825481307490788,4.576131016733273,1.3786,1.4418,1.4057,1.1053,1.0931,5.793288496664409,4.581780242734766,2.1511843574829115,0.30083229439208914
384.9055,2.90230011448483,1.4737014647133793,False,385.2512,2.6838447520324724,1.0275116890150668,False,37.0179,1.9219661157539092,0.1947403048365031,False,37.0028,2.3779981501819796,-0.17970739332526373,False,37.0829,-0.35016966554980195,-0.17344596032237378,False,4126.441937670427,10.028580048683828,-0.24734477423825912,0.869642580844809,0.1142622186546373,1.4981109634057561,False,False,True,False,False,0.03645118674364855,-0.1029877250849822,1.6714235732005025,1.6889,1.5668,1.1597,0.7957,0.713,2.793072433258651,2.1499821329679443,2.730206020385742,1.2557060121655272
214.881,0.32231593378981854,-0.8371018971131766,False,215.2684,0.3174347028295292,-0.8936785720480476,False,20.7891,0.28230714269115803,-1.5003625131074154,False,20.9743,0.3244908482057144,-1.1595929236973093,False,20.4813,-1.5875082513271501,-1.023144210211262,False,581.4163708703484,6.978254596067315,-3.245174470023715,0.2979962894248609,-0.5286854545395555,-1.3186179283376043,False,False,False,True,False,-1.436724848845555,-1.6107021260453105,0.08412648100009985,0.7117,0.7815,0.4364,0.4958,0.0562,0.31987531830967386,0.3033989954484362,2.180371824584963,-1.0716729847802746
263.9612,0.37552032883393555,-0.045157519426200096,False,263.9505,0.38826221546625633,0.00734571567580955,False,25.4183,0.3022286137701499,-0.5601229851672798,False,25.1548,0.40188143155081907,0.2058427653406295,False,26.2587,-1.4235155644378774,-1.025731598304712,False,358.001839885028,6.936451248755633,-3.6320367890291263,0.9744328488806369,-0.08395737315154106,-1.1092339046195028,False,False,False,True,False,-1.3997846403721999,-1.5709750260677455,0.2945014891292928,1.0466,1.1498,0.8376,0.9137,0.0542,0.38189127215009594,0.3520550226604845,2.56069314337158,-0.8986652166113274
532.0643,5.352976059017846,-0.5727263180585216,False,532.3497,5.258804692242077,-0.26420925564471215,False,51.3471,4.6743783766924825,0.49495138043254366,False,51.8314,4.199648352021916,-0.2525698385646655,False,52.6434,0.2467396994346247,-0.765181617294325,False,2824.4621932851273,9.353304169927476,-1.4783627312652583,0.5213865029339081,0.26744643707755583,-1.1076105016878035,False,False,False,False,True,1.5332276272969343,1.7643475997916016,2.437157795213572,0.8235,1.0388,1.2878,0.7734,0.2556,5.305890375629961,4.437013364357199,2.8612056725463884,-0.8973238472314442
542.3618,4.365434410292352,0.6233485288631646,False,542.7799,3.9036795129084023,2.1761158244653824,False,52.2921,2.0215050670481878,1.450892814746555,False,52.3333,2.46665858584265,0.42704400043962115,False,52.3278,0.22137997235328014,0.21996639928665623,False,3349.3010553795534,10.037376167433429,-0.28121592511810634,1.1895223880597015,0.6493475120873451,1.6634643777415556,False,False,True,False,False,0.8355152190124582,-0.026156381778922804,2.4046255348299477,1.3293,2.0363,1.6957,0.9814,1.0171,4.134556961600377,2.244081826445419,3.187798767456055,1.392332602224121
156.7578,0.5694047524574894,-0.6857598840586336,False,157.271,0.656378088225126,-0.5905645094659516,False,15.6923,1.3916572314699864,1.8169581543882531,False,13.6467,1.9980477217891712,-1.8741676669196046,False,14.5654,-0.881079807805051,-0.709552773285156,False,1272.8646929041065,7.271465069866077,-2.3934625294084784,0.7116373343879772,-1.2023205118873121,0.35014173194694076,False,True,False,False,False,-1.2621878914208455,-0.47459597993304165,0.9903552425850534,0.7757,0.9054,1.8519,0.2771,0.2986,0.6128914203413077,1.694852476629579,1.6042944772949213,0.3071733059228521
99.7413,0.47920556754083854,2.080015404513143,False,99.6922,0.5673491990750701,2.0082899593069334,False,9.3749,0.4828403494223798,0.8354718276152499,False,9.4029,0.7733413105562674,-0.5551286918906123,False,9.0007,-1.3238405067256842,1.0794967239306537,False,2484.431550779026,8.517938766691111,-1.5530739126831743,0.8747566515249838,-0.7102765675286881,-0.07097696517790034,False,False,False,False,True,-1.3155670786324007,-1.345594888323471,0.4223678072818741,1.9453,1.9677,1.4331,0.6808,1.6815,0.5232773833079543,0.6280908299893236,2.0250792436523444,-0.04078450208007567
366.1519,3.6469364193974623,0.28590313413061336,False,366.4586,3.471073389660475,0.04624413048658705,False,35.4865,2.810607527405056,-0.2692861820332547,False,35.2238,3.3485292526080963,0.4309648495107996,False,32.9953,1.2126848684019542,1.9138000146635161,False,2753.5551923597304,8.745841615391527,-1.079205727386848,1.3080100257704663,-1.0561457039498525,-0.26052081182845555,False,False,False,True,False,0.4926838722561927,0.6560090177070268,3.6763028243517537,1.1866,1.1657,0.9617,0.9826,2.3264,3.559004904528969,3.0795683900065765,1.7292998413696292,-0.19739892421630856
302.8499,1.779589717087394,-0.48215758212119336,False,303.0351,1.7330066106367183,-0.26151817034333735,False,28.9663,1.5036269483833837,-0.2692861820332547,False,28.9545,1.652621327495185,-0.38685891925253185,False,28.8693,-0.5839442158342062,-0.0740902575339045,False,2411.015063573558,8.977543416299648,-1.0119197343364537,0.9121479127545862,-0.7474971016853742,0.7185722041902628,False,False,False,False,True,-0.5811101870581638,-0.5699033580129373,1.3715301825294517,0.8618,1.0399,0.9617,0.7323,0.7898,1.756298163862056,1.5781241379392843,1.993249091186522,0.61159640657959
517.4717,0.8164010673930676,0.4332251249633947,False,517.3179,0.7822448983271448,0.08098359528614926,False,49.5978,0.6841920063371868,0.1333388202103028,False,49.5419,0.7377128855401428,0.49141127269146956,False,49.0483,-1.1112251544994476,0.5696519001163863,False,558.3876005768458,8.350587068140689,-1.646132490019448,1.0159684747606934,-1.1749958974760926,-0.152399506019688,False,False,False,True,False,-1.1511387119922944,-1.2779393091538893,0.6951175091218504,1.2489,1.1799,1.1335,1.0011,1.2874,0.7993229828601063,0.7109524459386648,1.627661864746095,-0.10806151691406285
315.7735,2.045355946140204,-1.2107274918415802,False,316.3059,2.073965917471227,-0.7806529893903168,False,30.5771,1.8241949357262164,-0.9121269161159546,False,30.6219,1.8497846462612988,-0.8145582054335945,False,30.6793,-0.023190895357790238,-0.9710083401282502,False,2747.2551061889403,10.04739247864174,-0.2866156550837905,1.1461945461945462,0.019514158617755146,1.4987328433254432,False,False,False,False,True,-0.40041017041843574,-0.3585424584714695,2.0908822865251,0.5537,0.8277,0.6874,0.6014,0.0965,2.0596609318057153,1.8369897909937576,2.649179638977051,1.256219852978516
301.6376,2.7351119129620667,0.6195649785368015,False,302.2589,2.6553390119984677,0.3451992430574679,False,29.1589,2.164797233428219,0.6587667917062608,False,29.2826,2.3864611716430435,-0.20682659940091547,False,29.4206,-0.5458442832311904,0.11375411805054539,False,4779.810307015358,9.499025533810894,-0.8447574480471189,0.6561381175908982,-0.2653491526544798,0.13375324862045251,False,False,False,False,True,-0.021832001294392715,-0.0003983033705945508,1.4204059817075763,1.3277,1.2879,1.3577,0.7874,0.935,2.695225462480267,2.2756292025356313,2.4055710278930675,0.12837796187988282
106.2376,0.4307927862793132,0.32468452497584,False,106.8249,0.5348870605326352,-0.022745510875923882,False,10.8247,0.5493348833820736,0.33207339640502737,False,10.8904,0.6843664021001933,-0.4652759006761031,False,11.6005,-1.1396187080082225,-1.0240497960439696,False,1720.9614890952244,7.634916645751169,-1.5303129550638477,1.1990743353840945,-1.8619163226387447,0.08195193077449747,False,True,False,False,False,-1.3396539160735506,-1.3547723750226899,0.6586933601946587,1.203,1.1375,1.2183,0.7083,0.0555,0.48283992340597426,0.6168506427411334,1.040223173706055,0.08557607934081801
782.2817,3.6673402804426574,0.7631034190432197,False,782.3015,3.416556429281204,0.7762621795140076,False,74.5784,3.025782952282825,0.8324251890650947,False,74.3879,3.102838786461098,1.8516191629678367,False,74.1421,0.3038567423852469,-0.3088957270144667,False,807.1156453651633,8.881943412009422,-1.0338421426388342,0.829679254894799,-0.9431408224881175,-0.08580186505305967,False,True,False,True,False,0.4825240269015954,0.6435514233987307,2.5104293453233995,1.3884,1.4641,1.4318,1.4174,0.6083,3.5419483548619306,3.0643108693719614,1.8259390403442382,-0.053033874287109484
358.0067,3.0453102762351025,1.5044428111150832,False,357.9672,2.767547401334761,1.5808966846249948,False,34.6191,1.7924956816678754,0.7597745774844762,False,34.5322,2.0224556902444824,0.39992479436396905,False,35.1301,-0.8505878124342506,-1.0284483558028341,False,1890.9180279644147,8.550900909997276,-1.5501835270324886,0.5743229117171909,-0.6881426665963916,-0.4616155153228051,False,False,False,False,True,0.10397267101696869,-0.3009915165506123,1.0294713391359849,1.7019,1.793,1.4008,0.9731,0.0521,2.9064288387849317,1.9074756859561788,2.0440076512451153,-0.3635574745410146
559.9602,3.3570581175013756,-0.7519720147699961,False,560.4146,3.222810516053705,-0.4322797649214674,False,53.4409,2.731820420023167,-0.46028698344681673,False,53.2951,2.732271892748831,-0.20846028651390636,False,52.7244,0.5625647069961286,-0.6308961752442844,False,2278.048640363175,9.803619536445803,-0.44522701616023896,1.0404447115384616,-0.2498865284219535,1.4439270403844149,False,False,False,False,True,0.3324102170099613,0.3722610154440585,2.842308108885882,0.7477,0.9701,0.8802,0.7869,0.3594,3.2899343167775403,2.732046156385999,2.4187943117065434,1.2109354540966795
274.6321,0.9797168518331778,0.5233209171099276,False,272.313,0.8681767980732186,0.7752836030407806,False,25.6517,0.5722979891692148,0.21958212686084352,False,25.5776,0.0028160311571661066,-2.526335562425641,False,25.5819,-1.134337398265192,-0.21756092731569154,False,1488.5804659871987,9.439545980118211,-0.5563098339813107,1.162800506115563,0.2556964703074279,2.268057149847509,False,False,True,True,False,-1.0769057054418303,-1.6236369291793038,0.6654683914548819,1.287,1.4637,1.1703,0.0775,0.6789,0.9239468249531981,0.28755701016319046,2.8511573687744143,1.8918895612304691
180.0128,1.2318858395629357,0.9555915418969666,False,180.1422,1.3207677074710267,0.8780341327296267,False,17.5158,1.1287010041032892,0.6238476267852541,False,17.5614,1.2793389044863943,-0.08462680334918322,False,17.6994,-0.9390522828900606,3.564553618284438,False,2454.0662303421323,8.701607715471537,-1.7289460420061997,0.8115402695079912,-0.34786188987339933,0.08324373195022099,False,False,False,False,True,-0.8670082846060346,-0.8753552240458441,0.9159863170639235,1.4698,1.5057,1.3428,0.8248,3.6024,1.2763267735169812,1.2040199542948418,2.335008015686034,0.08664345608886848
505.5643,1.5118003752370728,-0.8921998487408462,False,504.3381,1.5146420246677585,-0.8060959776942215,False,48.5104,1.379996034151781,-0.8249461822192122,False,48.4998,1.4847773749405,-0.47017696201507647,False,48.2158,-0.5675535069974738,-0.46155162452800014,False,1135.4513639921302,9.057823484437838,-1.5675695245327528,1.009101959737911,0.13623107125824904,0.6236327321408222,False,False,False,False,True,-0.725900570271453,-0.6888963362446138,1.3925567024931074,0.6884,0.8173,0.7246,0.7068,0.4903,1.5132211999524157,1.4323867045461405,2.7489932824096677,0.5331507550024401
666.7473,5.386411034182183,-0.9806403376195949,False,665.2001,5.240437339938299,-0.9147179662224302,False,63.4418,4.610573027858819,-1.028133537833394,False,63.4453,4.640638316198097,-0.8903612874763803,False,63.6376,2.1124634002854825,-0.8677715551996064,False,3227.7433070565257,10.25625994581887,-0.8702347840275083,1.0477151470050325,0.6753971639539694,0.7963039217625602,False,False,False,False,True,1.53771519134456,1.9183311017574285,4.830567197660541,0.651,0.7729,0.6379,0.5782,0.1763,5.3134241870602406,4.625605672028458,3.210075835998536,0.6758238043261713
580.3811,5.228997205011742,0.19651675767027368,False,579.4348,5.460770935252238,0.6703312762871737,False,55.7554,4.133404463831928,0.11224670717076858,False,55.8758,4.139363630581157,0.610997169362416,False,56.502,1.0865623609446,-0.3219620368863878,False,2505.738615546828,9.771050408090806,-0.21099606832577075,0.850269774350685,-0.7573541843510446,0.6167119326372754,False,False,False,False,True,1.5564544764357506,1.5188871373789654,3.514508880762488,1.1488,1.4208,1.1245,1.0377,0.5982,5.3448840701319895,4.136384047206542,1.9848195387573249,0.5274323049755871
393.5514,2.9515656320748107,-1.4379769833187925,False,394.3603,3.0090088176470395,-1.5446765708623793,False,38.0531,2.8487741928970864,-1.618243989317258,False,38.1211,3.1729921697105197,-1.1086218857719878,False,38.6421,0.404571282858327,-1.0254728594953668,False,2661.252509760088,9.032243283220497,-0.9715275996099575,0.9265841959101238,-0.913888484901859,-0.1034743902803411,False,False,False,False,True,0.14796690169788773,0.5999283159016127,2.6396291448550584,0.4576,0.5154,0.3861,0.5114,0.0544,2.980287224860925,3.010883181303803,1.8509549727172843,-0.06763615431396452
222.5043,2.733133279649856,-1.052291321925105,False,223.9626,2.7297668531079813,-1.439968888227079,False,23.866,2.4173262287602935,-1.7440935971198135,False,26.7082,1.1509760290384943,1.1135193253184699,False,25.6997,-1.2980686948385225,-0.6288262647695246,False,2291.1363684260045,8.240088447113997,-1.873883292051643,0.18840183740031763,-0.9469179819555307,-1.9780027259187942,False,False,False,False,True,-0.00025457908261483024,-0.40168463287373474,0.4554287030944198,0.6207,0.5582,0.3324,1.1915,0.361,2.731450066378919,1.7841511288993939,1.8227088996582026,-1.6165029587597672
639.8094,4.163354954626083,-0.9770932591886291,False,640.1957,4.0397210203675415,-0.9426073957094029,False,60.9122,3.3348952688395337,-0.12000089307566067,False,60.924,3.505636285500688,-0.03855682676283496,False,60.8043,0.4521936492032097,-0.052485566953599266,False,2437.4502817839107,9.426300712242439,-1.7087693393565964,0.8098367131946272,0.884174781429939,0.31007445868783695,False,True,False,False,False,0.8158472511521139,0.9341846094575449,2.7007206233653203,0.6525,0.7615,1.0254,0.8389,0.8065,4.101537987496812,3.420265777170111,3.388617695922852,0.2740669141357426
508.5607,0.7349173020622912,1.107642970637703,False,506.1847,0.6685838587794002,1.2533182102122216,False,46.193,1.4304926822975688,-1.01336905870572,False,43.0972,0.8862071843176536,-0.8727174666560769,False,46.6655,-0.36125665782442057,-0.9239178768274653,False,1357.9975588683465,8.70962333538853,-1.5917770752470237,1.1584825628132107,-0.17710689297466586,0.8087101429636468,False,False,False,False,True,-1.2092583516035307,-0.9126442834635009,1.657200828673632,1.5341,1.6591,0.6442,0.5836,0.1329,0.7017505804208457,1.158349933307611,2.4810337971191405,0.6860746945483402
190.5784,2.158576374999682,-0.09860016778608553,False,189.8606,2.076449369159037,-0.03987059915739797,False,18.4648,1.7002342564967925,-0.3665442588266635,False,18.4294,2.1532395058550295,-0.0548936978927457,False,17.518,0.11596301991835706,2.0373477961257405,False,2955.983566294073,8.811796767973288,-1.2876086130950108,1.3347533281127641,-0.6684152985635273,-0.6764216037475207,False,False,False,False,True,-0.3659502838577041,-0.2852649668911651,2.269393332430425,1.024,1.1305,0.9202,0.8339,2.4219,2.1175128720793595,1.926736881175911,2.060878046752931,-0.5410453329150382
690.5596,2.1809109193402167,0.1889496570175463,False,692.3751,2.2825684395552974,0.3266062900661528,False,65.841,1.6644324430829631,0.4389401024720021,False,65.8268,1.589716337466958,0.8583373982692641,False,65.7664,-0.6424034429640512,-0.2632283271650791,False,1733.7130215617105,9.829784806813278,-0.47421858267671324,0.7789663326202005,0.7018310054704222,1.4803904255562073,False,True,False,False,False,-0.29791033903492403,-0.5299360265250739,1.296536836082416,1.1456,1.2803,1.2639,1.1134,0.6436,2.231739679447757,1.6270743902749607,3.2326814547729494,1.241064060742188
304.8326,3.480044003342201,-0.0245844645265983,False,304.6699,3.363838288003412,-0.17833917011903333,False,29.7075,3.4938507823717644,-0.17812138234015595,False,29.973,3.3622874570213455,-1.8362661258982116,False,22.2815,-0.5368098168031301,0.15269430885696358,False,2466.9894375116337,7.815785200590851,-1.957070630079949,0.4098617171498722,-0.884898194026527,-0.4516353590862282,False,False,False,False,True,0.41104094793196577,0.9405559510254904,1.4319956811283157,1.0553,1.0739,1.0006,0.2887,0.9651,3.4219411456728066,3.4280691196965547,1.8757468087158173,-0.35531116937499974
492.7069,5.8684577941448595,1.0437955588803178,False,493.1284,6.061813346789221,1.6100093347035014,False,47.0953,3.842168194616958,0.75602486849967,False,47.2191,4.155346204111942,1.2298378477634346,False,46.9327,1.0962498248733665,-0.7735906285980365,False,2478.275919460157,9.196022832815565,-0.9738383251114592,0.9179546775130738,-0.4590157750790523,-0.33901517881123927,False,False,False,False,True,1.9259113388948097,1.4065163611955367,3.5269362660405985,1.5071,1.8049,1.3992,1.2271,0.2491,5.965135570467041,3.99875719936445,2.2399517465209957,-0.26225647640380956
305.857,0.4809327954218308,-0.23078795731341323,False,305.5899,0.5626382480225494,-0.4746031973885397,False,29.2753,0.5150029199228223,-0.7410464436841754,False,29.3903,0.9803996889660502,-1.0609182220726483,False,31.3749,-0.9923864236860203,0.07235590855534982,False,2688.807632771455,7.792479621522339,-2.353509909403023,1.6457529865487726,-0.33279930487029563,-0.22920904857066404,False,False,False,False,True,-1.3164557157423504,-1.2479342787481464,0.8475675935443232,0.9681,0.9528,0.7604,0.526,0.903,0.5217855217221901,0.7477013044444363,2.3478891950683582,-0.1715269489697242
353.7342,3.3137187324687396,-1.4727383519422577,False,353.4311,3.293213982988966,-1.6175805181177985,False,33.5266,2.927092099116364,-1.4593500710860985,False,34.1737,2.6322312320053776,-1.4915581450570954,False,32.2961,-0.8632445032148116,-0.4275274710991364,False,3101.9622663263435,8.405289607395908,-2.3349492743171383,0.34615751789976135,0.5661244488863517,1.7987152115248197,False,False,False,False,True,0.3404706656986607,0.4111385441257341,1.0132349356941228,0.4429,0.4856,0.4539,0.3942,0.5166,3.303466357728853,2.779661665560871,3.1166283006591797,1.5040863286083983
237.1166,0.874927137768146,1.0317354922150337,False,236.6991,0.9120017825840507,0.7048260969684291,False,22.966,0.7674273121879915,0.053188790660071865,False,22.9691,0.9160546303425362,-0.22773779444720108,False,22.7957,-1.114436872204837,-0.48186262106158045,False,1702.3129018727907,8.820559453288487,-1.3616722973300066,0.9004076412756774,-0.44774482686590844,0.6320065113785183,False,False,False,True,False,-1.0950627253680962,-1.171151946533345,0.6909974160177225,1.502,1.4349,1.0993,0.781,0.4746,0.8934644601760984,0.8417409712652639,2.2495904045410153,0.5400697588085936
851.5961,0.9813568394953083,3.0914057011292075,False,851.5389,0.9610112095769995,2.9019749234815877,False,81.4776,0.812539857974006,3.292234283097912,False,81.4939,1.0092011442547963,-2.6256637388954984,False,81.4807,-0.5946726380660077,3.5655885735218185,False,2957.3245547793294,9.340717668550184,-1.3208176534245364,1.671016393442623,0.23780855549862887,1.3231862063832052,False,False,False,False,True,-1.0487685585911677,-1.1147084615001348,1.3577674230001042,2.373,2.333,2.4814,0.0471,3.6032,0.9711840245361538,0.9108705011144012,2.8358600317382816,1.1111709073730474
654.9962,1.9196840074808568,-0.6176559781840891,False,655.6381,1.9258123400557297,-0.711663348027806,False,62.1977,1.799200320081757,-0.3787308130272834,False,62.1874,1.6233939014455823,-0.3551653892605049,False,62.5245,-0.44987941233835216,0.04480022536011031,False,819.2390804213071,8.773467405250413,-2.3373561686792668,0.8578882171013232,0.5096204805943683,-0.5456082517419599,True,False,False,True,False,-0.48196315011747376,-0.4611691207796555,1.5435127548030685,0.8045,0.8559,0.915,0.742,0.8817,1.9227481737682932,1.7112971107636696,3.0683073948364257,-0.43295816525390585
396.9972,3.5491007069237295,-0.17734530895352751,False,397.4057,3.3973777011068464,-0.27888790274311875,False,38.061,2.869885716845917,-0.4286488138875149,False,37.9434,3.087209575672661,-0.22218325826303167,False,37.8235,-0.03292573291537625,-0.4634921655980874,False,3111.256134217132,9.201818479965658,-1.386921098686342,0.7242079768740968,-0.34531131851658714,-0.9412591592847169,False,True,False,False,False,0.44159697185970637,0.5735267145554314,2.078394128856848,0.9907,1.0328,0.8937,0.7827,0.4888,3.4732392040152877,2.978547646259289,2.3371892061767596,-0.7598726990014644
484.4654,0.5334666633667983,2.08758250516587,False,484.4454,0.6057842695066745,1.445363843083041,False,46.1078,0.6025215976220409,2.178336357798943,False,46.0775,0.8825084302087238,-0.547286993748255,False,45.7447,-0.8676092491973368,0.13328889815609066,False,2586.615302848956,8.201547476939307,-1.645274510482698,1.6723644520071157,-1.0740183472156632,-1.4490595223944691,False,False,False,False,True,-1.2879595398122583,-1.2521688267407824,1.0076357014296364,1.9485,1.7376,2.0061,0.6832,0.9501,0.5696254664367364,0.7425150139153824,1.7140155642089852,-1.1794529799462907
586.2684,4.150552645942761,0.32586688445282846,False,585.9901,4.2921945638998995,1.1694052776329973,False,55.9614,3.1681083619300225,0.16310213527720177,False,55.9735,3.1476155668952757,0.8312181921936124,False,56.1035,0.8334181009913296,-0.5039847892605755,False,3082.4709278192936,10.612320561755102,-0.12761883082651337,1.0068365880166883,0.7977540197968694,1.3478351397328843,False,False,False,False,True,0.8872281203649907,0.7199348422400407,3.189767413592763,1.2035,1.6248,1.1462,1.1051,0.4575,4.221373604921331,3.157861964412649,3.3147126303100585,1.1315375851684575
1177.9542,2.8690371323296886,-1.028407660489935,False,1177.4999,2.8376845496843837,-1.058079419550201,False,112.064,2.799905014296096,-0.7595606317966557,False,111.9794,2.6664141049574326,-0.7714288656506302,False,114.588,0.5472918026129378,0.5558093738164301,False,1765.795358987884,8.490667889619774,-1.2264395575947262,1.0081468940676521,-1.451115474973661,-1.4670736884259072,False,False,False,False,True,0.07236237108957688,0.37317009669042617,2.8227155438470546,0.6308,0.7143,0.7525,0.6146,1.2767,2.853360841007036,2.733159559626764,1.3915306954956055,-1.1943375475708002
314.8019,2.9916916590323384,2.237505686848026,False,314.9051,2.869751944443756,1.439003096007065,False,30.0692,2.7152086135822344,1.5755706384913584,False,30.0618,2.6232282604579398,1.1716785865409522,False,30.1736,-0.4204913583304845,0.40173041285149924,False,3101.625801311035,9.164596018332979,-0.640668093006234,0.5823540307477001,-1.1721309846172014,0.47175353510705814,False,True,False,False,False,0.11844293326969023,0.32096288792258454,1.5812126804404887,2.0119,1.735,1.7489,1.2093,1.1576,2.930721801738047,2.669218437020087,1.6301118729248039,0.40765750846191295
303.5009,1.219149123348026,-1.8489651375200362,False,302.7297,1.2341079439409068,-2.0183075839042983,False,29.1269,1.1518692640738402,-2.2774897002084846,False,29.1013,1.162714661245496,-1.889851063204319,False,48.3605,-0.7819974097906622,-0.930774455275107,False,3055.648495155316,7.387755158666224,-1.3200324958800835,0.970128566649142,-2.324596628780258,-2.448120647588952,False,True,False,False,False,-0.8966113661997405,-0.913508104620148,1.117461278123157,0.2838,0.3218,0.1048,0.2723,0.1276,1.2266285336444664,1.157291962659668,0.6445495214843753,-2.0049473632568358
241.2232,2.369717048539173,0.80566836021481,False,240.7412,2.2345449496898504,0.43400505800282774,False,22.989,1.705993302944668,-0.3986511420090661,False,23.0529,1.8810429533189144,-0.28230294402110306,False,22.9872,-0.49855261393756134,-0.12946036273372846,False,3103.146928529226,8.82843010978748,-1.2340636047063955,0.868158877892115,-0.6635931748832177,0.3085297659208089,False,False,False,False,True,-0.25598128913438584,-0.3940365831599046,1.4810732315759063,1.4064,1.3242,0.9065,0.7643,0.747,2.302130999114512,1.7935181281317911,2.0650018170166025,0.27279058061523465
307.9721,0.5398617306700069,-1.005469886636356,False,307.3129,0.5107229484576797,-0.7875030247029067,False,29.7237,0.4403196154060239,-0.8929096575688233,False,29.7674,0.7211764185894617,-0.8596479697521482,False,30.0151,-1.412066249683072,3.6322138169281484,False,2319.397645260576,8.35633720013005,-2.307872513069885,0.7021922748410363,0.14360654849353527,0.5283896723997288,False,True,False,False,False,-1.3143668567612876,-1.3842497636329365,0.309189032399086,0.6405,0.8249,0.6956,0.5876,3.6547,0.5252923395638434,0.5807480169977428,2.755300622436522,0.4544542579785187
566.7699,1.8376437146102504,1.1710174386042929,False,566.5723,1.9778621178419187,1.213441218928217,False,54.048,1.6192575842241472,2.0726414357897207,False,54.0241,1.5126626984785405,0.9968740654509071,False,53.7721,-1.2461368342081496,0.19706801465962628,False,1871.6991006165108,9.466951382833395,-0.8961651321937902,0.32239993335832395,0.6391012692565515,1.0381091961185802,False,False,False,False,True,-0.4908951733375985,-0.5798351246668372,0.5220485372438257,1.5609,1.6428,1.961,1.1558,0.9994,1.9077529162260847,1.565960141351344,3.1790364141235354,0.8756202840429683
329.9399,2.1787410671143603,1.5072804738598562,False,329.4772,2.2753469361919407,1.0857369891720798,False,31.3802,1.8317496633945607,-0.05250613134915058,False,31.3831,2.0282512722126262,-0.020586268519932952,False,31.2439,-0.5461160974920186,0.13652313327290289,False,2946.9392586647127,9.747795420841172,-0.7766108044228981,0.7752463768115941,0.2609301385651074,1.4824391073841554,False,True,False,False,False,-0.3007073502218002,-0.28260028504859824,1.4200572897724903,1.7031,1.5906,1.0542,0.8444,0.9526,2.2270440016531508,1.9300004678035934,2.8556330825805674,1.242756825378418
920.5001,5.54116911716159,0.07473373154044574,False,913.5052,4.939970484561236,0.08881220707196633,False,88.4808,3.739513160391762,-0.17882445277480705,False,88.1454,3.77055018281,0.39763763240578176,False,90.2121,1.11228541135091,-0.9923542918992105,False,1507.1552079957978,9.747294681808159,-0.6461169701406162,0.9486548306284718,-0.08502049288114702,0.555020567263093,False,False,False,False,True,1.4943189997563746,1.2075172039821742,3.547507223804388,1.0973,1.1831,1.0003,0.9724,0.08,5.240569800861413,3.7550316716008814,2.559783987609862,0.4764585714062495
202.8944,0.5764140763070299,0.9487338569304329,False,202.9894,0.6113082302119073,0.4567569610053576,False,19.5069,0.5432077498441923,0.20622378860247215,False,19.5097,0.6855323730074427,-0.33850178070799597,False,18.9385,-1.2573446517452018,-0.34641285436948754,False,1401.8781968224266,8.468324163393675,-2.498721797698262,0.9345794392523363,0.19954372109676588,-0.5819253988181212,True,False,False,False,False,-1.2735233944611708,-1.356797741818186,0.5076707942469086,1.4669,1.3335,1.1646,0.7471,0.5793,0.5938611532594686,0.6143700614258175,2.8031368175048836,-0.46296593972656197
350.2088,1.935372917949706,0.3691412413106119,False,351.3031,2.030382279981049,0.22556826920545445,False,33.5159,1.7323670805451419,-0.2922531495651923,False,33.5365,1.8205221404224847,-0.32053122246509397,False,33.6111,-0.5261065906930686,-1.0300007886589038,False,2340.0081553885398,9.493224177414584,-0.7869563624758165,0.8345379766858922,-0.11103264202683327,0.9487389185265576,False,False,False,False,True,-0.4461466647679323,-0.4079769186421647,1.4457261182753887,1.2218,1.239,0.9519,0.7526,0.0509,1.9828775989653775,1.7764446104838134,2.5375389905395505,0.8017762915917981
310.9104,0.8490419123362214,-0.9555743167074363,False,310.8092,0.8534440428089107,-1.1593620845292065,False,30.3305,0.9435984976367823,-1.1096897082529273,False,33.6132,2.813582985235962,-2.6119407671463732,False,28.7209,-0.6167568810694541,-0.9541903175208271,False,1884.3446833479502,6.970550606872319,-3.2647769313400667,1.4089012016982083,-0.6125453355090474,1.18321447837555,False,False,False,False,True,-1.120212227598473,-0.32457574947172146,1.3294370572410867,0.6616,0.6729,0.6031,0.0513,0.1095,0.8512429775725661,1.878590741436372,2.1086567657470674,0.9955164470214868
414.8199,2.4823070697371787,-0.6077241585773847,False,415.2391,2.397014199194257,-0.5859162712181228,False,39.7144,2.1221905466485382,-0.5481707877782103,False,39.7817,2.4016172454505917,-0.403849265227639,False,40.1154,-0.08018884607494703,-0.49971559890638356,False,2838.4507838158365,9.320122463788122,-0.623257873493238,0.9507928092920142,-0.7499625051044104,1.1536097980632756,False,False,False,False,True,-0.17406086242917418,-0.011604862028134403,2.017763511700919,0.8087,0.9073,0.8427,0.7271,0.4608,2.439660634465718,2.261903896049565,1.9911407343750014,0.9710549834521487
413.861,3.570389889528772,-0.9380753964480045,False,416.05,3.724990405404018,-0.9120268809210557,False,39.7417,3.3444728350403157,-0.6613651277570451,False,39.7608,3.443174837071153,-0.32935313287524587,False,39.6351,0.42811332976531846,-0.37047556363857004,False,3146.6710877901883,9.95708768305022,-0.7063918719511999,0.7982811520010848,0.3285025270021846,1.023973344408722,False,False,False,False,True,0.5455098171904355,0.9125950613903815,2.6698296275923172,0.669,0.774,0.7944,0.7499,0.5607,3.647690147466395,3.3938238360557342,2.9134194490356435,0.8639402517651362
334.2481,3.8225074377714976,-0.6566738409247134,False,335.2522,3.598763434715913,-0.8371657807191822,False,32.0161,3.0130976103896407,-0.8228369709152588,False,32.2104,5.480316347756406,1.1873619828256663,False,32.2618,3.582886866159935,-1.019133758666415,False,2844.925104022208,8.33043402911722,-1.4538967179701188,2.2292251424683167,-0.6653080565438978,0.5411796524062937,False,False,False,True,False,0.5830035900965583,1.6089645726980677,6.7168729497917905,0.788,0.8046,0.7255,1.2141,0.0593,3.710635436243705,4.246706979073023,2.0635352893066425,0.4650222366455079
306.015,0.8613059892687721,-0.01559853250148474,False,306.0948,0.8172517225220794,0.754244208866398,False,29.6104,1.1404413456707934,0.611661072584634,False,29.7868,2.1947893299298666,-0.8919949745893715,False,30.9201,0.2525921522411218,-0.8184818120193892,False,3455.1876889383366,8.41597950652433,-1.6786516069961424,2.1436135371179037,-0.6351849321834753,0.40536196261928226,False,False,False,False,True,-1.1273387349177246,-0.49683479800704267,2.444665506868872,1.0591,1.4551,1.3376,0.5777,0.2144,0.8392788558954258,1.66761533780033,2.089295898681641,0.3528001340673832
250.2859,1.9801408056878753,-0.7675791598662459,False,251.4643,2.0165374690101245,-0.9046875573718524,False,24.8598,2.0077428988568458,-2.2203066381901913,False,25.207,2.2672589293380256,-1.3781802594155148,False,41.3518,-0.1566073181265107,1.5752402826356204,False,2612.291197379227,8.297393277241248,-1.869526183877855,0.9561639982184298,-0.6383060599284867,-0.805523114865836,False,False,False,False,True,-0.4369368983152632,-0.11317850017127576,1.9197314775656222,0.7411,0.777,0.1292,0.4289,2.0647,1.9983391373489998,2.1375009140974357,2.086626781372072,-0.6477180575537105
110.8197,0.4632641811989833,0.2603641694276589,False,111.222,0.4715016320825535,0.18642521027637018,False,10.9709,0.4312223746696031,0.16075856716169767,False,10.921,0.7248354494311418,-0.6521697064022819,False,11.0202,-1.2922836001370284,0.1711941337251292,False,2153.938074313518,8.645854023884445,-1.1185333415287197,1.0733441324694026,-0.8930107353088046,1.6282821036636335,False,True,False,True,False,-1.3488609891946397,-1.3864698822961992,0.46285000564114087,1.1758,1.223,1.1452,0.6511,0.9794,0.4673829066407684,0.5780289120503724,1.868809148315428,1.3632625394311528
595.9023,6.1970938839763425,-0.008740847534950458,False,605.7148,8.549406978249504,2.926928623548878,False,57.896,5.560070862720851,2.5193255186047505,False,57.9007,4.993584810614994,2.083929470435167,False,57.5113,2.745218651609174,1.1641043145864596,False,3451.7765836657063,10.015752500267318,-0.6499455771260778,1.0147866450422236,0.18887333957063315,0.20937514320664732,False,False,True,False,False,2.764664164345741,2.4500466881839325,5.6422856569775135,1.062,2.3432,2.1516,1.4885,1.7469,7.373250431112924,5.276827836667922,2.794011750427245,0.1908620758764652
289.833,0.49777869651362905,-0.7827133611717002,False,290.132,0.4785480962419694,-0.9969183899735072,False,28.1633,0.5203309604635926,-0.03985086352542974,False,28.1354,0.5070925701866539,-0.42508719769652276,False,40.1083,3.5413914921872816,2.4800498989149875,False,595.4484644370614,7.186866228417075,-3.0222577557336203,12.80654406003876,-0.6550444933126226,-2.2453118433490964,True,False,False,True,False,-1.3364829545837458,-1.4389841105353878,6.663641370979285,0.7347,0.7393,1.0596,0.7206,2.7641,0.48816339637779926,0.5137117653251233,2.0723124546508807,-1.837372502656251
176.7621,0.9605542798944207,-0.8813221415525511,False,178.0142,1.0962199381812396,-0.8640766337329276,False,17.48,1.7314196668180382,0.7600089342960266,False,17.3728,1.9855775576765127,-0.2577976373262368,False,18.0577,-0.6007298478627278,-0.7078709710244137,False,1718.6617404053468,7.921710351522007,-2.1826636112276656,0.7797052721940053,-0.7174574541184568,-0.12954688587635352,True,False,False,False,False,-1.0146951672143576,-0.34098074738860307,1.3499970425984122,0.693,0.7936,1.4009,0.7718,0.2999,1.0283871090378303,1.8584986122472755,2.0189383131103504,-0.08917907909667733
398.7224,5.344153840941138,0.8782652321019111,False,398.7728,5.567031573699338,1.506280228541428,False,38.0866,3.760422762990686,0.594318668529906,False,38.1104,4.030074024033589,0.6319083644087017,False,37.9106,1.0627127817406476,0.5683582060696614,False,3398.4376338734883,9.70182121233405,-0.43769314453840485,0.9264686726585906,-0.397406587484384,0.6994946523191763,False,False,False,False,True,1.6223988001828014,1.3220025832676314,3.48391388586313,1.4371,1.7625,1.3302,1.0441,1.2864,5.455592707320238,3.8952483935121376,2.29263851953125,0.595833194980468
675.2012,4.645715454142901,-0.4502338762425008,False,675.4364,4.2568288468260755,-0.2627413909348711,False,64.6266,3.361665323338167,0.2348153196116188,False,64.6229,3.368514601869199,0.8413470522941574,False,64.7089,1.2790103472274141,-0.3878110638646831,False,2734.9801981956657,10.33888239056479,-0.38137551589582375,1.1189059247749993,0.12816433518391418,1.1834432312867171,False,False,True,False,False,1.024168692506748,0.8891341763000825,3.7613872473937393,0.8753,1.0394,1.1768,1.1082,0.5473,4.451272150484488,3.365089962603683,2.742094793579101,0.9957054587231458
613.4003,4.062900743545789,0.3861672177792482,False,613.0372,3.8574999198887188,0.43106932858314617,False,58.5131,3.1809932596338877,0.30863771524998906,False,58.5254,3.1610404556146787,0.8567037111562732,False,58.5733,0.6526786128237664,-0.06348196635076052,False,2985.067707699371,10.281479355076529,-0.06298538731125528,0.9298696468121799,-0.054472476500730005,1.0168491864172091,False,False,False,False,True,0.7316585521752852,0.7306756648628007,2.957909078847688,1.229,1.323,1.2083,1.1129,0.798,3.960200331717254,3.1710168576242834,2.5859079549560544,0.8580537726904289
174.1639,0.9232762644505588,-1.3258893049002716,False,175.2262,0.9182697833061708,-1.3538541585830937,False,17.0577,0.8580773151974975,-1.180465465341143,False,16.9768,0.9734880043621719,-1.0471952503235233,False,16.5364,-1.0568166427272239,-1.0243085348533145,False,1607.8697467280633,8.378182243735242,-1.6792487291721927,0.8914283785152425,-0.7390569700222249,-0.32544880274624194,False,False,False,True,False,-1.0787962008078935,-1.1106977390965798,0.7649144697272177,0.505,0.5934,0.5729,0.5302,0.0553,0.9207730238783648,0.9157826597798346,2.0004668994140644,-0.25104698485107413
682.5352,5.5051125900164,1.6411235666549677,False,682.9625,5.076477566863027,2.188592674499027,False,65.6292,3.387272180450384,2.0302228528991013,False,65.6355,3.1736831248762614,1.0011216519446842,False,65.73,0.5892783814553699,0.3754684237029846,False,2453.95230211908,9.594997996553612,-0.9980860655549545,0.8492312110058214,0.20864906619304238,0.4582953287137759,False,False,False,False,True,1.524236014806222,0.8200491751411502,2.8765772558102083,1.7597,2.0414,1.9429,1.1571,1.1373,5.2907950784397135,3.280477652663323,2.8109235010986318,0.3965373942797843
183.7193,1.2148967464422187,-1.268190162423227,False,183.8853,1.2018283145763071,-1.3638845674336715,False,17.4165,1.1569727292662868,-1.6531631542382652,False,17.7692,1.5465744215859392,-1.1592661862747111,False,21.0065,-1.0549241825231745,3.098176914440126,False,1601.8108285277294,8.057451744441272,-2.0381897247331096,0.6632327263656772,-0.6155786757734354,-0.6070091623629171,False,False,False,True,False,-0.9074916304221635,-0.7547160511608916,0.767342177562018,0.5294,0.5893,0.3712,0.4959,3.2419,1.208362530509263,1.351773575426113,2.1060627222900408,-0.48369190473144386
307.4508,2.0671357833442023,-0.590461710213351,False,306.4011,1.9996178552666353,-0.721449112760077,False,29.9709,1.5554132362553181,-0.6716768274652619,False,29.5713,1.6316275221250598,-0.6639322536158178,False,27.9551,-1.0094221726691637,2.4894938654560788,False,1781.1353771568206,8.314263801183849,-2.2471600173884148,0.530864452238498,-0.22027161550119062,-1.8027322652095177,False,False,True,False,False,-0.4160664739205391,-0.5573324998787998,0.8257135956691889,0.816,0.8519,0.79,0.6475,2.7714,2.0333768193054187,1.5935203791901889,2.444120310241699,-1.4716822093310533
263.2972,0.9596278778548717,-0.5708345428953397,False,262.9058,0.9907692822277541,-0.7598582393342407,False,25.4639,0.9747959336841606,-0.2200712516076743,False,25.4591,1.0303381176308366,-0.3015804519543978,False,25.146,-1.206761178284709,0.13587628624954037,False,1477.1502164260567,8.26875805881133,-1.9594759510967268,0.5873648574860763,-0.5721755738483469,-1.6450400346702143,False,False,True,False,False,-1.0463772623503644,-1.039839278649612,0.5725608746664037,0.8243,0.8362,0.9827,0.7584,0.9521,0.9751985800413129,1.0025670256574986,2.1431800657958977,-1.3413858267382803
292.9834,1.8174700348929693,-0.6396478644560774,False,293.0614,1.731296259521473,-0.6314200772231832,False,28.0011,1.4878935731772092,-0.5329375950274354,False,28.0402,1.7683019774333775,-0.6057729923933355,False,28.2609,-0.5556950594072524,-0.2515850807445554,False,3027.384486833304,9.236652798432566,-1.3377978993533763,0.9461490523846182,0.05617885815567628,0.6092425344943279,False,False,False,False,True,-0.5703377484574997,-0.5291004441369274,1.4077690943107795,0.7952,0.8887,0.8492,0.6653,0.6526,1.7743831472072211,1.6280977753052932,2.6805344543457057,0.521260564270019
637.4028,5.90243773785883,2.4545868868231366,False,637.3255,6.671874819299748,2.420026010417238,False,60.7948,5.090591887911856,-0.2885034405803861,False,60.7659,5.769542494658122,1.335700772685256,False,60.7519,0.8320028687050497,2.29440480320997,False,3220.619072507605,9.036170808400932,-0.6440805508455211,0.6262438590692002,-0.8862975381439485,1.4831078215201794,False,True,False,False,False,2.117725079614064,2.575164900873978,3.1879519088322863,2.1037,2.136,0.9535,1.2595,2.6206,6.287156278579289,5.430067191284989,1.874550121520997,1.2433093639062491
310.7655,0.7614270754610861,-0.280447055346935,False,312.3728,0.7797769143099933,-0.6209003801359918,False,31.0294,0.44159785377067023,-1.7398751745119065,False,31.0471,0.26180681567074865,-2.5518210813883018,False,32.6828,-1.2318274334670518,-0.5422781330436315,False,485.41292648908245,6.596422057768312,-4.503060729807785,1.2237493563591713,0.7753033046305101,1.2585229866483834,False,False,False,True,False,-1.1682465563071822,-1.5712629918110905,0.5404050893214492,0.9471,0.893,0.3342,0.0697,0.4279,0.7706019948855397,0.35170233472070944,3.295513290405271,1.0577416192626927
1315.2089,1.4692640171298128,2.0518752489608136,False,1315.4678,1.5172240675802426,1.2149090836380576,False,125.7672,1.3205948592652237,1.4426903263422914,False,125.761,1.6190584776319747,0.402865431167353,False,125.7312,-1.2423223180256588,2.6900164426984325,False,2997.271569750259,9.52660847601219,-1.5786285729700276,0.3990186056021264,1.0004462431747172,-0.026969841240798088,False,True,False,False,False,-0.737800094839784,-0.6583270260412298,0.5269419193093459,1.9334,1.6434,1.6922,0.974,2.9264,1.4932440423550277,1.4698266684485992,3.4880503999023436,-0.004422729291992056
307.34,1.3569162516804913,-0.7522084866653937,False,307.2847,1.303200543283278,-1.0358168047842844,False,29.6108,0.8963323536444532,0.6824368296728496,False,28.9642,1.8688169845383167,-2.6279509008536857,False,25.4551,-0.7856630069784538,-0.9442288733610457,False,2182.113988261574,6.996784159765612,-2.3618866032332844,1.2414579586823984,-1.1957393295331031,1.3800051164091844,False,False,False,False,True,-0.835002691400408,-0.7295673039743232,1.1127589340564323,0.7476,0.7234,1.3678,0.0464,0.1172,1.3300583974818847,1.382574669091385,1.609922554443358,1.1581186765429692
442.1858,5.488292527795775,-1.8747405741183885,False,442.55,5.328057788423489,-1.702227383051943,False,42.5789,4.950991549788009,-1.3522490082075735,False,42.4569,4.8056383541537055,-1.1602463985425058,False,41.9969,2.4490503079837747,-1.0192631280710875,False,3925.879064601708,10.336289202017623,-0.9875717937275263,1.0628884095032645,0.5428318806791174,0.9074252548780982,False,True,False,False,False,1.5941542268969888,2.12466539176794,5.262351533818277,0.2729,0.451,0.4996,0.4956,0.0592,5.408175158109632,4.878314951970857,3.0967090272216797,0.7676400446337901
543.2927,2.9551850296361866,-0.3785828919369905,False,539.9819,2.7323794713844727,-0.11546563171419222,False,51.7413,1.967462585825007,0.11669948659022589,False,51.7717,2.017417931752206,0.9851115182373712,False,52.2929,-0.1302782816566605,-0.31911590998359296,False,1713.671651651546,10.11874538762562,-0.06012303779200318,0.9929069110539201,0.2988207296292016,1.8934668613558805,False,False,False,False,True,0.066656821018708,-0.23161889669501662,1.9535071987056658,0.9056,1.0996,1.1264,1.1522,0.6004,2.84378225051033,1.9924402587886065,2.888036252441406,1.5823767882934572
516.6279,3.6711666390039457,0.9534632948383873,False,518.0137,3.550662444271138,0.8880645415802045,False,49.3965,2.949076334518154,0.5324484702806049,False,50.2191,3.5987406553826764,0.8681395209472109,False,48.2185,0.3122120925554369,-0.2738366183482229,False,2866.1440440170663,9.536790068569147,-0.7460278304264228,0.8548940640868499,1.7657470625428828,0.4335546822337098,False,False,False,False,True,0.5236041870755231,0.814685531617775,2.5211478529185753,1.4689,1.5098,1.3038,1.1164,0.6354,3.610914541637542,3.2739084949504154,4.142518217590331,0.3760949366625983
181.6094,0.9981228827550718,0.20739446485856883,False,181.3304,1.0475276019296824,-0.022500866757617134,False,17.5102,0.9747287098468087,0.22848768569975814,False,17.5487,1.2977576319615154,-0.35287822730231727,False,17.5927,-1.243336363515009,1.235774964775017,False,3070.1014037252053,8.991113746287262,-1.0389008176616166,0.5392690954488708,-0.6491634755865358,0.7930760685176959,False,False,True,False,False,-1.0180081294846748,-0.9306942067824484,0.5256410696671333,1.1534,1.1376,1.1741,0.7427,1.8023,1.0228252423423771,1.136243170904162,2.0773417669677734,0.6731567255493172
738.2101,6.943146141452777,0.26414771975402257,False,736.1994,7.592419384288812,2.270793098250105,False,70.2336,4.585865580972437,0.9006230212262564,False,70.2108,4.831443684072971,1.8905009162570243,False,70.2575,2.1871239010192207,-0.30346221201822215,False,2734.864197605071,10.588121051307052,-0.1367887025993334,1.0742451917911249,0.3817290862636275,0.9937320687315303,False,False,True,True,False,2.7018416580260283,1.9861396456446851,4.926344050560054,1.1774,2.075,1.4609,1.4293,0.6125,7.2677827628707945,4.708654632522704,2.958937589355468,0.8389527884497081
587.3609,1.7473455411548504,-0.7824768892763024,False,588.223,1.709118774728783,-0.9301305456757573,False,56.5072,1.6420575865023743,-0.5324688814043345,False,56.5636,1.5337306226452199,-0.33980873039838866,False,56.4747,-0.5189032679895149,0.4127268122486605,False,696.464507498115,8.567047791398904,-1.4376378317410201,0.886063181060965,-0.9387706866059466,-0.9165368719151741,True,False,False,True,False,-0.5978278870289784,-0.5619262899392281,1.454966768581585,0.7348,0.7666,0.8494,0.7467,1.1661,1.7282321579418167,1.587894104573797,1.829676280944824,-0.739445410969239
307.2427,0.8815003027145711,0.37363420732316865,False,307.7297,0.8488569498559662,0.57345220543769,False,29.6207,0.690735040137663,-0.3187354692703855,False,29.6238,0.8585566894104186,-0.41691876213156753,False,29.5673,-1.0127844768591177,-0.5496521891099632,False,1400.085701803518,8.888416229503425,-2.193068667466957,1.189168462184567,0.8730776970497934,1.0516811864625715,False,True,False,True,False,-1.111911367307211,-1.2259343477344473,0.8214003254574997,1.2237,1.3812,0.9406,0.7231,0.4222,0.8651786262852686,0.7746458647740408,3.3791277222900398,0.8868344145068363
602.7673,5.35128836122524,1.5098816647092308,False,602.5226,7.194823959677759,3.5209245427977307,False,57.5284,3.4030532374090305,1.2545018066673344,False,57.6935,0.003602563186687801,1.8735105702819168,False,57.5771,0.7470179980574586,0.19085828323534706,False,1999.5661028885825,10.10143024956508,-0.06899264158166414,0.9047553513582182,-0.36768227712132834,1.1680024982932968,False,True,False,False,False,2.109326252040118,-0.4676758916579633,3.078930627502729,1.7042,2.586,1.6119,1.4241,0.9946,6.2730561604515,1.7033279002978592,2.318058072265625,0.9829472419946299
295.9912,0.9901200203909977,-0.5618486108702264,False,296.117,0.9788980023053937,-0.5964359683053142,False,28.5153,0.8868559818439299,-0.6899566587661918,False,28.521,0.9891632692043384,-0.5750596746691035,False,29.2632,-0.8674287378625365,-1.024179165448642,False,1528.9343198457836,8.567379786830246,-2.0468538399897596,1.1364497592793912,-0.02968296984301522,0.17923806916843404,False,True,False,True,False,-1.0408314430546055,-1.0925496710993012,1.0078672670820223,0.8281,0.903,0.7822,0.6747,0.0554,0.9845090113481957,0.9380096255241341,2.6071073760375985,0.16596071126464906
404.4676,4.287093904709152,-0.657146784715509,False,404.749,3.9663323562857293,-0.7312348774923481,False,38.7199,3.4834594520271147,-1.2547565746026144,False,38.7185,3.647267540065441,-1.048175462591318,False,39.1559,0.7276560115690112,-0.7847163973998703,False,4580.353417960185,9.663843448543064,-1.0012230007805512,0.8767412110300389,0.3237256555445594,-0.14482738479711146,False,False,False,False,True,0.8308429897193664,1.0526552679679197,3.054092458544288,0.7878,0.8479,0.5412,0.5299,0.2405,4.126713130497441,3.565363496046278,2.9093343774414056,-0.10180489919433455
110.169,0.2912231628779444,-0.1518063442505733,False,110.2815,0.2904357169160674,-0.3684276500433988,False,10.3976,0.28583105510058193,-0.04524107019108899,False,10.3939,0.4317417615012437,-0.6060997298159336,False,11.752,2.47800463054199,3.6231579586010745,False,1052.1794915601597,7.542975296934612,-2.553690658603692,18.54065525931821,-0.5841448581554883,0.00927970056726594,False,False,False,False,True,-1.4540262162745976,-1.5654789252628154,5.299495055027077,1.0015,0.9962,1.0573,0.6652,3.6477,0.29082943989700594,0.3587864083009128,2.132944206665041,0.02552918496581924
853.576,1.4389117059818861,0.9882246634618526,False,854.1757,1.4601976004076518,0.5392020288747413,False,81.505,1.2829118210521355,1.046392958010594,False,81.4945,1.254973483555522,0.6279875153375227,False,81.1261,-1.1258603811626502,-1.0210742997365023,False,796.0416035556569,8.586537405352463,-2.488757990600377,0.5271936590982772,0.7262491989413549,-0.7746381355764526,False,False,False,False,True,-0.7638239652104042,-0.822346569981757,0.6763429772409095,1.4836,1.3672,1.5231,1.0429,0.0578,1.449554653194769,1.2689426523038287,3.253563337280273,-0.622198721159668
580.784,1.422016555274459,-0.8548372892680058,False,580.0179,1.5128026821006948,-0.8577158866569513,False,55.6251,2.1296546904312446,2.1781020009873924,False,52.9511,2.524924086746335,-2.687743849189159,False,61.5186,0.2107618984407684,-1.028707094612179,False,2265.492186935932,8.319658110219512,-2.3279686241693702,1.1227192578963507,0.04510421792560174,-0.540099125990483,False,False,False,False,True,-0.7531885382477541,0.04178165857428941,2.3910043336164493,0.7042,0.7962,2.006,0.0281,0.0519,1.467409618687577,2.32728938858879,2.6710636744384786,-0.4284061391064462
467.7768,1.9288143548732755,-0.0652576305350065,False,466.9032,1.904836194693516,-0.12598532880138352,False,43.9596,1.7419531679108309,-0.3970106443282133,False,43.4978,1.5636853536385271,-0.7639139049308714,False,43.2063,-0.3457811649658511,0.07985933402635405,False,1640.3471404942056,8.909998349150573,-1.837055334219666,0.9627430355264498,0.3241578440009378,-1.0345563089980616,False,True,False,True,False,-0.48549116363205624,-0.5089156287890559,1.6770532806193887,1.0381,1.0953,0.9072,0.6169,0.9088,1.9168252747833958,1.652819260774679,2.909703975158692,-0.8369613486596688
483.1062,1.3702017715549475,0.35400704000515765,False,483.2611,1.424582036359031,0.158046492552784,False,45.9856,1.3155237470071373,0.39113131291572406,False,45.9878,1.402181913643816,-0.0444381003696029,False,45.5903,-0.694705668592319,0.5295473846679155,False,1683.539906929953,8.933166318398639,-1.69980086501273,0.9345645707961541,0.11567939618984917,-0.5053873981222838,False,False,False,False,True,-0.7948950479247845,-0.7489359190114251,1.2294418859938736,1.2154,1.2114,1.2435,0.8371,1.2564,1.397391903956989,1.3588528303254765,2.7314179583129903,-0.3997248745996078
538.7596,4.9841543352983715,0.13314228970368389,False,538.1827,4.866722396332481,0.04624413048658705,False,51.4743,4.14386622521173,0.5975996638916109,False,51.4967,3.965091108954722,0.19310000585929946,False,51.7295,0.8277166234500539,1.156471519710783,False,2371.0229946996783,9.343957739125205,-1.833009538204241,0.7679913406525437,0.9475111091437741,-0.7517043799245551,False,True,False,False,False,1.3066088995931038,1.452012314026069,3.182453377785153,1.122,1.1657,1.3316,0.9098,1.741,4.925438365815426,4.054478667083226,3.4427814797973646,-0.6032492434936518
269.3781,2.2761220436451914,-0.4433761912759668,False,268.4027,2.2827049456341655,-0.1739355759895113,False,26.0339,1.946263633235733,-0.6566779915260375,False,26.0707,2.2064837302963145,-0.5113458772624513,False,26.0673,-0.3453916159252424,-0.2345083193277872,False,3250.0567422742024,9.112504124795047,-1.0605539637714994,0.8619351344846261,-0.5765021380891335,-0.36752430148715437,False,False,True,False,False,-0.26951311924142757,-0.16308819911974443,1.6775530064555786,0.8782,1.0757,0.7964,0.6942,0.6658,2.2794134946396785,2.076373681766024,2.1394800866699217,-0.2858127134033204
176.6051,1.9946485045964997,-0.16031933248489144,False,177.1637,2.034717420809475,-0.4105064383921643,False,16.9866,2.6893589094893855,0.22169133816479727,False,16.1034,3.664942552593154,-1.6356493484229082,False,16.618,-0.127199128836468,-0.12053387381132691,False,2374.9464534409876,8.82390409824053,-1.2518128577228371,0.7278527334054605,-0.7050059892891793,-0.07716179625508524,False,False,False,False,True,-0.4272015918587675,0.7356839036453126,1.9574572333801779,0.9979,0.979,1.1712,0.3501,0.7539,2.014682962702987,3.1771507310412694,2.029586522033691,-0.04589484336669791
414.0898,1.2471824042070254,0.8465779981186159,False,413.9946,1.2774512849893833,0.37431189313597435,False,39.5154,1.1048690360943476,-0.05789633801480931,False,39.4996,1.158361283560566,-0.022873430478120568,False,40.0343,-0.9305405703207879,0.08852708413941052,False,1396.5347411122107,8.74357128931837,-2.2969165856179767,0.8389278557114227,0.6181227424534861,-2.351893814639409,False,False,False,True,False,-0.8753533903878178,-0.9344729258698141,0.9269054112925775,1.4237,1.2998,1.0519,0.8437,0.9155,1.2623168445982045,1.1316151598274566,3.161096056152344,-1.9254380037988277
928.756,3.7507367941759218,-0.3092966265854575,False,931.3071,3.907232994533317,-0.05724033155717935,False,88.5696,3.046111895523115,-0.6866756634044865,False,88.5868,2.9107127155199715,-0.6805958621683267,False,88.2679,0.33934122728003596,-0.9005020145817454,False,1465.5214413366393,9.785065813919864,-0.832203819138274,0.8390860392143266,0.29779588892676173,0.950533468429054,False,False,True,True,False,0.6534992187951889,0.5734162103624764,2.555949965418135,0.9349,1.1234,0.7836,0.6424,0.151,3.8289848943546194,2.9784123055215432,2.8871598320312497,0.8032590746044921
345.3983,2.5439357803735825,-0.3454768265813092,False,345.2655,2.451242379650819,-0.46604065324780236,False,33.1485,2.2683266718901636,-0.46216183793921983,False,33.3076,2.7213536500716677,-0.2849168434018889,False,33.7793,0.33970033934814664,-0.6142075220415337,False,2857.3638921774163,9.08265998509257,-1.5669476308570192,1.1270028596069175,0.020155859828484193,-0.48197981247573357,False,False,False,True,False,-0.13955540500235153,0.17858498320930888,2.556410645742856,0.9196,0.9563,0.8794,0.7635,0.3723,2.497589080012201,2.4948401609809157,2.6497284072265614,-0.3803838853540036
562.6186,3.083917901882092,1.018493066072761,False,562.4006,3.142340939594295,1.134665812833435,False,53.2468,2.122293011768813,0.9039040165879614,False,53.2542,2.0666329218533175,1.6624381952834704,False,53.3097,-0.33881751308602254,0.5339459444267801,False,2798.3303919517534,10.404455328631139,-0.5961309249584144,0.7944173892386269,1.4992994891542069,1.661536409418301,False,False,True,False,False,0.22709522442580582,-0.14831850096138208,1.6859864736087624,1.4964,1.6106,1.4623,1.3595,1.2598,3.1131294207381934,2.094462966811065,3.9146583258056644,1.3907395795532231
486.1084,2.5361980874718326,-0.05981877694085892,False,487.8308,2.542202308992077,-0.26151817034333735,False,46.7566,2.007342786647835,-0.19241714784472905,False,46.5875,2.8266993922375074,0.5920463988517195,False,50.232,1.6087288724202957,0.0376849081031235,False,1448.4220686833767,8.470662464304903,-1.8337176122411012,2.0845271833805676,-0.2012448012844478,-0.2187638214305257,False,False,True,False,False,-0.11476947030879801,0.11504658494082921,4.184360605130311,1.0404,1.0399,0.9945,1.0319,0.8762,2.5392001982319545,2.417021089442671,2.460391608093264,-0.16289636959960951
571.6433,1.8368711953439532,-0.9562837323936294,False,570.7481,1.9721199959060123,-1.018936360621117,False,54.3045,2.091209045217644,-0.6458975781947197,False,54.029,2.3733991401659718,-0.5590495409617908,False,56.8886,-0.4644440884741997,0.3582622928815441,False,1193.710432046652,9.131102415783484,-1.4146754089990758,0.7291613102277986,-0.09904463472933446,-0.4429729458273183,False,False,True,False,False,-0.4928354176556797,-0.035772769165005734,1.5248287273711207,0.6613,0.7303,0.801,0.6796,1.124,1.9044955956249827,2.232304092691808,2.5477908611450193,-0.3481536758935544
248.4057,1.229084606250965,-0.1510969285643802,False,247.0558,1.1980040596032515,-0.23583053792112596,False,23.8053,1.0130062367482213,-0.9566547103105274,False,24.037,1.1097031384246254,-0.8769650531498535,False,25.4064,-1.04950539556283,2.418470062290884,False,1733.5475792628315,8.506897656051734,-1.216543493793214,0.7643522229758895,-1.2317850426505412,1.0375746176702412,False,True,False,False,False,-0.9044050559243255,-0.9918398126693855,0.7742935689469433,1.0018,1.0504,0.6684,0.5823,2.7165,1.2135443329271083,1.0613546875864235,1.5790970821533197,0.8751785778295904
176.3289,1.4885561436365353,-0.1487322096104032,False,176.1835,1.513390762228083,-0.4014546060148135,False,17.0533,1.497909648877498,0.3955840923351814,False,17.0782,1.7758523343498962,-0.3251055463814692,False,17.0128,0.14536033317971342,-0.13825748225145756,False,3461.280329892002,8.906245038993282,-1.382931378223572,1.5402164862614487,-0.5995824584489403,0.43924280047666986,False,False,False,False,True,-0.7331960208810792,-0.5219290466266486,2.3071051361312205,1.0028,0.9827,1.2454,0.7512,0.7402,1.500973452932309,1.636880991613697,2.119742322753906,0.3807948589624033
305.4325,1.025066414517806,-0.7387295886277236,False,305.5269,1.0367916700941573,-0.6597987949467693,False,29.3862,0.8665507036062124,-0.7717471859972754,False,31.6422,0.00526842597036851,1.3915728719495504,False,27.1112,0.838798953747979,-1.0192631280710875,False,2924.1863195777137,8.123384057092405,-1.9561407163102027,3.688959143968871,-0.5512047179671699,-0.2471662089685814,False,False,False,False,True,-1.0131810480395969,-1.5025087338206184,3.1966701417807974,0.7533,0.8771,0.7473,1.2766,0.0592,1.0309290423059816,0.43590956478829046,2.161113863769529,-0.18636441454101416
219.0957,3.033898468864157,0.4677500216914628,False,219.2403,2.902457997533162,0.26275417518808414,False,21.4013,2.0622766437739704,-2.0623501472052332,False,21.8048,2.077116934556292,-1.5676879645224793,False,22.2565,-0.9707790860060168,1.9267369551307645,False,3230.1775117590037,8.374084359923206,-1.5941238533563107,0.4244271362456259,-0.562131802345374,0.7643362288232233,False,False,True,False,False,0.14075410162458374,-0.16853980696966464,0.8752861700632272,1.2635,1.2542,0.1966,0.3709,2.3364,2.9681782331986595,2.069696789165131,2.151769270263671,0.6494098539648441
714.1545,2.116985458257503,-0.7250142186946557,False,714.1838,2.147097510581282,-0.9242590868363945,False,68.4321,2.016655297487702,-0.955717283064326,False,68.3615,2.1313258963239345,-0.5528415299324247,False,68.8471,0.7650431790255025,1.8466572936384962,False,2308.5510007430535,8.60166399731258,-1.097867119115786,1.538217217341088,-1.1000057065203186,0.2533436446397614,False,False,True,False,False,-0.35729622090399404,-0.1650339611541952,3.1020539000376974,0.7591,0.769,0.6688,0.6815,2.2745,2.1320414844193927,2.0739905969058183,1.6917917668457036,0.22719193604248034
243.2131,1.905621177481177,0.2111780151849325,False,243.0948,1.8030987592411596,0.0716871187904917,False,23.5455,1.5527680454977946,0.2170042019337896,False,23.5568,1.660156394515812,-0.5603564906521836,False,23.2214,-0.63793211597228,0.8075622353090881,False,3228.8630715086706,8.932743128290857,-1.5753087402386996,0.8386782556571257,-0.019093513584444596,0.09658596526784764,False,False,True,False,False,-0.5226990319094137,-0.5467656321447228,1.3022727958382148,1.155,1.1761,1.1692,0.6792,1.4713,1.8543599683611682,1.6064622200068033,2.6161632376708983,0.09766774518066512
258.8487,4.0873117892026585,0.9938999889513979,False,257.5451,4.298982192906185,1.4629782196011285,False,24.5823,3.0070386570992698,1.3365266907099682,False,24.6193,2.9074977122234174,0.8034455112727643,False,25.5684,0.053796772188532696,-0.9350436456292992,False,2844.9634574044203,8.45206518182292,-0.805635323731239,0.7281730474209933,-1.4734240863459742,0.5197026613279371,False,False,False,False,True,0.8704147532204075,0.556152273056414,2.189644502652707,1.486,1.7448,1.6469,1.0966,0.1243,4.193146991054421,2.9572681846613436,1.3724528795166009,0.44727644005859446
554.4162,3.547344244954864,-0.6443773023640318,False,554.2742,3.531095507789009,-0.5861609153364297,False,53.0657,3.1258324513805023,-0.41271255070208906,False,53.0363,3.413791315838129,-0.2770751452595315,False,52.9499,0.6597697321189469,0.05631410237596145,False,3302.927106992048,9.716959876120505,-0.4808665877893118,0.9491890039597929,-0.26605021213665214,0.7961610248800159,False,False,False,False,True,0.48089879084548637,0.8113406944487263,2.967005791071056,0.7932,0.9072,0.9005,0.7659,0.8906,3.5392198763719365,3.2698118836093153,2.4049714978027357,0.6757057328979492
365.2075,2.1557748917124995,-1.4663536107665194,False,363.9815,2.1603108957579606,-1.3795417910053054,False,35.3155,2.0208791337249163,-1.487238531660594,False,35.4575,2.1083699845565316,-1.3033573896405237,False,35.5111,-0.1157029196291922,-0.7861394608512677,False,2270.262180701385,9.348149784441615,-1.160451373903942,0.9759143441212784,-0.08719190691100967,-0.019996866980040905,False,False,False,False,True,-0.3418083114025197,-0.17268122584076637,1.9722049343375292,0.4456,0.5829,0.442,0.4518,0.2394,2.15804289373523,2.064624559140724,2.5579270438232413,0.0013388311791988627
316.9153,0.412165439341935,-0.5249589951881813,False,316.922,0.412126485843501,-0.6889114450252758,False,30.5267,0.3577231063810912,-0.73167217122216,False,31.6507,0.000801692266827483,-0.3084419378289603,False,30.3916,-1.4962584026770493,-0.9765712245291672,False,444.9711493249274,7.147104275364834,-3.490891962840892,0.5624033526814728,-0.28767564569161297,-1.3699261214952192,True,False,False,True,False,-1.3817632361521968,-1.712058263150777,0.20118467436035686,0.8437,0.8652,0.7644,0.7563,0.0922,0.41214596259271796,0.17926239932395935,2.386477919921875,-1.1140674131103516
361.0282,3.34595863952194,0.3395822543858965,False,360.9609,3.1519092186617956,0.33394561361535635,False,34.4935,2.4733080253328743,-0.2409290078356584,False,34.4614,2.6414079475427323,0.0231965461082277,False,34.8243,0.4150226438163225,0.3718460803721551,False,3001.99981686305,9.518733131932636,-1.3285715170116155,1.0726672352336593,-0.01526782023943268,0.8379696802730952,False,False,False,False,True,0.3079880679530529,0.22963008583311512,2.6530364814150356,1.2093,1.2833,0.9738,0.8578,1.1345,3.2489339290918675,2.557357986437803,2.619434883422853,0.7102509767578127
334.9454,2.1472633073000353,0.9416397000685008,False,334.992,1.9830806587672698,1.077663733267956,False,31.9866,1.7291998786931078,2.319887871975374,False,31.949,1.9515219073695327,0.39404352075720145,False,31.991,-0.140276872570247,1.9990544523426845,False,2851.8045696459094,9.148572601055793,-0.9918848939895055,1.1222998068637646,-0.5946352786651209,0.31457056803379585,False,False,False,False,True,-0.3971274767136644,-0.35578999150376645,1.9406806898861202,1.4639,1.5873,2.0665,0.9713,2.3923,2.0651719830336526,1.8403608930313202,2.1239730381469712,0.2777819150683598
551.2838,4.904171798291027,2.109101447647063,False,550.9163,4.512640819820189,2.4988014165120203,False,52.5525,2.8455105114433303,1.4110521567829901,False,52.4997,3.117749453215078,0.8501689627043089,False,52.3472,0.4515853819685539,-0.5566381369622774,False,3228.016648138371,9.265977772151684,-0.45266860057181235,0.948842152594682,-1.175433000849476,0.7607593815028827,False,False,True,False,False,1.177332335650567,0.5760434073524061,2.699940318908684,1.9576,2.1682,1.6787,1.1109,0.4168,4.708406309055608,2.981629982329204,1.6272880639038085,0.6464544118017574
1005.2715,4.881890041720667,2.557215689425749,False,1004.0549,4.411451949592322,2.147737106741796,False,95.391,3.0916623274032933,1.4956549657526783,False,95.478,3.6228532934938795,2.7994844259252574,False,96.9418,0.5730530059616766,1.3805393286035288,False,791.4744571460268,8.77576166297213,-1.2300049835399764,0.9236981689036484,-0.7339033574435163,0.6180139670608867,True,False,False,False,False,1.140559292491393,0.8827393119937753,2.8557628306908147,2.1471,2.0247,1.7148,1.7075,1.9142,4.646670995656494,3.357257810448586,2.004874151428222,0.5285081371508795
343.7517,2.193150883670686,-0.9342918461216412,False,345.6225,2.2317156644022877,-0.9947165929087461,False,33.23,1.859585376213489,-0.9472804378485121,False,33.1714,1.8872060002124118,-0.7965876471906929,False,30.6576,-0.594333252318386,-1.0288364640168517,False,1612.0448777729325,8.659814286141733,-1.5845841984739681,0.7303793712027739,-0.5373150310448842,-1.2261551601198775,False,False,False,False,True,-0.309410325677048,-0.3288174521059335,1.3582027977766822,0.6706,0.7402,0.6724,0.6069,0.0518,2.2124332740364867,1.8733956882129505,2.1729920074462896,-0.9952737596435544
305.6058,0.6267643739732158,-0.6746457049749405,False,305.374,0.6799376203109234,-0.7160669421573279,False,29.4194,0.6015218031832149,-0.721829185137044,False,29.3867,0.9760218685985071,-1.3226348975738182,False,25.8638,0.024894558871204033,-1.0270252923514367,False,2801.380825287113,7.921730867285285,-2.2641926511408323,3.578536667226045,-0.7588109858352384,-2.5378502474516798,False,False,False,False,True,-1.2380878799042976,-1.2144006509039929,2.152567828827062,0.7804,0.8541,0.7686,0.4459,0.0532,0.6533509971420697,0.7887718358908611,1.9835737153320316,-2.0790882529736336
532.0781,5.995879977149589,1.293982824211109,False,531.9196,6.357310065303429,1.8979554619505774,False,51.084,3.9319044679516346,0.9976467412081146,False,51.0969,4.149260211943588,1.4108503798828451,False,51.4275,0.793910968286275,-0.04756952957604476,False,2505.526435320182,9.647727782263699,-0.40152818191208384,0.7983628389704025,-0.35250105415520216,0.651302580809112,False,False,False,False,True,2.051868543629836,1.440666118928151,3.139086413594277,1.6129,1.9226,1.5023,1.2825,0.8103,6.176595021226509,4.040582339947611,2.3310407081298834,0.5560135249438485
146.1039,1.0145501956498655,-0.045157519426200096,False,145.9917,1.0513408663065416,-0.3102023498863859,False,14.0031,0.9662821016418823,-0.2629585481213943,False,14.0419,1.2884366908964298,-0.6894177725784782,False,13.7238,-0.9027249074420617,-1.0300007886589038,False,3361.0645188865064,9.008720370607271,-1.078001051236918,0.9961772262956696,-0.46834372122291745,0.750845565986238,False,False,False,False,True,-1.0119799133746732,-0.9379477090374712,0.9625882238327608,1.0466,1.02,0.9644,0.6397,0.0509,1.0329455309782034,1.127359396269156,2.23197469958496,0.6382629219921885
348.6046,2.477502065219244,-1.2308276029503866,False,349.1657,2.5233727305238722,-1.1894533110809402,False,33.2986,2.2535680402816003,-1.1228136896997487,False,33.1642,2.3098586450830565,-0.9400253757113093,False,33.5313,0.16013409108852936,-0.5442186741137187,False,2247.7358568342984,8.987133365119435,-1.2608377093230536,1.0321664749856239,-0.5760599497921786,-1.1473537515773098,False,False,False,False,True,-0.13785878584216282,0.004569328755061395,2.3260573802777196,0.5452,0.6606,0.5975,0.563,0.4264,2.500437397871558,2.2817133426823286,2.139858236022949,-0.9301625081811515
236.1026,1.5325881530614858,2.4413444606808645,False,235.9058,1.4858910241452112,2.191528403918709,False,22.5315,1.114235374210663,2.1909916256226634,False,22.5375,1.4569860960000727,0.15029740349893334,False,22.2767,-0.7496895490389324,3.7635237626707223,False,3453.263869271727,9.086376143424449,-1.016388539567097,1.0400915740689038,-0.2792586830260248,0.6928898144520806,False,False,False,False,True,-0.728272243110234,-0.808737267499965,1.1589068242460225,2.0981,2.0426,2.0115,0.8967,3.7562,1.5092395886033485,1.2856107351053678,2.39367591455078,0.5903758146215807
843.2744,3.774227181426393,-0.3823664422633539,False,843.5555,4.014814303781101,0.2681363457908332,False,80.3693,2.9854339281943147,-0.4673176877933282,False,80.3531,3.302942711593103,0.303863992120094,False,79.8876,1.2047897861534995,-0.04524088029193998,False,2779.6533920408215,9.308843410612287,-0.7117996803954899,1.2280207337325753,-0.6970329354698045,0.39890701751947844,False,False,True,False,False,0.6925360753922891,0.7087704649986717,3.6661747630113064,0.904,1.2564,0.8772,0.9437,0.8121,3.894520742603747,3.1441883198937086,2.0364048959350587,0.3474666056274405
1247.0055,4.318081694002048,-0.7363648696737465,False,1249.1891,3.995579352498789,-0.6815721214760725,False,119.3844,2.8663216689312727,-0.826586679900065,False,119.187,3.09213580818564,-0.48389993376420143,False,118.2096,0.36796898515208526,-0.686913127467471,False,2359.9292832410447,9.781416893095477,-0.6118053147553294,0.9045302162755512,0.6192923926380467,1.5438131671328101,False,False,True,False,False,0.848782611672641,0.57408281877136,2.592674559113702,0.7543,0.8682,0.7239,0.7026,0.3161,4.156830523250418,2.979228738558456,3.1620963143310554,1.2934683787817374
601.3364,7.041903288726244,-0.06123760831324511,False,601.7032,6.736377272906995,0.37749226667396213,False,57.4344,5.042304199904897,0.15700885817689145,False,57.3174,5.305115443417383,0.18460483287174573,False,57.6062,1.413387624885665,0.3929332933337703,False,3613.3443434385917,9.563828846217643,-1.1005209182801599,0.7801533813618406,-0.16314187644181638,-1.0482304839455407,False,False,False,False,True,2.4763007873664997,2.365851986594155,3.9337706714108167,1.0398,1.3011,1.1436,0.9072,1.1508,6.889140280816619,5.17370982166114,2.4929763609619133,-0.8482599112109366
229.8866,0.9274764812170978,3.4059133220081788,False,229.8937,0.9594632637506038,3.409366824849841,False,21.9826,0.7744244267385241,2.6447064127842044,False,22.1278,1.1593808475939988,1.5033170704781398,False,37.9209,2.916658136567015,2.7210650998198296,False,1339.0959583259503,8.21716224749812,-3.582566255078068,7.569768528614598,1.7669202438966147,-1.9768496197702266,False,True,False,True,False,-1.0652766745045126,-1.0689588514633834,5.862213653315682,2.506,2.5404,2.2051,1.3108,2.9504,0.9434698724838508,0.9669026371662615,4.143521495544434,-1.6155501815722673
541.4486,2.319580788426069,0.4325157092772016,False,542.2075,2.389911145831762,0.3809172843302571,False,51.9164,2.1827795790863296,0.5083097186909156,False,53.9348,0.0028812551788733646,-1.0354327031099875,False,50.9119,0.07362925724609441,1.0092491371934937,False,1923.9790904798342,9.680567236109628,-0.5545448925015348,1.0148006987454343,-0.47561931289053455,0.5488935296246612,True,False,False,False,False,-0.22464083934831583,-0.9661402328599149,2.215086242064073,1.2486,1.3025,1.2935,0.5338,1.6272,2.3547459671289155,1.0928304171326015,2.2257527794189453,0.4713959831127923
248.897,1.2628960282345838,2.0128573862201895,False,248.8274,1.2964529380256815,1.8793625089592623,False,24.0952,1.1287633186051347,0.8572670110894351,False,24.17,1.3336526072457469,-0.20846028651390636,False,24.4004,-0.7083351258516097,-0.20113101292228575,False,2664.5201136095548,9.090591595108103,-1.0112986868776113,1.073703908476162,-0.45896015152788355,0.5243985782426289,False,False,True,False,False,-0.8650141994818054,-0.8531565202274765,1.2119575869308565,1.9169,1.915,1.4424,0.7869,0.6916,1.2796744831301328,1.2312079629254407,2.2399993145141615,0.4511565360205072
420.8852,1.7727795111275946,-0.5949546762259075,False,418.6463,1.7597872338144274,-0.5783323035506128,False,39.8284,1.5703249438784759,-0.6756608932616185,False,39.7525,1.6543705866883187,-0.38718565667513005,False,39.4321,-0.5116945084361769,-0.23049786778294,False,1624.2576715957007,9.27554107732378,-0.9590900656864684,0.9324276476398128,-0.40279166186443177,1.1154594852819548,False,False,True,False,False,-0.5751624322495564,-0.5419601505009638,1.4642143934507283,0.8141,0.9104,0.7883,0.7322,0.6689,1.766283372471011,1.6123477652833973,2.2880333266601554,0.9395325188818351
641.3534,2.953911843672108,-0.44077500042659185,False,641.1267,3.060735246928015,-0.21968402611287885,False,61.6827,2.6568418990667557,-0.2578026982672859,False,61.7431,2.6919642372327646,0.3388248963381031,False,62.6964,0.21573626615952946,-0.5196384872259464,False,1198.1743721964867,9.331734272417263,-0.9697393215657261,0.902344099126549,-0.10087536687338945,0.3625928408671752,True,False,False,False,False,0.1640712627780065,0.3251960810342556,2.3973856099350606,0.8793,1.057,0.9666,0.9544,0.4454,3.0073235453000615,2.6744030681497604,2.5462252607421867,0.31746128552734376
523.7622,3.4872626393423376,0.5687235210262908,False,524.3354,3.2697114025555014,0.6032987878711168,False,50.2509,2.541036409526702,0.5528375128854881,False,50.201,2.6149920771395507,1.0125574617356219,False,49.7165,0.48657744210534715,-0.4721599157111441,False,2423.1606898720083,10.48928307660652,0.5208470007604966,1.0802006734932308,0.3129273863277724,1.7978538069699348,False,False,True,False,False,0.3851572143614391,0.24649568768890281,2.744829240941564,1.3062,1.3934,1.3125,1.1606,0.4821,3.3784870209489197,2.5780142433331266,2.9000999437255857,1.5033745757397465
584.6229,1.2293474274526996,-0.5424579154476128,False,584.0067,1.2648014664816707,-0.47753892680822096,False,55.756,1.1971879689742115,0.776413911104553,False,66.3363,0.01740222464419744,-1.9424557882426317,False,55.0134,-0.7118102029444828,0.7829820484213156,False,1124.4386521040676,8.626794109264202,-1.2980569969492175,1.0086132498519333,-1.0823346679913342,-0.45706970508908734,False,False,False,False,True,-0.884432624218075,-1.362574370999952,1.2074996480707147,0.8363,0.9516,1.4079,0.2562,1.4523,1.247074446967185,0.6072950968092045,1.706903636230468,-0.35980140724853626
385.4121,2.4333858163734092,-0.9969568984020378,False,384.7297,2.402017439645009,-0.911782236802749,False,37.1492,2.21602801943317,-1.0307114627604483,False,37.1183,2.4011701388323505,-0.7910331110065231,False,37.1166,0.22730998736868016,-0.8660897529388641,False,2317.0519221626405,9.745668022771204,-1.1674489186123904,1.0885389194484214,0.9081251060483703,0.5309400789302766,False,True,False,False,False,-0.18714088823121988,0.02652123073180688,2.4122327457412083,0.6441,0.7741,0.6368,0.6086,0.1776,2.417701628009209,2.30859907913276,3.409099467651366,0.45656158275878767
416.3706,1.9635281965043947,-1.3457529441136804,False,415.5028,1.9576440800471664,-1.5116496148909644,False,39.7551,2.0335791764932702,-1.1256259714383532,False,40.0892,1.840497142686828,-0.8155384177013894,False,41.8371,-0.5962119943885156,-0.8241740658249787,False,1219.483632090537,8.259709961709804,-1.5030987250978296,0.6667026805103883,-1.1986868546642775,-0.5166582850886234,False,False,True,False,False,-0.45942471910808164,-0.2768540887142091,1.355792687998171,0.4966,0.5289,0.5963,0.6011,0.21,1.9605861382757805,1.937038159590049,1.6074018981323235,-0.4090376720361313
374.5211,1.823102710319357,-0.771835653983405,False,373.5287,1.806357805744749,-0.7843226511649184,False,35.0796,1.8108482021798478,-0.1148450432215523,False,34.5003,1.9020950824265583,0.7289493789203716,False,35.7729,-0.5332368791782371,-0.7352972848149806,False,1427.0401245223843,8.201113962260143,-1.6748161794206016,0.7933183780099955,-0.6997688192673286,0.07594439722197455,False,False,True,False,False,-0.5463047280350131,-0.3426357455919859,1.4365791585756331,0.7393,0.8262,1.0276,1.0738,0.2787,1.814730258032053,1.856471642303203,2.03406523046875,0.08061223370605575
140.9261,0.37423534079102083,2.3841182619946157,False,141.0912,0.3960805584339624,1.4942926667443963,False,13.4444,0.3436801847045398,2.674001014228003,False,13.3678,0.5671194077033299,-0.2741345084561475,False,15.0197,-0.9301885533563796,2.1374797153422445,False,1584.485385065074,8.203374392598194,-2.8148222421863163,2.6983138134396545,0.5697236268217981,-0.8980329290123057,False,False,False,True,False,-1.3978388225784977,-1.4865951786785034,0.9273569897937517,2.0739,1.7576,2.2176,0.7668,2.4993,0.3851579496124916,0.4553997962039349,3.119706235595702,-0.7241561553369138
549.579,2.984421157812685,-1.543679920561575,False,550.162,3.0589091687555263,-1.6647968329510066,False,52.4477,3.00812581794903,-1.5034091516575703,False,52.6279,2.9193860909186786,-1.41934917466289,False,54.0093,0.3488307208215867,-0.7857513526372502,False,1709.6176360138074,9.157038237421057,-1.0252440499658364,0.8537287146353202,-0.5894413823092435,-0.5062536224496073,False,False,True,False,False,0.172613941320677,0.5614494642401641,2.5681233880189462,0.4129,0.4663,0.4351,0.4163,0.2397,3.021665163284106,2.9637559544338545,2.1284147399292,-0.4004406099023434
648.713,0.8896619662548104,0.2714783485113522,False,648.6547,0.8958781263657869,0.1842234132116089,False,61.976,0.760596399313128,0.6803276183688963,False,61.9648,0.7515515913862681,2.067592599305257,False,61.8072,-1.5036931492890921,2.0566238374219408,False,570.4805414818989,8.862073447145402,-3.5187383836688464,0.2519695679788111,1.8937569395325786,-0.8042217005605409,True,False,False,True,False,-1.0954763575285469,-1.2410980706207344,0.19164714614116818,1.1805,1.2221,1.3669,1.4835,2.4368,0.8927700463102987,0.756073995349698,4.251989346740723,-0.6466427377636705
564.3608,5.10356435515587,-0.8784844788077782,False,563.7563,4.827549140565539,-0.7446903039992206,False,53.894,3.84986606371875,-0.5760592483527058,False,54.5029,4.149966814564782,-0.3306600825656386,False,52.4598,1.2933908763104673,-0.9343967986059367,False,2084.182600264811,9.146804317410757,-1.4480856017401795,0.9818094922263622,-0.18346460333664336,-0.10712172935167454,False,False,True,False,False,1.3305056762222225,1.40746286745941,3.7798350451592095,0.6942,0.8424,0.8308,0.7495,0.1248,4.965556747860704,3.999916439141766,2.475596828124999,-0.07064984170654398
261.5917,1.0260766679156204,-0.35446275860642273,False,261.1443,1.059145897541586,-0.6407165537188407,False,25.1849,0.9353690651837043,0.6522048009828504,False,25.3047,1.119099671213087,-0.2274110570246029,False,25.5215,-1.186524191305973,0.33445832242180645,False,2697.1120494521438,9.387687087019932,-0.5134044873278742,0.6398773962283755,-0.5622883793224255,1.9179752702388073,False,False,False,False,True,-1.0062224451330297,-1.019698670395011,0.5985215219423184,0.9158,0.8849,1.3549,0.7811,1.1056,1.0426112827286032,1.0272343681983958,2.15163536920166,1.6026273549169918
736.8143,6.065349588338227,-0.8101441010378362,False,746.3403,6.902685102570341,0.13015706306581132,False,70.9357,4.679872080424398,-0.15866976698147425,False,70.7724,5.2623565203525855,-0.07678510520682585,False,69.1354,1.9146074732868268,1.3440571564858876,False,3415.0424808229345,9.136062816479095,-0.6144400399023485,0.9779650543642604,-1.0919795616195749,0.9805308256172167,False,False,True,False,False,2.234986661518646,2.2004350179310754,4.576751353550032,0.7231,1.2,1.0089,0.8272,1.886,6.4840173454542835,4.971114300388492,1.6986555430297852,0.8280449953540039
573.2564,1.3300664118759296,0.20242855505521665,False,573.3169,1.3797038507172927,0.29822757234256664,False,54.6514,1.2009561558289363,-0.028367379759461207,False,54.9515,1.1952633127977057,0.31464632706583495,False,56.1143,-0.7845178746741601,-0.11070179905621805,False,926.6142809658038,8.745891799216361,-1.0922943625967991,0.9277840332513172,-0.9511256984728841,0.2025265457323309,True,False,False,False,False,-0.8202144850432443,-0.8801808523091631,1.1142279460129683,1.1513,1.2687,1.0645,0.947,0.7615,1.3548851312966113,1.198109734313321,1.819110556396483,0.18520328423095656
527.3188,5.233912941181233,-0.7032588043180651,False,526.6005,5.287041376941273,-0.48243180917435646,False,50.7198,4.600615897418941,-0.6918315132585949,False,50.6536,4.993420762713944,-0.262371961242612,False,51.1537,1.012468577692102,-0.43516026597481294,False,2818.6470649544826,9.515624599179061,-1.3824546498362817,0.743261143122061,-0.06659747854518007,-1.224305804812683,False,False,False,False,True,1.506176947857086,2.058287612666501,3.4194590309811286,0.7683,0.9496,0.7814,0.7704,0.5107,5.260477159061253,4.797018330066443,2.5755389295654307,-0.9937456925610348
710.8259,5.043277536222724,-0.2239302723468792,False,711.3039,4.5633764854775585,-0.1756480848176591,False,68.0505,3.225262442745013,0.6383777491013778,False,68.0558,2.902585052886321,-0.08397332850398687,False,67.9256,0.3967256487478504,0.3986255471393596,False,2046.1419806880208,9.195688477483472,-1.403779746289341,0.8153024951708214,-0.3481145997836338,-0.6261293443936757,False,False,False,False,True,1.233872472431335,0.6432353429940699,2.6295645171507473,0.971,1.075,1.349,0.825,1.1552,4.803327010850142,3.063923747815667,2.3347919039306646,-0.4994903403588875
124.3355,0.6497849049957187,-0.61339948406693,False,124.6876,0.7346327812448743,1.6584488701282432,False,11.9608,0.4183751759253036,-0.24327257595116222,False,11.975,0.5632106539868328,-0.5417324575640856,False,11.8596,-1.3436100457955327,0.3678356288273079,False,1371.1318590761464,8.400036011757622,-1.9760666933410904,0.9489253660840812,-0.1933814849205028,1.6576619129552344,False,True,False,False,False,-1.2149419498270984,-1.4576970945612773,0.3970068169754107,0.8063,1.8247,0.9728,0.6849,1.1314,0.6922088431202965,0.4907929149560682,2.467116137023927,1.3875381987890627
476.0913,0.42156272356205926,-1.221841670925273,False,476.975,0.4284533452011969,-1.3448023262057431,False,45.511,0.4104343609959576,-1.2969408006816832,False,45.4134,0.4190657103217508,-1.1680880966848628,False,45.4767,-1.3514750355630225,-1.0268959229467642,False,380.21768002553114,7.902959239828082,-2.2809367657597486,0.94270216139531,-0.4915452078760015,0.14639992573485022,True,False,False,True,False,-1.3741018589765077,-1.5197852518055301,0.38691735922179205,0.549,0.5971,0.5232,0.4932,0.0533,0.42500803438162804,0.41475003565885415,2.212133317016603,0.13882753364501887
123.881,0.1493782851056751,-0.1477863220288119,False,124.1751,0.1676120230317768,0.04086195988383802,False,11.4832,0.171569036017668,-1.0651619140583546,False,10.9867,0.28640873820045376,-1.0367396528003807,False,10.0317,-1.5066065116050706,-1.0222386243785548,False,494.534953722423,6.704518036229227,-4.42139607863157,1.0952430411300373,0.6657954936748978,-0.3230765587852041,True,False,False,True,False,-1.5328519990602354,-1.6714571441329318,0.1879097927717396,1.0032,1.1635,0.6221,0.5334,0.0569,0.15849515406872594,0.22898888710906087,3.201864706420899,-0.24908687048339928
245.8077,2.4285678308421192,0.2556347315197044,False,245.8307,2.233109245515967,-0.13797289059841533,False,23.645,2.5422945188330894,0.8872646829678844,False,23.7348,2.587595380181348,-0.30386761391258504,False,22.441,0.5468842809422484,-0.7795416212129709,False,2825.1441502474086,8.509010187684295,-1.3514349648542447,1.1100967025046549,-0.9657885925387761,0.4940570137323064,False,False,False,True,False,-0.23888145575071293,0.2358247560035998,2.822192762152271,1.1738,1.0904,1.4552,0.7577,0.2445,2.330838538179043,2.5649449495072187,1.80657118359375,0.426086207036132
198.7139,2.0375017509529934,0.9496797445120236,False,199.1674,1.8093852046140368,0.5927790907839254,False,19.0563,1.344747088994172,0.25332950772409907,False,18.933,1.5462515014648244,-0.3188975353521031,False,19.1754,-0.2241923905257577,-1.0120184414094284,False,3073.4536222422366,8.609847488248256,-1.187336833456433,1.3631047971999175,-0.8581576189803344,0.2194220327701203,False,False,True,False,False,-0.48154898773369825,-0.678190053161279,1.8330312080285802,1.4673,1.3891,1.1847,0.7531,0.0648,1.9234434777835152,1.445499295229498,1.8986147390136736,0.19916352079834
383.7911,0.44600131265039533,0.9170466229471377,False,383.6719,0.44744228407035025,0.6933278234080104,False,36.7664,0.35823855845851504,0.3899595288579723,False,36.465,0.4166172235922974,0.46102469238983534,False,33.6059,-1.2300210138623153,1.6228482235550952,False,297.1614553144792,7.479617511510417,-5.527860247997852,1.5149748923959827,2.374534882069828,-1.523686717568926,True,False,False,True,False,-1.3611679134601649,-1.542093476164335,0.5427224215527808,1.4535,1.4302,1.243,0.9918,2.1015,0.4467217983603728,0.3874278910254062,4.663139685119628,-1.2411152035131838
596.7631,3.3593110882586825,-0.9979027859836287,False,597.4788,3.572560299301022,-0.9651146545936262,False,57.58,3.446450655096445,-0.8800200329335524,False,57.5192,3.5069666770979318,-0.793973747809907,False,57.8438,0.7137621317334983,-0.9479805860965478,False,2192.480633564327,9.757370732805219,-0.6729980480002643,0.880984309275751,0.013259206092268182,0.6542924122896568,True,False,False,True,False,0.43724658822490015,0.9802695946055585,3.0362689498331004,0.6437,0.7523,0.7011,0.6077,0.1143,3.4659356937798522,3.4767086660971884,2.6438305461425795,0.5584839334423819
475.3912,1.7330865687370847,-0.3480780174306841,False,474.966,1.7410830430102784,-0.5083640857148749,False,45.6042,1.8021244659642812,0.43987752971820354,False,45.5258,1.989435707154245,0.11402954959053152,False,46.2923,-1.0603231144560588,-0.7994645095325338,False,1640.3471404942056,8.436948797040309,-1.8938541175614945,0.4219554593459936,-0.2703555859365951,-2.725948209407703,False,True,False,False,False,-0.592554749394334,-0.31054084215654176,0.7604162568346117,0.9185,0.939,1.2643,0.8856,0.2291,1.7370848058736814,1.8957800865592631,2.4012896402587884,-2.2345079837499977
633.2321,0.4755340958201217,1.1547008778218502,False,633.3857,0.4763000946603821,0.7385869852947644,False,60.5566,0.4463797277084889,2.17669586011809,False,60.646,0.33376341544987775,1.3775231627778273,False,60.63,-1.595977146730427,1.1611288182789923,False,279.6087684745058,7.570877550036401,-4.430994568372669,0.16412554029500387,1.3007168887180258,-1.3319296958317173,True,False,False,True,False,-1.3437775439439696,-1.539934940671683,0.07326231398689245,1.554,1.4487,2.0054,1.2723,1.7446,0.4759170952402519,0.3900715715791833,3.744835012084959,-1.0826721008715818
304.8601,0.5225230431110485,0.12013633545680893,False,305.1374,0.607151495592428,0.7442138000158202,False,29.5003,0.4954483116931929,-0.15374827393891624,False,29.4072,0.7840799030125333,-0.5884559089956302,False,28.6901,-1.2198959766903905,-0.889246876375239,False,1533.6208397334653,7.689336651739034,-2.815744681460445,1.1216329262171658,0.18275552125172806,0.11768124108901305,False,False,False,True,False,-1.290811660719509,-1.336063788407193,0.5557111396337904,1.1165,1.451,1.011,0.6706,0.1597,0.5648372693517383,0.639764107352863,2.788779931640626,0.11509814184570288
630.1895,3.7443197859945747,-1.2173487049127165,False,631.059,3.6248445373147096,-1.2601554612715984,False,60.0078,3.2926166140337116,-0.9236103998819235,False,60.1999,3.216101675573353,-0.6273376622848178,False,60.5465,0.886119159963609,-0.6788922243777769,False,1154.0445482050948,9.943077735723755,-1.0511403005597821,0.989296471940338,0.7265127049823803,-0.13738612418488774,False,False,True,False,False,0.5674847867059017,0.7987237066953051,3.257373999715693,0.5509,0.6317,0.6825,0.6587,0.3223,3.6845821616546424,3.2543591448035323,3.253788681640625,-0.09565640769042894
1175.814,6.7428916151609535,-0.3776370043553995,False,1175.9008,6.297723955456687,0.25321305457411986,False,111.6336,3.866095558591366,-0.024852027586205333,False,111.6649,3.8279953004829643,0.43749959796276394,False,111.6665,1.1820954529019767,-0.425845668838394,False,1713.7083671588584,10.053367107200152,-1.3547420859697519,0.9407583695374393,1.3323800584000502,0.5972442130776485,False,False,False,False,True,2.2566032993480962,1.2826454043367859,3.6370617541763495,0.906,1.2503,1.066,0.9846,0.5179,6.52030778530882,3.8470454295371654,3.771912633117676,0.5113467094628916
625.2706,2.5552590213797095,-0.23433503574437894,False,622.1819,2.49006009435863,-0.283046852754334,False,59.2081,2.065615676712823,-0.40521313273247683,False,59.1049,2.002402891651879,-0.21205439816248667,False,59.0789,-0.18952305629470834,-0.6175711265630184,False,1844.669518893388,9.681773554011087,-0.3642195159100959,0.9089329386021368,-0.3688771378096875,1.3764170493359555,False,True,False,False,False,-0.12462201091240335,-0.19767825413926188,1.8775061270572275,0.9666,1.0311,0.9037,0.7858,0.3697,2.5226595578691695,2.0340092841823507,2.3170362546386727,1.1551539638330084
533.0279,2.770833860318616,-1.191336796418967,False,532.6495,2.663810048936638,-1.2696965818855626,False,50.6771,2.200617211400919,-1.1912458786724605,False,50.6292,2.3558227317007843,-0.882192851911425,False,50.4672,0.043465987471914665,-0.8558695699697377,False,1741.7154772721606,9.501029085989972,-2.0676042867641664,0.9889915582934062,1.614869607001965,0.838742520912239,False,True,False,False,False,-0.00867008124147093,0.0017170304448415258,2.1763918451106856,0.5619,0.6278,0.5683,0.5807,0.1855,2.717321954627627,2.2782199715508513,4.013491256469729,0.7108895519067389
566.6513,3.698982832121419,-0.9059152186739143,False,567.5806,3.470426992359267,-0.8868285367354578,False,54.2796,2.686899770013827,-0.19476071596023287,False,54.2746,2.8114559778835573,0.8557234988884787,False,54.1815,0.29559600256862467,0.013104721215351122,False,2876.9728659646735,9.987790821370613,-2.8284342117422945,0.930377915388622,3.2775979435422045,0.08613213361338166,False,True,False,False,False,0.5079922499208801,0.3862488705032974,2.499832206883632,0.6826,0.7843,0.9935,1.1126,0.8572,3.584704912240343,2.749177873948692,5.43541863232422,0.08903005615722748
553.6241,4.715413227988617,-0.6614032788326679,False,555.3318,4.451329993697346,-0.5357642269652338,False,53.0309,3.3586444038165406,-0.37826209940418265,False,53.0693,3.666572942591191,-0.52441537416638,False,54.7098,1.0945406236999065,0.20198405203718092,False,3140.044232782422,8.958310842037745,-1.229391967882096,1.0494542514485918,-0.5882109859658688,-0.09724125303129295,False,False,False,False,True,1.1028545999656092,1.0095815473736443,3.5247436486892902,0.786,0.9278,0.9152,0.6902,1.0032,4.583371610842981,3.5126086732038657,2.129466946838379,-0.06248589907959001
123.9086,0.8286270201233085,2.3245273443543892,False,125.9696,0.8888982312564074,0.3363920547984239,False,12.5141,0.9220258549272252,-0.2580370550788363,False,12.4379,0.9501325181646609,-0.369215098432228,False,11.1681,-1.2655253095911903,3.2184904607855382,False,1859.3942705481938,7.892818229912101,-1.351596528798768,0.5392217418159357,-1.9024202391801721,0.25906964141196903,False,True,False,False,False,-1.115733100020853,-1.094125852852755,0.4971763874931856,2.0487,1.2843,0.9665,0.7377,3.3349,0.858762625689858,0.936079186545943,1.0055851474609376,0.23192315624023507
223.9605,1.1112564452046378,0.4497781576412357,False,224.0889,1.1646891993496111,0.2840382134807735,False,21.3915,1.0147854216500793,1.5324489851660879,False,21.2984,1.2569371676309058,0.1418022305113796,False,21.0858,-1.1785674145512406,1.1206361946165044,False,2636.921069126377,8.817696497480505,-2.1613453584131563,0.5998595505617977,0.5443599317589864,0.4958956546461209,False,False,False,False,True,-0.9494197204611338,-0.9310060044645677,0.608728726947681,1.2559,1.2629,1.7305,0.8941,1.7133,1.1379728222771246,1.1358612946404927,3.098015781677246,0.4276054211352527
472.8831,0.5678946393883004,0.6696970203611187,False,473.0951,0.567704004433682,0.4264210903353174,False,45.5797,0.5085821447054978,0.6252537676545562,False,45.7387,0.6156926723550339,1.2925714329022915,False,35.6115,-0.3699537873519992,-1.0283189863981617,False,334.51840182033663,7.837101602131039,-4.145149852931551,3.236534929193577,2.0513963567881683,-1.8186077224443487,True,False,False,True,False,-1.289047294741532,-1.3994451165130355,1.6460438757035256,1.3489,1.3211,1.3434,1.2463,0.0522,0.5677993219109911,0.5621374085302658,4.386798983398435,-1.4847996257226566
305.8068,0.6528271297124685,-0.435336146832444,False,305.5865,0.6852497425957107,-0.4007206736598932,False,29.2346,0.6552371654920108,-1.5395001006363296,False,31.0906,0.004436206680801571,-0.0630621334577009,False,42.4192,-0.5124906283327122,-1.0190043892617426,False,2619.4377195390007,8.062839772991715,-2.0586237880351406,2.233074042062806,-0.6252992587952497,-0.5467241831280434,False,False,False,False,True,-1.228743554264992,-1.589116048444415,1.46319310565502,0.8816,0.983,0.4197,0.8314,0.0594,0.6690384361540895,0.3298366860864062,2.097749901245116,-0.4338802260449235
637.733,5.9961127877404685,0.5580822857333932,False,637.3286,5.96824958611575,0.7774854001055413,False,60.8816,4.275553122581347,0.3182463445235547,False,60.7815,3.959704528580201,0.5946602982325049,False,61.1329,0.9272479530383776,0.20276026846521578,False,1823.4715393591696,9.342588220463734,-1.113359283203626,0.7742004886969617,-0.510791771783318,-0.4570253448396999,False,True,False,False,False,1.9360646718137708,1.503573709478634,3.3101353169522993,1.3017,1.4646,1.2124,1.0327,1.0038,5.982181186928109,4.117628825580774,2.1956740942382797,-0.3597647536987303
518.6767,2.293338635653533,0.10973157205930918,False,519.0754,2.3292789093409554,-0.23583053792112596,False,49.5397,2.0911222361566475,-0.06281783105736732,False,49.5297,2.1130752065571166,-0.18754909146762075,False,49.6794,-0.6196755730199227,-0.9347849068199543,False,2054.7678293967347,9.789930356221893,-1.4369510508329044,0.6339623977622774,0.9638442809850538,0.10607614823200912,True,False,False,True,False,-0.2505144883986957,-0.14208399309817737,1.3256928668478833,1.1121,1.0504,1.0498,0.7933,0.1245,2.3113087724972443,2.102098721356882,3.4567492360839847,0.10550920005859332
489.8968,6.913541760231396,0.26320183217243176,False,490.11,6.94829687405809,0.6776705998363767,False,46.9857,5.619068637877709,0.93343297484331,False,47.0393,5.240141328750556,0.7171868317068357,False,46.6343,1.474460412404819,-0.33295843628354904,False,3227.7433070565257,9.555981000006415,-0.5215457838658489,0.7140181112548513,-0.7688420623725178,-0.33528652103800166,False,False,False,False,True,2.5011867435794453,2.5747875132547913,4.012116775828812,1.177,1.4238,1.4749,1.0702,0.5897,6.930919317144744,5.429604983314133,1.974995367309571,-0.25917559779541044
669.7765,2.892206532364194,2.7002811861413716,False,669.9251,2.9437685891270924,2.595680487361504,False,64.2602,2.6771542290183663,2.7398552782736596,False,64.5277,2.6871817539191496,2.256773566989623,False,69.645,0.6859162109528802,1.142111515792137,False,1202.0898140902189,9.32358354476068,-3.534971816136029,1.120797333592208,2.316292629235678,-2.291676317011214,True,False,False,False,False,0.11085769934392015,0.33153605375063794,3.0005473214988885,2.2076,2.2078,2.2457,1.5414,1.7299,2.917987560745643,2.682167991468758,4.613332237976074,-1.8756820831494139
663.1504,4.822706238775825,-0.4847587729705683,False,664.5197,4.8149427051142135,0.014195750988399619,False,63.5269,3.7732222409486362,0.5556497946240929,False,63.5,3.6686291133984517,0.7090183961418804,False,63.5965,0.6625432770212524,0.5440367579912341,False,2539.5167549189937,9.878281010343462,-0.3283298066251945,0.7872750642673522,-0.19029632084452608,0.9291891034661725,False,False,False,True,False,1.2431036364818886,1.179670042426132,2.97056378223784,0.8607,1.1526,1.3137,1.0677,1.2676,4.818824471945019,3.720925677173544,2.469754499023436,0.7856228630175792
158.8567,1.5610494870652427,-0.6904893219665879,False,158.9827,1.5550118687853918,-0.8342300512995009,False,15.2151,1.1454610795167002,-1.336547101833698,False,14.7769,1.3672427010832093,-1.3526947404528542,False,16.2676,-0.8307918269236304,-1.0160288929542753,False,2241.8072528051734,7.893843773769907,-4.166043467404526,0.9209097320169253,2.3792100226533943,1.1036473727590117,True,False,False,True,False,-0.6992095116744909,-0.8326267858066482,1.0548662557735422,0.7737,0.8058,0.5063,0.4367,0.0617,1.5580306779253172,1.2563518902999546,4.66713775878906,0.9297725229248073
657.3715,3.504781288614847,-0.20312074555187945,False,659.6964,3.4146556803365384,-0.18078561130210136,False,62.833,2.526211161077387,-0.1584354101699239,False,62.7413,2.792438723959215,0.028424344869799285,False,61.7357,0.1325728898366506,-0.2712492302547732,False,1679.7420087359626,9.469960630937242,-2.773129785466837,0.9067733665572514,1.3983081308204273,0.4610893160607607,False,True,False,False,False,0.4335432668439359,0.3128849607320428,2.2907009991646445,0.9798,1.0729,1.009,0.8594,0.6374,3.459718484475693,2.659324942518301,3.828292817993164,0.3988459826171873
532.6986,2.324197869862932,-0.1241391324890395,False,533.2394,2.439571824733296,0.09125864825503383,False,50.9274,1.9038943372318196,-0.6140250518238678,False,51.0549,1.9836351831535213,-0.22185652084043314,False,51.36,-0.3932472458284453,-0.4052759334954687,False,1647.7790968895101,9.225802456005384,-1.1872712747443435,0.8488718404515757,-0.058595100662578996,0.7001704216768623,False,False,True,False,False,-0.20847538789427156,-0.2713618948389287,1.6161622900713073,1.0132,1.1841,0.8146,0.7828,0.5338,2.381884847298114,1.9437647601926704,2.582382380737304,0.5963915630273426
652.192,3.446232820771531,-0.21612669979875412,False,654.1569,3.8760633847671593,0.46776594632916296,False,62.6812,2.986353208744325,0.005848714726894553,False,62.7465,3.127109510541515,1.0942418173851751,False,62.6147,0.5679476388359833,0.2995285831602353,False,1153.6526217853602,10.005176652108819,-0.8808198546863245,0.9540778685672128,0.3790310199347175,0.9324698641440967,False,True,False,False,False,0.5535261362781866,0.637362838796986,2.849213504187643,0.9743,1.338,1.0791,1.1856,1.0786,3.661148102769345,3.05673135964292,2.9566302645263676,0.7883336576269535
550.0242,3.2183433296118036,-0.46182099911698926,False,550.2781,3.293967253520449,-0.5675679623451148,False,52.5471,2.9927015620751902,-0.5842617367569691,False,52.5715,3.203496849361315,-0.3695418358548262,False,52.2812,0.08514517756139121,-0.7422832326672949,False,2984.688341976487,9.313992168052009,-1.3399424326822134,0.745099096185291,-0.1845712832168429,0.45734611062670505,False,True,False,False,False,0.31228951973668917,0.6711392206978146,2.2298592290545325,0.8704,0.9148,0.8273,0.7376,0.2733,3.2561552915661265,3.0980992057182526,2.4746504207153333,0.39575308371093776
153.9271,0.4788683117839544,0.1033468308835703,False,154.233,0.5004694478208533,-0.035222360909569185,False,15.021,0.44466711954224875,-0.4539593495349563,False,15.0077,0.6022769891115558,-0.7201310903027107,False,15.0059,-1.1793620468980939,-0.4620691021466901,False,1322.4453083165804,8.313244938697252,-1.7447071745247575,1.3666613084713068,-0.4649499195008173,0.6130867240156931,False,True,False,True,False,-1.3355862035364077,-1.4310149441401587,0.6077093474277768,1.1094,1.1324,0.8829,0.6303,0.4899,0.48966887980240387,0.5234720543269022,2.2348770014648434,0.5244369033129885
237.8313,0.9398911062531353,3.3851037952131793,False,237.9716,1.074994407935154,2.4601476458195495,False,23.0321,0.9603940427393366,1.9636655184187926,False,23.0486,1.3823254973031527,-0.22381694537602256,False,23.0077,-1.0051779970043575,-0.5101945206848549,False,3373.9917589354027,9.338039813987088,-0.6569767883258343,0.865434521172226,-0.6266108312764951,1.0963174464420675,False,True,False,False,False,-1.027170807420262,-0.9020218978428696,0.8311581585147763,2.4972,2.1524,1.9145,0.7822,0.4527,1.0074427570941447,1.1713597700212446,2.0966282743530282,0.923716023625488
776.8684,3.8881097233052477,1.3136099915291202,False,777.2465,3.6884867031725492,1.0761958685581154,False,74.455,2.652388850300687,0.11646512977867553,False,74.4169,2.7495463153105764,1.0092900875096393,False,74.2816,0.1635711048488896,-0.2876791446481789,False,1103.915333755331,9.538561431534292,-0.947600791126469,0.8786292741451709,-0.013703323947998959,0.719018265144644,True,False,False,False,False,0.6292639311082323,0.3468857090219669,2.330466490290437,1.6212,1.5867,1.1263,1.1596,0.6247,3.7882982132388987,2.7009675828056317,2.6207728049926757,0.611964973430176
1483.4829,2.7111885012202985,-1.8158590721643548,False,1474.1854,2.7702253220073416,-1.9926199514820866,False,140.9312,2.6114183170740595,-2.2125728634090285,False,173.219,3.1405439852608636,0.2738041492410583,False,146.797,-0.915055834690303,-0.41407305301319774,False,1475.363344763996,7.990475890161282,-1.3696819674145122,0.3625500035625948,-1.8686187854804048,-0.27104008814513453,False,True,False,True,False,0.005259321318929222,0.4897823227845294,0.9467697201586256,0.2978,0.3323,0.1325,0.9345,0.527,2.7407069116138203,2.8759811511674616,1.0344913802490225,-0.2060906882104483
1818.3865,5.552918672264376,1.2343919065708826,False,1818.5687,5.157117597656239,1.1390694069629572,False,173.4115,3.147197879968459,0.2746559775751837,False,332.424,0.0015333631423886437,-1.666035928724542,False,172.5091,0.46709742214528904,-0.2955706783332005,False,1209.7763136975486,9.152979446501622,-0.9936263230101856,0.8642099285278964,-1.0173269096406123,-0.61492348717732,False,True,False,False,False,1.5624908984249024,-0.5729721444450522,2.719839654910688,1.5877,1.6124,1.1938,0.3408,0.6186,5.355018134960307,1.5743656215554238,1.7624967894897452,-0.4902312750634774
517.5973,2.8123032060401836,-0.9149011506990279,False,517.9595,2.633581575043976,-0.9492127869036856,False,49.6209,2.2540951162268645,-0.6791762454348741,False,49.7215,2.359191238902103,-0.5927034954894069,False,48.9457,0.05094859347133919,-0.7839401809718355,False,2381.892011119582,9.136715231362386,-1.5467256406484327,0.9697863915013516,0.15218355842558406,-0.5050068237518479,False,False,False,False,True,-0.00532223183282896,0.024924259059406484,2.185990768866471,0.6788,0.7588,0.7868,0.6693,0.2411,2.7229423905420798,2.306643177564484,2.7626354858398443,-0.3994104173583999
420.1925,2.3605049975093,-0.8146370670503931,False,420.5113,2.300433744638136,-0.7121526362644194,False,40.5,2.0139138522264677,-0.687613090650688,False,40.4986,2.1137261953534443,-0.609693841464514,False,40.5703,-0.14706438647640047,-0.7384021505271203,False,2275.1469069933523,9.195468504222791,-1.0162083933728236,0.9593128574627017,-0.3661923612553421,0.08186570625542877,True,False,False,False,False,-0.23910135255125706,-0.17333811992248332,1.9319734522630903,0.7212,0.8557,0.7832,0.6641,0.2763,2.3304693710737183,2.063820023789956,2.3193322143554713,0.08550483459472602
635.1343,5.2841779488097105,-0.4076689350709105,False,634.5824,4.957308161317935,-0.03987059915739797,False,60.6793,4.357616344502509,0.9268709841198989,False,60.7868,4.397466227608234,0.2996164056263173,False,61.2976,1.8232705376340832,0.04687013583487,False,3510.836957663095,9.510562160695828,-0.665079215689817,1.0233992829252008,-0.6313936289832294,0.17226952407940863,False,False,False,False,True,1.4229434149860958,1.71578931552656,4.459581442227002,0.8933,1.1305,1.4721,0.9424,0.8833,5.120743055063823,4.377541286055372,2.0925381347656256,0.1602028104858384
536.2623,2.8117281430065146,-0.7557555650963598,False,535.812,2.714671812541603,-0.7062811774250569,False,51.002,2.162303178348022,-0.19452635914868252,False,51.0037,2.256821708594248,0.030058031982790178,False,50.9129,0.07389838823919233,-0.40553467230481377,False,2129.121352231205,10.275509751368947,0.4256030186720776,1.0245702425091807,0.5907983724891603,2.045101742696086,False,False,True,False,False,0.018657463276113832,-0.054341070442604826,2.2154314918184053,0.7461,0.8581,0.9936,0.8599,0.5336,2.763199977774059,2.2095624434711354,3.137728877746582,1.7076681640698226
246.0362,1.7936966447747915,0.09246912369527516,False,246.2259,1.7514384093395459,-0.09907447578763784,False,23.4381,1.5124814962299014,-0.1176573249601571,False,23.3985,1.9649372555447275,-0.06992361933226338,False,22.5127,-0.6432527513257733,-0.9768299633385121,False,2907.6180766695948,8.69517767850392,-1.6098882524987217,0.8565045719035744,-0.7313853885931361,-2.6992034709642003,False,False,False,True,False,-0.571419234473565,-0.43878731405235066,1.2954473164404694,1.1048,1.1063,1.0264,0.8293,0.092,1.7725675270571686,1.7387093758873144,2.007027460998536,-2.21240960477051
453.9821,5.169692810476383,1.9944125783791669,False,454.2558,4.578883747635802,1.76340119688185,False,43.6946,3.806547882181129,1.9908509085586366,False,43.7869,3.115938445263985,0.7962572879756036,False,43.9638,0.11255622514971786,0.8444325156407466,False,2906.7699471688184,9.063320951937529,-1.1817189619346418,0.5950333631423265,-0.6040987225417624,-0.9014230091513,False,False,False,False,True,1.2761410159065614,0.9676421855414639,2.2650229882965376,1.9091,1.8676,1.9261,1.0944,1.4998,4.874288279056093,3.461243163722557,2.1158801166381824,-0.7269572773535149
418.9421,3.0613422873794165,1.123013643838555,False,419.3412,2.767561168975943,0.7973015736883902,False,40.2033,2.0378222759908153,0.4541732952227769,False,39.948,2.31889204467399,1.0073296629740502,False,38.1728,0.8101733194698889,2.297768407731455,False,1475.363344763996,8.513498384952843,-1.2615582378989219,1.5506495878117499,-1.0528624201289514,-0.370465652505103,False,False,False,True,False,0.10875155755138177,-0.0798198337965862,3.15994827229876,1.5406,1.4727,1.2704,1.159,2.6232,2.9144517281776796,2.1783571603324026,1.7321076308593746,-0.2882430639428719
187.6984,1.1750266570356944,-0.9016587245567552,False,187.777,1.2200976739518292,-0.9954505252636664,False,17.957,1.1641966635346803,-0.6646461231187504,False,17.9753,1.403249838159909,-0.6704670020677821,False,18.0825,-0.9735871421481187,-0.7030843030515317,False,2850.3552381721574,9.340321145910378,-1.018030868923378,0.74874283193648,-0.2649444156197144,0.9022498781833262,False,True,False,False,False,-0.9139249384752421,-0.8102783772066774,0.8716839067859578,0.6844,0.7399,0.793,0.6455,0.3036,1.1975621654937618,1.2837232508472947,2.405917149780274,0.7633637853686537
421.9822,4.372929357677716,-0.4090877664432967,False,421.9375,4.363458742232861,-0.321945267565111,False,40.4319,3.9315252474243625,-0.5158295477842573,False,40.381,3.8058120608126056,-0.3502643279215315,False,39.7463,1.1176941705215817,-0.8127895582137998,False,3333.7710113525804,9.480656324954063,-1.4476567030470247,0.9040882424835003,0.5344632042325215,-0.9751548360537421,False,False,True,False,False,0.9746826786172272,1.300300524452443,3.5544457512234016,0.8927,1.0152,0.8565,0.7435,0.2188,4.368194049955289,3.8686686541184843,3.0895523258666984,-0.7878796848461924
984.96,4.732123721747569,1.8243892855882033,False,984.8315,4.40838156398188,2.1665747038514174,False,93.8518,3.3524176112264534,1.3789452736005874,False,93.8479,3.282648154300754,1.8352822918379263,False,94.2492,0.5268056507880633,-0.8867888576864619,False,1773.9270896449234,10.558377026717213,-0.3981756399929375,0.8341548053730945,0.4387387974028381,0.5232593555135611,True,False,False,False,False,1.0950402008947013,0.8503043545143029,2.796435260021936,1.8372,2.0324,1.665,1.4124,0.1616,4.570252642864725,3.3175328827636035,3.007690994934082,0.4502152302880855
195.3656,0.6230886838036718,-1.2710278251679996,False,193.7207,0.6639519329289937,-1.484983405995526,False,18.0321,0.816363367821689,-0.7853398810671975,False,20.2965,1.117636533104973,-1.79084962415706,False,17.8923,3.4390448505248528,-0.2923364432163884,False,841.8597902506439,7.204903785564324,-2.191710837069197,8.0017650446835,-1.6348157326263755,-0.3455098585877028,False,False,False,False,True,-1.2439435939637289,-1.0688793962488223,6.532347860395689,0.5282,0.5398,0.7415,0.3026,0.6211,0.6435203083663328,0.9669999504633309,1.2344344221191417,-0.2676228364208981
320.764,2.2162567613842885,-0.9035504997199371,False,320.9946,2.1610550377364137,-0.9044429132535456,False,30.8367,2.0080897447861195,-0.3367809437597651,False,30.7834,2.230780645503974,0.03855320497034391,False,30.6013,-0.3242547746620581,-0.2897490551229387,False,2652.9796610489357,8.896287967196582,-1.576963838161485,0.8489003141959439,-0.6459686811121588,-0.2060090607866497,False,False,True,False,False,-0.323573474281641,-0.12792895687955416,1.7046680152825895,0.6836,0.7771,0.9329,0.8625,0.6231,2.1886558995603513,2.119435195145047,2.080073882385255,-0.1523574916406254
642.6451,2.2734421225173875,0.5256856360639051,False,642.7612,2.2692511592188622,0.5399359612296616,False,61.68,1.795743492427537,0.5622117853475034,False,61.728,1.7236370424853966,1.5725854040689617,False,62.0048,-0.8360260492065047,-0.4717718074971266,False,1548.2380116893078,9.854538576535111,-2.0682572688898535,0.5836867204125696,1.4837482864323301,0.5925721590012017,True,False,False,False,False,-0.27431819344559183,-0.4216566516299208,1.0481516297972437,1.288,1.3675,1.3165,1.332,0.4824,2.271346640868125,1.7596902674564667,3.9013592916870117,0.5074863306518562
615.796,0.5725300801334087,-0.009923207011938946,False,616.0182,0.6678149224631098,-0.04280632857707951,False,59.2904,0.9101412373429453,1.9308555648017391,False,60.4236,1.5045735344242124,-2.3087284389752303,False,62.8711,-0.6346534677647966,-0.4044997170674338,False,2052.847239977332,7.842948963170357,-2.3745905732092973,1.4354681404421328,-0.6972917993037724,-2.2756708398993646,False,False,False,True,False,-1.2578508679324503,-0.8726302486216029,1.3064787495083792,1.0615,1.1293,1.9005,0.1441,0.5344,0.6201725012982593,1.2073573858835789,2.036183521484375,-1.862457235214844
259.5022,1.594333031570032,-0.6334995951757366,False,258.23,1.6141806734217898,-0.5409017534496761,False,25.2738,1.464806156975385,-0.6913627996354942,False,25.2828,1.654685003559203,-0.5505543679742371,False,25.2958,-0.7129344613000219,-0.2664625622818912,False,2572.3779608817704,9.284554638132827,-0.9376585211405152,0.8233563247484654,-0.32288854159585806,0.6397641838573314,False,False,True,False,False,-0.671674588484284,-0.5849092440236597,1.2060574138761768,0.7978,0.9257,0.7816,0.6822,0.6411,1.6042568524959109,1.559745580267294,2.3563646539306635,0.5464796919921877
356.7531,0.20780765194601986,-0.9432777781467547,False,356.458,0.20778206334352456,-1.1725728669177726,False,34.0308,0.1873446271137686,-1.0468820827574248,False,34.0523,0.2029881967261825,-0.8668361930493089,False,34.1501,-1.530816640506876,-0.5918266150331937,False,304.23281044619574,7.731882181478342,-2.576183510439559,0.8372392404692941,-0.08067630084344808,1.4085964515459397,True,False,False,True,False,-1.5034863082178453,-1.6990728154138945,0.15685227331073479,0.6668,0.6675,0.6299,0.5854,0.3896,0.2077948576447722,0.19516641191997555,2.5634990416259775,1.1817428432446277
544.6112,2.7288188974366903,0.7281055785243562,False,545.0942,2.5527825658230743,1.3284239545324017,False,52.107,1.9130450154466319,0.8401589638462574,False,52.1222,2.105498315149521,2.0535428901335337,False,52.0965,0.12908511221984903,0.8170062018501795,False,2191.164084317006,10.004579081758232,0.0674351746474802,1.1950721228254813,-0.4843725775959783,2.0016797301208205,False,True,False,True,False,-0.054250448149096096,-0.21787624223926685,2.2862267676705117,1.3736,1.6898,1.4351,1.4792,1.4786,2.6408007316298825,2.009271665298076,2.2182671869506834,1.671789851333008
544.1335,2.8454797837294015,1.150444383704691,False,544.2548,2.9173590340589386,1.1234121833913235,False,51.8625,2.2882946632774495,0.40636450566649884,False,51.7592,2.4007932758715373,0.12448514711367432,False,51.2833,-0.527569268915487,1.0250322045635372,False,3262.3412847045092,9.597153125622281,-0.5300086360839158,0.6309719510942156,-0.3051059632706107,1.2083946710707354,False,True,False,False,False,0.0890756405473297,0.055869830239079384,1.4438497483666535,1.5522,1.606,1.25,0.8888,1.6394,2.8814194088941703,2.3445439695744934,2.371571909606933,1.0163220885546878
256.0031,0.5621641454742965,0.8990747588969106,False,255.9506,0.6288956042186148,0.7931426236771755,False,24.4761,0.6258367796558558,2.0768598583976274,False,24.4863,0.7121774003463762,0.26106138975972787,False,24.445,-1.3447794687162127,1.1256816013987314,False,1339.3651338491143,8.752685712057534,-1.4936486139840066,0.6319645267013688,-0.40514720928022,0.35009975071717075,True,False,False,False,False,-1.272529409534874,-1.3121872213737533,0.39550664424752174,1.4459,1.471,1.9628,0.9306,1.7172,0.5955298748464557,0.669007090001116,2.2860189161987314,0.30713861808593634
305.0041,0.7638486631481531,2.36803817310757,False,305.0405,0.768885190532859,2.2277357334281116,False,29.5161,0.6690361451569358,1.7302461341146111,False,29.5467,0.8114615133507991,0.5309465008258536,False,29.6572,-0.9023162624810914,3.684220317606488,False,1267.4643882771234,9.202136875833453,-4.33988409441681,1.4395521878626527,2.908687009093351,-1.4641082979801976,True,False,False,False,False,-1.170769202284457,-1.2540191410753925,0.9631124465198622,2.0671,2.0574,1.8149,1.0132,3.6949,0.766366926840506,0.7402488292538674,5.1199344095459,-1.191887333969726
686.7752,3.0140096578108886,-0.3681781285394905,False,688.1019,2.980249695092889,-0.47019960325901766,False,66.198,2.6407853519268274,-0.5261412474924743,False,67.0892,2.8416077634803267,-0.34895737823113876,False,65.3897,-0.031208913056694654,0.23911307117818437,False,1357.9975588683465,8.572614278897394,-1.2537178603732346,0.787870365223192,-1.0451534892132235,0.6517848542350057,False,True,False,False,False,0.15799921813332515,0.37973221539209406,2.0805965196986445,0.91,0.9546,0.8521,0.7439,1.0319,2.997129676451889,2.741196557703577,1.7387001328735359,0.5564120130786137
884.8015,3.5837680360164765,-0.5826581376652259,False,885.3477,3.4476304514989877,-0.5783323035506128,False,84.8182,2.536165607277068,0.6765779093840901,False,84.8586,2.6672073470821998,1.9179468597552742,False,84.033,-0.2969452687875686,-0.5646590400519715,False,1014.1297628494183,9.331923955681207,-1.862394927663788,0.6859573793640045,1.1954967587461407,0.5353372433346727,True,False,False,False,False,0.46688857220997787,0.26582380086620766,1.7397015136008964,0.8193,0.9104,1.3653,1.4377,0.4106,3.515699243757732,2.601686477179634,3.6548531551513683,0.46019482843994197
1025.4585,1.8494783511956379,0.0858479106241391,False,1025.246,1.8805383882727096,-0.10372271403546662,False,98.1587,1.570367374787462,-0.516766975030459,False,95.8169,3.094991709045805,-0.7962609097680947,False,95.8998,-1.2776646192165548,-0.700238176148737,False,957.0,8.695642160378005,-3.211191998235871,0.30668218450119683,2.1622386741967174,-1.9397839803436967,True,False,False,False,False,-0.5163562419937905,0.04618265825345391,0.48160369696922856,1.102,1.1044,0.8561,0.607,0.3058,1.8650083697341737,2.3326795419166335,4.481588806884766,-1.5849239502148436
305.8833,0.8046657252105498,-1.0371571206196508,False,306.3681,0.7980958806291588,-1.3421112409043685,False,29.5967,0.7082870055061329,-1.8390081057977186,False,29.0243,0.002973621921600961,3.179153310984383,False,26.9792,-1.3104844963632678,-0.6636266346264235,False,1650.4786423208875,7.045468657363749,-3.4713148984717517,0.620513035811747,-0.1667014210072608,-1.6395996793851144,False,True,False,False,False,-1.149912958016094,-1.5680558410609713,0.439501320012622,0.6271,0.5982,0.2919,1.8237,0.3341,0.8013808029198544,0.35563031371386694,2.4899323195800775,-1.3368906235742202
1452.801,3.9908417428716403,-0.26767757299545797,False,1461.2778,3.9724527759870933,-0.09442623753980905,False,140.3436,3.1874278290927407,0.4703439152197536,False,140.4991,3.640351283284085,2.175415948762667,False,140.7648,0.30151341033055407,0.622822725436778,False,1109.0107754210508,9.407967897773036,-0.928771699324796,0.7866603980567309,-0.1624793257312029,0.39398913157344206,True,False,False,False,False,0.7444335549243686,0.9289784966091814,2.5074232448111964,0.9525,1.1082,1.2773,1.5165,1.3285,3.9816472594293666,3.413889556188413,2.493542959228515,0.34340310328125057
592.7642,2.0547028211215994,0.17003190538572838,False,592.084,2.0596879561938835,-0.009534728487357787,False,56.5383,1.8925909216738226,0.12912039760239585,False,56.5759,1.7457679735734781,0.28622017129979055,False,56.8167,-0.532998607053348,-0.751339090994369,False,1073.2593962134197,9.560642603934886,-1.7017079808710458,0.7592157423678941,0.8129813783489439,0.8534637289104726,True,False,False,False,False,-0.4018787873185411,-0.3730844038838111,1.4368848215973284,1.1376,1.1429,1.1317,0.9383,0.2663,2.0571953886577417,1.8191794476236502,3.3277347202758794,0.7230532466113271
655.8786,2.2214943489679038,0.47224298770401957,False,656.4979,2.268605915557143,0.053828098154097365,False,62.5141,1.8908944968455383,-0.058365051637910025,False,62.5303,1.9506151577533186,0.5783234271025945,False,62.3507,-0.9075005114243222,-0.668025194385288,False,1054.976009236494,9.072454124773486,-1.819952285112135,0.505825115848939,0.3232969102564723,0.6170243986788889,True,False,False,False,False,-0.28998188076888737,-0.29014924672327075,0.9564619279250157,1.2654,1.1688,1.0517,1.0277,0.3307,2.2450501322625236,1.9207548272994286,2.9089677242431637,0.5276904863378906
710.1187,2.53728871585254,0.05747128317641223,False,710.3737,2.4980516500124716,-0.010757949078891533,False,67.9303,2.1800909457891247,-0.39302657853185674,False,68.0606,2.2452338872516644,0.13984180597579018,False,68.5962,0.07137273482008032,-0.46543270666817477,False,1452.085460001635,10.04078800676879,-1.3464956525488863,1.014724412283544,1.2826448290325128,0.7536144745698659,True,False,False,False,False,-0.12759396472264944,-0.0518099772499987,2.2121915036905446,1.09,1.1424,0.9089,0.8935,0.4873,2.517670182932506,2.2126624165203945,3.7293801985473625,0.6405507884960926
649.1512,1.5940353365673217,-0.616000674916305,False,646.6528,1.5793138420315629,-0.47778357092652773,False,61.9626,1.3972192076087964,-0.32037596695123827,False,61.8869,1.4468661986837552,0.3682312643719424,False,61.856,-0.6122652415794134,-0.22816921849883537,False,1071.3863956132493,9.352634898673612,-1.4078305823870274,0.9556117374005304,-0.0012615118090272253,0.7690477858574418,True,False,False,False,False,-0.682147578540717,-0.6973420972597824,1.3351990745124345,0.8052,0.9515,0.9399,0.9634,0.6707,1.5866745892994423,1.4220427031462757,2.6314127591552747,0.6533028728906256
124.8869,0.17674348100916773,2.2524034162580837,False,124.9769,0.16622214995299256,3.0967116416537808,False,12.0072,0.082672878095902,0.447376947687816,False,12.0464,0.10947615140535048,-0.6315852487785945,False,11.8042,-1.5812472114764369,-1.0192631280710875,False,316.39482326371024,6.717855377200164,-3.9009382074420333,1.1147348824381162,0.22047127183719695,0.3069582067750472,True,False,False,True,False,-1.5251158136040182,-1.7799802369889652,0.09215834104505602,2.0182,2.4126,1.2675,0.6574,0.0592,0.17148281548108013,0.09607451475062624,2.8210335819091767,0.27149204820800676
392.6488,9.4000842278412,2.590558226676828,False,390.6106,6.740341739728564,2.054283053548607,False,37.0585,4.11097267843939,1.0281131267096646,False,37.3436,3.5380237894055124,1.914026010684096,False,38.4349,-0.29500018912048165,0.1076737560309385,False,922.4349847577112,8.200729624548222,-1.7777937456381467,0.4237918516182761,-0.877814118112329,0.3404552017884855,True,False,False,False,False,3.1798144667997317,1.264235872245402,1.7421967233479727,2.1612,1.9865,1.5153,1.4365,0.9303,8.07021298378488,3.8244982339224514,1.8818049489746098,0.29916961521972674
560.7779,1.588361153190366,-0.037117474982677326,False,560.6033,1.6706387388267079,0.013217174515172079,False,53.7014,1.4341327224211702,0.15419657643828716,False,53.7727,1.3612061025580036,0.07972212021771877,False,54.0691,-0.8511305283850743,-0.2567598569314548,False,1079.9674382541416,9.11144514261827,-1.2688564414979202,0.7173500122106748,-0.08844227788419433,1.0906528226444152,True,False,False,False,False,-0.6566383747501816,-0.7172426154521258,1.0287751259405546,1.05,1.1522,1.1424,0.8751,0.6486,1.6294999460085369,1.397669412489587,2.556857755065918,0.9190355140844737
336.9767,1.0800581909595728,-0.4228031363763647,False,336.9002,1.1281893637927989,-0.5976591888968482,False,32.2911,1.154740536389425,0.1427130926723181,False,32.3127,1.1598161298966125,-0.03234881573346884,False,32.0152,-1.0536521952467255,-0.8944216525621385,False,1193.710432046652,8.754916569357787,-1.4534752478131008,0.6659278849735528,-0.4128762186710812,0.47853153477916704,False,False,False,False,True,-0.9695821254203821,-0.9135192329674792,0.7689739230910357,0.8869,0.9025,1.1375,0.8408,0.1557,1.1041237773761858,1.1572783331430188,2.2794092435302726,0.41325796725097597
1037.7318,6.266427031116091,-0.5157365912676701,False,1037.0005,6.057232495092346,-0.082683319861084,False,99.2966,4.682541463013925,-0.42489910490270894,False,104.8036,0.0025877748972594566,-1.7843148757050957,False,99.2447,1.4175364490516287,-0.3874229556506657,False,1986.0594175774236,9.826870994039512,-0.7758035321600376,0.841229692347664,0.16474833805672606,0.6734851517299539,False,True,False,True,False,2.043073521068322,0.05425371268009627,3.939092914336384,0.8476,1.113,0.8953,0.3046,0.5476,6.161829763104219,2.342564618955592,2.773380598999024,0.5743423210913097
478.0053,1.2583414265844404,2.093730774446211,False,478.1046,1.325072349126339,1.5468911521803528,False,45.5706,0.9869894993249818,1.4401124014152373,False,45.5196,1.0516469459185054,0.9298928938182732,False,45.2761,-1.4226724868130145,1.684039951965181,False,1188.3264555801827,8.319007249044052,-2.9665368980516624,0.29947939262472884,0.898409182005885,-0.2254472369957767,True,False,False,False,False,-0.8578470189183894,-1.0261621143870587,0.2955830157848308,1.9511,1.7791,1.6911,1.1353,2.1488,1.2917068878553897,1.0193182226217437,3.4007906308593743,-0.1684186763647446
583.7906,4.796397267771215,-1.4204780630593608,False,583.7406,4.798396682551061,-1.3658417203801256,False,56.0061,4.33205252744596,-1.174372188240833,False,55.8243,4.259417210947578,-0.7122893921603534,False,55.6387,1.737153369811352,-0.6069628353798745,False,1678.4135975072436,10.10338251857664,-0.39508207628057884,1.003936952910134,0.18496670511362642,0.6208684028056387,False,True,False,False,False,1.2303402078922796,1.6489952945682826,4.349107614250742,0.465,0.5885,0.5755,0.6327,0.3779,4.7973969751611385,4.295734869196769,2.7906708856811537,0.5308666721948239
533.746,3.6936216743141794,-1.0250970539543671,False,536.9708,4.097267289971229,-0.020054425574549097,False,51.3579,3.2379860840552017,-0.18116802089031087,False,51.3133,3.409094653991012,0.6884339385181923,False,50.3127,0.8813726343676429,-0.8091672148829702,False,1761.6782353431142,9.944270086901323,-0.44312707025800535,1.0041071586108197,0.042267534864316114,0.9416257242575139,False,False,False,False,True,0.6930863068896866,0.8552093996016262,3.2512850064820435,0.6322,1.1386,0.9993,1.0614,0.2216,3.895444482142704,3.3235403690231067,2.668637807739257,0.795898871513673
256.4701,0.228766037817884,-0.5519167912635218,False,256.7141,0.2541794139341526,-0.6328879419330239,False,24.3815,0.32459811387515264,1.7571971674429052,False,23.782,0.7191312663219251,1.424246614209372,False,25.2809,-1.486039134981142,-0.8576807416351524,False,466.6033510948753,7.196084931363522,-3.148904823195619,0.6601833626851756,-0.5213951305395401,-1.3137629844702539,True,False,False,True,False,-1.4834258657613506,-1.4323273389874047,0.21429427433936382,0.8323,0.8881,1.8264,1.2866,0.1841,0.2414727258760183,0.5218646900985389,2.1866063435058596,-1.0676614895947267
342.3968,1.4918075406661058,0.11233276290868387,False,341.9565,1.5895218390774593,-0.20573931136939252,False,32.9238,1.5458934730421048,-0.019461820920546602,False,32.9246,1.585291698092744,-0.32151143473288885,False,33.2314,-0.49371194438073684,-0.819516767256769,False,2078.6677393179166,9.108298271209009,-0.9182535953176859,0.9620863413925094,-0.8660051172394558,-0.10898855201671749,False,False,False,False,True,-0.709553676027652,-0.5801352298380109,1.4872829956616382,1.1132,1.0627,1.0683,0.7523,0.2136,1.5406646898717824,1.5655925855674244,1.8919037373657233,-0.07219234154540999
803.9214,2.3342535957069606,0.022473442657548783,False,804.525,2.4894169700521047,0.07706928939324073,False,77.2531,2.1154406612154792,-0.2512407075438751,False,76.401,2.133951140744277,0.16500058751585284,False,74.9151,-0.5513256399590141,-0.912403999811614,False,1508.671606154451,9.376743694695923,-1.1877080734966865,0.6681228879437727,0.2714484449337849,0.9838549050076603,False,False,False,False,True,-0.1906352150720925,-0.12363364962518075,1.4133743238449699,1.0752,1.1783,0.9694,0.9012,0.1418,2.4118352828795326,2.1246959009798783,2.864628098449707,0.8307915829223624
585.7936,1.2792105264324543,1.7286181679521253,False,586.2922,1.2881421029681228,1.3161917486170633,False,56.1873,1.2875413847417765,2.655252469303972,False,56.1559,1.1714431538586945,1.2337586968346128,False,56.8825,0.78764712664633,3.458858814667017,False,1057.5930371997638,8.649161726018157,-3.3785736518357847,2.431806073521577,1.78318120719669,-1.360238253951519,True,False,False,False,False,-0.8626304823360981,-0.8545573648110745,3.131050959325434,1.7967,1.6848,2.2096,1.2283,3.5207,1.2836763147002885,1.2294922693002355,4.157427500732421,-1.1060626173657226
455.8274,2.6567703529243665,0.5431845563233367,False,454.3555,2.861990333124148,0.8951592210111008,False,44.0583,2.3379418840597337,0.2676252732286724,False,44.2226,2.306269115359067,0.7645637579835767,False,44.9496,-0.014274438999394491,-0.4248107136010141,False,2573.887048859588,10.306940758707034,0.24778865790356092,0.8992185020628373,-0.2696038063294727,1.8073239779734906,False,False,True,False,False,0.016382272857970552,0.03754907150164217,2.102320598894161,1.2954,1.5127,1.1908,1.0847,0.5187,2.759380343024257,2.3221054997094006,2.4019325450439446,1.5111994953320327
280.253,1.9591000942738463,0.49849136809316663,False,280.0062,1.9978821855907845,0.06728352466096967,False,26.9141,1.649138501895939,-0.492393866629219,False,26.8872,1.7837773465675404,-0.7946272226551034,False,27.752,-0.14478105636588282,-1.0178400646196901,False,2772.90994839539,8.77446798492933,-2.3094392821600778,1.1732808239927295,0.20259042992970264,-0.9875832429314605,True,False,False,False,False,-0.4487594877772839,-0.45695537452129237,1.9349025803826028,1.2765,1.1743,0.8665,0.6075,0.0603,1.9784911399323155,1.7164579242317397,2.8057422934570315,-0.798148906430665
1917.6379,3.3964315138431815,-0.2054854645058567,False,1916.4556,3.406366770804285,-0.00855615201413079,False,182.4455,2.8647530075528707,-0.11226711829449837,False,182.5558,2.9834507760851356,0.8939517773324699,False,182.1243,0.2455140004161143,-0.17823262829525566,False,1063.985638296931,9.941829622882059,-1.2971459030092973,0.850190373587254,1.136439824231523,0.6294563166578784,True,False,False,False,False,0.39880496929769815,0.5290723672948808,2.435585429726584,0.9788,1.1433,1.0287,1.1243,0.7093,3.4013991423237333,2.924101891819003,3.6043490108032223,0.5379626090405285
645.8187,3.6914865179955223,0.7661775536833898,False,645.504,3.325950598300718,0.4826892375458763,False,61.5086,2.752856615905225,0.18255375063588347,False,61.6235,2.7678222806212673,0.6675227434719068,False,63.0919,0.41076988317423835,0.4288979878327215,False,1432.1621005829716,9.770674019682348,-1.3386683073884902,0.961757648470306,0.4915764482973013,0.5969967459681693,False,False,True,False,False,0.46273048117473314,0.39536217062475726,2.647580905488933,1.3897,1.3441,1.1545,1.055,1.1786,3.50871855814812,2.760339448263246,3.052876549682617,0.5111422347778323
1383.681,8.374362187174722,-0.9144282069082322,False,1383.1399,7.621493231915363,-1.1180172285353616,False,132.3346,4.413802272958653,0.7393855348795926,False,132.3623,4.804554293745517,1.2595709532198718,False,132.3987,1.592743937263055,-0.314846719629401,False,1261.5340855179018,10.437927277694483,-0.8194979600938243,0.9433713535363939,2.4053491237399025,0.35231202544106927,True,False,False,False,False,3.136757270471763,1.9049183233266613,4.163854624483017,0.679,0.6898,1.3921,1.2362,0.6037,7.997927709545042,4.609178283352085,4.689491322265624,0.30896655464843903
901.3704,6.200992103607036,0.6254767759217444,False,904.0237,5.860659853441976,0.8954038651294076,False,85.9598,4.135626014423081,0.8406276774693582,False,85.9602,4.481922316538564,0.9527645134001486,False,85.1426,1.202670793647122,0.10689753960290353,False,2143.7457606859252,9.600294247573363,-1.0633980982985083,0.8858287571444581,0.07239338789439244,-0.2866342580262395,False,False,True,False,False,1.9650402600525276,1.6596417335974314,3.663456452370687,1.3302,1.5128,1.4353,1.1423,0.9297,6.030825978524506,4.3087741654808225,2.6944007506103507,-0.21897568525878874
395.3474,0.5229795111620744,-0.6178924500794868,False,392.2509,0.5431227542648654,-0.5274463269428032,False,38.0038,0.3801793114375294,-1.1790593244718406,False,40.3707,0.3961702078819014,-2.0411304898672924,False,44.5003,-1.4003581156735228,0.8568519784893054,False,286.0323764150433,6.634111004315552,-3.413424896336949,0.8527781166551448,-0.46378539834732935,-0.049703096368558165,True,False,False,True,False,-1.3097452808812107,-1.5414836663092064,0.3242085971989461,0.8044,0.9312,0.5735,0.226,1.5094,0.5330511327134699,0.3881747596597154,2.2358728734130846,-0.023206539360348444
596.3629,2.9477747133674157,-0.28943298737204853,False,596.2113,2.9066950953753694,-0.5034712033487394,False,57.0816,2.4793481610292862,0.09209202137743529,False,57.0603,2.7105274493544624,0.05619702579064737,False,57.6138,-0.42328301958671366,-0.5967426524107481,False,2508.086703028175,9.394368649779594,-1.8260888501464427,0.6363089596850623,1.2623254182649652,-0.8892394322292546,True,False,False,False,False,0.11636594004983479,0.26031358595274817,1.5776314490416172,0.9433,0.941,1.1159,0.8679,0.3858,2.9272349043713923,2.5949378051918743,3.7120035015869153,-0.716890351452637
1580.4624,7.410153684671195,0.9794752033321367,False,1577.8584,7.126598479880869,1.598511061143083,False,149.7579,5.214050582513629,0.5879910346180452,False,149.718,5.516678791864825,1.576832990562738,False,148.0952,-0.008281592946549596,0.033286348344259024,False,1279.192091868106,10.914517280926512,-0.4116565688727683,0.4046773958282686,1.4650016776549337,0.33265886718273713,True,False,False,False,False,2.702195072609913,2.5223360326680133,2.1100084114484825,1.4799,1.8002,1.3275,1.3333,0.8728,7.268376082276031,5.365364687189227,3.8853276191406234,0.2927277366748058
620.1935,3.323699820811955,-0.36344869063153606,False,619.9244,3.2059508823878287,-0.2803557674529592,False,59.6293,2.721067320988888,-0.011962402950934658,False,59.6879,2.8119709558094597,-0.13984542776828157,False,59.7941,0.1204856159503393,-0.4835444233223228,False,1927.2398446186921,9.411935635839983,-0.9008592424822712,0.8361406732511549,-0.2388169331474947,0.19699825785119074,False,False,True,False,False,0.3174538976957529,0.4004078182439194,2.2751950617333647,0.912,1.0322,1.0715,0.8079,0.4733,3.2648253515998915,2.7665191383991736,2.4282607772827145,0.18063542498779306
594.9312,3.310918675512819,-0.7202847807867011,False,595.6879,3.376143801406395,-0.6881775126703552,False,57.3543,3.1611331268052103,-0.3466239298448811,False,57.3183,3.043527951005638,0.7465931997406746,False,57.3381,0.16594937610366717,0.7525802383232816,False,1482.1879706024513,9.317395550637286,-1.0873769329191294,0.7381901736838549,-0.14603344859942882,0.37528106448763815,True,False,False,False,False,0.36433557391989824,0.6745940567417144,2.3335174119141255,0.7611,0.8655,0.9287,1.0792,1.4288,3.343531238459607,3.102330538905424,2.507607098510743,0.32794518593017585
305.9269,0.2532069623353881,0.14827649100913812,False,305.8064,0.28875357575142013,0.1856912779214494,False,29.6861,0.31155697517447567,0.27324983670588154,False,29.4621,0.31168945596819586,-0.6185157518746659,False,19.0649,-1.3297492361316217,-1.020686191522485,False,525.229420354072,6.993421665784997,-4.242197121732643,1.3313388409670757,1.349063081205145,-0.7368487759031689,False,True,False,True,False,-1.4658495047019922,-1.603987142644877,0.4147879022239944,1.1284,1.2227,1.1932,0.6614,0.0581,0.2709802690434041,0.31162321557133577,3.7861795739746107,-0.5909745013671852
1136.5925,4.135866788538778,-0.5514438474727265,False,1136.1744,4.039616916182699,-0.44549054731003324,False,108.6264,3.332738520437423,-0.48723801677511064,False,108.5601,3.355236303373318,0.015354847965870689,False,108.2192,0.45459778218775004,-0.366206373284378,False,1506.2926287152716,9.643824717828025,-1.1458589356838094,0.8112861854159032,0.42396157927274614,0.7194741621423916,False,False,False,True,False,0.8076294930351542,0.8719041805645098,2.7038047212343175,0.8325,0.9647,0.8687,0.8554,0.564,4.087741852360739,3.3439874119053705,2.995053854797364,0.6123416675097655
314.657,2.381801473590174,-0.11775439131330115,False,316.6842,2.238467349415999,0.46703201397424216,False,30.4465,1.8859777408715146,0.5108876436179695,False,30.635,2.1713977784432217,0.07220715949795994,False,30.3767,-0.14292061900556252,0.10081717758329678,False,3122.797016224051,9.425283140235523,-0.42423241956256824,1.0272068255720295,-0.9694410336319302,0.9464151881447442,False,False,False,False,True,-0.25121400420488327,-0.2020232191713575,1.937289208300136,1.0159,1.3377,1.2946,0.8728,0.925,2.3101344115030864,2.0286877596573683,1.8034476992187507,0.7998562625463865
335.7891,0.37237696425694067,0.8867782203362292,False,335.86,0.3793320145093819,0.8423160914568375,False,31.9195,0.43749738117906234,2.59900683453188,False,31.888,0.509666021642467,1.918927072023069,False,36.3642,-1.43406437482426,-0.6228752721545903,False,363.9842873174141,7.687949005037221,-5.534082358801398,0.6422190244926103,2.8645084402647956,-1.4692791571597246,False,True,False,True,False,-1.4033804895063233,-1.471749857197849,0.2809691413588891,1.4407,1.4911,2.1856,1.438,0.3656,0.3758544893831613,0.47358170141076467,5.082153904418943,-1.1961598605468744
623.3499,2.670196602209792,1.3762750438095168,False,623.83,2.720614533837479,1.3729491840642352,False,59.4533,2.2485096279795975,1.645643325144923,False,59.3799,2.2125204675823755,0.33163667304094246,False,58.8749,-0.430010079427864,0.215050361909102,False,2050.864261819361,9.166093340997543,-0.7028436719410875,0.6977963288580677,-1.0070234297664236,0.695179199321159,True,False,False,True,False,-0.0217247202496418,-0.03723350424982485,1.5690017638061828,1.6477,1.708,1.7788,0.9522,1.0133,2.6954055680236353,2.2305150477809867,1.7713080906372074,0.5922674649951176
653.2455,1.920215044597934,0.5020384465241327,False,653.7026,1.9093449061930625,0.3023865223537819,False,62.399,1.7191793546952006,0.8521111612353267,False,62.3129,1.7039369805751783,1.0236665341039606,False,61.9619,-0.7481787296937537,0.2851685792415892,False,989.4882955930116,9.066989052991955,-0.9429950645326646,0.6752320215689325,-0.5998734653005525,1.1793888243592088,True,False,False,False,False,-0.4867094595881867,-0.460955970774837,1.1608449511104133,1.278,1.2704,1.4402,1.164,1.0675,1.9147799753954984,1.7115581676351894,2.119493460327149,0.9923554233129881
751.1909,6.278829035093273,0.32302922170805554,False,750.7612,5.694429585743457,0.48440174637402356,False,71.7968,3.9142056335628004,0.08951409645038136,False,71.7915,4.197452164549984,0.022869808685629524,False,71.8782,1.049907324808146,-0.11264234012630527,False,3035.5881421357485,9.953005058279215,-1.3403783066790504,0.8858723749109251,0.7984343630294785,0.8252444275643056,False,True,False,False,False,1.9387142256603198,1.453114763273664,3.4674866404939997,1.2023,1.3448,1.1148,0.8577,0.76,5.986629310418365,4.055828899056392,3.3152944443359367,0.6997364803247059
585.4072,5.046675377462054,0.8177284268800936,False,585.0717,4.129550848663981,0.9651274388468387,False,56.1165,2.325652012400404,1.8314882767043767,False,56.1108,2.6210647648772682,0.19865454204346886,False,56.057,-0.1424932675619478,0.3855592372674385,False,3609.1976125424294,9.633227269079944,-0.5101716863286185,0.8332447923947995,-0.44760056715733965,1.3126328935123122,False,False,True,False,False,1.1056789067711728,0.16104535725896485,1.937837428255122,1.4115,1.5413,1.8581,0.9115,1.1451,4.5881131130630175,2.473358388638836,2.2497137721557596,1.1024510199902355
613.058,2.2764948122750606,0.7612116438800376,False,613.3171,2.247569453767065,0.41174244323691084,False,58.4284,1.9216543922057754,0.7014197314084305,False,58.3633,1.9484779310787703,0.6707901176978892,False,58.2605,-0.2867590247514514,0.25722478783233244,False,1238.6133764603917,8.867722334995166,-1.754335427775499,0.9121144555927164,-0.29987843951564463,-2.282751109884372,True,False,False,False,False,-0.27986644095916796,-0.2784642028997638,1.7527687497841233,1.3876,1.3151,1.3759,1.056,1.0459,2.262032133021063,1.9350661616422729,2.3760423687744137,-1.868307450939941
358.2227,3.0324143787107447,-0.7209941964728942,False,357.677,3.2624520107935533,-0.38139378831365783,False,34.299,2.8631411578327106,-1.279129683003854,False,34.4302,2.7641568579480187,-1.2278810450203361,False,34.6373,-0.28775215366221873,-0.15714541533364046,False,2814.5609730892465,8.593227891010587,-1.2646183151942705,0.6117388686196026,-1.2676495546028108,-1.5477675965024427,False,False,False,False,True,0.24752849175503347,0.4388888275759451,1.7514947325908012,0.7608,0.9909,0.5308,0.4749,0.7256,3.147433194752149,2.8136490078903647,1.5484265689697256,-1.261012514902344
781.8494,4.224203132396077,2.7998358541038133,False,782.2811,3.7137118641543263,2.212567798093092,False,74.6261,2.843343988848197,0.3719140543685927,False,74.6318,2.972407033199275,1.5542881084034614,False,74.607,1.2822257703905262,-0.7766954943101761,False,2553.8371400660144,10.16146872200693,-1.1250067939361315,1.3243251990420093,1.3462178838266692,-0.5240583787891127,False,False,False,False,True,0.7368748157051327,0.5158237095424044,3.7655120939762896,2.2497,2.0512,1.2353,1.3264,0.2467,3.968957498275202,2.907875511023736,3.78374642602539,-0.4151521485498044
677.6307,3.09288248091556,-0.728088353334826,False,679.0806,3.1416609108038185,-0.5705036917647961,False,65.4172,2.756817645641903,-0.693706367750998,False,65.5238,2.813113364652265,-0.21042071104949578,False,67.0569,0.4527421384213374,-0.5095476736614926,False,1221.5155199257683,10.1118368271919,-0.7062561815878614,0.9799067584180864,0.6507830454786573,1.2852159894609396,True,False,False,False,False,0.22956259769133355,0.4154690696038659,2.7014242426907376,0.7578,0.9136,0.7806,0.7863,0.4532,3.1172716958596896,2.784965505147084,3.1890264028930666,1.0797972506347655
151.0064,0.44351025371022773,0.399646115816918,False,151.5242,0.5644887350172737,1.3643866399234978,False,14.3387,1.1497464228362293,2.7982101243497053,False,14.6092,0.6532543080998666,-0.2976596028832189,False,14.7203,-1.162267047766808,2.8043789964289103,False,1188.3264555801827,6.788420490630817,-2.1183987466731256,0.5476332352612566,-2.149533807403361,0.7954961287000115,True,False,False,False,False,-1.3270500792544264,-1.1223590720607486,0.6296393532678609,1.2347,1.7045,2.2706,0.7596,3.0148,0.5039994943637507,0.901500365468048,0.7942592562255868,0.6751563490332018
567.9935,5.16051349047216,0.5129161537124278,False,568.8148,5.130993062708402,0.792164047203948,False,54.633,3.9761427980053097,0.5758044804174257,False,54.6961,4.220132709886659,1.1693914245827643,False,54.2822,1.2373062979485667,0.07960059521700896,False,1815.0934486644464,9.64529700623528,-0.9944771164982802,0.9325339057629517,-0.1928740791920712,0.008708333652098629,False,False,True,False,False,1.4378409169987143,1.4876594683070192,3.7078879732951227,1.2826,1.4706,1.3223,1.2086,0.9086,5.1457532765902805,4.098137753945984,2.467550058837892,0.025057081540527548
267.3217,2.6655144718638777,-1.034555929770276,False,268.7094,2.6868781064906204,-1.1725728669177726,False,25.505,2.3226663981081606,-0.9749345416114573,False,25.137,2.6943232142042115,-0.6743878511389606,False,25.3178,-0.5983687762824649,-0.9936479859459354,False,3222.6892764041922,8.807057383046125,-1.7153781354371633,0.5825313101517385,-0.2341611041538477,0.024858243634001125,False,True,False,False,False,-0.03316685281820996,0.18973384769986915,1.3530258999353664,0.6282,0.6675,0.6606,0.6443,0.079,2.6761962891772493,2.508494806156186,2.4322423361206056,0.03840127004394489
517.9483,4.592346646506428,-1.148535383351979,False,518.8475,4.497353480520409,-1.1356316050534494,False,49.3204,3.7712741250136483,-1.0328206740644017,False,49.311,4.045374131971615,-0.7083685430891749,False,49.24,1.1470829447947746,-0.5297293007904004,False,3228.016648138371,10.237333835853192,-0.6676127926347414,0.9525021204410518,1.143615777990075,1.2376449328257038,False,True,False,False,False,1.079908988377793,1.332678774083342,3.592146600839973,0.58,0.6826,0.6359,0.6339,0.4376,4.544850063513419,3.9083241284926316,3.610485722900391,1.0404907066503917
150.9514,0.9167632483984949,1.3046240595040066,False,151.006,0.8690612470953086,0.8655572826959809,False,14.511,0.6940989567803639,0.060922565441234686,False,14.4108,0.9643185095286902,-0.4397903817134426,False,14.1959,-1.209586148964325,0.6118263260396167,False,2262.8638795160914,8.690643631749044,-1.8249580642465546,0.8196769456681351,-0.10131211460330634,0.49509233267703634,False,False,False,False,True,-1.0953916543128737,-1.1813843782565132,0.5689369128851678,1.6174,1.5006,1.1026,0.7161,1.32,0.8929122477469018,0.829208733154527,2.545851764038087,0.42694166017333934
471.8373,1.8115880839983434,0.18587552237737623,False,471.958,1.701197718302789,0.14214462486284365,False,44.8506,1.4974288323561027,0.5310423294113022,False,44.7269,1.5361689497408382,0.5035005573276029,False,46.0015,1.0478740596857554,0.9833752562589966,False,1279.1379323348085,8.483493301205494,-1.8543725895881842,2.3138851268160554,-0.4024432837912747,-1.2671930756552503,True,False,False,False,False,-0.5810537561727054,-0.6199747336261303,3.464878303654318,1.1443,1.2049,1.3032,1.0048,1.6072,1.7563929011505661,1.5167988910484704,2.28833125164795,-1.02918216416748
293.3255,0.29320023569053794,1.0735910177004309,False,294.0494,0.37119272659093333,1.1921571806355278,False,29.5713,0.3004192923611051,-1.8476793078250828,False,29.5369,0.3255242611982744,-2.066616008829953,False,28.4529,-1.478732681349612,2.255076504189534,False,265.01061132461035,7.188893367056158,-3.601079089516978,0.7445168467895741,-0.09920426247496528,-1.0308315419204213,True,False,False,True,False,-1.429385667628013,-1.6028860575579944,0.22366722426344515,1.5197,1.6341,0.2882,0.2182,2.5902,0.33219648114073563,0.31297177677968974,2.547654351135254,-0.8338836848168949
240.0182,2.2330277991714564,-0.03569864361029114,False,240.0901,2.189020847288322,-0.15974621712771875,False,23.019,2.725474938634984,2.4436282684739763,False,22.8326,2.0611629686408266,-0.4041760026502371,False,16.1997,0.35096877374261953,-1.0275427699701267,False,2176.364130800681,8.170515750505922,-4.458498296130544,0.9432727168095758,2.5919529960112166,-1.3298402686080868,True,False,False,True,False,-0.31024957643917195,0.09569405715030332,2.5708661499626335,1.0506,1.0815,2.1193,0.727,0.0528,2.211024323229889,2.3933189536379054,4.849070700683594,-1.0809456695312498
566.1713,2.3852759029951724,2.0331939692243934,False,566.3292,2.5969527174573956,2.03055257407285,False,53.4506,2.0252866825322062,0.9568686559983482,False,53.3558,1.981387825458322,1.3533445935055592,False,52.3317,-0.5065978377212677,0.38103130810390146,False,1302.974048443785,9.090309700215832,-1.3109102790943674,0.7261947538627381,-0.5932553541224742,0.09573912608148427,False,True,False,True,False,-0.14341214396865354,-0.22272162244483426,1.4707525639229568,1.9255,1.9768,1.4849,1.2649,1.1416,2.4911143102262843,2.003337253995264,2.1251531181640626,0.09696802724121056
558.8863,4.804632031405345,-1.5013514512853823,False,563.4274,4.876345575288382,-1.185049716951418,False,53.8277,4.407121135642392,-0.965560269149442,False,53.7111,4.549751765445774,-0.306808250715969,False,51.6924,1.718202360566206,-0.5455123681604436,False,2085.502694104731,10.290258823533952,-0.5315495866326739,0.9813201241346382,0.4178044329104931,1.1642402497934303,False,True,False,True,False,1.2560081371605245,1.7981690846233536,4.32479665990498,0.4308,0.6624,0.6646,0.7568,0.4254,4.840488803346863,4.478436450544082,2.9897884035644537,0.9798386083715833
672.8225,0.46432458830623097,0.7285785223151516,False,672.767,0.46157728825658345,0.4066049167524685,False,64.6094,0.4116499324500242,1.0949048180015235,False,64.6687,0.44074114332560516,1.4098701676150507,False,64.6252,-1.5711006352874954,0.8019993509081712,False,294.91837617676333,8.203809229937837,-5.834232951835997,0.2554954629354743,2.1877105288370378,-1.4893365430181063,True,False,False,True,False,-1.3515009201318204,-1.510440127729499,0.10517469005867565,1.3738,1.313,1.5438,1.2822,1.467,0.4629509382814072,0.42619553788781467,4.503371756408692,-1.2127326797192381
618.5981,3.192983260719443,0.689797131469925,False,618.6353,3.4429405192938582,0.477551711061434,False,58.9332,3.4173669295617457,1.3941784663513623,False,58.9449,3.481771234352253,0.9200907711403271,False,58.665,-0.6975361468270989,0.6772872448038947,False,2954.293815876401,9.657522728660293,-1.5891376222237907,0.3587003924989097,0.5889978183665974,-1.050957148665159,False,True,False,False,False,0.349105024296965,0.9581104288399687,1.2258108589465921,1.3574,1.342,1.6715,1.1323,1.3706,3.3179618900066505,3.4495690819569993,3.1361890848999003,-0.8505128728710929
710.8997,3.154858755030675,-0.6770104239289177,False,709.8355,3.1836921597729555,-0.7451795922358344,False,67.5802,3.0939858110410574,-0.716438978471385,False,67.3084,3.10754256834234,-0.484880146031996,False,67.794,0.4309683147504711,-0.21355047577084432,False,1625.1707201140457,9.137613278556413,-1.0387908526573795,0.8640931975621757,-0.4758511585983898,-0.013263099590861013,True,False,False,False,False,0.2605389783450588,0.6733151501934617,2.673492092674469,0.7794,0.8422,0.7709,0.7023,0.682,3.169275457401815,3.1007641896916986,2.2255545102539056,0.006902742153320318
332.9927,0.8454891201294591,3.1928521442548305,False,333.1019,0.8113184243750577,2.8513335909920845,False,32.018,0.6067862169699412,2.446206193401031,False,31.9895,0.6732797121177224,0.7714252438581392,False,31.8151,-1.0045430911785003,-0.03346826446674375,False,1129.676738857277,9.100127768436895,-3.9540337248523634,1.3711132727333712,2.7012107889699988,-2.628102866135981,True,False,False,False,False,-1.1338165496100132,-1.3358442695291155,0.8319726357991578,2.4159,2.3123,2.1204,1.0868,0.8212,0.8284037722522584,0.6400329645438319,4.942505474975585,-2.153661297529297
1016.5911,4.9234646062878555,-1.0409406709460145,False,1019.1393,4.679045508072029,-1.1781996816388283,False,97.4699,3.464101745736058,-0.3196728965165869,False,97.3973,3.5526861737029956,0.2744576240862546,False,97.5903,0.5577080348090743,-0.46193973274201766,False,1497.6511399907731,9.622278500492413,-1.8329320809401841,0.8187051144241404,1.163002346517134,0.8533609307924895,True,False,False,False,False,1.232638299677639,1.006140281130525,2.8360778161197038,0.6255,0.6652,0.9402,0.9347,0.49,4.801255057179942,3.508393959719527,3.6270646744384774,0.7229683075952149
837.2773,5.383337484899234,0.7668869693695829,False,837.0291,5.141567395223226,1.0561350508569598,False,80.0427,3.9280629566582754,0.5172152775298297,False,80.0218,4.1543534888835545,1.8039154992684976,False,80.2383,1.5831000146306646,0.2680918178248212,False,2611.775032488303,10.297799349062808,-1.0721402110929157,1.0568779424272554,1.010017815154099,0.4701893402389878,False,True,False,False,False,1.5073535369025493,1.4411771452268511,4.15148309535772,1.39,1.5785,1.2973,1.4028,1.0543,5.26245244006123,4.041208222770915,3.4962357901000978,0.4063650609374996
329.2875,2.685944656622028,-0.4835764134935798,False,328.1527,2.83596708276434,-0.12574068468307678,False,31.7604,2.3332821097207788,-0.6707394002190604,False,31.7023,2.866305531764243,0.05946440001662952,False,31.5461,-0.024116039565274784,0.7036786033570818,False,2254.089417862928,8.799698591793067,-1.1379291400509357,0.8956034392731577,-0.8096900168949923,0.472359832335378,False,False,True,False,False,0.01732074562185409,0.26427846813336686,2.0896954822604585,0.8612,1.0954,0.7904,0.8689,1.391,2.760955869693184,2.599793820742511,1.9400631276245104,0.4081584737622066
1595.0568,6.00928277856637,0.00804865703828765,False,1594.0847,5.739055230837449,0.39290484612728893,False,151.856,4.176383371102417,0.9092942232536201,False,151.8645,4.322147663227598,2.318200202438087,False,152.0809,1.3849802170691385,0.941977046763801,False,1116.701031180356,10.345787033879505,-0.18060944446924015,0.9331827094001859,0.37916904071627167,1.2653982496003908,True,False,False,False,False,1.8717265090989832,1.6110535903265246,3.8973287497392355,1.0691,1.3074,1.4646,1.5602,1.5752,5.87416900470191,4.249265517165007,2.956748296752929,1.0634224437963873
756.5269,4.508287216160656,-1.5758400983356655,False,760.5852,4.230209601289775,-1.677273682984652,False,71.9528,2.7923304995562774,-0.277488670437518,False,71.8483,2.8767339677164148,0.08396970671149546,False,71.09,0.24357139187068538,-0.4995862295017111,False,1063.985638296931,10.131658811576859,-0.6874058023249962,0.8713486424329798,1.9614693199566735,1.2319703494207754,True,False,False,False,False,0.9753107143137678,0.4559397469502097,2.433093390012567,0.3993,0.4612,0.9582,0.8764,0.4609,4.369248408725215,2.834532233636346,4.309895431152345,1.035801967783204
634.856,3.126781971658457,1.4751202960857654,False,635.3063,3.061680967382513,1.098213839205725,False,60.5139,2.621594450544217,1.3815231985276415,False,60.4743,2.55670561216566,1.4670492165697384,False,60.4859,-1.0054070526470267,1.5899883947682834,False,2154.060443683492,9.655165369207797,-2.9456273776842004,0.3169309114594899,1.7281350675654474,-0.3366383975234806,True,False,False,True,False,0.21583853619526186,0.25558793359183046,0.8308643186881192,1.6895,1.5957,1.6661,1.2997,2.0761,3.0942314695204853,2.5891500313549383,4.1103532967529315,-0.2602926129785157
301.128,0.3801474277034595,0.04990418252368486,False,300.7184,0.4015300528869731,-0.2218858231776396,False,28.7812,0.34870032953128133,-0.27561381594511514,False,28.4623,0.3430552080130624,-0.5678714513719427,False,27.9932,-1.4413235777166902,0.8635791875322745,False,361.80916363031776,7.268450239383067,-3.676160158908137,0.779055203484568,0.6812693158589406,0.1232287905472058,False,True,False,True,False,-1.3944550224574301,-1.576018684518081,0.2716568061781283,1.0868,1.0561,0.959,0.6769,1.5146,0.39083874029521626,0.34587776877217186,3.215097566467284,0.11968191635497938
696.0458,6.616472665176456,0.14898590669533118,False,696.649,5.50555113388352,0.6617687321464364,False,66.1767,2.6878176753395637,3.1860706474655895,False,66.1701,2.583757507236681,1.0220328469909696,False,66.1466,-0.3288350231153997,1.2761382190328325,False,2798.3303919517534,9.792873517067216,-1.0847913387035437,0.6320340636254502,0.5187715668071149,1.0689752404971378,False,False,False,False,True,1.9830207013075636,0.2936669776966989,1.6987923276291756,1.1287,1.4173,2.4361,1.1635,1.8335,6.061011899529988,2.635787591288122,3.0761331951904296,0.901123975085449
766.5204,2.8763079063839707,0.5800741720053813,False,766.9565,2.8505008044592928,0.5619539318772718,False,73.5623,2.5446607674904422,0.7018884450315318,False,73.5657,2.4534110518525374,1.5536346335582651,False,73.4991,-0.7527376138549217,-0.7412482774299151,False,1092.2412718218943,9.823406984071074,-3.529191621028811,0.4538902336228163,2.349202976450969,-1.2779008295290237,True,False,False,False,False,0.07834485613261906,0.18201076491122928,1.1549966702470518,1.311,1.3765,1.3761,1.3262,0.2741,2.8634043554216317,2.49903590967149,4.641476416809082,-1.0380296615405271
641.3786,4.05636742080503,-0.8264606618202792,False,640.1226,4.053753966075958,-0.4772942826899142,False,61.4795,3.414252812738635,-0.539968299373947,False,61.4804,3.723437987596793,-0.2613917489748171,False,62.0819,0.9344773155028064,-0.24679841277167333,False,3082.0777780876792,9.586375220929629,-0.9507666958583803,0.9722213186741697,-0.06812872099519911,0.6296176320853645,False,False,False,False,True,0.7881627469979785,1.055498203593176,3.319409371887749,0.7162,0.9517,0.8462,0.7707,0.6563,4.055060693440494,3.5688454001677137,2.5742294459228514,0.538095899162597
717.4808,6.734155648358568,2.4377973822498986,False,717.8914,6.000530790629608,1.9936113122085266,False,68.4928,4.072963150233386,1.2753595628953183,False,68.3812,3.924170569746734,0.8707534203279963,False,67.4253,0.9413289391348857,0.5662882955949015,False,2471.1493238629955,9.495937952491214,-1.174900129392748,0.8171443562668066,-0.04725969248215078,-0.09140892933212764,False,False,True,False,False,2.1654889553718304,1.4063609512332085,3.328198851495886,2.0966,1.9617,1.6208,1.1172,1.2848,6.367343219494089,3.99856685999006,2.5920761634521483,-0.057666824116211046
809.1336,6.256457504300776,2.574005193998987,False,808.8687,6.286640657065043,2.5516445460662833,False,77.43,4.347461735286744,1.6402531184792641,False,77.3008,5.188419294034792,3.54575269913958,False,76.637,0.372715135279002,0.04428274774142028,False,1701.906770068558,8.88635647082027,-0.2513246168138697,0.5977655995429636,-1.3328242948036033,1.017431768682718,False,True,False,False,False,2.108428550120045,2.0345459028323623,2.598763070683774,2.1542,2.1898,1.7765,1.9359,0.8813,6.2715490806829095,4.7679405146607685,1.4926906166381837,0.858535143024902
678.6677,4.265812426044872,0.8030671693654348,False,678.2581,4.029950834183815,0.6091702467104793,False,64.8607,3.140196344152463,0.0803741807999164,False,64.8128,3.4636955476256963,0.11566323670352241,False,65.0151,0.7133451151446758,-0.5646590400519715,False,2472.5274975021875,9.484995805188522,-0.380458194271118,0.9667338137661011,-0.8408502803842974,1.098697884505257,False,True,False,False,False,0.8434521449526897,0.8375777955443412,3.035733987756878,1.4053,1.3958,1.1109,0.8861,0.4106,4.147881630114343,3.30194594588908,1.9134155805053723,0.9256829085351566
283.6896,1.9168412753863202,2.1079190881700742,False,283.8494,1.880490687361105,1.8715338971734452,False,27.6757,1.1120524313945168,0.390428242481073,False,27.7511,1.191086525940525,0.6034822086426572,False,31.3751,-1.0668514897259205,-0.42907990395520623,False,1185.596523523418,8.42673232401425,-3.682923119562535,0.6762643821670733,2.2400834046131357,-1.136518277405228,True,False,False,False,False,-0.49630786550861905,-0.9181804485557775,0.7520414504544046,1.9571,1.9118,1.2432,1.0354,0.5154,1.8986659813737126,1.151569478667521,4.548159846069337,-0.921209479338378
304.3583,0.10778439281911643,-0.5649227455103968,False,304.1896,0.11215120771652783,-0.7045686685969094,False,29.3245,0.1139934476302026,-1.0061039975476582,False,29.9815,0.0006166128590635021,3.188301958817133,False,32.6677,-1.1806952091082683,-1.0259903371140568,False,316.8932444751145,6.479931347196976,-3.8869516041962306,5.316087348492438,-0.3015466431680801,0.39968155532672217,True,False,False,True,False,-1.5617576347080941,-1.8116350858391579,0.6059991247579553,0.8268,0.8588,0.6473,1.8265,0.054,0.10996780026782213,0.05730503024463305,2.374615759033201,0.34810658309570286
454.6749,2.950393030623279,-0.05981877694085892,False,455.1389,2.5784378100387317,0.020067209827762146,False,43.5236,1.7202914206275193,0.5113563572410702,False,42.79,0.007673466717576969,2.2329217351399535,False,43.3851,-0.5326679953897557,0.532652250380055,False,3462.666468739013,9.952527699932258,0.2579381044090671,0.835503173164098,-0.08645102107068778,2.0019093811934745,False,False,True,False,False,0.019381449583839094,-1.1529920340085997,1.4373089407012662,1.0404,1.155,1.2948,1.5341,1.2588,2.764415420331005,0.8639824436725482,2.5585606325073247,1.6719796051586915
282.8411,2.949564745580375,-0.26152930371511734,False,283.0209,2.807497049180496,-0.10837095228329541,False,26.9888,2.3312296878676664,-0.482550880544103,False,26.9768,2.6245008508858474,-0.43162194614848703,False,26.783,0.5515158739597534,0.2702910977042535,False,3605.253157529546,9.341658198665602,-0.8963460160332382,1.2131512956255224,-0.32477753567596507,-0.25166867407448545,False,True,False,False,False,0.08735507977405484,0.16472517478459323,2.828134316237342,0.9551,1.1025,0.8707,0.7186,1.056,2.8785308973804353,2.477865269376757,2.354749229248048,-0.19008466704833893
656.5779,5.792791761603099,-0.7321083755565874,False,656.1759,5.49394277538963,-0.6394933331273069,False,62.6088,3.986191607102114,-0.33560915970201305,False,62.5693,4.108175029469581,-0.24440140299971,False,62.4932,0.7310016609367436,-0.495317039147519,False,3699.762814741695,9.754597441624236,-1.1478822407557296,0.7672446949047674,0.416902743267351,0.975091657640647,False,False,False,False,True,1.734247945544454,1.4460557436348707,3.058384363423006,0.7561,0.8854,0.9334,0.7759,0.4642,5.643367268496364,4.047183318285848,2.9890172991333017,0.823550773227538
578.352,4.51396530876169,1.0951099601816234,False,578.5815,4.57671988362184,0.7769961118689278,False,55.4276,4.65978286812276,-0.20343191798759713,False,55.4003,4.321529917084667,1.0772514714100678,False,54.2212,3.604441077743931,-0.5649177788613166,False,2952.876133844367,10.510177877259077,-3.3419020484484143,1.4473900534319768,4.038424396301055,-2.7537489716144434,False,True,False,False,False,1.0802023686886864,1.8081465301268123,6.744523374473612,1.5288,1.4644,0.9898,1.1804,0.4104,4.545342596191765,4.4906563926037135,6.086060073669435,-2.257478923640136
896.4811,0.3600668582591467,0.5297056582856664,False,896.3148,0.35599240922871866,0.2568827163487216,False,85.4736,0.3200133337813327,0.0909202373196835,False,85.3467,0.35758910447119957,0.3407853208736922,False,76.6605,-1.3763237138238673,0.09318438270762008,False,247.28539052272112,7.267188716937363,-5.059349840239123,1.1094559224814835,2.284462736852976,-1.9766480621052875,True,False,False,True,False,-1.4139979813377783,-1.58179660785847,0.35504068843674336,1.2897,1.2518,1.1154,0.955,0.9191,0.3580296337439327,0.33880121912626615,4.5861120394897466,-1.6153836404907214
287.1368,0.40122031486487786,0.6685146608841301,False,286.8205,0.42347813215152613,0.5093554464413147,False,27.4827,0.39764104866323685,0.4642506381194433,False,27.4946,0.4430835672152222,0.19473369297229035,False,27.5323,-1.341760691089164,0.4454572716307996,False,602.9741412673768,8.024226489971577,-1.8747928070403739,1.0043712264022076,-1.073076915075715,0.32008706686806165,True,False,False,False,False,-1.381642162458615,-1.5152028944952611,0.39937922771375506,1.3484,1.355,1.2747,0.9103,1.1914,0.412349223508202,0.4203623079392295,1.7148206555175793,0.28234003337402314
977.1628,3.906414187299882,-0.9371295088664138,False,988.6991,3.861524071163155,-0.41686718546814033,False,94.0883,3.2778037247966814,-0.244444360008914,False,94.1983,3.4365706886037857,0.7103253458322732,False,94.2982,0.7744379144039512,0.047775721667577445,False,1546.2711098153097,9.829615348111272,-0.3086800885112494,0.9500586445460573,-0.480046550496011,0.8908780953756816,False,True,False,False,False,0.6862509378822972,0.8826816648258844,3.1141057638683525,0.6694,0.9764,0.9723,1.0681,0.884,3.8839691292315184,3.3571872067002335,2.2219667067260733,0.7539676207104495
306.6406,0.0926861067252054,0.2728971798837384,False,306.1795,0.11093449263373524,-0.00855615201413079,False,28.8793,0.11426250309454149,-2.3881061152602654,False,28.7,0.16573870520228362,-1.618985739870399,False,26.8753,-1.579893488950877,-0.9052886825546274,False,325.5993515473279,6.344873668162205,-4.12352750130586,0.8217476126912414,-0.09435298680776233,0.41699559911413525,True,False,False,True,False,-1.5666167032814908,-1.7441150781356918,0.09389493913806506,1.1811,1.1433,0.0576,0.3552,0.1473,0.10181029967947032,0.14000060414841256,2.551803051513673,0.3624126606103495
382.91,1.8440539962968723,0.7460774425745834,False,382.8017,1.8267237978564377,0.5228108729481875,False,36.4566,1.6414478379145758,0.20059922512526254,False,36.3704,1.632863377734393,0.38130076127587104,False,37.7209,-0.5033281332307902,-1.0268959229467642,False,1308.9883033895921,9.111363367442268,-3.743560798659464,0.8985646757948881,2.556568670179929,-1.1508405278059846,True,False,False,False,False,-0.5339992745859365,-0.5217048255735433,1.474947044309931,1.3812,1.3605,1.1622,0.9674,0.0533,1.835388897076655,1.6371556078244844,4.818810831726074,-0.9330435272900388
571.7067,4.923233767772589,-0.6167100906024983,False,571.8721,4.638344840199018,-0.37601161771090885,False,54.6735,3.4432666341342975,0.3864441766847164,False,54.6808,3.5266790119329623,0.2813191099608171,False,54.3747,0.44217237214488786,0.507295847064248,False,2552.2157120348566,9.43995533280367,-1.4976421317545672,0.7806148340055019,0.623215653908706,-0.1694308059067736,True,False,False,False,False,1.220447739946815,0.9870171859658944,2.6878650120414274,0.8049,0.9931,1.2415,0.9368,1.2392,4.780789303985804,3.4849728230336297,3.1654513979492176,-0.12213397158447137
300.8708,1.5989088039735755,1.8319563862409307,False,300.9126,1.5644673664947446,1.7152063055754154,False,29.0301,1.2386182972765334,2.3838672815286284,False,29.1132,1.1398122985913968,1.3203441138231395,False,34.1457,3.3254417603040607,0.6254101135302277,False,1188.3264555801827,8.612483979892298,-4.147770129015366,5.156240817243703,2.6098305888805133,-0.8606685989061859,True,False,False,False,False,-0.6851178222976501,-0.8874430597587526,6.386614221402157,1.8404,1.8479,2.0938,1.2548,1.3305,1.58168808523416,1.189215297933965,4.864359210632326,-0.6932831247875981
596.0156,1.1174950533417929,0.15891772630203554,False,595.515,1.1107166257179804,-0.1839659848400891,False,56.9863,1.004261175116834,0.14154130861456632,False,57.0693,1.0272948847001857,0.420835989410255,False,56.7243,-1.2463546005219457,-0.1351526165393178,False,475.2649269115085,8.285775434613061,-3.917092642528364,0.5195552637637167,1.2648052172149775,-2.1941344048481195,True,False,False,True,False,-0.9636362448184239,-1.029052641993136,0.5217691797254868,1.1329,1.0716,1.137,0.9795,0.7426,1.1141058395298866,1.01577802990851,3.714124169128418,-1.7950861129956053
421.1153,5.01315619478991,-0.2366997546983562,False,421.9379,4.559663669951446,0.01786541276300086,False,40.4061,3.6048850725213444,-0.10336155945558377,False,40.4059,3.9632834221741255,-0.1411523774586743,False,40.5823,1.3740234702961485,-0.4499083781074764,False,4158.138868296078,10.199350347191798,0.04522002774321941,1.0772252124940254,-0.2769353068909345,1.3806161914882105,False,False,False,False,True,1.2237957040017218,1.231238305918241,3.883273088263345,0.9656,1.1541,1.0325,0.8075,0.4993,4.7864099323706775,3.784084247347735,2.3956628128662114,1.1586235896386707
581.1597,4.679651179614756,-0.4235125520625578,False,581.1407,4.27090864236428,-0.38408487361503235,False,55.3988,3.6941147040357056,-0.1750747437900008,False,55.3679,3.861089265616703,-0.38424501987174603,False,55.4543,1.1789171825288487,-0.569833816238871,False,3812.3214447622427,9.62689899726383,-1.062719257765738,0.9834520201550675,0.16721327670549976,0.204315073144934,False,False,False,False,True,1.038469072056117,1.2259456113430884,3.632984568368454,0.8866,0.9898,1.0019,0.7331,0.4066,4.475279910989518,3.7776019848262044,2.7754885583496094,0.18668109104003783
523.6237,2.844873757674891,-0.9870250787953335,False,523.7213,2.8538251063056674,-1.1092100402763174,False,50.3818,2.4371283319875334,-1.0705521207240134,False,50.3595,2.6283307623299614,-0.6560905554734604,False,50.9386,-0.05054296699583443,-1.0275427699701267,False,1485.7198204945944,8.973538077699262,-2.2291420186776287,0.8435313629224468,0.7573661205336728,-0.16084896316748915,True,False,False,False,False,0.0699729490751677,0.20952124165505712,2.0557941834983535,0.6483,0.6934,0.6198,0.6499,0.0528,2.8493494319902792,2.5327295471587474,3.280173819396973,-0.11504305111816393
601.6858,4.572714574598028,1.360904370608665,False,600.4737,4.814441457305529,1.4152726165313076,False,57.1963,4.143323065598918,1.5788516338530638,False,57.0671,4.175042940361028,3.484979538536311,False,56.7036,0.15259624511840233,0.6688782335001832,False,2111.006508947762,9.900927654507914,-0.705678657774259,0.5590651649088021,0.16309496737030169,0.32409542307941447,True,False,False,True,False,1.168499765890067,1.537502228813534,2.3163875929395026,1.6412,1.7253,1.7503,1.9173,1.3641,4.693578015951779,4.159183002979972,2.7719666740722655,0.28565201845214894
345.3507,2.816307878759549,-0.6599844474602817,False,344.7267,2.7649501297317487,-0.727809859836053,False,33.0181,2.630644306157632,-0.8012761442526236,False,33.1143,2.7098166425913996,-0.8161918925465858,False,33.2451,0.31818518327104844,-1.0227561019972446,False,3184.3334149233983,9.187968426897124,-1.6574963831257323,0.9612893376660196,-0.11829904898611963,-0.4159938159796239,False,False,False,False,True,0.034995742272659495,0.3217892050607512,2.5288103227011556,0.7866,0.8493,0.7347,0.6009,0.0565,2.7906290042456487,2.6702304743745158,2.531324924926759,-0.32586162629394444
238.3447,0.8187241846362462,-1.2795408134023178,False,238.4063,0.8809572943196432,-1.3587470409492293,False,22.9045,1.0339439716963439,0.10873135499751271,False,22.8924,1.1462110929663496,-0.6103473163097104,False,23.0764,-1.095766457541797,2.3236422886659525,False,2392.961800354838,8.17551031248636,-1.244769368531825,0.6914769410391127,-1.274694396897962,0.11975778900833921,False,True,False,False,False,-1.121047479889809,-0.9683879323946416,0.714948414754419,0.5246,0.5914,1.123,0.6639,2.6432,0.8498407394779447,1.0900775323313467,1.542401980407714,0.1168139314013672
177.0127,0.6853951091610427,-0.9647967206279475,False,177.3079,0.6975683897716867,-1.2033980258244261,False,17.0443,0.6803339695005041,-1.2048385737423828,False,17.1574,0.8085437398017813,-0.9730258553937289,False,17.815,-1.4173301660820503,-1.0061968181991665,False,1426.082779255344,7.485249411980995,-2.1073064055101685,0.4445409569847804,-1.1465901169453636,-1.8260308006330737,False,False,False,True,False,-1.2153750479170673,-1.2505980323781976,0.30243631387100844,0.6577,0.6549,0.5625,0.5529,0.0693,0.6914817494663648,0.7444388546511427,1.6519538408203118,-1.4909330936328153
191.3149,0.6327573014958723,1.9835348711908716,False,193.9165,0.736959849851975,0.7527763441565569,False,19.57,0.6533595950810318,-1.2927223780737762,False,19.2463,0.7254597740078932,-0.7884192116257372,False,19.0988,-1.3744758378262207,-1.0144764600982057,False,1224.930270549042,7.582610700351888,-2.0509640453870155,0.5470359736530991,-1.5269043312354502,-0.40972667089044346,True,False,False,False,False,-1.2193201847003794,-1.2955287319805928,0.3574112022407468,1.9045,1.4545,0.525,0.6094,0.0629,0.6848585756739236,0.6894096845444625,1.3267177930297844,-0.32068327139648645
245.1756,1.5453076657285014,-0.30125658214193474,False,245.0148,1.6394223864782356,0.02960833044172646,False,23.4848,1.8796848557891483,2.31707559023677,False,23.53,1.9836685769871274,0.29667576882293334,False,23.6576,-0.7175782437648835,0.9408127221217487,False,3012.270783499224,9.222927554554612,-1.2663153636098794,0.6384582070160243,-0.3293986956055931,-0.6310108832004118,False,False,False,False,True,-0.6787580326444725,-0.28123164689786645,1.2001002227823137,0.9383,1.1589,2.0653,0.9415,1.5743,1.5923650261033684,1.9316767163881379,2.350797318603515,-0.5035238101489252
204.3495,1.5911638740377276,0.922721948436683,False,204.725,1.6251487909102378,0.7383423411764576,False,19.434,1.4096189338393308,0.2800461842408424,False,19.4991,1.4626899116425796,0.2636752891405137,False,21.5834,-1.0044673156171002,-0.9750187916730972,False,2260.6682385848135,8.591159655193612,-4.0261691409474505,0.5902799849750064,1.3381817967534047,-2.3514989640474964,True,False,False,False,False,-0.6693518377337543,-0.6858200366371597,0.8320698430871649,1.4559,1.4486,1.1961,0.9314,0.0934,1.6081563324739827,1.4361544227409553,3.7768741475219745,-1.9251117505419941
670.7676,4.600479457144771,-1.1281988003477745,False,667.4306,4.178203899500522,-1.1211976020733494,False,63.2289,3.164657500568311,-0.7551078523771984,False,63.1955,3.3414853137282856,-0.34765042854074607,False,63.1369,0.9540179237572145,-0.4854849643924101,False,2338.49133963217,10.23586572940643,0.17755134546512116,1.056821056275212,0.5061013100908507,1.7875703586950649,True,False,False,False,False,0.9872794017542668,0.7976722833567043,3.3444766824998746,0.5886,0.6885,0.7544,0.7443,0.4718,4.389341678322646,3.2530714071482985,3.0652978804321283,1.4948776694165051
250.007,0.9659073836413808,2.39192183454274,False,250.0273,0.9358005025946993,2.437395742817019,False,24.0139,0.7560684760915599,1.9301524943670874,False,23.9711,1.0771441611395933,0.3571221920036029,False,23.9532,-0.8031720923490104,-0.36969934721053505,False,2232.645923129034,9.695659962354064,-3.7830057537156185,1.4420621408810386,2.6646811812045894,-2.4318655516643473,False,True,False,True,False,-1.0608783045413446,-1.1100252309040732,1.0902977252852593,2.0772,2.1431,1.9002,0.96,0.5613,0.9508539431180401,0.9166063186155766,4.911266187011718,-1.9915162627490233
432.3317,1.7592273222850354,1.8898920006133728,False,431.2531,1.7419313759909536,1.5806520405066882,False,41.5,1.3834199211370837,3.2134903944169837,False,41.5254,1.59367841374682,1.25074904280972,False,41.4796,-1.2727530020269295,0.047775721667577445,False,2643.303297235934,9.481511746257054,-2.832206972240527,0.3526799545595373,1.712771403499596,0.4714716474464898,False,True,False,False,False,-0.584516636448121,-0.6430403158029021,0.48790447492338535,1.8649,1.7929,2.4478,1.2335,0.884,1.7505793491379946,1.4885491674419518,4.097214641418457,0.4074245931030269
602.8122,4.088917697184757,-0.8451419415566992,False,601.9471,4.062984552043278,-0.6164967860064698,False,57.4857,3.546079715802311,-0.5172356886535597,False,57.4378,3.784418073136279,-0.23753991712514752,False,57.2333,1.1081766178109322,-0.5208028118679988,False,2700.2915750219177,9.809733370735163,-0.4701815451475808,0.9989161601887802,-0.03938992421906576,1.0519734728566694,False,False,False,False,True,0.800606268944508,1.1342105744083004,3.5422363334325655,0.7083,0.8948,0.8559,0.778,0.4445,4.075951124614018,3.665248894469295,2.5988062098999016,0.88707592202881
166.931,1.0687787012537846,-0.01678089197847323,False,167.1602,1.0229656393729698,-0.5125230357260899,False,16.2988,0.8963601387061179,-0.042663145264034544,False,16.4085,1.8766371180662968,2.1012465538328726,False,15.1451,-1.29470727874723,2.4874239549813195,False,957.0,7.510850465777483,-4.7183371394801235,0.512897455133014,2.3061234133690243,-0.002087558121306228,True,False,False,False,False,-1.004280076117797,-0.7263634352627671,0.4597408340250433,1.0586,0.9373,1.0584,1.4938,2.7698,1.0458721703133773,1.3864986283862073,4.604635756347658,0.01613675845214857
1873.4261,2.4746531096673787,0.8340449876625369,False,1874.184,2.3877242670224263,1.0700797656004462,False,178.9411,2.1910072277560504,3.393007712064577,False,178.7784,0.29922538483033345,-0.32935313287524587,False,178.9469,-1.3522571623903403,3.1911935163996437,False,988.4068939944442,9.717075803395394,-2.9287277318749436,0.17613544003381126,2.4755219800333044,-0.26228735216669075,True,False,False,False,False,-0.17910723254037575,-0.84180051401092,0.38591402217807286,1.4184,1.5842,2.5244,0.7499,3.3138,2.4311886883449025,1.245116306293192,4.749501549560549,-0.198858563762208
370.7016,5.529846024811258,-0.5076965468241477,False,370.9179,5.466971476580438,-0.3116702145962264,False,35.392,4.596918374777497,-0.4841913782249557,False,34.9192,5.486435469749679,-0.5329105471539337,False,35.4986,-0.5961217754183107,3.193134057469731,False,5289.451768644787,9.132757278208784,-0.8368089473367779,0.2949603001845057,-0.9302505295966592,-0.5038970891463952,False,False,False,False,True,1.6479024564253397,2.2580486065147505,1.3559084237480405,0.851,1.0194,0.87,0.6876,3.3153,5.498408750695848,5.041676922263588,1.8369625250244148,-0.39849347678222813
1042.2203,2.015819921746569,0.7590833968214583,False,1042.2612,1.9995914606492835,0.5262358906044826,False,99.461,1.8253507572350014,-0.3484987843372842,False,98.7084,0.00190149223109072,2.7677908959332305,False,99.4258,-0.2649090492339424,-0.07603079860399171,False,1134.842954852207,9.859991460741307,-2.968811752521358,0.9755925444688381,3.1684111757161837,-2.5228463749940215,True,False,False,False,False,-0.4313576492603093,-1.1124585257517567,1.7807985897990155,1.3867,1.3619,0.9279,1.6978,0.7883,2.007705691197926,0.913626124733046,5.342044597106934,-2.066691001064454
1200.8711,1.0289970755922673,1.6638248686131492,False,341.0058,1.0151891276793021,1.5123963314990974,False,114.6525,0.7519624846837258,0.4947170236209933,False,114.6627,0.960161160665585,0.9112688607301749,False,114.7494,-0.5995594244465413,3.327678238329116,False,1124.4386521040676,9.141711045085755,-3.9174314732508937,1.797295112883237,3.761957582101044,-2.9330332902565286,True,False,False,False,False,-1.0184442338845676,-1.1594591321318464,1.3514984987935965,1.7693,1.765,1.2877,1.1296,3.4193,1.0220931016357846,0.8560618226746555,5.849631955505371,-2.4056162040551747
643.1542,4.535046819338014,-0.9080434657324938,False,641.0468,4.270397007385586,-0.9127608132759759,False,61.1967,3.1763074472122765,0.048032940805963494,False,61.2077,3.3270468722893494,-0.2921050666990495,False,61.4511,0.46828671282357104,-0.16193208330652248,False,3216.700758088516,9.70399107431025,-0.9617669806010799,0.8567701206050323,0.005957759722995261,0.7262240750106063,False,False,True,False,False,0.9952494262586175,0.7965338960092956,2.7213653146267243,0.6817,0.7737,1.0971,0.7613,0.7219,4.4027219133618,3.251677159750813,2.6375865156249994,0.6179189190112311
187.9007,1.7491953432390785,-0.567287464464374,False,187.9989,1.7187548303605615,-0.7101954833179651,False,17.8475,1.685220562839158,-0.5193448999575132,False,17.7575,1.9581842721310159,-0.7763299269896036,False,17.4004,-0.06933059815077033,-1.0250847512813495,False,3303.657526153483,8.896036178482744,-1.9799544810025898,1.2055946031858158,0.12519282271122434,-0.35566224755245607,False,True,False,False,False,-0.5944070738974384,-0.37102442731628593,2.031692815736652,0.8258,0.8565,0.855,0.6131,0.0547,1.73397508679982,1.821702417485087,2.7395536238403313,-0.27601145234863367
410.9388,2.626673984713987,-1.0217864474187988,False,410.8638,2.552093028249534,-1.0673758960458586,False,39.3817,2.359966675777958,-0.6098066292159608,False,39.4753,2.474770072561844,-0.6015254058995588,False,39.2244,0.06606086656738208,-0.5293411925763829,False,2478.430931248701,9.479127684721206,-0.671058990876192,0.9344950899699155,-0.45045399672203384,0.8066292806313925,False,False,True,False,False,-0.08487745456393692,0.11533013902179057,2.2053772710071256,0.6336,0.7105,0.8164,0.6666,0.4379,2.5893835064817603,2.417368374169901,2.247273584228516,0.6843553401220692
580.4843,3.436306401883027,-0.43888322526341,False,578.7349,3.3843247475780647,-0.23998948793234123,False,55.4652,2.9514825277242105,0.16497698976960462,False,55.4685,2.8394903072029596,0.9802104568983985,False,55.6948,0.13007966644279437,-0.110960537865563,False,1264.4455739018008,9.437425817956893,-0.5444121947950603,0.7750351194059804,-0.6882202012963488,0.9118240964441054,True,False,False,False,False,0.40411610057197905,0.5057081537377651,2.2875026132993983,0.8801,1.0487,1.147,1.1507,0.7613,3.4103155747305456,2.895486417463585,2.043941345336913,0.7712746761035163
522.9492,1.8700579101409451,-1.3117009911764081,False,525.1285,1.9041330600069455,-1.3726917556927156,False,50.0126,1.8090918505427225,-1.1746065450523833,False,49.8141,1.8054097991602498,-1.1550185997809344,False,49.2236,-0.5437696382798534,-0.8776036299547154,False,1261.5340855179018,9.219816667177318,-0.5104955038367248,0.7866197625478987,-1.1545432361028864,1.0789498927134733,True,False,False,False,False,-0.5031999072976303,-0.38282399045957405,1.4230674019012548,0.511,0.5857,0.5754,0.4972,0.1687,1.8870954850739454,1.807250824851486,1.6451525145874015,0.9093657324438471
928.4533,4.212643464743901,1.7567583235044544,False,927.0436,4.011959549754361,2.4469368634309827,False,88.3926,2.7013626639849804,1.9889760540662338,False,88.3575,2.858590430382732,2.9870317064966323,False,88.3974,0.5575074070217506,-0.020790062808840225,False,1250.07412492584,10.201893814961753,0.043911932736030286,1.0497740574611063,0.04046556344938465,1.6899318740061975,True,False,False,False,False,0.8222586120832198,0.4113956414358559,2.8358204444454556,1.8086,2.147,1.9253,1.7649,0.831,4.112301507249131,2.779976547183856,2.6670968028564452,1.4142019042675784
561.8926,6.7762896930899466,1.5562301562071847,False,562.5741,6.144783896257081,1.6168593700160914,False,53.4972,4.222811373425024,1.2912958260807441,False,53.541,4.773597586397039,1.2605511654876662,False,53.1081,2.7571198660685123,2.7508200628945008,False,3898.8431675765346,9.578827136984824,-0.5810619369549734,1.3397597977243996,-0.3395602017243467,0.33530977455134087,False,False,False,False,True,2.221000317889348,1.814309458673986,5.657552911488204,1.7238,1.8077,1.6276,1.2365,2.9734,6.460536794673514,4.498204479911031,2.34210743017578,0.2949181022973626
601.131,5.349931974562505,0.44008280992992904,False,601.5707,5.090977532683012,0.3425081577560931,False,57.4982,3.924899865576531,0.09818529847774561,False,57.4999,4.417260789554769,0.642690699354443,False,58.7886,-0.020034205199695097,0.7063953608552039,False,3168.8303522992696,9.347403380684858,-0.7971514693739515,0.5337542001832808,-0.5532547067684761,-0.26325687556895455,False,False,True,False,False,1.4823373403214606,1.5472162607714026,2.0949317885502667,1.2518,1.2868,1.1185,1.0474,1.3931,5.220454753622759,4.17108032756565,2.1593607600707987,-0.19965965200683478
279.9892,0.531383850132818,2.47823407636291,False,279.9863,0.5252281568618131,2.4518297457971188,False,27.0191,0.4384936875997893,1.923590503643677,False,27.0646,0.5652950416218328,0.4548166813604692,False,26.6437,-1.3841783527971603,0.09214942747024016,False,1083.7666081825155,9.151884008992695,-3.9254554731684146,0.7867034777574922,3.7748921138133142,-2.858776584080054,True,False,False,False,False,-1.3125717481307317,-1.4486328855495587,0.3449645090094615,2.1137,2.149,1.8974,0.9899,0.9183,0.5283060034973155,0.501894364610811,5.860693272216798,-2.3442601044873044
1579.4181,7.191436958898484,-1.1984309532808985,False,1574.3448,6.897569273154794,-1.325230796741201,False,149.0769,4.60658359600131,0.869922278913156,False,148.9164,4.431001674541621,2.211030327825873,False,148.6027,0.6773500991855066,0.44403420817940215,False,1422.9078988400681,9.724516292308689,-1.67918989126404,0.6489751851790017,0.7457504251223276,0.4547463716988378,True,False,False,False,False,2.568843676192131,1.8311194563910842,2.9895584422575014,0.5589,0.6051,1.4478,1.5274,1.1903,7.044503116026639,4.518792635271465,3.2702403414306644,0.3936049970434574
1421.6241,3.603114835253535,0.9790022595413412,False,1423.5261,3.094984641231995,0.8396250061554628,False,136.1946,2.140899907116542,0.4471425908762656,False,136.2238,2.243335886666922,1.2991061813542557,False,136.4703,-0.06429688292151599,-0.3169166301041608,False,1339.3651338491143,9.841660076925336,-0.8152287025501258,0.9520063119927862,0.15441187912083648,1.026375297205893,False,True,False,False,False,0.3676227044052981,-0.0685843468819857,2.038150224919718,1.4797,1.49,1.2674,1.2483,0.6021,3.3490497382427646,2.192117896891732,2.764541094909667,0.865924913657226
962.879,6.670203659582689,-1.0948562630966954,False,963.1938,6.3812603461682835,-1.1233993991381104,False,92.4124,4.67673199518759,-1.1776531836025383,False,92.4312,4.809369329448218,-1.1641672476136842,False,92.2945,1.9166094185288245,-0.9179668842125309,False,2465.4723739603896,10.492150446785303,-0.41017405408176966,0.9791708220544239,2.3110527735097324,0.9227112797343389,False,False,False,False,True,2.259834270014662,2.0142236178224806,4.579319512256059,0.6027,0.6876,0.5741,0.4944,0.1375,6.525732002875486,4.743050662317904,4.608851232788087,0.7802704306469739
289.5479,1.6121768911145264,-1.3944661545656114,False,289.3003,1.6185167143728403,-1.2946502819528538,False,27.4342,1.540951351171593,-1.2674118424263348,False,27.4205,1.6556795761309835,-1.0687599202150058,False,27.3975,-0.3389477713076509,-0.8043805469100883,False,2186.769776263517,9.241002596586306,-0.8539394365449711,1.0940120679075476,-0.4468666136167477,1.0158726142996,False,False,True,False,False,-0.6650687870937902,-0.55341736724874,1.685819374240164,0.476,0.6176,0.5358,0.5236,0.2253,1.6153468027436833,1.5983154636512884,2.2503414324951176,0.8572468603027339
212.6485,1.5885249888867479,-0.033333924656313636,False,212.3709,1.680481413666949,-0.21797151728473108,False,20.1656,1.7429059770079858,0.01780091211596432,False,20.2623,1.6302677183667489,-0.5345442342669245,False,19.8325,-0.4410137598515172,1.9341110111970963,False,3014.403148950168,8.450102325516182,-1.7960235873584938,0.8921226473887574,-0.3844093698826066,-1.1765429581213476,False,False,False,True,False,-0.6536581530296156,-0.4813447731695635,1.5548858943580526,1.0516,1.0577,1.0842,0.6871,2.3421,1.6345032012768486,1.6865868476873673,2.303753443786622,-0.9542806781787121
468.2754,6.95999023232127,-0.5455320500877834,False,468.0511,6.606214724964452,-0.4498941414395553,False,45.0188,4.79047733301713,-0.7462022935382837,False,44.9837,5.1966805715336415,-0.700853582369416,False,44.6742,2.7191732645818916,-0.6830320453272962,False,5635.065769400177,9.910377312728544,-2.2383556542272847,1.1708381901027871,2.0527112065706774,-0.10070125552978754,False,True,False,False,False,2.4131386770418835,2.218777153995379,5.608873810318204,0.835,0.9629,0.7582,0.6362,0.3191,6.783102478642861,4.993578952275386,4.3879234129638665,-0.06534479585449127
305.3492,1.9331722559166329,2.106736728693085,False,305.298,1.930366028095484,2.0285954211263957,False,29.5,1.633592526940865,1.363243367226712,False,29.5,1.710044151331824,0.9302196312408714,False,31.1979,-0.2322918274177629,-0.04498214148259504,False,2264.3381826496507,9.584484435902674,-3.8129840827049293,1.1157255949853908,3.170645785655259,-2.3998109412505415,True,False,False,True,False,-0.47658975139184834,-0.4934030946015426,1.8226409940847843,1.9566,1.976,1.6583,1.1354,0.8123,1.9317691420060585,1.6718183391363446,5.3439555845947275,-1.9650304950732433
405.9938,3.479106376047385,-0.8777750631215852,False,406.1105,3.453759725827652,-0.9401609545263351,False,39.0517,2.877416338016568,-0.9013465027846372,False,39.2081,3.020249398205325,-0.6554370806282641,False,39.5151,0.3552366391997438,-0.4549537848897034,False,3490.8867986518067,9.047045532671431,-0.7375496156955471,0.8953661202185793,-1.1875197532717598,0.5355097475996972,False,False,False,False,True,0.4375428422684513,0.549264931792821,2.5763411028234464,0.6945,0.7625,0.692,0.6501,0.4954,3.4664330509375185,2.948832868110946,1.616951748718261,0.4603373635644541
440.1721,3.896681254622712,1.1899351902361106,False,440.289,3.541186023542948,0.9480023505653646,False,42.0311,2.633548314515915,1.5659620092177926,False,42.0765,2.8697826299147495,-0.28524358082448703,False,41.5462,1.4814789064486389,-0.5654352564800065,False,3655.407224882323,8.786682680628909,-1.508187667081993,1.5268830649194758,-0.2897752467916936,-0.9213825182152945,False,False,False,False,True,0.5879464688857847,0.3882799665607733,4.02112032208158,1.5689,1.5343,1.7448,0.7634,0.41,3.71893363908283,2.751665472215332,2.3846823889160156,-0.7434492238525401
327.9872,3.1850484478186663,-0.9260153297827207,False,324.8809,3.242226844155837,-0.8934339279297409,False,30.9702,3.1169662266781537,-0.8598653471402193,False,30.6704,3.244644055054069,-0.513633039220639,False,31.6504,0.4064943914826934,-0.10500954525062857,False,2951.5319334649935,9.087763689377969,-0.8081730040573064,0.8476499189627228,-1.1021840980993522,0.025764820555030182,False,False,True,False,False,0.28696360609322047,0.7386676882407497,2.6420961694532807,0.6741,0.7816,0.7097,0.6935,0.7659,3.2136376459872515,3.180805140866111,1.6899288560180672,0.03915034749023505
105.0274,1.086389977585004,-0.2326797324765948,False,105.1123,1.0677210415271572,-0.011247237315505032,False,10.0184,0.8775880147952885,-0.6201183289241776,False,9.9773,1.177183468223563,-0.8887276003633894,False,9.948,-0.828181894016055,2.5835454226529766,False,3259.259373071635,8.758074081888445,-1.3613227795857938,1.2058213449314152,-0.4253495652441494,0.43745634522893123,False,False,False,False,True,-0.9857055161669026,-1.0195750757859607,1.0582143602961454,0.9673,1.1422,0.812,0.5787,2.8441,1.0770555095560805,1.0273857415094256,2.2687423218383795,0.3793187643212903
528.2137,2.4463879624468006,-0.8049417193390863,False,529.2697,2.4779446495672497,-0.6686059832058131,False,50.5522,2.1780883973600256,-0.6372263761673558,False,50.5439,2.346056475460056,-0.45351335346256755,False,50.519,-0.020818323572817286,-0.5079952408054227,False,1981.0662042962565,9.612572668196709,-0.5496231039118519,0.961359465128474,-0.43049006633393777,1.3423540346495488,False,False,False,False,True,-0.1606552119943203,-0.011467250715938704,2.093925896688569,0.7253,0.8735,0.8047,0.7119,0.4544,2.462166306007025,2.262072436410041,2.2643462824707044,1.1270087116625973
621.2685,6.196901408041625,-1.5115197427874847,False,621.7954,6.0558072630333255,-1.6146447886981172,False,59.6959,5.165853293630528,-1.075239256955021,False,59.8404,5.3968726075416145,-0.7028140069050051,False,59.7352,1.5104296220224833,-0.7249477324411817,False,2371.0229946996783,9.108052787703256,-1.1049547969082847,0.7855931993153007,-0.6159450928852505,-0.652254976940366,True,False,False,False,False,2.021942350638065,2.453749557784255,4.0582592161366895,0.4265,0.4868,0.6178,0.6356,0.2867,6.126354335537475,5.281362950586072,2.1057493707275388,-0.5210771706176764
271.3644,2.9710389864818607,0.23624403609709108,False,272.057,2.8754551309777816,0.17076798670473606,False,26.2845,2.463851115058526,-0.13851508118814096,False,26.3825,2.6152830519829124,-0.0029424476996294927,False,27.0073,-0.0841394141922254,-0.8932573279200862,False,3227.7556983249538,9.497097376906172,-0.9026189958657784,0.8168901057401813,-0.33387582442909897,0.2369810566874255,False,False,True,False,False,0.1139905537139531,0.21510401333241722,2.0126955979082233,1.1656,1.2166,1.0175,0.8498,0.1566,2.923247058729821,2.539567083520719,2.3469685800781246,0.21367201808105563
957.4999,3.829132124322789,1.5221782032699127,False,958.9545,3.8975124653172704,1.6178379464893184,False,91.0297,2.847952311055732,1.066313286992377,False,90.9113,2.71203138600056,1.0507857401796123,False,90.4577,-0.32295658187981946,0.03652058346107111,False,2161.6483897743215,9.19845499843151,-0.9332615238469942,0.5991439433306895,-0.7269953022046721,-0.9275526912754001,False,False,True,False,False,0.673952515940134,0.41140813481168703,1.7063333780636818,1.7094,1.8081,1.5316,1.1723,0.8753,3.86332229482003,2.7799918485281463,2.010781762817384,-0.7485474536572276
303.8106,2.331833417454102,-0.7957193154185751,False,302.6348,2.2921050284017217,-0.7916619747141217,False,29.1694,1.9802662109401574,-1.0989092949216097,False,29.177,2.2596127428971653,-0.6933386216496572,False,29.0832,-0.21254692251539345,-0.4198946762234597,False,3455.5037894956104,9.654054944091163,-0.735102577480419,0.933192907444668,0.6087956796728847,1.5168847223790944,False,False,True,False,False,-0.2501210867804934,-0.1275172164727606,1.8479703829016818,0.7292,0.8232,0.6077,0.6385,0.5225,2.311969222927912,2.1199394769186615,3.1531197646484372,1.2712182087622068
582.3149,3.0051450202866024,-0.5642133298242037,False,581.4289,3.1078794572675603,-0.17931774659226088,False,55.6655,2.803518402298683,-0.38927686954705076,False,55.7448,3.0664885340580503,-0.11370643396042439,False,56.4926,0.41124115972539865,-0.8862713800677718,False,1832.0434348199167,9.57824291552075,-0.641464871692356,0.9445935763398322,-0.28758112418088605,0.5862740758456234,True,False,False,False,False,0.1933708297289341,0.5379733820048171,2.6481854739618456,0.8271,1.0735,0.9105,0.8159,0.162,3.0565122387770813,2.9350034681783668,2.3865587525634773,0.5022824125537113
397.0152,1.5368366079172928,1.2875980830353708,False,397.0148,1.5161473638125655,1.089895939183295,False,38.1254,1.418549140335529,1.110606724375399,False,38.3301,1.2922229636631812,0.35810240427139783,False,40.5268,-1.2583006335532685,0.06278257260958575,False,1129.6288251031003,8.772464550188037,-4.665511516944329,0.3570157819225251,2.6416939439372187,-2.302678842252413,True,False,False,False,False,-0.7179957398551547,-0.7517665045946181,0.5064444305324145,1.6102,1.5923,1.5505,0.9603,0.8956,1.5264919858649293,1.3553860519993552,4.891608025634767,-1.8847731413037128
479.1461,6.610302322502062,1.2632414778094054,False,479.3873,6.279580209613307,1.5478697286535805,False,46.1479,4.119362272811656,0.8193012076182731,False,46.2972,4.006236885379835,0.5855116503997552,False,45.4879,0.5998016530496889,-0.04252412279381779,False,2898.8502860718095,9.142568161054635,-0.8146046874338189,0.7015835583786594,-0.9614378385473086,-0.8448064623031893,False,True,False,True,False,2.211710739278603,1.4588062452688575,2.8900768416100027,1.5999,1.7795,1.4262,1.0299,0.8142,6.444941266057684,4.062799579095746,1.8102918492431659,-0.6801767148364259
306.8868,2.9331929655341233,-0.330106153380457,False,304.48,2.843881254622125,-0.3239024205115655,False,29.2288,2.167863751760451,-0.9168140523469623,False,29.5101,2.5178685439172073,-0.7469235589557642,False,31.9135,-0.03878973273714226,-1.011371594386066,False,3302.7304425476086,8.342827090222446,-1.5374327124735165,0.9552591128678084,-0.7150076967279052,0.6197864571494397,False,True,False,False,False,0.09331534580547758,0.054499907628119425,2.0708716043249673,0.9261,1.0144,0.6854,0.6221,0.0653,2.888537110078124,2.342866147838829,2.0210332897949215,0.5299726927978519
378.3485,3.677827802189307,-0.8063605507114725,False,378.0987,3.6393546359764444,-0.8851160279073103,False,35.9477,3.1520619807873502,-0.9988389363895964,False,35.9443,3.375757600073929,-0.783191412864166,False,35.9595,0.6306259057127359,-0.8164119015446295,False,3863.0983585617446,9.930556449400418,-1.2866906044490922,0.9294294294294294,1.2427256840548517,0.7832660839483071,False,True,False,False,False,0.5520031117889829,0.806521701628694,2.929619168329384,0.7247,0.785,0.6504,0.611,0.216,3.6585912190828758,3.2639097904306396,3.695242255615236,0.665051028151856
296.968,0.5718100432438081,2.6156242475889875,False,297.1785,0.6587216126138563,2.2725056070782514,False,28.5738,0.6142379617100784,1.7939911868563154,False,28.5613,0.7130292030071722,0.5639469805082732,False,29.127,-1.197878485618176,0.02552418406390985,False,1204.8577232848604,8.732222645243274,-1.5215411324327048,0.9506997455470738,-0.3350312217540247,0.2600964706011813,False,False,True,False,False,-1.260773560013325,-1.3165746300377015,0.5839558739031246,2.1718,2.0757,1.8421,1.0233,0.8668,0.6152658279288322,0.6636335823586252,2.345980510620116,0.23277159454589835
553.149,5.220160877631244,0.39609903738595253,False,552.896,4.972203949899786,0.6982207057741459,False,53.1645,4.365895597718453,0.6395495331591295,False,53.4652,4.142230251672159,0.4770348260971479,False,52.6775,0.9375151016124432,1.5664431631178912,False,2772.90994839539,9.600427036493222,-1.00340046043938,0.7611969332875614,0.09484355557108383,0.08513142061435644,False,False,True,False,False,1.4083137083765132,1.614970619716506,3.323306340036951,1.2332,1.4322,1.3495,0.9967,2.0579,5.096182413765515,4.254062924695306,2.7135996223144527,0.0882031968798831
193.3816,1.9988766061012924,-0.9912815729124926,False,193.5507,2.018208345355324,-1.0045023576410173,False,18.5242,1.8722326815754922,-1.1014872198486638,False,18.4722,2.115110088666449,-0.870103567275291,False,17.9682,-0.1652931233222837,0.16187953658871007,False,3340.9327812013826,9.071804821887477,-1.1634493803591424,1.0194187242798354,-0.3545281037033465,0.1797512211287961,False,False,True,False,False,-0.43085921308243263,-0.23061369586598693,1.9085890518067035,0.6465,0.7362,0.6066,0.5844,0.9722,2.008542475728308,1.9936713851209706,2.3293072215576167,0.1663847134106451
218.1274,0.8367175682514786,0.8068507196917984,False,218.1125,0.8700327920798808,0.31437408415081425,False,20.9638,0.7077211524204451,0.40073994218928977,False,20.9576,0.8360989063906265,-0.24146076619632603,False,21.1113,-1.3461606770697194,0.6442980466124106,False,1705.0674399122622,8.717147113528272,-2.0129569182354783,0.5563416963278063,0.28173408289700025,-0.6736330341810381,False,False,True,True,False,-1.118942167179831,-1.2281681265987408,0.39373478646466037,1.4069,1.2753,1.2476,0.7768,1.3451,0.8533751801656797,0.7719100294055358,2.8734241416015642,-0.5387412211279301
115.9068,0.7220361423164893,0.40697674457424765,False,116.1175,0.8102035591892817,0.8611536885664589,False,11.5845,0.7782268661323453,1.7803984917863933,False,11.6479,1.2943540051203257,-0.43586953264226375,False,11.6167,-1.1963761813054268,2.706575726496511,False,3089.970076718043,7.992417466701924,-1.8549622468093072,0.752843551040847,-0.5897614717747911,0.5735117478217371,False,False,False,False,True,-1.1709163747718618,-1.0123044930088179,0.5858830774144647,1.2378,1.4988,1.8363,0.7173,2.9392,0.7661198507528855,1.0362904356263356,2.128141006713868,0.4917372818945296
300.9282,0.25463234042659744,-1.1352929572097061,False,300.6782,0.27756916996606573,-1.300032452555603,False,28.7282,0.5538464172264903,1.630410132394148,False,27.434,1.2707994160727751,-0.1019438867468885,False,22.4296,-0.4118800294047627,-1.0166757399776378,False,1669.6910980195473,7.010938142059345,-2.2638876102006336,2.874911737548205,-1.778935592738027,0.5408249204879183,False,False,False,False,True,-1.4687560190357603,-1.113522580521286,1.5922595656834573,0.5856,0.6154,1.7723,0.8195,0.0612,0.2661007551963316,0.9123229166496327,1.1111864025878901,0.46472913225097656
673.8118,3.7665148739555443,-0.5739086775355103,False,674.7062,3.7886519146260755,-0.45552095616061106,False,65.4637,2.9462203209466913,-0.6857382361582849,False,66.1439,3.594062949627637,-0.01633868202615627,False,67.937,0.6276453329391762,-0.7738493674073815,False,1470.3679020059665,8.975445987793753,-1.1704130918236084,0.9930674819044194,-0.5689995632440895,-0.7337151845989911,True,False,False,False,False,0.6228815791296568,0.8116099329917041,2.9257955952581614,0.823,0.9606,0.784,0.8457,0.2489,3.7775833942908097,3.270141635287164,2.1458961176757825,-0.5883853084179691
640.3296,5.5762348224776055,0.8855958608592402,False,640.4999,5.444281124802568,1.1163175039604267,False,61.4839,4.132460110333216,-0.34638957303333073,False,61.7599,4.734196723922892,-0.47181064912806736,False,62.0633,1.5538542698641225,-0.40035989611791434,False,3376.683804386175,9.642199711251351,-0.9055591008017094,0.9955246072990122,0.0010163697262511053,0.3264345860758803,False,False,False,False,True,1.654960523562931,1.7613388817483817,4.113965728518308,1.4402,1.6031,0.9288,0.7063,0.5376,5.510257973640087,4.433328417128054,2.6333607515258777,0.28758479900634626
489.0321,1.4292186869880008,-0.17805472463972088,False,487.863,1.4467280325206202,-0.25540206738566806,False,46.6028,1.5100939339672221,0.564555353463007,False,46.5916,1.725668712030199,0.7080381838740852,False,48.0582,-0.17086383712386646,1.7453610497799394,False,1188.3264555801827,8.373889495734014,-1.8971993574512376,1.259155289013653,-0.44899310694387345,-0.047928792249331734,False,False,True,False,False,-0.7707224383868788,-0.537442062749372,1.901442763862262,0.9904,1.0424,1.3175,1.0674,2.1962,1.4379733597543105,1.6178813229987106,2.2485229038696275,-0.021740484833983942
162.4352,1.4227074395013575,-0.8316630435190291,False,162.2326,1.4028174365210058,-1.0615044372064961,False,15.7695,1.5810148548058678,-0.77455946773588,False,17.2544,2.2628255858789763,-2.1009234382027655,False,9.3764,1.1839052850584144,0.41479672272342033,False,3419.1554086496567,7.747894962342081,-2.131173679647868,2.3019286966686145,-0.30644378171127756,-0.9651857252793161,False,False,False,False,True,-0.785739488796085,-0.2891977163870517,3.63938346413699,0.714,0.7129,0.7461,0.2077,1.1677,1.4127624380111816,1.9219202203424222,2.370427837768556,-0.7796425062158185
595.7596,1.8906041081633487,-0.2837576618825033,False,597.0276,1.7751407867467508,-0.31533987637082816,False,57.1047,1.080684909951923,0.412692139578359,False,57.1036,1.1899419253662935,0.6998697483091301,False,56.8945,-0.8214433539932071,-0.18288992686346522,False,1210.4190938508484,9.840595857880338,-1.2058598697843357,0.9872061345979216,1.9881962884108446,1.2893333097530564,True,False,False,False,False,-0.5354982142599757,-0.9314533398690801,1.0668587726719405,0.9457,1.0179,1.2527,1.0649,0.7057,1.8328724474550497,1.1353134176591082,4.332751725402831,1.0831992694799801
463.0683,2.2968741149825145,0.11233276290868387,False,463.1144,2.333917768987925,-0.05870819626701985,False,44.5461,2.2196584795382046,0.403552223927894,False,44.642,2.268065733742688,0.28981428294837086,False,42.9189,2.0030336523359855,-0.9745013140544074,False,2218.6585250317194,9.604605279009618,-3.526536599436972,2.1130220245277243,2.8033519308433887,-2.087355181500699,True,False,False,True,False,-0.24807993916415125,-0.02633578053297992,4.690187254193947,1.1132,1.1228,1.2488,0.9394,0.0938,2.3153959419852197,2.2438621066404463,5.029854251464844,-1.7068576283667003
240.1929,1.835244344438609,1.0828134216209422,False,240.0503,1.772916796349834,0.8924681357097266,False,22.9698,1.3810118174969124,0.2629381369976648,False,22.9982,1.7829129451352712,-0.1685983209569242,False,22.8783,-0.5181676958768635,0.15127124540556625,False,3630.7151447019146,9.867937966725824,-0.12180692238691672,1.054234558544903,0.20872024134839648,1.8050615456253805,False,False,True,False,False,-0.5526482841226917,-0.5667694753861432,1.4559103837641518,1.5236,1.5116,1.1888,0.7991,0.964,1.8040805703942215,1.581962381316092,2.8109843684692386,1.5093301150219727
434.6289,3.6569513133742815,0.19959089231044375,False,434.5775,3.678750503731817,0.8031730325277533,False,41.4491,2.9092357014153842,-0.1349997290148856,False,41.4844,3.3277148829607044,0.16826796174183498,False,41.4634,0.5786304160450875,-0.28599734238743657,False,3590.5490634729413,10.000925343541567,-0.6234325760134762,0.9840789824779863,0.29618311055587265,0.8072808892961909,False,False,False,False,True,0.5575187063778674,0.6877760665465131,2.8629177088374824,1.1501,1.4751,1.019,0.9022,0.626,3.6678509085530493,3.1184752921880445,2.885780620727541,0.684893744909667
942.7732,3.2878039718995953,-0.9144282069082322,False,942.5615,3.2056027553898176,-0.9122715250393624,False,89.9266,2.5465635065914873,-0.751358143392392,False,89.9606,2.6258349268412804,-0.18428171724163858,False,90.4453,-0.04930884857050735,-0.7250771018458542,False,1370.679021543954,9.718269584393553,-2.4864463722484813,0.8079034134988363,2.1313339290091005,-0.3091984383480688,True,False,False,False,False,0.30665941705712996,0.2531786265670252,2.0573773496668295,0.679,0.7739,0.756,0.7943,0.2866,3.2467033636447065,2.586199216716384,4.455159773193358,-0.23761979386230436
235.5544,2.3729867930148703,-1.002868695786981,False,235.945,2.3724997020465763,-0.9528824486782874,False,22.4586,2.562329735052762,-0.4288831706990655,False,22.3787,3.000921541512303,0.26824961305688855,False,21.0958,-0.20481983565012832,-1.026249075923402,False,3188.4207868498675,8.661880048752298,-1.573892078825821,0.7250756641632105,-0.6206443320069046,-0.3469522895116077,False,True,False,False,False,-0.2139206415794172,0.41274210580426235,1.8578829344485244,0.6416,0.7573,0.8936,0.9328,0.0538,2.3727432475307233,2.7816256382825326,2.1017306885375966,-0.2688146740332016
1445.7694,3.243621146337022,0.3786001171265208,False,1450.584,3.17117726728328,0.24269335748692852,False,138.7046,2.753092469901645,0.466359849423397,False,138.8261,2.705764851503152,0.5871453375127461,False,137.7746,0.011935248568653776,0.5378270265669545,False,668.2450737897105,8.571425716375106,-2.0229494358377997,0.7758341715135347,-0.06960264461024805,-0.6495646350485195,False,False,True,False,False,0.28324763899960076,0.37012385960393884,2.1359432154862943,1.2258,1.246,1.2756,1.0304,1.2628,3.207399206810151,2.729428660702398,2.572968980041505,-0.5188542214257819
104.0189,0.4000903021452039,0.9674151366668531,False,104.0077,0.44989009697963056,0.1489946601754332,False,9.9586,0.40694875182380597,-0.9664976963956434,False,9.9295,0.6593213337775946,-0.8854602261374073,False,10.3888,-1.1337632219902116,-0.9681622132254556,False,2260.762396378629,8.008020545235933,-1.6525655090738727,1.6370733660294265,-1.1648039112208992,-0.6487610041209098,False,False,False,False,True,-1.3741124824032058,-1.4231252225336737,0.6662049629496716,1.4748,1.2077,0.6642,0.5797,0.0987,0.42499019956241724,0.5331350428007002,1.6363778190917984,-0.5181902051806624
1090.9481,4.42809189625612,0.23931817073726167,False,1091.6194,3.9935586911320575,0.06899603348911745,False,104.4997,3.3235071618050243,0.05272007703697115,False,104.5427,3.3254974419210273,0.494025172072255,False,104.1246,1.0219129988810935,-0.5350334463819723,False,1315.1009067253437,10.216949363705075,-1.8835820824119889,1.0325160940763818,0.8677729701148136,0.29309497167133475,False,False,True,False,False,0.8809449497992555,0.8559948069661986,3.4315746333418065,1.1669,1.175,1.0991,1.0019,0.4335,4.210825293694089,3.324502301863026,3.3745912407226566,0.2600372708935552
535.3017,4.609096953869994,-0.6755915925565313,False,532.3111,4.139876192000172,-0.657841642000315,False,50.7875,3.537613139917687,-0.15913848060457497,False,50.7846,3.846547339654491,-0.20061858837154933,False,51.3712,1.227284081539454,-1.0192631280710875,False,2977.9574416837795,9.230843140926337,-1.1889282527795522,1.0444983696064305,-0.31957670380864933,-0.30554658176149246,False,False,False,False,True,0.9784308610816158,1.1561180666350577,3.6950311569423104,0.78,0.8779,1.0087,0.7893,0.0592,4.3744865729350835,3.692080239786089,2.359196862121582,-0.23460237378173865
186.7324,1.4059392960287669,0.31025973935657886,False,187.2011,1.2875599924663155,0.0707085423172647,False,18.0051,1.0944148547120816,-0.32061032376278864,False,18.0102,1.303015778620904,-0.39927494131126373,False,17.9387,-0.5026139502796482,-1.0170638481916554,False,2161.721880184243,8.147112728919325,-1.9607224915952914,1.3485409252669038,-0.9033296199762967,-1.2937899958926171,True,False,False,True,False,-0.8250604411080054,-0.8796864011164206,1.4758632207992746,1.1969,1.1757,0.9398,0.7285,0.0609,1.346749644247541,1.1987153166664928,1.859984673339845,-1.0511584053759755
1564.7552,4.33179353810117,-0.7302166003934055,False,1565.6545,4.037767071114349,-0.5700144035281826,False,149.4344,2.768868404028295,1.3316051976674101,False,149.3629,2.316486842547198,3.54575269913958,False,149.2801,-0.6360591477310896,0.6981157189561649,False,1182.8793071466705,9.524553174158305,-1.1869541323818524,0.4711944767285238,0.21973381746026627,0.8366462766921576,True,False,False,False,False,0.8654310817224867,0.21764373413145302,1.3046754987662554,0.7569,0.9138,1.6448,1.9359,1.3867,4.184780304607759,2.5426776232877466,2.8204029277343743,0.7091574878857436
228.855,1.2564843453910501,-0.0009372749868259104,False,228.6435,1.2068774634187702,-0.38359558537841887,False,22.0816,1.0629652860608683,-1.2338988183746302,False,22.0795,1.0829860323520302,-1.1213646452533184,False,23.1068,-0.9853279451594791,2.214971988741064,False,1991.4537389735478,8.253435507454146,-1.7218914114239847,0.8058799702963614,-0.9250341461251581,-0.4626869231751443,False,False,False,False,True,-0.8936018885150834,-0.9823514198054715,0.8566224331567959,1.0653,0.99,0.5501,0.5075,2.5592,1.2316809044049102,1.0729756592064492,1.8414234572753898,-0.3644427468652367
305.8332,0.6226552742876516,-0.13643567104972137,False,305.8886,0.6888747460662615,0.8506339914792675,False,29.3265,0.6297302989637388,0.4239412665327777,False,29.188,1.0788292332084255,-0.3535317021475136,False,28.2214,-0.9123074797514507,-1.024437904257987,False,3163.6984595064323,8.468177065200168,-2.1480911037954997,1.5090514120202752,0.2732340411190935,-0.24074636407011432,False,False,False,False,True,-1.236649957253046,-1.1609141613300051,0.9502953968431803,1.008,1.4945,1.2575,0.7425,0.0552,0.6557650101769565,0.8542797660860821,2.866155099609376,-0.1810598883496084
582.6337,2.709394706889434,0.14118233414720613,False,583.7782,2.803933876346796,-0.1851892054316234,False,56.2452,2.4492891835933377,0.5418227427426203,False,56.3611,2.571947586136126,0.40907344219671915,False,56.5374,-0.9806550424379836,2.289100657618398,False,2392.1398594453735,9.096555336276507,-2.3128205045062598,0.3521907443251804,1.350134086898529,-0.410259594189915,True,False,False,False,False,0.014764439075627963,0.19146772587485808,0.8626169806373509,1.1254,1.0711,1.3078,0.9759,2.6165,2.756664291618115,2.510618384864732,3.787095473632812,-0.3211236100097654
1332.8441,5.085626758951481,-0.2203831939159132,False,1334.0156,4.845011822480255,-0.2803557674529592,False,127.7771,3.5201318358448246,-0.0489907791758947,False,127.8136,3.5569008960466952,0.5453229474201748,False,127.8445,0.2748333885827679,-0.3709930412572599,False,1537.9271570968758,10.125533494376295,-2.6173173944712014,0.7025865461815778,2.9344652227779005,-0.34299533125861353,True,False,False,False,False,1.3303642333209926,1.030734887642461,2.473197268650032,0.9725,1.0322,1.0557,1.0176,0.5603,4.965319290715868,3.53851636594576,5.141979350341796,-0.2655451575537118
646.3843,2.2528492085886027,0.5715611837710631,False,646.8536,2.1277843897404183,0.8251910031753629,False,62.0948,1.6504662226630764,0.614004640700138,False,62.103,1.6799253086845722,1.4281674632805508,False,62.1828,-0.24003294403352599,-0.4825094680849429,False,2212.580034998628,10.073578728569599,-1.5235014179965738,1.098302055406613,1.2952940862263038,0.2775928635020871,False,False,False,False,True,-0.3225841485705694,-0.4988103514848001,1.8127104447300453,1.3074,1.4841,1.3386,1.2878,0.4741,2.1903167991645107,1.6651957656738243,3.7401975549926743,0.2472283416894534
541.2211,2.2465789361120456,-0.9082799376278915,False,540.0804,2.300846237902835,-0.9235251544814742,False,51.4825,2.1679443682304975,-0.569497257629295,False,51.5277,2.1669038849941513,-0.30615477587077267,False,52.0001,-0.1848489149409979,0.3829718491739888,False,1804.7176605650745,9.148772096245544,-1.0943974865251687,0.8687964004499437,-0.21360029676368986,0.6020857568722594,False,False,False,False,True,-0.27290890215503233,-0.08874653308838683,1.8835022634943832,0.6816,0.7693,0.8336,0.757,1.1431,2.2737125870074406,2.1674241266123246,2.449825469970703,0.5153471325683601
682.1201,3.0875104383000798,-0.2797376396607419,False,681.7615,3.130979207899094,-0.2299590790817634,False,65.735,2.753174370751191,-0.33935886868681925,False,65.8424,2.832202103200931,0.4489354077537013,False,65.518,-0.050865696133488465,-0.6059278801424947,False,1261.5340855179018,9.171714315746245,-1.3971288224829548,0.7465492190337814,-0.46978777214313033,-0.11663506238721377,True,False,False,False,False,0.22478133843810547,0.421774593442313,2.055380176348124,0.9474,1.0528,0.9318,0.9881,0.3787,3.109244823099587,2.792688236976061,2.2307397801513673,-0.07851042479736492
588.1646,4.771652310084663,0.1922602635531146,False,589.7205,4.745816253887416,0.33296703714212883,False,55.3714,4.002910382175567,-0.6386325170366579,False,53.3332,5.043839073769382,-0.9844616651846663,False,55.4944,0.9531879981446282,0.5483059483454259,False,2317.0519221626405,9.190345652637982,-0.898338957470736,0.8352452861671951,-0.8804807423616733,-0.2244232723742185,False,False,False,True,False,1.2073105218585123,1.8348606836402002,3.3434120276618673,1.147,1.2829,0.8041,0.5494,1.2709,4.758734281986039,4.523374727972474,1.8795245126953137,-0.1675726049658195
644.386,4.502532423361334,0.01727106095879891,False,644.1808,4.417042766948407,0.13602852190517384,False,61.6245,3.711909847545724,0.003270789799840626,False,61.7501,3.5830063874072926,-0.15520208663039742,False,62.5845,0.480518823200274,-0.8830371449509598,False,1645.12660801648,9.109626876673135,-1.292218854491818,0.7373716402893783,-0.33616961756567976,-1.078591305630367,False,False,True,False,False,1.0292409728134682,1.1196846047233775,2.737057052891087,1.073,1.2024,1.078,0.8032,0.1645,4.459787595154871,3.6474581174765084,2.3450069804687512,-0.8733461518237302
434.2661,5.952142682644023,0.989407022938841,False,434.4566,5.688586032031718,1.0632297302878562,False,42.1955,4.339347099331466,-0.24491307363201498,False,42.4612,4.589737883291381,-0.3734626849260047,False,41.515,1.7383837547949825,-0.11238360131696032,False,3244.0910652124085,9.834554719511408,-0.691394499032972,1.0026130409600906,-0.14894054407039115,-0.27229612698196876,False,False,False,False,True,1.839677419028107,1.7868248228916153,4.350685991042068,1.4841,1.5814,0.9721,0.7364,0.7602,5.820364357337871,4.464542491311423,2.505121016723633,-0.20712851560546852
331.4307,0.6278828280312935,0.3201915589632832,False,331.0803,0.6530470924987594,-0.06873860511759766,False,31.5274,0.6421455322485621,0.32387090800076435,False,31.6051,0.7377857510985317,0.2852399590319956,False,32.861,-1.3898051350060818,2.262450560255866,False,992.9691729268432,8.219526797164583,-1.6850394703607434,0.5259653423970579,-0.8665577878233025,0.721552663162732,False,False,True,False,False,-1.2457635320414588,-1.2950747992261957,0.33774629473785606,1.2011,1.1187,1.2148,0.938,2.5959,0.6404649602650264,0.6899656416735469,1.8914311060791018,0.6140590708544931
375.9814,0.42196520362332385,-0.3920617899746606,False,376.1503,0.43384089911239,-0.34836683234224314,False,36.0372,0.3377021292210449,-0.8448665112009949,False,35.8526,0.3576003023827442,-0.6998733701016214,False,36.4983,-1.3822971677996692,-1.0219798855692097,False,275.9689878318232,7.222896014071991,-3.7446626679219563,1.0286513545347469,0.4966613908552305,-1.3555673099439758,True,False,False,True,False,-1.372377423175998,-1.574570684928068,0.34737775265249593,0.8999,1.0044,0.7161,0.6365,0.0571,0.4279030513678569,0.34765121580189456,3.057225076660158,-1.102203155771484
505.0273,1.5472422697860708,-0.47198929061909134,False,503.4375,1.6114931400201167,-0.6732542214536419,False,47.9563,1.4759420676054087,-0.9514988604564191,False,47.8375,1.6384074437134006,-0.5649308145685588,False,50.79,-0.8692672118069755,-0.15895658699905535,False,1060.2558110345653,8.438914330279587,-1.537305327341025,0.6812657736361871,-0.9512527175027735,-0.23812599316082764,True,False,False,False,False,-0.6864999720165372,-0.5870082934544179,1.0055088145293922,0.8661,0.8716,0.6706,0.6778,0.7242,1.5793677049030936,1.5571747556594047,1.819001932617189,-0.17889475409179667
1391.0103,5.839687417122065,-0.8531819860002219,False,1391.9855,5.54672501948061,-0.9355127162785063,False,132.8372,4.225370786285894,-0.14367093104224932,False,132.8991,4.129232616574088,0.18395135802654938,False,132.9039,-0.2467608410529866,-0.0496394400508046,False,1730.7983961232,9.989218378897261,-2.254757624218476,0.42696363864473325,2.699573471414274,-0.9717368346939932,True,False,False,False,False,1.7639348419296357,1.5522959426868486,1.8040796855357828,0.7049,0.7644,1.0153,0.907,0.8087,5.693206218301338,4.177301701429991,4.941105278320311,-0.7850554923583992
306.8959,0.8603603033821392,0.3807283641851001,False,306.989,0.9840348533656006,0.016397548053160363,False,29.5919,0.7092813849738212,-0.3466239298448811,False,29.5637,1.047179122995794,-1.096859338558452,False,37.431,1.077697352223426,0.7642234847438052,False,3373.1422160681122,8.20330162062557,-2.0333109246480428,4.938994087910205,-0.2235258406175596,-0.6391352488314396,False,False,False,False,True,-1.0779476556064278,-1.1413588568429072,3.5031365670504653,1.2267,1.1535,0.9287,0.515,1.4378,0.9221975783738698,0.8782302539848077,2.441337371093752,-0.5102367309374998
1142.6101,4.065633974869232,0.014196926318628839,False,1142.8297,4.076802073775894,1.1725856511709856,False,108.865,3.095036308020424,0.42769097551758395,False,108.8128,3.154706901194015,1.171351849118354,False,108.9304,1.0006351906198507,-0.8510829019968557,False,2734.893197598964,10.345783376040146,-1.214233831953593,1.0999156225622084,1.0666553570784951,0.5793655730472379,False,True,False,False,False,0.7977869668026505,0.6929985838280183,3.404278787588924,1.0717,1.6261,1.2591,1.2092,0.1892,4.071218024322563,3.1248716046072196,3.5446709250488286,0.496574122927246
174.7614,1.4478530327818033,-0.8030499441759045,False,174.8952,1.434404460720082,-0.8887856896819121,False,16.9487,1.2863576576446354,-1.2402264522864905,False,16.8992,1.5477935491060144,-0.8629153439781304,False,16.5994,-0.6749873573748878,0.8674602696724492,False,3311.440802353056,9.01647161828376,-1.806558897189683,0.9754185798432355,0.2736586048308488,0.8292277623429545,False,False,False,False,True,-0.7688429114869194,-0.7013976784591911,1.2547371595902013,0.7261,0.7835,0.5474,0.5866,1.5176,1.4411287467509428,1.417075603375325,2.866518176818847,0.7030277909399398
304.9135,0.7050288068019138,3.3938532553428957,False,305.1166,0.8248396804915461,3.3616612217800204,False,29.3872,0.49072938503831337,0.4051927216087471,False,29.4992,0.7359863669812983,-0.3571258137960943,False,27.9134,-0.7819693861146736,-0.969326537867508,False,1992.7887069536407,8.126058654257529,-3.3985444671931857,2.2772168568920104,1.84925878369282,-1.0751142638939035,False,False,False,False,True,-1.1716225893982075,-1.357624179846973,1.117497227781497,2.5009,2.5209,1.2495,0.7414,0.0978,0.7649342436467299,0.6133578760098058,4.213935538085938,-0.8704731760351585
304.9393,2.2438605136214025,-1.2880538016366356,False,305.0243,2.231747373911175,-1.2271285053001837,False,29.4926,1.9467126279600302,-1.2184312688123051,False,29.5261,2.018917822180678,-1.1857319175051664,False,26.8384,1.4057112027468446,-1.0230148408065896,False,2802.5706021633328,8.756610810177783,-1.6915021633602452,2.015666338123152,-0.1673107097021085,-2.6711950446616717,False,True,False,True,False,-0.2942981203348694,-0.23947762866970135,3.923923114178293,0.521,0.6452,0.5567,0.4878,0.0563,2.2378039437662887,1.982815225070354,2.48941126977539,-2.1892670782373074
305.3549,0.602925919599555,1.5214687875837196,False,305.3423,0.6871763851251844,1.3607169781488966,False,29.5579,0.6706738677217523,-0.26014626638278976,False,29.6698,1.1406264417525105,-0.576039886936898,False,29.2408,-1.1881493588944843,2.852375045562402,False,2998.8779324215025,8.551181121563905,-1.5656814686396596,0.8893095947796665,-0.5124531899468934,0.370958757071495,False,False,True,False,False,-1.2430317367261656,-1.118970815710508,0.5964367055329431,1.7091,1.703,0.9656,0.6744,3.0519,0.6450511523623697,0.9056501547371314,2.194253287292483,0.3243737923437493
282.0036,0.9170844451633995,3.1105599246564224,False,281.9494,0.8907597612938386,2.5533570548944313,False,26.9393,0.7396656576739987,2.28051592763491,False,26.8513,0.8397811813524385,0.8413470522941574,False,25.2642,1.075637492322542,1.8457517078057886,False,1279.192091868106,8.660998579489007,-3.3856049075724024,4.732535676450427,1.7099605562979263,-0.7057716203595366,True,False,False,False,False,-1.0888335618935798,-1.2136236935593734,3.5004941135873664,2.3811,2.1905,2.0497,1.1082,2.2738,0.9039221032286191,0.7897234195132186,4.094810868957518,-0.5652963754711919
573.6486,2.5829787703042113,0.03311467795044675,False,571.8127,2.613548857551469,0.13358208072210637,False,54.5646,1.9452031198447084,0.5720547714326194,False,54.3285,1.6636097171174975,1.3004131310446485,False,53.6943,-0.673332557269633,0.12138691292622195,False,1848.9951240098394,9.851511974470005,0.03579432530551855,0.6461330319221811,0.23992948235964695,1.9152589623309886,False,False,True,False,False,-0.07958784135876429,-0.38514641632801927,1.2568599895297474,1.0797,1.2014,1.3207,1.2487,0.9409,2.59826381392784,1.8044064184811028,2.8376738000488295,1.600382950781249
538.7805,0.763710027118473,1.446507196742641,False,538.7635,0.7964311582550548,0.9788275094720184,False,51.5184,0.8403246161354583,1.518387576473065,False,51.4659,0.7008990686532507,1.123648185419015,False,50.8575,-1.3505410790307264,1.1392653888893423,False,525.939471810682,8.068474916106288,-3.078188744818691,0.4618637378498456,0.8061891662422271,-1.1558532560905719,True,False,False,False,False,-1.162606524104701,-1.2292280817191623,0.38811546821555937,1.6774,1.5469,1.7245,1.1946,1.7277,0.7800705926867639,0.7706118423943544,3.3219261752929707,-0.9371853950292959
275.7323,1.52539893591345,0.12368341388777493,False,276.3436,1.5146291012510613,0.8587072473833913,False,26.4945,1.2685896991883105,-0.6009010703770462,False,26.4686,1.5477396563426706,-0.5057913410782819,False,26.3589,-0.4374261899108257,-0.4620691021466901,False,2739.864689429061,9.694246278491015,-1.5928597834555909,1.229308533405969,1.3131959129537765,-0.035718635796821184,False,True,False,True,False,-0.7218543834313108,-0.7086733491803483,1.5594881426031015,1.118,1.4978,0.8202,0.6959,0.4899,1.5200140185822557,1.4081646777654906,3.7555067891845706,-0.011651597060547303
150.9689,0.1293020384026169,1.258039096110655,False,151.0113,0.12801396712417762,0.9059235622165989,False,14.5259,0.12374837481671618,2.1075606007107273,False,14.5,0.13960609439856522,-0.47475128593145133,False,20.4638,0.45483051336532576,-0.17706830365320325,False,316.49285060736145,6.54480059506328,-6.015643905960809,21.85162657819556,1.777916210125786,-0.35900062517712406,True,False,False,True,False,-1.5506246933625116,-1.7509110159227084,2.7041032761534614,1.5977,1.5171,1.9759,0.7054,0.7102,0.12865800276339726,0.1316772346076407,4.152924995239257,-0.27876985412109434
508.25,5.11854066910006,-1.1078622173435704,False,509.0243,4.89568895780619,-0.9886004899510766,False,48.4696,4.231397677494411,-0.9540767853834733,False,48.4707,4.449144447787609,-0.6116542660001034,False,48.3618,1.8291036417940731,-0.6422806828554631,False,3198.1511785454277,10.070016350754102,-0.7941017124338977,1.0556947546162645,0.35913335713621786,0.4299009918049821,False,False,True,False,False,1.3552600097713547,1.6853585965261009,4.467064332826293,0.5972,0.7427,0.6695,0.6635,0.3506,5.007114813453125,4.34027106264101,2.9396142368164053,0.37307600133300767
569.2507,1.9395186777929385,-1.2010321441302736,False,564.7732,1.9116053063296221,-1.3621720586055241,False,53.3723,1.8427318136784252,-1.337953242703,False,52.4491,2.036089452935787,-0.7606465307048892,False,51.0674,-0.583770413769881,1.13861854186598,False,1120.4969053468578,8.40351974128871,-1.413173651827652,0.7444127957931639,-1.3975652624607906,-1.6577862724419485,True,False,False,False,False,-0.4802870808496117,-0.27491699055901203,1.3717531413173638,0.5578,0.59,0.5057,0.6179,1.7272,1.9255619920612803,1.9394106333071062,1.4373256166992192,-1.3519176625024425
528.9703,3.5812016011173924,-0.02553035210818909,False,529.0658,3.6111730104446673,0.06165670993991389,False,50.4844,3.042653750582562,-0.05508405627620502,False,50.5319,3.078103924683738,1.0968557167659607,False,50.3513,0.2910756814662831,0.5543863103650329,False,2213.3024793453565,9.94656786489011,-0.6630183319574523,0.8196901785012188,0.09612016401050055,0.8894001537407574,True,False,False,True,False,0.5148318127252759,0.6403409636272835,2.4940333959324232,1.0549,1.172,1.0531,1.1864,1.2756,3.59618730578103,3.06037883763315,2.714691348754883,0.7527464416577132
382.8947,3.395975422334164,0.7046948608799816,False,383.3105,3.423468645216258,0.39363877848220974,False,36.2847,3.100619592664655,0.037721241097746744,False,36.2124,3.2776022431048473,0.09899962815101349,False,35.8325,0.5364109567436854,-1.030259527468249,False,2992.154199937568,9.715938215692185,-0.9227496649287266,0.9058696710480563,0.42591125770407445,0.44863187569210994,False,True,False,True,False,0.4037625540203296,0.7454492619309495,2.8087572504522886,1.3637,1.3077,1.0927,0.881,0.0507,3.409722033775211,3.189110917884751,2.9967211753540024,0.3885527715258785
170.9212,1.8053717681856298,-0.11964616647648325,False,170.9643,1.8077457560012526,0.5054411405484062,False,16.5,1.373090585223717,-0.506923988945343,False,16.4982,1.6797669703241156,-0.5155934637562284,False,16.5206,-0.406097123342438,-0.5404669613782167,False,3150.4277699888808,9.220589492500022,-1.984841565265328,1.1650200487784714,0.40770432656942457,1.1222510572137683,False,False,True,False,False,-0.5511721330303184,-0.612112039225555,1.5996780605745944,1.0151,1.3534,0.8603,0.6929,0.4293,1.8065587620934411,1.5264287777739163,2.981151022827147,0.9451441920239265
520.5675,2.9127987375591173,0.8245861118466279,False,521.4837,2.759457632922604,0.6265399791102607,False,50.2821,1.8293087091375382,1.449721030688803,False,50.3108,2.0427606760494,0.5659074050438623,False,50.2632,-0.5995762009099309,1.1659154862518744,False,2468.729861343932,9.856191760594363,-4.0867296242966535,0.7387910912273876,3.041607423527615,-0.1238210832063567,False,True,False,False,False,0.06209762698534014,-0.2776734082514081,1.3514769774154856,1.4144,1.4029,1.6952,1.0239,1.7483,2.8361281852408604,1.936034692593469,5.233604918395997,-0.08444801927978496
620.3204,3.335489316009978,0.020345195598969502,False,619.0662,3.2953697711197605,-0.17662666129088608,False,59.2529,2.67655664508849,-0.750655072957741,False,59.1659,2.7969801084928774,-0.43913690686824586,False,58.4783,-0.13642278675411376,-0.5298586701950728,False,1687.4481225187105,9.032904053433041,-1.867121218695243,0.7269133783139099,0.37009076841656474,-0.06336314517127796,True,False,False,False,False,0.347596615578027,0.3761166553900703,1.9456248331298192,1.0743,1.0746,0.7563,0.7163,0.4375,3.3154295435648695,2.7367683767906836,2.9489847651977534,-0.034493429899901784
420.8537,3.5475013803006363,2.445600954798023,False,420.9358,3.4427211144627643,2.120336965491437,False,40.541,2.4661210173576498,0.8971076690530004,False,41.1591,0.0024171147421882633,0.27707152346704045,False,41.9083,-0.6125848386540302,-0.9679034744161106,False,2093.9519045424872,9.552845044745174,-5.799065893860929,0.5412504398109196,2.581489232702755,-2.8624410992584184,True,False,False,True,False,0.4546251975284202,-0.8506571638920774,1.3347890852717803,2.0999,2.0135,1.4594,0.9355,0.0989,3.4951112473817005,1.234269066049919,4.840122328796385,-2.3472879839843745
423.5404,2.3701103647705124,-1.4367946238418041,False,423.7154,2.3950755334030323,-1.5429640620342318,False,40.4251,2.333042780709543,-1.4326333945693548,False,40.3897,2.477941541148604,-1.1883458168859522,False,40.6135,0.28322888163127746,-0.9950710493973327,False,2229.6807634731836,9.559791189786525,-1.6386239778847447,1.064689980543072,0.7514683824974565,0.12059284795292569,True,False,False,True,False,-0.20805360243305432,0.10563334423998377,2.483967272799798,0.4581,0.5161,0.4653,0.487,0.0779,2.3825929490867725,2.4054921609290734,3.2751302082519533,0.11750391567871077
567.5339,2.6753377220459553,-1.0872891624439682,False,566.4109,2.735114150752053,-1.0793634578428908,False,53.846,2.4612750997482484,-0.9057992822040942,False,53.8247,2.6485767961502242,-0.5887826464182284,False,53.9857,0.055191475916093025,-0.7469405312355045,False,2122.9304477619703,9.423991998758323,-1.4333148738202683,0.8903651903651904,0.19419373872739107,0.6397178197801063,True,False,False,True,False,-0.015875153604182617,0.22764435371068953,2.191433672728452,0.6059,0.7056,0.6901,0.6705,0.2697,2.705225936399004,2.5549259479492363,2.7985616345214854,0.5464413827392587
469.3931,6.212872655652361,2.2840906502413785,False,469.0306,6.112960853151349,2.4195367221806245,False,45.0025,4.0748256447077225,1.2345814776855515,False,44.9088,4.3324508244385385,1.6673392566224436,False,44.6703,1.4252219595911093,-0.5230020917474311,False,2812.593216389888,10.024230652697042,-0.8196211822492474,0.9691094723489984,0.19480788467118806,0.7998795266449901,False,True,False,False,False,2.043720994543401,1.5737994263288682,3.948952130456868,2.0316,2.1358,1.6034,1.361,0.4428,6.162916754401855,4.2036382345731305,2.799086838134766,0.6787782198999022
409.8164,2.890696232135223,-1.000267504937606,False,410.7543,2.8772216423391495,-1.1388119785914372,False,39.4873,2.6098762673472016,-1.039617021599363,False,39.4986,2.556912409771332,-0.8952623488153537,False,39.2989,0.17548576131758511,-0.663497265221751,False,2027.3828382518554,8.971313528922671,-2.0494349534280443,0.8987977774978656,0.2502547601162832,-0.9083006754344516,True,False,False,True,False,0.09058832721270615,0.2508884750409449,2.3457509886360906,0.6427,0.6813,0.633,0.5767,0.3342,2.8839589372371863,2.583394338559267,2.846503742248535,-0.7326400876879884
809.9954,3.602342996561255,-0.8874704108328918,False,810.4565,3.5172297508877186,-0.6235914654373663,False,77.5036,2.7204839864395165,0.0803741807999164,False,77.5889,2.966794471563878,0.3424190079866834,False,77.6203,0.0583013783095588,0.45968790614477295,False,1466.2390906437115,9.298085952882412,-2.371816258198246,0.8069972713943079,1.1232213817646317,0.8976597408168474,True,False,False,False,False,0.4931493594931095,0.4633755064255525,2.195423153928599,0.6904,0.8919,1.1109,0.9555,1.2024,3.559786373724487,2.843639229001697,3.5930449000854487,0.759571091889649
659.7244,4.809597309125109,-1.3537929885572026,False,662.0115,4.609816576408274,-1.4705494030154262,False,63.9465,3.762073760500426,-0.9679038372649459,False,64.1192,3.9401399496629406,-0.544346356944871,False,65.5086,1.1000177433356697,-0.606574727165857,False,1717.6543195251404,9.376669371928756,-1.948320830678524,0.9387827288655638,0.5173911513009163,0.09046480894520469,False,False,False,False,True,1.1781070666263824,1.2859615126979418,3.531769871076123,0.4932,0.5457,0.6636,0.6841,0.3782,4.709706942766692,3.8511068550816834,3.074952695312499,0.09261001644287248
617.7928,3.530342226641613,0.17783547793385346,False,618.3401,3.152494471317811,0.1998806367832425,False,59.2262,2.5241530301752166,0.35222808219836066,False,59.2454,2.7210357858227026,1.149460441804273,False,59.4683,0.47293858655517673,-0.20397713982508042,False,1820.3860343038857,9.918405439741905,-0.41435296331972,1.0804942698994309,-0.12963308490950046,1.036883576780983,False,False,False,False,True,0.36307701748344745,0.28289489165550397,2.727332885453607,1.1409,1.2285,1.2269,1.2025,0.6894,3.341418348979712,2.6225944079989594,2.5216323157348643,0.8746075913720706
602.7,3.3130619391294314,1.5101181366046286,False,602.82,3.4399816986382974,1.7056651849614513,False,57.7346,2.4887161313513886,1.5399484031357005,False,59.0405,0.0016012426141365776,-0.6636055161932196,False,58.4205,0.2982673241103,2.6835479724648086,False,1406.2554556617474,9.698364027705024,-0.6557138593790905,1.005843547664617,-0.2673730884845099,0.37044053811337524,False,False,True,True,False,0.38398662889947527,-0.841765910653676,2.5032590626886417,1.7043,1.844,1.7337,0.6476,2.9214,3.376521818883864,1.2451586869827627,2.403840204101563,0.32394560348876844
303.3407,1.1042751255683565,-0.24166566450170837,False,303.497,1.1293070330115833,-0.3889777559811679,False,28.9521,1.0933436451981247,-0.3372496573828658,False,28.9685,1.2140845587134834,-0.5012170171619067,False,29.1749,-0.8395473270478125,-0.5711275102855958,False,1798.6048736577145,8.928285020094066,-0.9440179910944814,0.954534676941316,-0.9261062837682388,0.9225661163897085,False,True,False,False,False,-0.9620367641945565,-0.9164293877176921,1.0436344231550325,0.9635,0.9878,0.9327,0.6973,0.4056,1.1167910792899698,1.1537141019558041,1.8405065895996078,0.7801504865087896
623.6301,2.74662891504879,0.8718804909261721,False,624.4492,2.6493756216197797,0.49198571404153385,False,59.846,2.130241473621061,0.09185766456588493,False,59.8252,1.9607375947981895,0.5263721769094784,False,59.7871,-0.49527701205216096,0.4514082642457339,False,1365.8740732453202,9.227037850805312,-1.8114164586062291,0.6972332929012881,0.8320888377720455,0.10667037166895608,True,False,False,False,False,-0.020177978727854595,-0.18830475887600612,1.485275277327705,1.4344,1.3479,1.1158,1.0118,1.196,2.698002268334285,2.0454895342096253,3.3440749840698256,0.10600018914550802
862.5823,3.175565516730438,-0.9002398931843687,False,860.204,3.2058978765583417,-0.8205299806743214,False,82.5199,2.8572382469764093,-0.09773699597837468,False,82.6526,2.8207679972765263,-0.09573587571752239,False,84.0645,-0.0383491712694317,-0.087544675619843,False,1455.2438275187105,9.293948801945586,-0.9618543680127221,0.7249786652229369,-0.23126389732689343,0.5064774780382412,False,False,False,False,True,0.273319527568157,0.45959017720958023,2.0714367705168817,0.685,0.8114,1.0349,0.8214,0.7794,3.1907316966443897,2.839003122126468,2.4347199613647454,0.43634886591064515
439.955,2.962138922542378,-0.45259859519647805,False,439.8089,2.765558082093508,-0.5734394211844773,False,42.2855,2.232489270004202,-0.2999869243463549,False,42.4724,2.2613566742751288,-0.763260430085675,False,35.9184,2.4963182410856106,-1.0178400646196901,False,2127.8299486232177,8.471979723368582,-1.8943295499365314,2.3843287426589277,-0.4462487570761909,-0.6672792055375533,False,False,False,False,True,0.0786094151360126,-0.023836618215937265,5.322988334148667,0.8743,0.9124,0.9486,0.6171,0.0603,2.8638485023179427,2.2469229721396653,2.250869809326174,-0.5334912421972682
469.8543,3.77160039555297,0.45805467398015615,False,469.9413,4.1313511960215425,0.7574245824043857,False,45.0695,3.09061580084673,-0.1806993072672099,False,45.0992,3.344360058746833,0.6207992920403621,False,44.8342,0.30305094209600164,-0.06671620146757275,False,2292.6611245401346,9.626142409611562,-1.2800387029401086,0.8119403384031435,0.6647050798975168,0.4177483661569784,True,False,False,True,False,0.7264617252923723,0.7686187735801584,2.5093956392135963,1.2594,1.4564,0.9995,1.0407,0.7955,3.9514757957872564,3.2174879297967816,3.2009322094116204,0.3630346495458987
675.6068,2.9361758570070196,0.6131802373610626,False,675.7171,2.752630489257678,0.7787086206970756,False,64.4038,2.0050601935110626,0.4054270784202974,False,65.7736,0.004055542462603282,-0.5688516636397373,False,64.4014,-0.21903928621674187,-0.017038350073338114,False,2648.2207632258655,10.585033104944504,-0.05974219014816849,0.9174995240814773,1.6518095906387962,1.2161582358717111,False,True,False,False,False,0.06702667763918697,-1.038213778238073,1.8396417733011143,1.325,1.4651,1.2496,0.6766,0.8339,2.8444031731323487,1.004557867986833,4.045081488525389,1.0227368903881846
516.0256,5.52900336809553,0.344311692293851,False,516.2698,4.696991552009182,0.047222706959814044,False,49.3937,4.192145091548194,-0.002119416865818105,False,49.3567,4.788463897657698,0.2692298253246834,False,48.3177,1.9687288225868451,-0.977864918575892,False,3156.4056464106543,9.544683981825868,-0.4099189595207387,1.1083060895044563,-1.0167314919686476,0.10218421532644587,False,False,False,False,True,1.4183297006633264,1.8078592093597983,4.646179933049079,1.2113,1.1661,1.0757,0.9331,0.0912,5.112997460052356,4.490304494602945,1.763005977111817,0.10229341208251874
304.1703,0.1493988345540747,-0.3653404657947179,False,303.5199,0.16684819101674336,-0.42812081491025217,False,28.9407,0.14223409108165375,-1.7961208092839984,False,28.7363,0.16362498084829688,-1.2291879947107291,False,26.3328,0.3517523510871715,0.8648728815789994,False,278.90054221244435,6.07846769956088,-4.652126744830444,18.081961421606728,0.17480862631872301,1.0402499241519543,True,False,False,True,False,-1.533073369621081,-1.733558750455233,2.571871347775761,0.9112,0.9718,0.3102,0.4745,1.5156,0.15812351278540904,0.15292953596497533,2.781983928222658,0.8773891037109358
570.4452,1.496780924719725,1.4945109915083787,False,570.8793,1.4654756467840475,1.1811481953117224,False,54.6335,1.05467206678736,1.230597411889195,False,54.6579,1.176824224332216,0.4587375304316477,False,54.6889,-1.0989759615122425,2.1332105249880526,False,1559.3218550141628,9.092864276014451,-1.9160562739367737,0.6739831117977677,0.671023769612577,-0.5076749733632353,False,False,False,False,True,-0.7450169244943617,-0.9474281648869658,0.710831161499528,1.6977,1.6296,1.6017,0.9911,2.496,1.4811282857518862,1.115748145559788,3.206335808837892,-0.40161502973144536
298.8392,2.909801742633077,-0.20264780176108405,False,299.5,2.8500283450309305,-0.39264741775576967,False,28.668,2.7018956674229737,-0.13171873365318007,False,28.6019,3.050386365316929,0.18558504513954027,False,31.515,1.206207724778844,2.9340071399107415,False,2756.9301879967306,9.063909319161501,-1.1920217190212976,1.3575630561070666,-0.1790790176258378,0.541444962065399,False,True,False,False,False,0.0881795556598916,0.4899128509276217,3.667993739549175,0.98,0.9863,1.0204,0.9075,3.115,2.879915043832004,2.8761410163699512,2.479347281066895,0.46524145409667916
530.2998,3.5189273250719086,-0.2556175063301741,False,530.4689,3.320856089638439,-0.18812493485130438,False,50.5467,2.9810382234207715,-0.15468570118511765,False,50.376,2.8281102985925415,0.031038244250584712,False,50.5083,0.633536787073437,-0.6769516833076895,False,2393.0389420513493,9.41796939335406,-1.1350438619423202,0.9840039339330653,-0.3237812542213139,-0.7856251994889131,False,False,False,False,True,0.4098201865952709,0.5131282759652261,2.9333533390508753,0.9576,1.0699,1.0106,0.8602,0.3238,3.419891707355174,2.9045742610066565,2.355601226440429,-0.631277004079589
172.9159,0.9479828731569451,0.49825489619776897,False,173.0074,0.9046665836107173,0.32905273124922085,False,16.5075,0.7685313283238021,0.22098826773014618,False,16.4602,0.9076405469254784,-0.40123536584685315,False,16.2083,-1.1990169530108852,0.8401633252865545,False,1973.1959813511323,8.360734547934149,-1.5671255244544184,0.7579332038116385,-0.9349810619172347,-0.0583564924021901,False,False,True,True,False,-1.0754892917125,-1.174136240467365,0.5824954119060736,1.2764,1.2813,1.1709,0.7279,1.4965,0.9263247283838312,0.8380859376246402,1.832917081604002,-0.03035658217773296
590.035,1.6912993952353634,-0.0243479926312006,False,589.5466,1.6624194508360182,-0.0726529110105062,False,56.8355,1.5807830812010712,0.04897036805216492,False,56.9087,1.4723978572115137,0.29112123263876355,False,57.4753,-0.5681196822753704,-0.5286943455530204,False,1089.6235759284762,8.913717324200018,-1.52213263030274,0.8804689343417408,-0.36685655486318425,-0.05519803854711856,True,False,False,False,False,-0.6284283925402194,-0.6119800199862626,1.3918303949305606,1.0554,1.1171,1.0975,0.9398,0.4384,1.6768594230356908,1.5265904692062926,2.3187642111206053,-0.027746846044921725
388.2163,1.9006202984433935,-0.527087242246761,False,388.1051,1.9086992722704974,-0.723650909824838,False,36.8727,1.7070157592204709,-0.7736220404896783,False,36.8346,1.7919809104548419,-0.7789438263703894,False,37.4089,0.6207547990960492,2.7134323049441527,False,2313.986464138362,8.652976791911636,-2.775334876454244,1.7088044938331908,1.298911021997271,-0.2667463331719465,False,True,False,True,False,-0.4927376169680777,-0.42997825019257174,2.916956200400017,0.8428,0.851,0.7465,0.6123,2.9445,1.9046597853569454,1.7494983348376563,3.7432906760253903,-0.20254288665527476
400.489,2.4447484293881163,0.0404453067077759,False,400.869,2.3875509144808387,-0.06042070509516709,False,38.7248,2.11849071302026,-0.018290036862794817,False,38.7812,2.264975765579028,-0.25355005083246007,False,39.2669,0.07858541410096119,-0.15429928843084578,False,2640.631388969997,9.315716876782789,-2.757232710161712,1.0485975431741112,1.3357170731465207,-0.1129743849763424,False,True,False,False,False,-0.18806532101652523,-0.06889841548753388,2.221444156910216,1.0828,1.1221,1.0688,0.7731,0.7278,2.4161496719344777,2.1917332392996443,3.774766372070312,-0.0754857163330076
431.8733,3.560619506542939,-0.8300077402512449,False,432.2443,3.4280652248724732,-0.8882964014452985,False,41.4433,3.04582689588257,-0.7232353260063461,False,41.453,3.256289870506362,-0.5871489593052371,False,41.202,0.9597664802640534,-0.23619012158852948,False,3333.7710113525804,9.211588383526239,-1.381653216238191,1.1004732794320646,0.07871755172102347,0.12428014681598579,False,True,False,False,False,0.4541672081310182,0.7143797945563837,3.3518511126942765,0.7147,0.7837,0.768,0.671,0.6645,3.4943423657077064,3.151058383194466,2.6998090313720695,0.12055062065429567
305.9396,1.201407805645408,0.09152323611368438,False,305.9402,1.2188620607354599,0.1585357807893975,False,29.3458,1.114293146803141,0.3468378755327014,False,28.8201,1.5065037618206716,-0.49827638035852273,False,26.1252,-0.6968515965767313,-1.029483311040214,False,2460.914739927144,8.373542699474823,-4.099552465115481,1.1008674200222826,2.3487752969513287,-2.1590261513301607,False,True,False,True,False,-0.9064358871740686,-0.788498373049287,1.2266890216696844,1.1044,1.2116,1.2246,0.6982,0.0513,1.2101349331904339,1.3103984543119063,4.641110675048829,-1.7660772111816385
446.1976,2.200445716313035,-0.43273495598306905,False,446.0669,2.165891477166063,-0.5783323035506128,False,42.5037,2.044928878515494,0.03936173877859924,False,42.4624,2.150442101957076,-0.03071512862047758,False,42.7109,0.40638902104510466,0.33484643063582414,False,2084.1296404227087,9.021572839645398,-1.6117994743982043,1.2919573999265517,0.01965641036461908,-0.5557061685720649,True,False,False,True,False,-0.3268420220923942,-0.14568734676262615,2.641960996921598,0.8827,0.9104,1.0934,0.8413,1.1059,2.1831685967395487,2.097685490236285,2.6493012894287116,-0.4413017724829089
522.8681,5.321811297160699,0.015852229586412723,False,522.9158,5.216140817385341,0.3872780314062332,False,49.785,4.234444145094221,0.3217616966968106,False,49.5586,3.9418434943094796,0.07351410918835265,False,48.4903,1.050099610911014,-0.5248132634128458,False,2591.8451812667454,9.620283778661534,-1.0430606166170584,0.8189347154830172,0.2317034353571258,0.21243774610791724,False,True,False,True,False,1.5112393721575226,1.4794995331944456,3.4677333111914637,1.0724,1.3051,1.2139,0.8732,0.4414,5.26897605727302,4.08814381970185,2.830639072143555,0.19339261322753742
205.7618,1.3094367876478883,-0.2688599324724467,False,205.7357,1.37570543871328,-0.6279950595668884,False,19.7045,1.2981411379162506,-0.20108834987209329,False,19.6182,1.5117068123144923,-0.481939509228612,False,22.5316,-1.30167476782969,-1.0087842062926162,False,2234.4478460169676,8.4248865794289,-2.1318430194572557,0.34726787818644167,-0.055413047331160835,-1.5089332584305786,False,False,False,False,True,-0.8275494104645513,-0.7113193465121437,0.45080271855070925,0.952,0.8901,0.9908,0.7032,0.0673,1.3425711131805842,1.4049239751153715,2.5851036002197283,-1.2289248606542955
606.4931,3.2437989137889978,0.6190920347460056,False,606.7459,3.262537045483061,0.6355918114876115,False,57.867,2.7527017448466458,0.5919751004144018,False,57.9449,3.1055201886565706,1.5758527782949434,False,57.6398,0.050985867650543436,0.065240591298363,False,1171.9227612232962,9.11634444486067,-1.3049451428003767,0.7941429141226644,-0.18963651350606325,0.002712575938795278,True,False,False,False,False,0.3105101078492791,0.5331622207425427,2.186038585363059,1.3275,1.4066,1.3292,1.333,0.8975,3.2531679796360295,2.929110966751608,2.4703187512207023,0.020102965930174577
609.4459,3.5502988727123785,0.7016207262398115,False,609.1259,3.2498502902512842,0.45602302865043737,False,58.4762,2.3521717007452203,-0.0150090415010893,False,58.579,2.3023730922328878,0.49304495980446045,False,56.2468,-0.06743166255717137,-0.4610341469093102,False,1261.5340855179018,8.823323438889775,-1.5124586066246655,0.8647875619631071,-0.9084657400781909,-1.204363478459549,True,False,False,False,False,0.3980159859699339,0.0417677847156181,2.034128830406074,1.3624,1.3332,1.0702,1.0016,0.4907,3.4000745814818316,2.327272396489054,1.8555923804931638,-0.9772679436230476
330.809,0.7109698596107804,-0.24994218084062883,False,330.6922,0.8393854514705728,-0.08341725221600425,False,31.5381,0.9768972560631031,2.0660794450663094,False,31.5893,1.0111037511260745,0.30941852830426375,False,32.0437,-1.153348342458054,-0.07758323146006153,False,1469.5021380949966,8.652669658345216,-1.82499725512792,0.6562415307062714,-0.5751082333968018,-1.1291367015020637,False,False,False,False,True,-1.165521034114312,-1.046833747741181,0.6410805506616071,0.96,1.1127,1.9582,0.9454,0.7871,0.7751776555406766,0.9940005035945888,2.140672122192383,-0.9151103035278325
899.3129,1.9706510027924256,-0.8955104552764143,False,897.9103,1.9807298844910322,-1.0137988341366746,False,85.9224,1.6695087005374318,-0.2929562199998434,False,86.9963,0.23756150801101247,1.6000313475672117,False,86.4994,-0.5898759037199772,0.35632175181145676,False,965.9080062606947,9.249613096633789,-0.5317999917968352,0.8169593995934747,-0.9987102394811361,1.5384263106850067,True,False,False,False,False,-0.45042774083860165,-1.0798732919979763,1.363920825607143,0.687,0.7324,0.9516,1.3404,1.1225,1.9756904436417289,0.9535351042742222,1.7784173414917,1.289017380109863
319.6178,0.6686822075784714,-0.3610839716775588,False,319.3801,0.6828509438010615,-0.6453647919666695,False,30.6941,0.6227684822398899,-0.35599820230689644,False,30.7425,0.7008563131971682,-0.10063693705649579,False,30.9119,-1.0738242920498575,0.4856911564839426,False,909.7787022950685,8.240031084930505,-2.268081813760567,1.1932147181133863,-0.23715231212297896,-0.34214366559848214,False,False,False,False,True,-1.2247358939502726,-1.318061606850654,0.7430965189857716,0.913,0.883,0.9247,0.8199,1.2225,0.6757665756897664,0.6618123977185291,2.4296843232421867,-0.26484145164306483
549.5363,0.2130524498429651,0.7259773314657769,False,549.5294,0.22782901726691568,0.22043074272101215,False,52.4251,0.23070433342675434,0.7304799760406785,False,52.4006,0.3047049386043993,1.0713701978033006,False,46.5981,-1.5967265264952941,1.8735661298103732,False,324.1774603418172,7.260736382313512,-3.5486298200368114,0.31339240506329114,0.2579218031836379,-1.156745828229466,True,False,False,True,False,-1.495953709531194,-1.6398461697964453,0.07230098591113397,1.3727,1.2369,1.3883,1.1786,2.2953,0.22044073355494037,0.2677046360155768,2.8530604227294916,-0.9379229007421852
564.1214,3.4221911789504453,0.8860688046500356,False,560.8196,3.8602875554899936,1.39080820470063,False,54.2355,2.61606931997936,0.33910410075153913,False,53.9977,2.5503063026921144,1.221996149621077,False,55.2531,-0.02885542474571239,-0.4659501842868647,False,1144.234944889577,9.710099138956537,-1.0246223369751029,0.796468057273895,0.5670454342749739,0.3656734231871377,True,False,False,False,False,0.5416673677503655,0.25071984788152823,2.0836156489778004,1.4404,1.7153,1.2213,1.2247,0.4869,3.6412393672202192,2.583187811335737,3.11741590637207,0.3200066787353517
682.1935,4.780462464148766,-0.6507620435397704,False,682.7098,4.826601541395043,-0.059197484503633345,False,65.4414,3.330071557868503,0.40800500334735135,False,65.4557,3.557359277217415,0.6149180184335942,False,65.3333,0.21116748689318376,1.4804125090106879,False,3471.4843119475045,9.846921724615555,-0.09774058462694539,0.7181601337264992,-0.7206085678246456,1.3364277932861248,False,False,True,False,False,1.233994577210127,0.9533309775625719,2.3915246353176562,0.7905,1.1226,1.2507,1.0389,1.9914,4.803532002771904,3.4437154175429594,2.0162435524902342,1.1221120353369152
239.5388,1.614397390663562,-0.3492603769076726,False,239.0102,1.4358725106542523,-0.49417472685308184,False,22.929,1.0074138034046214,-0.25358427565937897,False,22.9737,1.2616800894363283,-0.8259940152245322,False,23.1572,-0.6903124366268621,-0.921459858138688,False,2719.227732029364,8.625108373441805,-1.6977418807045492,1.2259884258133542,-0.25865832312960507,-0.2882755101113899,False,False,False,False,True,-0.7188040667502813,-0.932079155030569,1.2350776629786757,0.918,0.9448,0.9684,0.5979,0.1348,1.5251349506589071,1.1345469464204747,2.4112928728027363,-0.22033180286132747
290.1258,1.858823285175601,1.4502907470690047,False,290.1672,1.820728071538704,0.8902663386449653,False,27.8432,1.5287182023186432,-0.055552769899305736,False,27.8377,1.8726810076138511,-0.21336134785287975,False,26.9643,-1.010945844942942,-0.99597663523004,False,2685.889999944422,8.664587120448452,-4.067770906675394,0.5388560032920768,1.9142867652597826,-0.31079183669276217,False,True,False,False,False,-0.5313862596277924,-0.4698218652894411,0.8237589806612725,1.679,1.5107,1.0529,0.7854,0.0772,1.8397756783571526,1.700699604966247,4.269545985778809,-0.23893637134765555
952.0607,4.890114777983584,-0.9354742055986296,False,953.2811,4.704096727301261,-1.1397905550646645,False,90.9551,3.6655600943224704,-1.027430467398743,False,90.9443,4.046112626106957,-1.0383733399133714,False,90.6466,1.4325379235747584,-0.8396983943856768,False,1782.6130240119396,9.86821707141648,-2.9275930059256394,1.0798724284162198,2.5379044124556587,0.48843599980048413,False,False,False,False,True,1.2301667392944864,1.2898231005428653,3.9583372805615937,0.6701,0.6809,0.6382,0.5329,0.198,4.797105752642422,3.855836360214714,4.802849583923342,0.42144173102539106
181.0948,2.1141165308256307,-0.4840493572843752,False,181.0196,2.085614382835806,-0.6267718389753546,False,17.5655,1.8274704769884973,-0.40451006229782555,False,17.3474,2.577279609360209,-0.24146076619632603,False,17.6751,0.31119855495584403,-1.0157701541449304,False,3056.2821661187254,8.394060318891388,-1.5634473210467619,1.3788718814029168,-0.9435009471443968,-0.8417711781145506,False,False,False,True,False,-0.37646208216009125,-0.060209502094960336,2.519847654813415,0.861,0.8906,0.904,0.7768,0.0619,2.0998654568307185,2.202375043174353,1.82563106994629,-0.67766875012207
502.0715,3.6800829820824363,-0.17498058999955027,False,500.7095,3.467307348451612,-0.3229238440383385,False,47.77,3.035650882930166,-0.09609649829752166,False,48.8356,3.391657878744908,0.2630218142953173,False,56.9794,0.41258069716599155,-1.010595377958031,False,1468.584665939951,8.97160747109332,-1.8635004799442327,0.872927743397542,0.18638307279806504,-0.7124891871403031,False,False,False,False,True,0.5014342221353232,0.7654887238926019,2.649903874978986,0.9917,1.0148,1.0356,0.9312,0.0659,3.573695165267024,3.2136543808375366,2.7918821310424793,-0.5708469003662096
863.4817,3.018504351054874,0.09838092108021812,False,864.7778,2.9493653749346973,-0.09418159342150231,False,82.5952,2.5630882968832354,0.3236365511892135,False,82.6717,2.3853836397639934,0.18427809544914756,False,83.1435,-0.18887386882737295,0.22035450750067395,False,1294.2286426611333,9.087122546366025,-1.4501267042397794,0.7328420669577874,-0.2048372357687728,0.10065441669793808,True,False,False,False,False,0.15013964120693218,0.16176189121936266,1.8783389252832257,1.1073,1.1083,1.2147,0.9071,1.0174,2.9839348629947855,2.4742359683236144,2.4573194400024416,0.10102938514404336
749.3148,3.9681417773530816,0.30221969491305606,False,748.4603,7.1983502393092715,2.9164089264616875,False,71.4091,3.5131228242254475,1.7032951007863169,False,70.9329,0.0015700644204361945,2.0055124890115956,False,71.5414,0.32543671660887186,0.14156854005512984,False,822.1210455326969,9.636395913902826,-0.708943710426152,0.7224662917084771,-0.3105147794033379,0.412154340064025,False,False,False,False,True,1.698436323749559,-0.423570356905312,2.538112819134571,1.1935,2.3389,1.8034,1.4645,0.9565,5.583246008331177,1.7573464443229418,2.366946413330078,0.3584124727807616
353.8718,1.6635738549597319,-0.6720445141255655,False,355.9456,1.6793364522649372,-0.7696440040665118,False,34.0099,1.5670953393202216,-0.8910348030764202,False,33.9927,1.7897947770857172,-0.5564356415810051,False,31.8043,-0.022020526917134308,-0.7299931392234087,False,1978.6627310684441,8.917112103813642,-1.179637519803569,1.3351987078868945,-0.6130706302535422,0.05763464990762605,True,False,False,False,False,-0.6316474809647666,-0.48799245287907467,2.0923836721959344,0.7815,0.8322,0.6964,0.6804,0.2828,1.6714551536123345,1.6784450582029695,2.108207545654299,0.06548343609130747
547.7402,2.253791010550328,0.5571363981518019,False,547.7729,2.435215949171129,0.4985911052358166,False,52.0947,2.61985701682956,0.7850851131319173,False,51.6098,2.366069120463926,-0.12285508179317411,False,51.341,0.08503141381370108,3.553815957696622,False,2075.7794572284965,8.7345370821025,-1.3574652788231463,0.8510820533318105,-0.7204102550915799,-0.8874811698366248,True,False,False,True,False,-0.23074184387283062,0.17705235839179537,2.2297132893190534,1.3013,1.3506,1.4116,0.8131,3.5941,2.3445034798607285,2.492963068646743,2.0164131450195306,-0.7154375517260743
780.0544,5.088112452537228,0.30765854850720364,False,779.6034,4.651957529571535,0.34446531070254766,False,74.1045,3.3709934354772795,0.26176635293991246,False,74.0212,3.202309587279191,0.42867768755261204,False,73.6864,0.6881009961633393,-0.4147199000365603,False,1909.57080351837,9.732621323011104,-0.47129897673701737,0.8909391520891592,-0.18584054397524094,1.2979274602038824,False,True,False,False,False,1.2736075170929382,0.8250900614705206,3.003350033102249,1.1958,1.2876,1.1883,0.9819,0.5265,4.870034991054382,3.2866515113782353,2.473564977844239,1.0903003594409189
326.9476,1.0753745224905287,0.6162543720012332,False,326.9568,1.069450900912109,0.4139442403016721,False,31.4371,1.0438861213420494,0.9421041768706737,False,31.2949,1.0774940434701274,1.0703899855355052,False,22.4548,-0.8572518627813559,-1.0205568221178123,False,845.2077841785294,8.17714508876991,-5.8867539778115265,0.978001779696868,2.812639871201516,-1.9377084718574664,False,True,False,False,False,-0.9884710290717894,-0.9923824553378819,1.020922484473385,1.3263,1.316,1.4786,1.1783,0.0582,1.0724127117013187,1.0606900824060883,5.037797086364744,-1.5832090195117168
531.2238,2.4338366132136033,-0.42043841742238747,False,532.0379,2.502029215229568,-0.4623709914732009,False,51.2802,2.365744522801115,-0.26366161855604564,False,51.3195,2.4082802408588075,0.02352328353082588,False,51.5012,-0.2538470751816485,0.009870486098539041,False,1670.8434707265926,9.241992385749967,-0.8624896752061122,0.7587417926400978,-0.617107937596977,0.4919395526328837,True,False,False,False,False,-0.15722029409919,0.09054481207038761,1.7949892401586107,0.8879,0.9578,0.9641,0.8579,0.8547,2.467932914221586,2.3870123818299613,2.1047549324340817,0.4243366121411132
684.4887,3.0432758735478695,-0.39395356513784247,False,684.942,3.1108516053698714,-0.44573519142834,False,65.4833,2.556198787119082,-0.31756368521263345,False,65.4562,2.6969027779439227,-0.33817504328539777,False,65.713,-0.12010308158760419,-0.7487517029009192,False,2540.543945135443,9.435499499428035,-1.3901394228546426,0.7693299430576944,0.47853788298556893,0.8740846847863998,False,True,False,True,False,0.205612465511544,0.28612522704474674,1.9665602673384714,0.8991,0.9646,0.9411,0.7472,0.2683,3.0770637394588705,2.6265507825315026,3.041726265808105,0.7400917268652343
953.3474,2.9624440515066213,-1.0272253010129466,False,953.6722,2.8628734751623766,-0.9462770574840044,False,91.1118,2.3956413326363903,-0.6716768274652619,False,91.1302,2.440596495678887,-0.20486617486532602,False,91.1882,0.4378822451236965,-0.35184636936573205,False,3061.583632404988,10.065286245806583,0.2385411036478894,1.1196840966130184,-0.7868923965461362,2.094630114604091,False,False,True,False,False,0.10768356631701471,0.11594294649577667,2.682361501341784,0.6313,0.76,0.79,0.788,0.5751,2.912658763334499,2.4181189141576387,1.9595591329345705,1.7485919792333995
281.2226,2.008472806609554,0.2102321276033417,False,280.9147,2.032505083976503,0.2813471281793993,False,26.9841,1.70199068739663,-0.08765965308170828,False,26.9971,1.88251232028913,-0.13788500323269215,False,26.7932,-0.7110387410840658,-0.05339115278630671,False,2736.1195697995067,9.543850399535076,-3.6899212477368333,0.7100446040665006,2.528675806245452,-1.0057070064671378,False,True,False,False,False,-0.42374322035938394,-0.39507076767193394,1.2084893037574111,1.1546,1.2618,1.0392,0.8085,0.8058,2.0204889452930286,1.7922515038428801,4.794957490234376,-0.8131240312011716
472.0148,2.675162438377451,2.069610641115643,False,472.0345,2.480913672376519,1.4456084872013477,False,45.048,1.7116292351837563,1.9189033674126692,False,45.0384,1.7499193353394091,0.5012133953694157,False,45.1857,-0.9652264605637956,0.2657631685407164,False,2142.3922530949103,9.345001179395737,-2.245925739825279,0.5155376150099223,1.6210090699690205,0.7893540335411962,False,True,False,True,False,-0.09163544671081389,-0.44526622646428354,0.882409253687891,1.9409,1.7377,1.8954,1.0041,1.0525,2.578038055376985,1.7307742852615826,4.018741585266113,0.6700813191601558
633.9981,0.42080387334251723,-0.41168895729267185,False,633.8285,0.39545948030271966,-0.4129528795752321,False,60.4906,0.35918133572917016,0.1434161631069692,False,60.5313,0.37063443776463856,-0.18624214177722803,False,60.4157,-1.344916432694431,-0.1315302732084883,False,334.57515511633545,7.6024850187536925,-2.9103525873996507,1.1006444466821066,-0.3740641207078687,-0.2304074484480088,True,False,False,True,False,-1.384154371723548,-1.5604808068349674,0.3953309425221725,0.8916,0.978,1.1378,0.7937,0.7454,0.4081316768226184,0.36490788674690433,2.3126004650878915,-0.17251715101318332
436.6773,0.39743264118107463,-0.2823388305101168,False,436.6948,0.39008344567988623,-0.4127082354569253,False,42.0152,0.3055575282637223,-0.5111424115532497,False,41.8664,0.3368653859652895,-0.5329105471539337,False,42.0161,-1.4826037044376925,-0.33839195127979343,False,331.30807245624806,7.3281346896963315,-4.571765711890794,0.7157452627466302,1.8701233976734373,-0.3530508828620734,True,False,False,True,False,-1.392716120453422,-1.5961584510680968,0.2187013533513288,0.9463,0.9781,0.8585,0.6876,0.5855,0.39375804343048043,0.3212114571145059,4.231778480407717,-0.2738537596606445
432.466,2.88659636995726,-0.0002278593006322924,False,432.0216,2.929927540277812,-0.26420925564471215,False,39.9735,3.065690330614141,-0.9432963720521556,False,39.7696,3.2553489265713966,-1.1527314378227467,False,38.2023,0.2576787901756699,-1.0268959229467642,False,2623.830438292616,8.538282908813056,-1.8315266551622844,0.7995559050747097,-0.22058788317340772,-1.770714944219504,False,False,False,False,True,0.10506457874859122,0.7221047952066132,2.4511908069729755,1.0656,1.0388,0.6741,0.4979,0.0533,2.9082619551175357,3.160519628592769,2.4438498453369153,-1.4452272527929715
643.8355,2.530518774373422,-0.25727280959795823,False,644.0518,2.505499718541334,-0.31778631755389625,False,61.6126,2.2305916555792265,-0.12585981336442065,False,61.6378,2.183108227117471,0.4107071293097104,False,61.906,-0.529461374024463,-0.9827809559534465,False,1253.815159068021,9.985301988241154,-2.166457300476999,0.6462063517783359,1.742631648102639,-0.011519996172269986,True,False,False,False,False,-0.12739199931667142,-0.056555797973721914,1.4414224960590498,0.9569,1.0169,1.0229,0.9764,0.0874,2.5180092464573782,2.2068499413483487,4.122750442016603,0.00834301647216762
1401.1353,5.905597674607736,-0.22322085666068583,False,1402.4993,5.694239375532884,-0.4562548885155313,False,134.4927,4.4010319792688275,-0.7065959923862689,False,134.5377,4.5552581040678755,-0.5773468366272907,False,134.6528,1.452476516927933,-0.6187354512050707,False,1840.4997630959533,10.124375976647634,-2.043747506165693,0.9052229472129715,2.231695879277115,0.3786988209208464,False,True,False,False,False,1.8274987253274768,1.7979311525478463,3.983915139052265,0.9713,0.9603,0.7751,0.674,0.3688,5.799918525070311,4.478145041668352,4.540987025573731,0.33076917604248024
535.5229,2.5119884285677587,-0.5620850827656241,False,533.4128,2.549479896515601,-0.09491552577642255,False,51.1267,2.1144041463417693,-0.5631696237174346,False,50.9992,2.0963908817320482,-0.0499926365537723,False,51.074,0.01955839142399925,-0.3612903359068235,False,1166.6370534020732,9.425419614032792,-0.2468603011766499,1.0148118693772057,-1.015314457104779,1.4867814509749309,True,False,False,False,False,-0.11981231983339513,-0.139390565909115,2.1457224243680058,0.828,1.108,0.8363,0.8354,0.5678,2.53073416254168,2.105397514036909,1.7642177930297844,1.246344774257814
1156.9771,4.983238622929412,-0.050832844915745364,False,1157.1182,4.780005833207567,0.013951106870092869,False,110.2914,3.9235454860880097,1.4487836034426016,False,110.3247,3.6436195366069253,1.18311439633189,False,110.2744,0.8038195455601825,1.7963325952208986,False,1345.6613099414233,9.42892981711426,-1.4705901243900599,0.8033034053623179,0.44786535385176884,-0.15082365227247385,False,True,False,True,False,1.2805095305979264,1.2308286441068046,3.151797450068449,1.0442,1.1525,1.6948,1.2128,2.2356,4.8816222280684896,3.7835825113474675,3.0154958179931626,-0.10675943600585924
277.8095,2.483199274719347,-1.0475618840171506,False,277.8179,2.473581650455284,-1.0708009137021537,False,26.5337,2.172503673812485,-1.0541471439154866,False,26.5378,2.3152991679770323,-0.7322203749388444,False,26.2587,-0.35184949553998307,-0.658193119630179,False,2697.657881457813,9.102474293080096,-0.8294281601093725,0.7683617083156222,-0.993434031825985,0.5754881326731186,False,False,False,False,True,-0.1509911870254798,-0.026303680885698642,1.6692686341325267,0.6227,0.7091,0.6268,0.6266,0.3383,2.4783904625873157,2.2439014208947587,1.7829294340209962,0.4933703096972657
359.1389,2.8957746926241525,-0.007322016162564272,False,359.4927,2.9298506330766068,-0.10837095228329541,False,34.5015,2.373147262824097,-0.39818242838596535,False,34.449,2.2606611848796936,-0.5953173948701926,False,33.5922,-0.23790899891387857,-0.2659450846632013,False,2317.52987970529,8.831651153278454,-1.315867649046018,0.76499049897952,-0.4370761374118645,-0.4969179379164788,False,True,False,True,False,0.107775237570112,0.03330228815655968,1.8154351087396878,1.0626,1.1025,0.9067,0.6685,0.6415,2.9128126628503797,2.3169042238518953,2.25871402459717,-0.39272681246581875
660.8882,5.737343539952848,-0.23338914816278816,False,660.2138,5.641132429358552,-0.1746695083444321,False,62.6112,5.484048660876719,0.12537068861759013,False,62.8253,6.3496604171128945,0.6864735139826033,False,63.0041,1.8118380147515447,-1.0190043892617426,False,2575.85788464498,9.062913197572636,-1.2128465675990496,0.810517140705261,-0.6713725602463528,-1.1592300088964067,False,False,False,False,True,1.7615711376073888,2.9726213053190347,4.4449154401023145,0.967,1.0754,1.1301,1.0608,0.0594,5.6892379846556995,5.916854538994807,2.058349063964844,-0.9399755050683609
206.7063,1.4833900875809642,-0.8484525480922674,False,206.7684,1.5332262142633992,-1.1194850932452018,False,19.7102,1.5412319659372355,-0.7919018717906082,False,19.4351,2.0262140078386772,-0.2829564188662994,False,19.3011,-1.2728632607645993,-0.8442263235492139,False,2085.891949153755,8.576656722465316,-2.2667002467032575,0.31647606739655215,0.09707384632985369,-1.217317208140107,False,False,False,False,True,-0.7288270600563825,-0.40203420601950046,0.48776303152567313,0.7069,0.6892,0.7387,0.7641,0.1945,1.5083081509221818,1.7837229868879563,2.7155069161376932,-0.9879712237573255
680.0281,3.8872312681198555,1.4254611980522438,False,683.7734,3.7759810649712326,0.843783956166678,False,65.6923,3.133461978826495,0.6953264543081208,False,65.4807,3.004494658548494,1.040656880079068,False,64.7725,-0.6224772648437975,0.8401633252865545,False,1631.684547627769,9.376000317475365,-1.9612823629309792,0.4219290921202001,1.2796906925585918,-0.20961357119355367,False,True,False,True,False,0.6550605967181559,0.6473623433653426,1.3220987679194285,1.6685,1.4917,1.3733,1.1692,1.4965,3.8316061665455443,3.0689783186874946,3.7268538883666995,-0.155335790986328
177.0165,0.6667245682058269,1.4663708359560497,False,176.8026,0.6449285560087684,0.8616429768030729,False,17.008,0.5255208201127859,0.8790621945636209,False,17.0166,0.773233117046569,-0.5123260895302463,False,17.2081,-1.2618757114715806,1.7056446425454863,False,2017.4643318739027,8.138861073179099,-1.697160717784908,0.9549730253147047,-0.9319176716001865,-0.08846486822578638,False,True,False,False,False,-1.2366132934432046,-1.328214995135112,0.5018582074489718,1.6858,1.499,1.4517,0.6939,2.1655,0.6558265621072976,0.6493769685796775,1.835536823181151,-0.05523423431152352
877.8597,4.743395425477749,-0.6282972134769865,False,877.386,4.477817932842799,-0.6160074977698563,False,84.4162,3.359945907467284,-0.002119416865818105,False,84.4628,3.5094686159084194,0.9099619110397821,False,84.573,0.8166440468414091,0.3682237370413253,False,2167.4343303262176,10.228081107072809,-0.5038244494461073,0.9429464680039981,1.5684972135380106,0.9719437194791851,False,True,False,True,False,1.1190773465191113,0.9459759194377128,3.1682491261307635,0.8,0.895,1.0757,1.1292,1.1317,4.610606679160274,3.434707261687852,3.9738346425170885,0.8209497258984371
305.2345,0.43730571458193607,-0.5504979598911356,False,305.1046,0.4806151120827819,-0.7429777951710733,False,29.2815,0.4516987820476049,1.672594358473217,False,29.0284,0.6713793238128515,-0.687130610620291,False,30.4139,-1.2472263457026878,-0.9817460007160667,False,1928.9899264365336,7.460670148599418,-2.7262267959896427,1.1526506116796182,-0.517873124309337,-0.6501127614450343,False,False,False,False,True,-1.353877902414723,-1.3999336671429756,0.5206508774221102,0.8329,0.8431,1.7903,0.6404,0.0882,0.458960413332359,0.5615390529302282,2.1896182829589854,-0.5193071219042977
108.7096,0.8937691075306443,0.0834831916701616,False,108.9469,0.8663101416181129,0.12942313071089107,False,10.5013,0.7700480314092585,0.028112611824181066,False,10.5,1.180283217002041,-0.6116542660001034,False,9.6987,-0.6573949438947024,-0.6953221387711825,False,3367.7987383957316,8.644070595687527,-1.3569734438924987,1.658734536285557,-0.760325050556115,0.04556044317347612,False,False,False,False,True,-1.1030593164892153,-1.0622122153108573,1.2773052642972424,1.101,1.1997,1.0886,0.6635,0.3096,0.8800396245743787,0.9751656242056497,1.9822789216918935,0.055506879511717955
603.5458,4.129273491314501,0.03571586879982142,False,603.514,3.863952608699434,-0.017607984391481604,False,57.3489,3.165274617398935,-0.703549353836114,False,57.3027,3.4154330901455516,-0.6560905554734604,False,66.6797,1.15131612766054,2.0619279830135127,False,2255.122937380451,8.578030609198816,-1.4228224771502567,1.1365765997047685,-0.8013457054871248,-0.109020979746343,False,True,False,True,False,0.7533480259543185,0.8281129824705629,3.597577061775094,1.0808,1.1396,0.7764,0.6499,2.4409,3.9966130500069674,3.290353853772243,1.9471989925537088,-0.07221913561035187
508.6664,3.9074254064752587,2.0069455888352463,False,508.4144,3.5081137376949507,2.0936707565959987,False,48.5915,2.5392842962470095,1.7550879561389516,False,48.6094,2.493021589998962,1.6709333682710243,False,49.1269,0.45163467720389344,-0.8148594686885596,False,2018.6827970648155,9.161565306832303,-0.5580979481670788,1.0632931335758689,-1.1643267894290534,0.6027412054083211,True,False,False,True,False,0.5812965193684771,0.19598663055852816,2.700003556396477,1.9144,2.0026,1.8255,1.3621,0.2172,3.7077695720851045,2.516152943122986,1.6367858427734383,0.5158887101269531
239.0948,1.840859927075651,-0.37810994814619486,False,239.455,1.8597984092239759,-0.29185404101337753,False,23.096,1.2750670954554753,-0.8509597883013047,False,23.0834,1.5942534284885062,-0.598911506518773,False,23.3306,-0.16343246182707438,-0.26516886823516633,False,1981.8898304035083,8.414331292865509,-2.0525941864928874,1.49872581142009,-0.19700051365646015,-0.4310691821021937,False,True,False,True,False,-0.5251000044156986,-0.6870400021306949,1.910975967251565,0.9058,1.0275,0.7135,0.6674,0.6421,1.8503291681498135,1.4346602619719908,2.464021226135255,-0.3383179512841785
552.6935,4.635375023360097,-1.2225510866114664,False,552.4695,4.452399203776085,-1.280460923091061,False,52.8988,3.5841034613715848,-0.9901677343622322,False,52.8593,3.5028482313176004,-0.8426576237770411,False,52.7585,0.9115517334196114,-0.04058358172373057,False,3097.519922552382,9.444482525863238,-1.2215501894354641,0.9179421702505333,0.11663883910539542,0.3804622893815705,False,False,False,False,True,1.0793354009454146,1.0347842477100748,3.2899997097338805,0.5487,0.6234,0.6541,0.5928,0.8157,4.543887113568091,3.5434758463445926,2.732238452026367,0.3322262773876954
267.8919,1.4665256047108148,-0.797374618686359,False,267.8834,1.431913772794326,-0.9399163104080284,False,25.4199,1.1972374693164467,-0.7398746596264233,False,25.366,1.3945621924535494,-0.5920500206442105,False,25.3766,-0.8652963663456975,-0.41420242241787025,False,2326.8129000421764,9.080896188231325,-4.291654865031589,0.8441121888021288,2.4989975579558497,-0.40719105914852005,False,True,False,True,False,-0.7640234889709807,-0.8003363363073153,1.0106027407406273,0.7285,0.7626,0.7609,0.6695,0.5269,1.4492196887525703,1.295899830884998,4.769577328735354,-0.3185881711083969
472.7899,0.672127940301102,1.0078518307798636,False,472.1304,0.7376964179314314,0.8423160914568375,False,44.9566,0.7227735848606854,0.7091535061895934,False,44.9724,0.8250297596080038,0.2084566647214153,False,45.3651,-1.0488244418562465,0.2003022497764385,False,1132.8593034404191,8.93309105087976,-0.8323195975863141,1.0724895515644415,-1.0403620554297683,1.2664837196630157,True,False,False,False,False,-1.207375124664565,-1.2265419725883677,0.7751671179098604,1.4919,1.4911,1.3792,0.9145,1.0019,0.7049121791162667,0.7739016722343446,1.7427976578369133,1.0643193353051768
689.0721,7.014386412697124,2.0580235182411544,False,689.5434,7.111044204108644,2.4809423958756245,False,65.9282,4.862141545034669,1.615645653266474,False,65.9501,4.571640984775784,2.431904825502266,False,65.665,1.4281586850515613,-0.3288186153340295,False,1950.6337423658483,9.91386889101332,-0.05810821926599948,0.8129585324071732,-0.8008028753002463,0.8208312214333129,False,False,True,True,False,2.5796918876840724,1.992864763515754,3.952719454807331,1.936,2.1609,1.766,1.595,0.5929,7.062715308402884,4.716891264905227,1.9476632085571293,0.6960899798437499
425.1006,1.1681808318219251,2.283617706450583,False,424.9527,1.1408232685185995,1.380043863495132,False,40.5323,0.9660639593558437,2.926637657079316,False,40.5476,1.0704717255786487,1.1550149779884429,False,40.4375,-1.514367521260201,-0.04808700719473479,False,1271.6802742053494,8.722018643564818,-2.8010014679053157,0.18420490928495198,1.2654421650220784,-0.9991896775762581,False,True,False,True,False,-0.9395739777697084,-1.0270197379910226,0.17795372399660467,2.0314,1.7109,2.3254,1.2042,0.8099,1.1545020501702623,1.0182678424672462,3.714668872375487,-0.8077389568969728
873.941,3.043428410630951,-0.7060964670628377,False,872.8165,2.864544405190663,-0.4520959385043163,False,83.689,2.2901632832905703,-0.3334999483980596,False,83.8114,2.439466718530672,0.18166419606836176,False,84.4443,0.29805433683119686,-0.47642910606533606,False,1377.7116399879644,9.828456358177982,-0.2381986849236214,1.0929289863868898,-0.1991218664617249,1.8493471717894618,True,False,False,False,False,0.13230064808100536,0.07242089975055152,2.5029858358672348,0.7671,0.962,0.9343,0.9063,0.4788,2.953986407910807,2.364815000910621,2.462207093566896,1.545922005886231
246.0756,1.2474288192193925,1.2173659301022468,False,245.8243,1.3879063336278024,0.6113720437752406,False,23.6009,1.2696435858865445,0.9535876606366428,False,23.5645,1.2930201797771552,0.16434711267065646,False,21.607,-1.3088038498174452,-0.9611762653731414,False,2069.3685782672437,8.578672593029792,-2.2623410422345125,0.34785928231632113,0.15959041686066974,-0.8340299622745676,True,False,False,True,False,-0.8423833649965436,-0.8122309023443894,0.4416573065840138,1.5805,1.3967,1.4835,0.901,0.1041,1.3176675764235974,1.2813318828318498,2.7689696623535145,-0.6712724145678699
234.0591,1.9185898528475123,1.7536841888642838,False,233.8572,1.8675574509519421,0.9844543241930741,False,22.3656,1.7052729550367929,1.5781485634184127,False,21.9573,2.671390962004104,1.4294744129709436,False,14.41,-0.23810894870530433,0.6476616511338952,False,1945.837819132118,8.031746114724394,-4.3157054669087245,1.064450474898236,2.1710434909316265,-1.3394247863500148,False,True,False,False,False,-0.4996389731321876,-0.07167552305897605,1.815178606820032,1.8073,1.5492,1.75,1.2882,1.3477,1.8930736518997273,2.1883319585204486,4.489118485473632,-1.0888650704199208
304.584,0.36252412115743443,0.46987826875004207,False,304.9503,0.36052795178207964,0.19816812795509525,False,30.2023,0.21138693291405367,-1.557076861502608,False,23.9517,0.5649343065601354,2.185544808863212,False,28.3029,-1.3366770507887142,-1.0089135756972887,False,429.6004170534959,6.439346760486652,-5.770559822715738,1.9201786825821099,2.590097476095899,-0.28350616844351784,True,False,False,False,False,-1.411915326188571,-1.541495211397283,0.4059006823579804,1.2644,1.2278,0.4122,1.5196,0.0672,0.361526036469757,0.38816061973709454,4.84748390234375,-0.21639103821777184
513.0076,2.4342645590721146,0.013487510632435222,False,515.2666,2.3995431657906336,-0.31680774108066867,False,49.7462,2.1150923677842095,-0.31779804202418405,False,49.69,2.445872525340025,0.16565406236104918,False,48.558,-0.17943267177080358,-1.027930878184144,False,2118.3358310158446,9.016843191118856,-1.386780807320093,0.8937909381259134,-0.35900520747550696,-0.8396534544783881,True,False,False,True,False,-0.18761608251483813,0.003564315891669877,1.890450391624808,1.0714,1.0173,0.941,0.9014,0.0525,2.416903862431374,2.280482446562117,2.3254785044555657,-0.6759189383007804
214.1483,0.8283442423986115,-1.1934650434775462,False,213.6232,0.8283033472808287,-1.3044360466851248,False,20.5169,0.7921529996901581,-1.0914098769519975,False,20.4992,0.9176635501070726,-0.9057179463384964,False,20.2331,-1.0260361005437293,0.15269430885696358,False,1588.3118127219984,8.390292083780631,-1.4358147952964204,1.015461310598945,-1.1486200787302852,0.1864858867769674,False,False,False,False,True,-1.1338641886788234,-1.16040099094058,0.8044007232602536,0.561,0.6136,0.6109,0.5735,0.9651,0.8283237948397201,0.8549082748986153,1.6502178637695302,0.1719493665893559
727.1534,5.1738437285007235,-0.8394666160671539,False,727.8839,5.27428401764315,-0.5793108800238398,False,69.4926,4.599762124140363,-0.48911287126751374,False,69.4666,4.6214736752091445,0.293081657174353,False,68.8791,1.7109332365678989,-0.462845318574725,False,1451.9007084991028,9.950297552670913,-0.6125575781043062,0.938194515530988,0.15399822066667013,0.3713876706329225,False,False,False,True,False,1.4844871359240717,1.906093753892144,4.315471597615656,0.7107,0.91,0.8679,0.9404,0.4893,5.224063873071937,4.610617899674754,2.7641873436279294,0.3247281908154296
556.7479,6.098021772978764,0.8269508308006049,False,556.2961,6.017597116057433,1.3475061957603305,False,53.4863,4.111309790613057,0.8181294235605213,False,53.3712,4.302056504789544,1.222976361888872,False,52.322,1.0342894164231249,0.09046762520949789,False,2437.7625178233347,9.832727955105062,-0.7001587428359463,0.8385287582257928,-0.3261060917562717,0.15329929214659682,False,False,False,False,True,1.9811131380365037,1.5762855637140396,3.4474514934043112,1.4154,1.6976,1.4257,1.225,0.917,6.0578094445180986,4.2066831477013,2.35361307836914,0.1445282741479481
389.1438,0.43064711337803296,-0.942095418669766,False,387.9986,0.4285224751583763,-1.1588727962925929,False,37.1316,0.3782182988062674,-0.9749345416114573,False,36.9281,0.3707416876952139,-0.7410422853489963,False,37.909,-1.3910039604432096,-1.0258609677093844,False,358.6704452683879,7.428042804121544,-3.241814620207809,0.8889268567718567,0.43870126113736524,-0.2935866091106768,True,False,False,True,False,-1.3713756820192418,-1.5526652893366617,0.33620840353145415,0.6673,0.6731,0.6606,0.6239,0.0541,0.4295847942682046,0.37447999325074066,3.007658894775391,-0.22472020541503923
422.0209,2.943932752790806,-0.6746457049749405,False,422.0367,2.9350838189716266,-0.7331920304388023,False,40.4912,2.679594058477358,-0.6189465448664259,False,40.4994,2.8879787423920242,-0.5737527249787103,False,40.5286,0.08844387454904759,-0.34900024246293726,False,2873.585145103606,9.428578620140803,-1.028092274389122,0.8337422957281141,-0.03457175030092467,0.2900899259898684,False,True,False,False,False,0.12367666001090413,0.4145063438435174,2.234090901934327,0.7804,0.8471,0.8125,0.6751,0.5773,2.9395082858812165,2.783786400434691,2.602926602416991,0.25755429135498176
484.6327,3.0898656629133425,-0.9735461807576632,False,484.124,3.2472721689523123,-0.8946571485212745,False,46.4766,2.986536893789549,-0.869473976413785,False,46.6219,3.0941020866249036,-0.6848434486621034,False,47.4096,0.2544268326628305,-0.8113664947624025,False,2471.1493238629955,9.92979416022575,-0.2869910072750031,0.819350029815146,-0.1969973087257554,1.224418286385579,False,True,False,True,False,0.26011812229845777,0.6239627316520052,2.447019092970501,0.654,0.7811,0.7056,0.6411,0.2199,3.1685689159328274,3.040319490207226,2.464023966918946,1.0295619235449216
1237.2838,6.574873440977379,-1.697859596360891,False,1233.7565,6.3804324402596855,-1.6574575094018031,False,117.7477,5.499254313288062,-1.1542175024475003,False,117.9834,5.551756234615337,-1.0984930256714434,False,119.8652,2.321985025927623,-0.8544465065183403,False,1374.559345853566,9.980101078092671,-1.2859925400156127,0.9272799326299104,0.5401351634115622,0.6299507654263022,False,False,False,False,True,2.231195662156668,2.653089023927507,5.099348169140497,0.3477,0.4693,0.5841,0.5145,0.1866,6.477652940618532,5.525505273951699,3.0944028560791015,0.5383711572973624
200.6869,1.2274158374191035,-0.43060670892448955,False,200.7054,1.1846959109583268,-0.5046944239402731,False,19.5345,1.0580073714203622,-0.5397339425623964,False,19.4497,1.2145009161898122,-0.4371764823326568,False,18.668,-1.01054263979564,-0.7101996203085185,False,2000.4641272296844,8.569186940705615,-1.749011740564569,0.7790836314086186,-0.5123889261794691,-0.8110228834206559,True,False,False,True,False,-0.9088656053444338,-0.9306852475320313,0.8242762249832627,0.8836,0.9405,0.8463,0.7169,0.2981,1.2060558741887153,1.136254143805087,2.1943082442016593,-0.6522623521289077
448.0189,1.417120833745701,-1.278358453925329,False,447.205,1.4784056139985176,-1.4326295646778757,False,42.1701,1.4381634508553975,-1.4452886623930756,False,41.6653,1.5895072438448155,-1.3314568079839701,False,42.8584,-0.5426617176958284,-0.3847061981525435,False,1002.6478275080001,8.455637617814936,-1.8051855180009346,0.9904915026440406,0.08335874601828581,0.42011145822495033,True,False,False,False,False,-0.764891041801931,-0.6223944337853664,1.4244886774855017,0.5251,0.5612,0.4599,0.4432,0.5497,1.4477632238721094,1.5138353473501065,2.703778074951172,0.36498720197753975
800.7818,6.057216873931081,0.18161902826021714,False,796.7987,5.7352488624178015,0.2918668252665906,False,75.3899,3.77000556940087,-0.15702926930062125,False,75.3083,4.252212396453174,0.4616781672350317,False,75.4569,1.849091377212369,0.06601680772639798,False,1383.2446184618116,10.537925410219295,0.3187859571082519,1.1916972401255992,1.404728868226989,1.7619996563336897,False,True,False,False,False,1.8848689936683602,1.4166014538060163,4.492705232313154,1.1425,1.2661,1.0096,0.992,0.8981,5.896232868174441,4.011108982927022,3.833783686279297,1.473749361403808
300.3572,1.6054185246736283,-0.2672046292046626,False,300.7544,1.6657568675528147,-0.4264083060821046,False,29.3514,5.320005697617424,3.177868159061325,False,29.1711,2.0876191702624123,-2.241747267342596,False,37.5588,0.10060837276395915,-0.46840820297564195,False,1819.9280878489344,8.129259741623882,-3.7397903781102855,0.4228747172555763,2.001190251907051,-0.8615381489401628,False,True,False,False,False,-0.6530121665880142,1.165697271449173,2.249695905178023,0.9527,0.9725,2.4326,0.1646,0.485,1.6355876961132214,3.7038124339399183,4.3438638668212874,-0.6940016080224609
287.9476,2.532982553422625,0.32302922170805554,False,288.4831,2.517006713553492,0.081228239404456,False,27.9513,2.2508837711038603,-0.7185481897753385,False,28.416,2.374654223098775,-1.0076600221891394,False,28.609,-1.1053330908723333,3.276706692888157,False,2097.634569536327,8.356709465480858,-2.1137714193971258,0.3121778404607196,-0.1864025860462583,-0.0549610474107954,False,False,True,False,False,-0.12323110784922095,0.029925921939191667,0.7026760347912837,1.2023,1.18,0.77,0.5423,3.3799,2.524994633488059,2.3127689971013177,2.4730843322753877,-0.02755102734374759
1375.1321,5.242228821482202,-0.4152360357236376,False,1374.4138,5.149891122650968,-0.15705513182634395,False,130.8791,4.306120011310398,-0.020633604978298387,False,130.9059,4.4866156891032345,0.8792485933155497,False,131.6761,1.4344469665022148,-0.36348961578625566,False,1717.5088724778936,9.798795633451482,-1.1961469523655819,0.9198039652483848,0.6273588454394718,0.4007709226887675,False,True,False,True,False,1.4678064291519601,1.7311609937981733,3.9607862612387246,0.8901,1.0826,1.0678,1.1198,0.5661,5.196059972066585,4.396367850206817,3.1689945609130863,0.34900669482665947
848.7381,7.903868164530121,-1.4138568499882247,False,846.4524,7.381475766096748,-1.489142356006741,False,80.7092,5.330667272040541,-0.9186889068393654,False,81.1541,5.958223267188224,-0.825667277801934,False,79.8754,2.500735375028659,-0.9889906873777258,False,2724.4316039043465,10.167382271610402,-1.6307967730092914,0.9996224677716391,2.3993144968718245,0.23306265671142423,True,False,False,False,False,2.9251468631394673,2.750202195096001,5.328654773346678,0.4678,0.5381,0.6846,0.598,0.0826,7.6426719653134345,5.6444452696143825,4.68433064691162,0.21043436115478542
352.1837,2.1070388686169315,0.38853193673322517,False,352.8992,1.9125481339498327,0.027161889258658423,False,34.091,1.4640136555127727,-0.04430364294488704,False,34.134,1.7662968971851642,-0.5005635423167103,False,33.9286,-0.6889887757285116,-0.27176670787346313,False,2916.885305583636,8.832656975021354,-1.250079561268932,0.8447842630483166,-0.8282350524103288,0.5030638440195203,False,False,False,True,False,-0.4301140315291691,-0.5396678492346892,1.2367756970650299,1.23,1.1579,1.0577,0.6975,0.637,2.009793501283382,1.6151552763489685,1.924203835937499,0.4335282820263675
587.6041,2.3115247347145127,0.8435038634784459,False,587.5793,2.072681238172449,0.5423824024127296,False,55.8987,1.6308997594349637,0.9149187867308297,False,55.8846,1.6067059104571124,1.8356090292605245,False,55.7654,-0.5975843460358733,0.572239288209836,False,1757.6636283308444,9.700575401093916,-0.0931200287791722,0.8302363060911438,-0.8618898419005676,1.3837433917145445,True,False,False,False,False,-0.3215201944366477,-0.5366896585898121,1.3540321918782194,1.4224,1.3685,1.467,1.4125,1.2894,2.192102986443481,1.6188028349460382,1.895423027038575,1.1612075018310541
757.7198,4.97835192908894,1.5013686764749126,False,756.5545,4.37890967640057,2.336602366074627,False,72.6078,1.8540625549973169,1.192162894794932,False,72.6392,1.8385544401632634,1.73758780248106,False,72.5987,-0.22597517637678463,-0.37953142196564404,False,3118.7034823620143,10.492483462020775,-0.25217442036793153,0.9874230990696123,0.876945884542836,1.84116569016865,False,False,True,False,False,1.1595963605923927,-0.3509338391608263,1.8307441939243743,1.7006,2.1019,1.5853,1.3825,0.5537,4.678630802744755,1.8463084975802901,3.382435708068847,1.539161891860351
550.1256,4.798171448979019,-0.43439025925085323,False,564.7453,6.284429143289294,1.0805994626876374,False,53.3647,4.487870178206175,-0.07430131482333638,False,53.3488,4.529522017597367,0.5368277744326208,False,52.4553,1.5168021485803056,-0.18017316936534303,False,1831.888301563475,9.178729025738475,-0.579928612384675,0.9060944130257323,-1.2574710690245392,0.2853586550446932,False,True,False,False,False,1.6734510859652887,1.8228757469783734,4.066434094857413,0.882,1.5885,1.0449,1.015,0.7078,5.541300296134157,4.508696097901771,1.5571309778442384,0.2536449834130856
487.6637,0.7553772148983279,2.904356431869607,False,487.7163,0.7066612499970802,2.751763434841226,False,46.5527,0.5318796387215013,3.1216225242892333,False,46.6003,0.4384156423551291,1.5823875267469079,False,48.2277,-1.3577204862746561,1.8193603492526014,False,380.79895618174976,7.747292881222205,-2.399212426846107,0.7123895517574975,-0.7309049359715138,-0.11745784233433831,True,False,False,False,False,-1.191824287614314,-1.4623063977462138,0.3789054974177501,2.2939,2.2716,2.4086,1.335,2.2534,0.7310192324477041,0.4851476405383152,2.0074383331298833,-0.07919026330566403
347.3072,0.40058473776213416,-0.7602485311089165,False,346.8255,0.4102153740196892,-1.0453579253982488,False,32.5824,0.39408890080533787,-1.000010720447348,False,32.3544,0.3734254674411864,-0.7688149662698448,False,32.9479,-1.2193100743880043,1.1903663037349745,False,374.3155611974605,7.105137568070227,-5.252696097812486,1.4120234102265727,1.3719326488760444,-0.6561066300893035,True,False,False,False,False,-1.385781479595614,-1.545090567140429,0.5564627536475947,0.7442,0.7195,0.6499,0.6154,1.7672,0.40540005589091166,0.3837571841232621,3.8057371069946306,-0.5242596766333012
1392.3245,2.623928763294382,0.5344350961936208,False,1391.7448,2.4955396237261276,0.7760175353957008,False,132.5411,2.049310559446876,0.31098128336549313,False,132.505,2.3398069402664414,0.2796854228478262,False,132.3962,0.36351314234812987,-0.5797952603986525,False,2381.992397527258,9.782679861916217,-1.0974857515632557,1.2623555034344112,0.518377909176046,0.7897531346115629,False,True,False,True,False,-0.10253826173425716,-0.06659141783856871,2.5869584629640157,1.2917,1.464,1.2093,0.9363,0.3989,2.5597341935102547,2.1945587498566588,3.075796548156738,0.670411084460449
147.0485,0.770942085163061,0.05747128317641223,False,147.1874,0.8709396845636074,0.09297115708318161,False,14.3059,0.6878073366824902,-1.5380939597670271,False,14.5108,0.9714860654294165,-0.807696719559032,False,11.0846,-0.34650751698863336,-1.014864568312223,False,2017.3350013786717,7.604037954729504,-2.3878418424680565,2.436905516804058,-0.40508052309762643,0.5904819373685202,False,False,False,False,True,-1.1382618672885805,-1.181026782381883,1.6761214932598667,1.09,1.1848,0.4203,0.6035,0.0626,0.8209408848633342,0.8296467010559534,2.286075944702148,0.5057592429150404
250.8263,1.7377056073193227,2.3517216123251274,False,250.9568,1.701083213438204,1.7731869616141211,False,23.9031,1.2530503324815239,1.1084975130714458,False,23.7605,1.6831457387556499,0.7544348978830316,False,25.8068,-1.162750349004896,-0.9113690445742343,False,1786.2921764236366,8.462329766358884,-4.359781557090025,0.5019904969821497,2.0708331565463953,-1.3975353893967304,False,True,False,True,False,-0.6030921491614958,-0.6597384353402899,0.6290193591460481,2.0602,1.8716,1.5496,1.0816,0.1426,1.7193944103787633,1.4680980356185869,4.403420891540527,-1.136880126972656
695.7343,3.98094429539224,-0.4762457847362504,False,695.8342,3.913113525782939,-0.5198623592752932,False,66.2519,3.508693294771775,-0.13476537220333523,False,66.3384,3.4668150562872624,0.15977278875428125,False,66.4576,1.0101404464576886,0.5675819896416265,False,1894.3839350266405,9.091285568053172,-1.9187073378155175,0.9737164646602205,0.05839859837249115,0.07538460754376726,False,True,False,True,False,0.7238129090417111,0.9892881290536949,3.416472430562195,0.8643,0.9343,1.0191,0.8996,1.2858,3.9470289105875898,3.4877541755295187,2.6824327255859384,0.08014969620605505
396.9265,3.1685232470683005,-0.6455596618410205,False,396.2302,3.1520412378471403,-0.481942520937743,False,38.1974,2.590438516780727,-0.47223918083588623,False,38.2297,3.169482039904435,-0.0865872278847723,False,38.8643,0.22595606483879518,0.5199740487221517,False,2267.317289164746,9.155509975472809,-0.9884082916213404,0.9305358438199767,-0.7483868853017812,-0.6444437503973717,False,False,True,False,False,0.25518211105030764,0.49303123545100075,2.410495891076322,0.7927,0.9498,0.8751,0.8242,1.249,3.16028224245772,2.8799602783425806,1.9924881685180669,-0.5146229873095702
522.0316,3.6363396613242918,0.4497781576412357,False,522.1904,3.4085606046175974,0.4799981522445015,False,49.9627,2.824407744257586,0.7796949064662586,False,49.9857,3.240864352887633,0.17186207339041532,False,49.9432,0.7210055566605791,-0.11341855655434024,False,3867.3249182566897,10.001986829620604,-0.22030174105998487,1.0783007696862048,-0.2286173589039299,1.0227614495113078,False,False,False,False,True,0.4709097835188984,0.6176892878161588,3.0455610445406327,1.2559,1.343,1.4093,0.9033,0.7594,3.5224501329709446,3.0326360485726096,2.436983220703125,0.8629388991894533
667.8025,2.852613842768155,-0.23835505796614034,False,666.6375,2.796796714057412,-0.31044699400469267,False,63.5187,2.279634756098871,-0.11953217945255996,False,63.4862,2.5002934244489787,0.014374635698075788,False,62.5337,-0.07662192321539982,-0.06788052610962514,False,1788.4689321762519,9.006219567331367,-1.924455230375296,0.8871330233084088,0.7853959309680673,-0.28024396088081893,False,True,False,True,False,0.05529349783033801,0.09295484887727513,2.0223392732169194,0.9649,1.0199,1.0256,0.8551,0.7946,2.8247052784127833,2.3899640902739248,3.304144274414062,-0.2136955734936521
674.8349,0.7691965142340869,1.198211706575031,False,674.8768,0.7613385285559136,1.0673886802990713,False,64.4928,0.6711993292531737,0.9442133881746274,False,64.5016,0.6707835430263568,1.8032620244233013,False,64.9989,-1.259354317330746,0.4549012381718912,False,607.3103203902606,9.105258186218993,-4.252410240725729,0.7525227002265947,3.162661637729689,-2.3319109834145824,True,False,False,False,False,-1.1714240703279,-1.3105670250289787,0.5050927316398776,1.5724,1.5831,1.4795,1.4026,1.1987,0.7652675213950002,0.6709914361397653,5.337127723266603,-1.908926786894531
419.9574,1.1523435442245085,0.02412874592533319,False,419.6477,1.2162809388599871,-0.2194393819945721,False,39.9493,1.9708267267623005,3.0747511619791568,False,39.7915,3.009760862106624,3.1301426975946507,False,37.8709,-0.7254688087427975,-0.2929832902397508,False,1418.293665711909,8.438447556125315,-2.762938250966771,0.6037963359134934,0.3928673001001257,-1.537881558831167,False,True,False,False,False,-0.9218173423280392,0.17487292596430443,1.1899779563394608,1.0759,1.0571,2.3886,1.8087,0.6206,1.1843122415422478,2.490293794434462,2.9684627359619142,-1.2528439770971662
550.8205,1.7663454368468223,-0.3551721742926158,False,550.1099,1.6851226661395928,-0.5475071446439589,False,52.7958,1.006346446608267,0.8188324939951724,False,52.796,0.9130891757466705,1.6735472676518097,False,52.7631,-1.0822499249903992,-0.48341505391765033,False,1626.1860166219546,9.708241319277098,-0.5684878342569576,0.727669733317806,1.03387894235079,1.8856191575058552,False,True,False,True,False,-0.5993159004720628,-1.074825181222166,0.7322878504287592,0.9155,0.923,1.426,1.3629,0.4734,1.7257340514932076,0.9597178111774687,3.516641282226562,1.5758924648754888
302.1205,0.9081510696780075,-1.5323292695824844,False,301.2203,1.0247560403459954,-1.6400877770020221,False,28.2841,1.0551147343472556,-2.3843564062754594,False,26.0912,4.079462124390351,-2.325392047527739,False,17.8373,-1.2831398367337672,-1.014088351884188,False,2000.9933225936627,7.792447543890807,-2.824313354213337,0.44978986571906926,-0.2757295503660022,0.10738603248134837,False,False,False,False,True,-1.051586293699277,0.2377381810013054,0.4745799146802636,0.4177,0.4764,0.0592,0.139,0.0632,0.9664535550120015,2.567288429368803,2.396693948364259,0.10659151831054814
1005.5334,5.9913589985217,1.6988227091320123,False,1006.5455,5.421784421236129,1.130262218703913,False,95.8723,3.7292714505920648,0.058813354137280956,False,94.8537,2.180749309240146,0.3156265393336299,False,92.6894,0.6720586475770488,-0.8986908429163306,False,2162.514744193473,9.300238174898146,-1.3214983663174493,0.7998265720822842,0.1673944558169198,-0.936945390247149,False,False,False,False,True,1.7718960843946796,0.5543088008293661,2.9827704006913787,1.7841,1.6088,1.1017,0.9473,0.1524,5.706571709878915,2.9550103799161054,2.7756434985961906,-0.7563083604223628
309.5341,1.7415395471550457,1.3060428908763932,False,309.461,1.7305624363661867,1.5454232874705125,False,29.6434,1.2453077143194449,0.9151531435423801,False,29.6907,1.4057665368599832,0.4956588591852459,False,30.1065,-0.7521913113529051,-0.607350943593892,False,1792.3332572532545,8.581028701685327,-1.0861086904091324,0.9280416969194067,-1.3628818534403362,-0.14721426686625075,False,True,False,True,False,-0.5931705475316583,-0.7761378179065518,1.1556974843838452,1.618,1.7785,1.4671,1.0024,0.3776,1.7360509917606162,1.325537125589714,1.4669860775756849,-0.10377710859375
412.8994,2.622373508457092,1.8809060685882593,False,412.9931,2.415579387441167,2.2725056070782514,False,39.5141,1.80312062612596,0.7616494319768791,False,39.5015,1.8972103521944437,1.2435608195125596,False,39.6165,0.0917448344264467,-0.7861394608512677,False,2950.4828652994274,10.213066404806785,-1.1836608489207396,1.241362028301887,1.3248057324328188,0.7560442383290388,False,False,False,True,False,-0.12681587942286193,-0.3477846488366761,2.2383254777206902,1.8611,2.0757,1.4016,1.2313,0.2394,2.5189764479491297,1.8501654891602017,3.7654352421875004,0.6425584297558586
1147.4048,4.755837894823744,-0.2430844958740948,False,1147.7378,4.564604449093636,-0.31313807930606746,False,109.87,3.4429678137071016,-0.10406462989023484,False,109.8778,3.5870749214970443,0.5799571142155854,False,109.8621,0.9233737696313011,-0.4382651316869527,False,1470.315926047476,9.498219959928235,-2.826851337239456,0.9599756868839973,1.6763956440415841,0.2381807210154246,True,False,False,False,False,1.1486305436204463,1.0115514852634595,3.3051653918829698,0.9629,1.0188,1.0322,1.0282,0.5083,4.66022117195869,3.515021367602073,4.066106921020506,0.21466326490234344
305.5665,1.7388775271577341,1.8901284725087706,False,306.0417,1.6593922648597401,1.1353997451883553,False,29.6905,1.5357822004173192,1.9967098288473966,False,29.5635,1.476548265625919,0.38881572199562986,False,30.1532,-0.8972296970046512,0.33950372920403343,False,1988.940945151176,8.52135825995221,-3.626421154526954,0.631364039385879,1.8094355660274661,-1.3959658141698306,False,False,False,True,False,-0.6151598613879891,-0.6286569960253784,0.9696376536724122,1.865,1.6109,1.9286,0.9697,1.1095,1.6991348960087371,1.506165233021619,4.1798796300048835,-1.135583233818359
465.091,1.5740222656567529,3.1519425063510242,False,464.8246,1.5616806601932485,1.7046866084882235,False,44.4323,1.2186978824954768,1.5619779434214365,False,44.4013,1.2751848183791372,-0.052933273357156266,False,44.4221,-0.8864106281809159,0.4419642977046426,False,2153.3310427812494,9.143598565361067,-1.5828264074206033,0.8070225702734536,0.3370236239008496,-0.4944505823788226,False,False,False,True,False,-0.6933596968640341,-0.8403103859562651,0.9835166975183148,2.3986,1.8436,1.7431,0.8345,1.1887,1.5678514629250007,1.246941350437307,2.920706496887208,-0.39068811024169925
359.6631,2.309573424451702,-0.3525709834432409,False,361.2525,2.3235017791002286,-0.26200745857995084,False,34.8902,2.0473121782050683,-0.3173293284010831,False,36.3862,2.193624401975068,-1.6356493484229082,False,29.0423,-0.4596691564221927,-1.0165463705729654,False,1632.6721673246816,8.18856622739417,-1.6220503934505315,0.7477873563218391,-1.211170308134958,-1.6466373568271355,True,False,False,False,False,-0.24739990204363366,-0.12708544645507355,1.530954161305474,0.9166,1.0397,0.9412,0.3501,0.0613,2.3165376017759653,2.120468290090068,1.5967263332519526,-1.34270564635254
796.2275,4.134825547166877,1.5318735509812194,False,797.0389,3.852311534905944,1.3797992193768251,False,76.3468,3.275220031057688,1.9592127389993355,False,76.3316,3.8684197459362912,2.2936948957432213,False,76.4219,-0.803669540112927,-0.7248183630365093,False,1714.9303410480322,8.522698600735982,-1.5695084810971642,0.33269813118496644,-1.035507482477326,-1.4784636778710751,False,True,False,False,False,0.7515345442757045,1.0579268399206807,1.0896595835524607,1.7135,1.7108,1.9126,1.5527,0.2868,3.9935685410364106,3.5718198884969894,1.7469491779785162,-1.2037487558300768
1270.4233,3.0102914461792256,-1.3476447192768621,False,1271.4995,2.979107927450236,-1.5072460207614427,False,121.4429,3.07595742851061,-0.9097833480004508,False,122.1514,3.1809152885750227,-0.49631595582293364,False,121.1839,-0.32882807431255223,0.2657631685407164,False,1663.0258091525689,8.71509504547836,-0.822174014725953,0.5522837299461334,-1.5110449430049906,-0.5992404842399089,True,False,False,False,False,0.15655177891444802,0.6959091653964167,1.6988012417733565,0.4958,0.5307,0.6884,0.6988,1.0525,2.994699686814731,3.1284363585428165,1.3402803803710928,-0.477272877912597
584.6085,1.4656756228535532,-0.3409838605687524,False,585.0748,1.5798121153163034,-0.3706294471081598,False,55.9825,1.5196346088508206,0.21770727236844067,False,55.9967,1.5584823280197173,-0.017645631716548982,False,56.1863,-0.9892281331467743,0.7543914099886961,False,1529.222121975603,9.051776284642207,-1.4134972563495893,0.5604104721154544,-0.2581955895174838,0.06707681584697366,True,False,False,False,False,-0.7202283301268773,-0.6018000385888685,0.8516191485890724,0.9215,0.9953,1.1695,0.8453,1.4302,1.5227438690849282,1.539058468435269,2.411688592041017,0.07328521593505855
1259.2739,1.3287229792284938,-0.7179200618327239,False,1259.3079,1.381190473518106,-0.9406502427629486,False,120.0127,1.3705193235308444,-0.8840040987299087,False,119.9774,1.4247886593965786,-0.682883024126514,False,122.2249,0.03501944274081493,-0.9896375344010884,False,1617.7037389226043,8.621518324329108,-0.8884031750038504,1.58009910044021,-1.8539300723271643,-0.47362223824899946,True,False,False,False,False,-0.8201718389676015,-0.7172552065466274,2.1655563502470123,0.7621,0.7623,0.6994,0.6417,0.0821,1.3549567263732998,1.3976539914637116,1.0470528329467772,-0.3734782712646485
988.7715,6.580983139604357,-0.5202295572802269,False,989.5982,6.519118374985509,-0.16659625244030826,False,94.6121,5.382045859941688,-0.2831132339147273,False,94.6673,5.075231436701596,0.07253389692055812,False,93.9395,2.2821415733249655,0.3772795953683995,False,2113.35603226335,9.482844559547415,-0.8732965586355784,0.9379770924860807,-0.5809989950257892,-2.8949737128081963,False,False,True,False,False,2.2743198951229733,2.41070075689926,5.048235727334853,0.8457,1.0787,0.9558,0.8729,1.1387,6.550050757294933,5.228638648321642,2.1356344771118163,-2.374168711381836
307.0489,0.8663224212994566,-0.20808665535523163,False,307.0462,0.8723806676246019,-0.34787754410562965,False,29.7447,0.6677681245264474,-1.0264930401525416,False,30.0964,1.1887222337584098,-2.201231826940418,False,29.7974,-1.2159016011052286,-0.8517297490202181,False,1981.7030129214386,7.9626972703664745,-5.190735594958675,0.8398652622573918,2.9130867249764285,0.22405256905458368,False,True,False,False,False,-1.1094257413054174,-1.1005222319485668,0.5608352510325314,0.9777,1.0046,0.6386,0.177,0.1887,0.8693515444620292,0.9282451791424287,5.123696946289062,0.20298959469726796
309.1081,2.020579793018847,0.6618934478129935,False,309.1698,2.0266420881692326,0.43400505800282774,False,29.5987,2.041295030509145,0.4290971163868861,False,29.7335,2.388578843535847,-1.2448713909954432,False,30.3992,0.6662383109479478,-1.0192631280710875,False,2130.139825433733,9.311623735505822,-3.836842650759631,1.4575570136682396,3.453675852297623,-2.189554968569868,False,True,False,True,False,-0.42188358344129445,-0.04995285679513295,2.9753038886847274,1.3456,1.3242,1.2597,0.4697,0.0592,2.0236109405940397,2.214936937022496,5.585996446655274,-1.791302261506349
477.9494,3.2337020724913903,-0.30078363835113936,False,476.9593,3.004485140223967,-0.48536753859403775,False,45.7983,2.657167206132773,-0.08016023511209583,False,45.8217,2.6441748013596102,0.3257553994341745,False,48.3906,0.2895110373217756,-0.5374914650707495,False,1439.3816957959812,8.74285900826292,-1.250323878040038,0.9378507363633702,-1.1849272678732932,-0.0682042254306001,False,True,False,False,False,0.23064783059428445,0.30581911687880325,2.4920262209122206,0.9385,0.9484,1.0424,0.9504,0.4316,3.1190936063576786,2.650671003746192,1.6191687831420882,-0.03849346999999881
835.078,3.5263579849741062,-1.4039250303815203,False,834.2634,3.5870966368433117,-1.2119605699651634,False,79.4701,3.239758704037532,-0.9118925593044043,False,79.6875,3.1980056672746024,-0.1411523774586743,False,79.8754,0.5783097279192528,0.025006706445219823,False,1670.8434707265926,10.104760519696562,-0.24136064932187845,0.8835554068870677,0.0797708089999108,1.0384611540140871,True,False,False,False,False,0.49132720872141133,0.7697571678365319,2.862506319961801,0.472,0.6514,0.6875,0.8075,0.8664,3.556727310908709,3.218882185656067,2.700709752990722,0.8759110963452148
537.1732,1.9600862478735812,-1.1452247768164106,False,537.2171,1.9030958631268295,-1.2557518671420766,False,51.6016,1.7662288222686335,-1.0007137908819994,False,51.5558,1.828198505910432,-0.9606098333349967,False,51.5164,-0.21630804125441264,-0.6537945598713144,False,1288.2263458333575,9.592115045559268,-0.5444726139062958,1.0435485354603873,-0.33637350411610467,1.3553726307957294,True,False,False,False,False,-0.4766958297836995,-0.3910192195386606,1.8431455007663566,0.5814,0.6335,0.6496,0.5567,0.3417,1.9315910555002054,1.7972136640895329,2.34483262133789,1.1377655890209954
287.6559,5.274352489471971,0.607741383766915,False,287.2819,5.334174499602672,0.8291053090682714,False,27.0895,3.780637226403229,0.35574343437161604,False,25.0247,2.7924373861524696,-1.8878906386687295,False,25.0009,-0.09381367550693033,-1.0293539416355415,False,2727.8573803103154,8.64761604258115,-1.4888710953957383,0.5290867728306793,-0.36648063301388567,0.5874990861687851,False,False,False,False,True,1.5322585649347222,0.8249968142881888,2.000285149361215,1.3227,1.4857,1.2284,0.2729,0.0514,5.304263494537322,3.2865373062778493,2.3190856909179676,0.5032946020141615
148.817,0.5197179259427777,-0.026003295898984487,False,149.4671,0.5184369533199347,0.4780409992980475,False,14.8829,0.3357477077747151,0.1591180694808452,False,14.981,0.4571195835160019,-0.3911065057463085,False,15.3103,-1.5002951040663572,1.0571158169223136,False,1188.3264555801827,8.65390631589146,-1.6824694957390915,0.5837903328657059,0.9253281424745364,1.7814018671991212,True,False,False,False,False,-1.3180688025499123,-1.5347403786210223,0.19600626608069865,1.0547,1.3422,1.1445,0.731,1.6642,0.5190774396313562,0.3964336456453585,3.423811112304687,1.4897808290380858
670.6125,4.118530588081854,-0.5027306370207955,False,680.8453,4.134360705962231,-0.4540530914507703,False,65.8833,2.974023648755282,-0.34404600491782694,False,66.0906,3.0559380013340447,0.034632355899165045,False,65.5216,0.3957339487361373,-0.22454687516800573,False,1435.1555976814745,9.974471220387693,-1.645800803172834,0.8837496413636008,2.907062052913604,1.6958554980272889,False,False,True,True,False,0.8306836614379726,0.6032739960134755,2.628292332994348,0.8531,0.9612,0.9298,0.8613,0.6735,4.1264456470220425,3.0149808250446632,5.118544784057617,1.4190964179614252
263.1857,1.8281128728448854,-0.16835937692841396,False,264.5039,1.9601210659483976,-0.20011249664833675,False,25.8304,1.6628414799900137,0.13404189064495386,False,25.7708,1.9177526807887284,0.2110705641022011,False,24.4727,-0.5902786603058761,0.2657631685407164,False,1887.9886933930923,8.706469776918997,-2.012638443584808,0.8199243121611948,0.11420668538823493,-0.36006792602389426,False,True,False,True,False,-0.4990175142421239,-0.39666653248022127,1.363404156713915,0.9945,1.065,1.1338,0.9153,1.0525,1.8941169693966415,1.790297080389371,2.7301585296020505,-0.27965173294921897
215.1214,0.7525403734132596,-0.030023318120745872,False,215.0128,0.7655043549729765,-0.13283536411397306,False,20.4249,0.6477282940694252,-0.21468104494201556,False,20.3194,0.7992831009756342,-0.33980873039838866,False,20.6109,-1.2399842141715567,0.4265693385486167,False,1852.024573309373,8.13757442290551,-2.0380597450562656,0.8181537193488564,-0.354562952194954,-0.16799334042946684,False,True,False,True,False,-1.1751440390569148,-1.2676897201658217,0.52994131292039,1.053,1.0925,0.985,0.7467,1.1768,0.7590223641931181,0.7235056975225297,2.3292774199218744,-0.12094623677246119
250.9429,0.2579734603428782,0.3738706792185663,False,250.9566,0.26549534194977803,-0.09711732284118384,False,24.0121,0.24138493232279565,-0.2561622005864332,False,24.0172,0.27612339317908857,-0.19048972827100472,False,23.95,-1.6046946627567051,2.940604979549038,False,438.20976895915294,8.011053767112413,-3.874235759092288,0.2571793026754759,1.5711937702200174,-0.9500819965109597,True,False,False,False,False,-1.4713568663804715,-1.6471541307337618,0.06207920857114353,1.2238,1.1071,0.9673,0.7924,3.1201,0.2617344011463281,0.2587541627509421,3.976140676330566,-0.7671627460180659
545.2626,2.7322610787874995,-1.6087096917959491,False,544.2975,2.6920336858383798,-1.763877700865251,False,51.7319,2.603645709751768,-1.6226967687367153,False,51.4004,2.6777632828487405,-1.743799435302917,False,50.1503,0.39969550834044076,-0.9104634587415268,False,1617.7037389226043,9.567788610720285,-0.22104119513968082,1.0114180808668787,-0.9774491374242497,1.3111516857026597,False,False,True,False,False,-0.011752349081079881,0.2976815754390479,2.6333743470144144,0.3854,0.4258,0.3842,0.317,0.1433,2.7121473823129394,2.640704496300254,1.7965993513793936,1.1012271421948245
573.239,2.67704076291419,-0.5147907036860794,False,573.4995,2.7037128684561655,-0.640471909600534,False,54.9589,2.4117815736403525,-0.6770670341309208,False,54.9576,2.5273483420141494,-0.5038309165426925,False,55.0371,-0.3071997356578059,-0.8139538828558522,False,1920.4838589598253,9.184450186301996,-1.587208848927683,0.7158802347101272,0.29594865679595633,-0.26970395323283325,False,False,False,False,True,-0.024720129466784483,0.15794806358858282,1.7265467590072157,0.848,0.885,0.7877,0.6965,0.2179,2.6903768156851777,2.469564957827251,2.8855801212158223,-0.20498667981933494
303.1534,0.6450425544372769,-0.4644221899663642,False,302.9584,0.6826524225524311,-0.17662666129088608,False,29.2179,0.5679857668089746,0.2554387190280523,False,29.1876,0.9576972763849928,-0.40482947749543347,False,28.6002,-1.2037925307599873,-0.5702219244528884,False,2570.7798289029556,8.312312409502232,-1.973603242497506,1.014759846693305,-0.2664277610387405,0.09109426504999758,False,True,False,False,False,-1.2318355761856716,-1.235572461416041,0.5763691496510545,0.8693,1.0746,1.1856,0.7268,0.4063,0.663847488494854,0.7628415215969837,2.404648626586912,0.09313011723144626
673.3099,3.22752581674468,-0.5665780487781809,False,673.4013,3.1130411608481827,-0.6333772301696374,False,64.3127,2.7236662397266675,-0.36982525418836903,False,64.2668,2.921344132792356,-0.2525698385646655,False,63.9842,0.29719925342122333,-0.25210255836324524,False,2167.933344920783,9.354473405872051,-1.752471747342034,0.9185739689095394,0.6251477560018767,0.4972772885907907,False,True,False,True,False,0.2611394188375268,0.44611979778970595,2.5018889078106454,0.8261,0.8879,0.9188,0.7734,0.6522,3.1702834887964313,2.822505186259512,3.1671036876220704,0.4287470240185538
418.6207,2.1424226039456262,0.7025666138214023,False,418.5767,2.235987370252388,0.7102082675711782,False,40.1124,1.7439681409873538,0.23692453091557203,False,40.1802,1.7344670880122388,0.5760362651444065,False,40.2407,-0.6650602538826557,0.0811530280730789,False,1456.757719518798,9.09498851675135,-1.2091896182781618,0.7267747227113338,-0.12562189348688274,0.8208966882057803,False,True,False,False,False,-0.32324640669835014,-0.4383723429310436,1.2674719620834842,1.3628,1.4371,1.1777,1.027,0.9098,2.189204987099007,1.7392176144997964,2.525062595214843,0.6961440730834951
216.8219,0.2420126122374542,0.09554325833544576,False,216.8684,0.25996311390555665,-0.1553426229981967,False,21.0029,0.22963799508824645,-0.08273816003915027,False,21.126,0.23845209087269728,-0.4388101694456477,False,20.9017,-1.519998342615462,-0.7942897333456344,False,422.10304865482635,6.944446054436558,-3.688920740047988,0.743475957080408,-0.1459756482219288,-2.691171831286346,True,False,False,False,False,-1.477758112064321,-1.6673288496272936,0.17073032818026004,1.1061,1.0833,1.0413,0.7164,0.2331,0.25098786307150545,0.23404504298047185,2.507656528076172,-2.2057733006689446
1306.4884,5.767710582093688,-0.24284802397869712,False,1306.6887,5.531939707687494,-0.18690171425977065,False,124.6565,4.410301830918238,0.6882957499616095,False,124.656,4.5146645761646225,2.442687160448007,False,124.5394,0.5799323719163628,1.537981894089944,False,1297.3232174666746,9.469081666184245,-1.2448761883532078,0.6495219621809547,0.0662158956285395,0.3041883713158525,False,False,True,False,False,1.7380946218515174,1.7851434375461865,2.8645878990282703,0.963,1.0704,1.3703,1.5983,2.0359,5.649825144890591,4.46248320354143,2.6891179000244136,0.26920341585449137
147.6707,0.5895292705741587,1.9679277260946215,False,147.8246,0.6838503888757262,1.4972283961640773,False,14.6713,0.6176540919321745,0.23387789236541687,False,14.6753,0.8820666595372755,-0.39077976832371036,False,15.1082,-0.9573452519117758,2.600751553474417,False,2257.491306205141,8.455414877553663,-1.2661051309220492,1.4450151455287765,-1.3774388403373246,0.530371219001185,False,False,True,True,False,-1.2480122132360378,-1.246171421278625,0.8925195175398153,1.8979,1.7588,1.1764,0.7311,2.8574,0.6366898297249425,0.749860375734725,1.4545372741699207,0.45609155078125063
142.5904,1.2589170087102397,-0.29037887495363957,False,141.9921,1.2128266207955776,-0.6138057007050953,False,13.1107,1.1719045523214506,-1.6454293794571022,False,12.9038,0.0022378256804182913,2.1623464518587387,False,21.9998,0.2748007734854185,-1.015123307121568,False,2484.164825351484,8.682292787736035,-5.031015290095331,2.1103727467155515,3.54415194354051,-1.9726610396358581,False,True,False,False,False,-0.8911055453588277,-1.3790869646799648,2.4731554289710793,0.9429,0.8959,0.3745,1.5125,0.0624,1.2358718147529086,0.5870711890009345,5.663369537719724,-1.6120892828466822
302.7806,0.6429637959908879,-0.7193388932051104,False,302.9808,0.6792192870337451,-0.8701927366905969,False,29.0887,0.667722732832113,-0.7473740775960355,False,29.121,0.6979880628337277,-0.6681798401095945,False,28.6247,-1.3083868451015892,-0.12221567607206918,False,775.19446193778,8.2281239835371,-2.436617190091646,0.6622393273233074,-0.16178098021618117,-1.4758263824826274,False,False,False,False,True,-1.2334771740290007,-1.3008802334983036,0.4421922534292191,0.7615,0.7911,0.7577,0.6462,0.7526,0.6610915415123165,0.6828553978329204,2.4941401683959974,-1.2015696373803717
671.2426,5.705283866647042,-0.9496625193224931,False,672.923,5.7767360522971645,-0.7400420657513919,False,64.3926,4.92221677932381,-0.5320001677812337,False,64.3849,5.032150129875295,0.14278244277917415,False,63.8772,1.5720543800409537,-0.43917071751966,False,2132.729449484465,9.90590186506642,-0.5713043005260162,0.8405386416861826,0.0906525646453388,0.5721990389202125,False,False,False,False,True,1.7924094529821128,2.205390414208525,4.137313405777772,0.6641,0.8443,0.8496,0.8944,0.5076,5.741009959472104,4.977183454599553,2.7100155823974603,0.4906526297167968
465.6241,2.2590621047268185,-0.1733252867317664,False,466.0249,2.3678445494625895,-0.24170199676048848,False,44.4199,2.366456194618995,-0.22475838783868193,False,44.1541,2.5452936881970136,-0.7413690227715944,False,43.0179,1.49397213110176,0.5409318922790944,False,1958.6017013929727,8.256242475287403,-1.8809528991418905,1.705988488264591,-0.18398832134516305,0.8212475492400299,False,False,False,False,True,-0.24923707042788604,0.14677031887441447,4.037147026002437,0.9924,1.048,0.9807,0.6238,1.2652,2.313453327094704,2.4558749414080046,2.475148956420899,0.6964339790820286
269.7878,2.045940750040668,-1.5983049283984494,False,271.6248,2.039918819456485,-1.5960518357068025,False,25.5689,1.9379687782825898,-1.3110022093747062,False,25.2986,2.3237699147592608,-1.0047193853857554,False,24.2396,-0.04838447956930589,-0.7099408814991733,False,2153.6256857652197,8.561195025320263,-1.2966048386637328,1.0622272053818123,-1.006796452798308,-1.420579627409195,False,False,False,False,True,-0.4103761875803975,-0.11859310064763287,2.0585631594723206,0.3898,0.4944,0.5172,0.5432,0.2983,2.0429297847485763,2.1308693465209254,1.771502196166992,-1.155920892915038
666.8376,5.4182375973618875,0.2570535628920911,False,666.998,5.19961552573642,0.2629988193063909,False,64.5058,4.866110890040964,0.44972051580331956,False,65.8855,4.943833694809887,0.0833162318662991,False,73.2556,2.7046461497235796,-1.015123307121568,False,2000.8930101729952,8.90262098302376,-1.6901162859590777,1.1488102293605167,-0.5059942249719139,-0.45246956619360645,False,True,False,True,False,1.5350361512955726,2.1464308109781705,5.590237967681668,1.1744,1.2543,1.2685,0.8762,0.0624,5.308926561549153,4.904972292425425,2.199776846923829,-0.3560004498046876
302.3452,0.5843521836311835,-0.6952187598745423,False,303.2314,0.6407776078044439,-0.6639577449579847,False,29.5927,0.6601054354914296,1.1230276353875697,False,29.2388,0.7349139982024107,0.6868002514052014,False,22.0137,-1.3037615980688573,-0.051062503502201935,False,671.3295529048947,7.697851330533854,-2.6059420341651784,0.6788698328935796,-0.2907228066620838,0.10864658213209384,True,False,False,False,False,-1.2623823879482166,-1.288915146541345,0.4481256666842105,0.7717,0.8754,1.5558,1.0609,0.8076,0.6125648957178137,0.6975097168469202,2.383872057312013,0.1076330728564443
516.2749,3.0276069812360435,0.43677220339436074,False,517.1284,2.9789971137757454,0.23070579568989671,False,49.2606,2.4002227606815265,0.3782416882804529,False,49.1527,2.410734028713831,0.5505507461817465,False,47.5863,-0.6893513201846628,1.242631543222659,False,1559.9391846670223,8.835732712253863,-2.2903055870536457,0.5150816140137233,0.3915660254348636,-0.10596182611563398,True,False,False,False,False,0.1616758313173548,0.10562210426659768,1.2363106135643156,1.2504,1.2411,1.238,1.0192,1.8076,3.0033020475058945,2.4054783946976785,2.9673499155273433,-0.06969144828857488
595.3063,5.494779500604194,-0.2478139337820493,False,594.3378,5.310777144706804,-0.21821616140303782,False,56.7425,4.013472040847042,0.16474263295805427,False,56.7989,4.032174108375978,1.2337586968346128,False,56.86,0.5773949707779712,-0.06011836182927596,False,2317.0519221626405,9.963900739635939,-0.6750859543128442,0.7129320477215755,0.3113565075101545,1.1685649232165511,False,False,True,False,False,1.5909395665648252,1.426165878157144,2.8613328405543728,0.9609,1.0576,1.1469,1.2283,0.8006,5.402778322655498,4.022823074611511,2.8987565639648434,0.9834119569189443
417.6011,1.73187725219978,0.5762906216790176,False,418.1251,1.8301521377642278,0.3655047048769303,False,39.9539,1.5866455600078717,0.5622117853475034,False,39.9427,1.51032646135871,0.0003249265263526563,False,39.5827,-0.8539348384216258,-0.62546266024804,False,1757.682177428687,9.297650418854511,-1.5355314104912978,0.6461289743129154,0.44871801037468445,0.40735150041558393,False,True,False,True,False,-0.5663876236568421,-0.5941025561824724,1.0251776682860274,1.3094,1.2962,1.3165,0.8508,0.3636,1.7810146949820038,1.5484860106832907,3.016224990417479,0.3544440297558591
160.7932,1.0616533952778056,-0.5828946095606236,False,160.989,1.036306095694362,-0.8327621865896602,False,15.6495,1.0089471117136206,-0.010556262081631997,False,15.5466,1.4871037237014408,0.17905029668757597,False,21.1488,0.1291720338344596,-0.9107221975508718,False,2076.3258527276275,7.590500250091079,-2.224414854281965,2.2660635497386084,-0.8602011464614848,0.5169473116988546,False,False,False,False,True,-1.002429028643436,-0.8394252572005019,2.2863382734682833,0.8192,0.8064,1.0721,0.9055,0.1431,1.0489797454860836,1.2480254177075307,1.8968671608886716,0.444999776914063
244.9394,0.8590926780782309,0.6188555628506078,False,245.2379,0.9878296010343943,0.5279483994326298,False,23.6492,0.9351293165729637,1.4005061002632224,False,23.7174,0.9388263394524384,0.066325885891192,False,23.6992,-1.3628118881381832,0.5292886458585705,False,1724.3655427506797,8.707502995482754,-2.0156933917432625,0.39820598006644525,0.12088918623281329,-0.2879905945988063,False,True,False,True,False,-1.0771950071247423,-1.0933921221838228,0.3723740859948021,1.3274,1.3626,1.6742,0.871,1.2562,0.9234611395563126,0.936977828012701,2.7358732520141604,-0.22009638567871015
340.172,1.8357684528116849,-1.232246434322773,False,339.8883,1.8245146431987187,-1.3032128260935911,False,32.3974,1.7988025901787814,-1.1502334366511435,False,32.3544,1.788568055568952,-0.9465601241632732,False,32.6651,2.120833283132046,1.063843025965283,False,2050.748908120672,8.609896239411832,-1.6016921716867585,2.691403923179624,-0.4911917039834886,-0.20826116063448696,True,False,False,True,False,-0.5371248923766541,-0.393900070530026,4.841304348232841,0.5446,0.6141,0.5858,0.561,1.6694,1.830141548005202,1.7936853228738667,2.212435625488281,-0.15421833451416056
213.8307,1.0567168478064626,-0.002592578254609794,False,214.0381,1.0276945261689672,-0.02641517265052567,False,20.5223,0.8848517121857974,0.30301315177278,False,20.5444,1.0763623954895478,0.06469219877820111,False,20.6518,-0.7320109363229933,-0.1916870463811943,False,2136.1748282347176,9.049143050239485,-1.298530084758736,1.3353486146753077,0.015596102888257989,0.9986904220300824,False,True,False,True,False,-1.006464040888581,-1.0577693491049882,1.1815855080603788,1.0646,1.136,1.2059,0.8705,0.6989,1.0422056869877148,0.9806070538376725,2.645829007019044,0.8430497277612314
584.7316,3.5616482824309363,-0.7098800173892014,False,584.3701,3.446620940525608,-0.6531934037524862,False,56.1019,2.9002532250333757,-0.8701770468484361,False,56.2333,3.1620426844174334,-0.5848617973470499,False,56.46,0.5229822338289968,-0.48031018820551064,False,2471.1493238629955,9.15761855343104,-0.9901317970076056,0.9625126646403241,-0.5222084190511518,0.23697736669785774,False,False,False,True,False,0.4600000233630118,0.6164742758961292,2.7915304597585684,0.7655,0.8798,0.7053,0.6717,0.4758,3.504134611478272,3.0311479547254043,2.185910837707519,0.21366896915283107
789.91,4.29396154355346,-0.7834227768578933,False,789.8418,4.24105932745866,-0.8838928073157765,False,75.2995,3.4323551135880024,-0.6386325170366579,False,75.2899,3.6629470145479766,-0.23852012939294243,False,75.1844,0.5472760291892553,-0.3828950264871286,False,1909.409105421308,9.417299157919322,-4.535642800928608,0.8223785755808126,1.7397198327725854,-0.14396447957262265,True,False,False,False,False,0.9147098252257311,1.0381932661077873,2.82269530920002,0.7344,0.7855,0.8041,0.7777,0.5511,4.26751043550606,3.5476510640679892,4.120260323913575,-0.10109190636718779
322.1477,2.7365292228840734,-0.45638214552284145,False,322.1627,2.8216801660479858,-0.48071930034620897,False,31.0487,2.780781063997737,-0.5017681390912343,False,31.0068,2.917424476512158,-0.14017216519087977,False,31.9329,0.24026398850311403,1.0458606787158073,False,2372.3033509084757,9.015068179883087,-1.8531166355041466,0.8734418468821566,0.2502383063067981,-0.5863398583934007,False,False,False,False,True,0.028131211786422392,0.46783642652191587,2.428850548313113,0.8727,0.9503,0.8625,0.8078,1.6555,2.77910469446603,2.8491027702549476,2.846489671325685,-0.4666134758911138
427.575,2.7900194207498137,0.3005643916452722,False,426.787,2.742320071478395,0.2167610809464104,False,40.96,2.2305172935134827,0.15818064223464323,False,40.7459,2.5910676248692814,-0.1695785332247191,False,34.9111,0.5488315460790932,-1.0226267325925722,False,1946.1227175365655,8.580316859455758,-2.3843300651008392,1.2663837145327361,0.6814514118781634,-1.681597800944052,False,True,False,True,False,0.020426425209379286,0.10996097826690471,2.8246907754891097,1.1928,1.2354,1.1441,0.7988,0.0566,2.7661697461141044,2.410792459191382,3.2152532908325195,-1.3715924176709002
1495.7064,4.250552141558069,-0.28872357168585544,False,1495.7467,3.9791372563217395,-0.4768049944533007,False,142.4901,3.4878703629527057,-0.5584824874864269,False,142.4534,3.5514140124832023,-0.04933916170857594,False,142.6949,0.9410520187028444,-0.5548269652968626,False,1364.3813234949414,9.883577092975585,-2.14975024724502,0.9541190649028466,1.3713324074996651,0.37127163792783535,True,False,False,False,False,0.8237734808456454,1.015324333012042,3.327843609202788,0.9436,0.9519,0.8383,0.8356,0.4182,4.114844698939905,3.5196421877179542,3.8052237942504874,0.3246323164550784
296.2259,1.4365781171811463,-1.2975126774525447,False,296.7629,1.449475058475379,-1.4522010941424177,False,28.7751,1.44705577593609,-1.5127834241195857,False,29.1545,1.5507211317459009,-1.6209461644059884,False,29.9987,1.219139506050069,-0.7396958445738452,False,2055.6771252952317,8.209864647811493,-2.6979004478922866,2.5462619334032914,0.8286429280376205,1.2189303908185938,False,False,False,True,False,-0.7677124500378237,-0.6345984045329706,3.684583037777429,0.517,0.5532,0.4311,0.3546,0.2753,1.4430265878282627,1.4988884538409954,3.341128120605468,1.0250274392651342
325.3309,1.1620540438272287,-1.102896307540218,False,325.4149,1.1806940803462451,-1.2968520790176148,False,31.1829,1.6951496547878433,0.5340889679614574,False,31.107,0.8807589337494081,-1.809473657245158,False,9.2883,-0.8123895854344008,-0.4981631660503137,False,1134.842954852207,7.715072471049332,-2.0439717891088978,0.6362112220774835,-1.1640126188613633,-0.953276731272077,False,True,False,False,False,-0.9295240535330637,-0.8068237777533332,1.078473233476798,0.5993,0.6167,1.3045,0.2969,0.462,1.1713740620867368,1.2879542942686257,1.6370545142822284,-0.7698024599804683
267.662,1.8603822089089042,-0.23102442920881092,False,268.2579,1.972717763558407,-0.5032265592304324,False,26.0154,1.67887756762512,-0.4459912179422434,False,25.9923,1.8684841988923795,-0.11207274684743314,False,26.7489,-0.5917155623345005,-0.5620716519585218,False,2264.6704263172255,8.729532297094384,-1.7239347010210444,0.8109947262254843,-0.40335029752340323,-0.8645533969541692,False,True,False,True,False,-0.48565514105702506,-0.41023347089420775,1.361560853322241,0.968,0.9411,0.8863,0.8164,0.4126,1.9165499862336555,1.7736808832587498,2.2875555941772454,-0.6964930174438475
948.902,0.6570943786107392,-1.3580494826743619,False,949.4408,0.6681402707942432,-1.5087138854712832,False,90.7042,0.6196825206200939,-2.059069151843528,False,91.0572,2.850899312323655,2.651799110910865,False,86.1857,2.731250705015449,1.4914089084078495,False,2559.7119036935405,7.564642314596691,-2.159317090091501,9.076207486790207,-1.1049738198794794,0.8014475768907551,False,False,True,True,False,-1.2325683312935456,-0.44157844778742894,5.624367133085121,0.4914,0.5301,0.198,1.6623,1.9999,0.6626173247024911,1.7352909164718744,1.6875431495361326,0.6800738530078121
318.4828,1.8683189963566122,-0.39442650892863784,False,318.2736,1.8713807567704286,-0.4746031973885397,False,30.506,1.519969544537038,-0.6437883668907666,False,30.4983,1.8029903578781499,-0.5211479999403977,False,29.7348,0.6064433618493056,3.6913356348634747,False,2076.507965559,8.645574991647333,-2.5302666651901373,1.907009943881067,0.7569534786930894,-0.39775817526997537,False,False,False,True,False,-0.513472366788687,-0.5018442722805666,2.898597035828508,0.8989,0.9528,0.8019,0.6912,3.7004,1.8698498765635203,1.661479951207594,3.2798209375000003,-0.31079406075439486
611.351,3.872657425459629,-0.18727712856023188,False,612.9988,3.7031170491825374,0.003186765664594267,False,58.4708,3.133776586483991,0.545572451727426,False,58.5267,3.636668887479721,0.6707901176978892,False,61.6278,0.6051651172183101,-1.0003751949889046,False,2346.379147788418,9.254416060053266,-1.333691978626006,0.9244300553082423,-0.4350008792967638,-0.598800573839386,False,False,True,True,False,0.6290191306151093,0.9055723605575379,2.89695726316707,0.9865,1.1481,1.3094,1.056,0.0738,3.7878872373210832,3.3852227369818557,2.2604887380371093,-0.47690939308105484
1116.179,8.17316695315061,-0.9664520238957315,False,1117.8801,7.436014323100646,-0.6527041155158728,False,106.8813,5.203607689833346,0.9371826838281156,False,106.676,5.465760521434734,0.7351573899497377,False,106.4331,1.627723320173321,0.957113267110482,False,2027.3828382518554,9.791725149226348,-1.343969961060352,0.8088094903832654,1.186133464868036,0.5096978148249378,False,False,True,False,False,3.0215947795063167,2.4972856822663894,4.20872728376855,0.657,0.88,1.4765,1.0757,1.5869,7.804590638125628,5.3346841056340395,3.6468458796386702,0.4390097340625001
412.9612,1.9943058595929084,-1.4883454970385077,False,412.7185,2.0190700761161446,-1.4128133910950267,False,39.5443,1.9845715875694323,-0.9179858364047143,False,39.5554,1.9948528119443694,-0.6796156499005318,False,39.5439,-0.3041647595429665,-0.854058398304323,False,1489.944949178909,8.585405347422885,-1.4597768127603894,0.8719464358176654,-0.8985535321761533,-0.10183906583525623,False,True,False,True,False,-0.43196386282545274,-0.23384632626761515,1.7304401224061723,0.4363,0.5693,0.6849,0.6427,0.1869,2.0066879678545266,1.9897121997569007,1.8640690747680662,-0.0662849345434573
547.2211,4.338443752186497,-0.7552826213055643,False,548.702,4.140664473965685,-0.8799785014228679,False,52.3857,3.581636081796588,-0.7232353260063461,False,52.4004,4.0179760775401965,-0.47017696201507647,False,51.4918,1.1036105093523088,-0.5840644507528444,False,3183.726599334895,9.045886871289518,-1.1338943103419568,0.9873640716836692,-0.5587744090785911,-0.4738458888445082,False,True,False,False,False,0.8980574589431974,1.2440750055055552,3.5363787850118222,0.7463,0.7871,0.768,0.7068,0.3956,4.239554113076091,3.799806079668392,2.1546404364624028,-0.3736630670751957
258.5027,3.762938742144729,1.0527814909054307,False,258.9429,3.6863822725600484,0.8180963237444666,False,25.7308,2.2079128222919744,0.5891628186757976,False,25.5257,2.8846298035263005,0.7001964857317282,False,24.0602,-1.2801535275468825,-1.0093016839113063,False,3000.7580612150596,8.752869443436971,-1.831342805136673,0.21668013418545998,-0.2584374350659198,-2.470481197983478,False,False,False,False,True,0.5913577154227855,0.22057794136245332,0.4784108466040228,1.5109,1.4812,1.328,1.065,0.0669,3.7246605073523886,2.5462713129091377,2.4114817712402328,-2.023423218530276
438.0382,2.4644029047752003,-0.6909622657573835,False,436.9251,2.406521057071231,-0.4237172207807301,False,41.8091,2.148101006265154,-0.4124781938905387,False,41.8439,2.3801895561399777,0.07155368465276359,False,45.7247,0.5586257206120955,-0.8834252531649772,False,1694.0872187534833,9.04128394876921,-1.0168103791266576,1.3208201310049874,-0.6921379937369162,0.20953563981604711,False,False,False,False,True,-0.17656181786987465,-0.009774796213812036,2.837255052507086,0.7735,0.9736,0.9006,0.8726,0.1642,2.4354619809232156,2.264145281202566,2.0405909385375978,0.19099468943359277
335.1251,1.5082948483963892,-0.7261965781716442,False,334.4122,1.458666477945225,-0.685241783250674,False,31.9634,1.2787164026335403,-0.1821054481365123,False,31.886,1.4410651948067927,-0.44665186758800507,False,31.9273,-0.5090074253773633,-0.5433130882810114,False,1875.729558695698,8.800119073936381,-1.3532966398212434,1.1477615095935305,-0.3825778540810741,0.6495936551188396,False,False,True,False,False,-0.7436157155008413,-0.7480884294700021,1.4676614686286806,0.7586,0.8667,0.9989,0.714,0.4271,1.483480663170807,1.3598907987201665,2.305319714355468,0.5546014906616215
526.2499,5.887611529114091,1.2081435261817355,False,526.2429,5.17189103938894,0.9391951623063206,False,50.8023,4.615980134114886,1.381991912150742,False,50.7276,5.7870772069973295,2.058117214049908,False,50.1043,0.2666455630304091,1.1761356692210008,False,2264.1176446743984,9.444387682972554,-1.7260486220642037,0.5335147889253176,0.4885210806201784,-0.10746564742927846,False,False,True,False,False,1.6665718415098412,2.388565764406198,2.462693666935762,1.5766,1.5307,1.6663,1.4806,1.7562,5.529751284251516,5.201528670556108,3.050263668884277,-0.07093401094726559
219.5768,2.2139939032666396,-0.7434590265356782,False,220.1807,2.1438938179724807,-0.6184539389529241,False,20.811,1.9543326986611615,-0.47833245793619605,False,20.6114,2.321101254156691,-0.3522247524571209,False,21.2836,-0.1951398160692124,-0.5213202894866887,False,3196.7833101439783,9.214049972535815,-1.0447991225189122,0.9570022397736649,-0.4074815368501646,-0.024973954385882974,False,False,False,False,True,-0.32935851379094766,-0.11300208771958577,1.870300769881643,0.7513,0.894,0.8725,0.7429,0.4441,2.17894386061956,2.1377169764089263,2.284022652465822,-0.0027735875659189446
538.3214,4.544155986735843,0.5081867158044733,False,539.2436,4.580970044667612,0.7777300442238481,False,51.5006,3.658699580646876,-0.01735260961659339,False,50.9732,0.004215957303426519,-0.8152116802787912,False,51.3525,1.3125565919017477,-0.6333541939330617,False,2316.855719494522,10.394692192577349,0.0050086293264711024,1.0398288648031946,0.1797965989715801,1.6061608594905723,False,False,True,False,False,1.0904598241868875,-0.3630592923439408,3.8044214315999647,1.2806,1.4647,1.0692,0.6012,0.3575,4.562563015701727,1.8314577689751512,2.7862495287475575,1.3449844157446282
578.1002,2.8253261141249415,-0.14494865928403952,False,577.644,2.793605515764548,-0.15020509651375444,False,55.4288,2.0350225955523147,0.07076555152635072,False,55.4437,2.1797745941156643,0.06828631042678143,False,55.1542,-0.3523961455804737,-0.4475797288233717,False,1733.400786410626,9.219297874493135,-1.8830277826623352,0.8199257235812283,0.6775141798788327,0.41868621441445053,False,False,False,True,False,0.04621601175344905,-0.13775670590360437,1.6685673741623812,1.0044,1.0854,1.1068,0.8716,0.5011,2.809465814944745,2.1073985948339895,3.211886259765624,0.36380956556396526
929.6733,4.1193465616424625,-0.5133718723136929,False,928.0706,4.2815132801419,-0.11106203758467019,False,88.651,3.639637694848029,-0.13289051771093185,False,88.5341,3.7049715821855735,1.1390048442811307,False,89.5257,0.5872796834950289,-0.30747266356306924,False,1139.9846124609976,9.460289811663406,-0.9479114358651304,0.7896426797887228,-0.21388595954233763,0.0719235015801922,True,False,False,False,False,0.8747528780067482,1.139971510211172,2.8740132628198474,0.8486,1.1014,1.0199,1.1993,0.6094,4.200429920892182,3.6723046385168012,2.449581177673341,0.07728988767089895
664.6691,4.208821583650808,1.075009849072817,False,664.9046,3.913711178598628,0.9007860357321567,False,63.6434,2.8362446052850023,0.2795774706177417,False,63.5721,3.1320546006883907,0.6096902196720233,False,62.9441,0.22534445259161973,0.33407021420778904,False,2197.3545662350302,9.124800352366652,-0.8887382739137617,0.8496133552943804,-1.0233550069575166,-0.1432047255476401,False,False,True,False,False,0.7918592054506803,0.5781006493325107,2.409711295531776,1.5203,1.515,1.1959,1.0373,1.1053,4.061266381124718,2.9841496029866965,1.757341698059081,-0.10046414429687545
854.6913,3.2269883863746793,-0.4764822566316481,False,859.9106,3.27624562097918,-0.2933219057232186,False,81.7813,2.64713959115152,-0.1949950727717835,False,82.0948,2.6973662642824547,0.7524744733474427,False,81.9398,0.3823360592065203,-0.0028077155593646333,False,1182.766429023569,9.707539744007068,-0.5420878761144057,0.9863873839788123,-0.13070807091199504,1.4250011002664573,False,True,False,False,False,0.30958625887625923,0.3234405155096327,2.61110509634269,0.8642,1.0269,0.9934,1.081,0.8449,3.2516170036769294,2.672252927716987,2.5207130122070325,1.1952975147631832
280.5817,1.2705814371582889,0.15442476028947877,False,281.0158,1.3642469571168523,-0.13699431412518834,False,27.1176,1.289009908166068,0.33254211002812806,False,27.0644,1.402872223123697,-0.13559784127450453,False,25.7663,-0.7733289282538637,0.6508958862507075,False,1889.3309815844655,8.759926621745686,-2.3515727779037965,0.8755413541776699,0.6840106737680376,-0.6525433770414154,False,True,False,True,False,-0.8425342920253006,-0.7594782299180939,1.1285814805441532,1.131,1.0908,1.2185,0.8092,1.3502,1.3174141971375706,1.3459410656448825,3.2174419132690417,-0.5213154670117195
593.7196,3.0362189150188206,0.7768187889762878,False,594.0469,3.1476479709135217,1.123901471627937,False,56.9641,2.2144910287651296,2.0710009381088677,False,57.2051,2.074921174403382,3.5450992242943835,False,57.7161,-0.38098249293256115,1.2263309982339254,False,1602.872541896984,10.26926642925986,0.17253109752629636,0.7369169177001421,0.659721848229671,2.039372056031821,False,True,False,True,False,0.2144697016496851,-0.10729554547794383,1.6318959031922162,1.3942,1.6062,1.9603,1.9357,1.795,3.0919334429661713,2.144706101584256,3.1966706632690443,1.7029338950244135
385.7121,1.0521323338090718,1.773074884286897,False,385.4628,1.2110408445707865,2.3184987013199256,False,37.307,0.9636886976668546,0.7595402206729258,False,37.416,1.1077662281896727,-0.09344871375933478,False,37.5246,-1.2536129393305833,-0.9175787759985135,False,1821.197217383355,8.880781223712987,-1.681349103028276,0.5317671092951992,-0.058034822106378836,-0.7462803378053956,False,False,False,False,True,-0.9532237219638353,-1.012764153896532,0.5124579530187586,1.8155,2.0945,1.4007,0.8221,0.1378,1.1315865891899293,1.0357274629282638,2.582861518188478,-0.59876751941162
216.6901,2.1749084963284084,-0.9404401154019818,False,216.9942,2.1359542046365885,-1.0531865371840656,False,21.3372,3.11357816550023,-1.701440657417644,False,21.2067,3.4187069056050263,-2.0646555842943637,False,22.7125,0.01868200544268764,-1.0256022289000393,False,3134.529109351436,8.17360393018337,-1.8327270637664037,0.688788928590862,-0.38303898454981516,1.087013916095453,False,False,False,False,True,-0.3433638942198271,0.8083447129546928,2.144598168698805,0.668,0.7163,0.3506,0.2188,0.0543,2.1554313504824982,3.2661425355526283,2.3049253660888667,0.916028794233398
403.8919,1.7002866776027983,-1.2487994670006137,False,404.5945,1.6785670614209376,-1.1965479905118368,False,39.0552,1.5509031204745214,-0.8610371311979711,False,39.0967,1.635102116452044,-0.7142498166959428,False,39.0239,-0.5597602724481171,-0.5405963307828892,False,1867.1113642120877,8.849355858031199,-1.1054026358437556,0.9043466944299844,-1.0195402220818062,0.07304721005242162,False,True,False,True,False,-0.620942510858833,-0.5577552456996335,1.4025541103822812,0.5376,0.6577,0.7092,0.6321,0.4292,1.689426869511868,1.5930026184632826,1.7606040151367193,0.07821837443603386
828.5023,5.798274276598254,-1.015638178138458,False,828.0956,6.021783639615671,-0.7476260334189021,False,78.6286,5.376423351430047,-0.44669428837689445,False,78.727,5.3065028266692025,0.025483708066415315,False,79.269,1.7037122943949168,-0.755608281348561,False,1573.750082495495,9.881394400055479,-0.330164634652581,0.8009429434814022,-0.35381182092522157,0.5161224021587041,False,False,True,True,False,1.8930867248595284,2.5028206461203744,4.306208344496526,0.6362,0.8412,0.886,0.8585,0.263,5.910028958106962,5.341463089049625,2.329919770263672,0.44431817878662017
667.829,2.791066591482106,0.9655233615036709,False,668.9435,3.0269657029454757,0.8604197562115387,False,63.8737,2.4185519898177916,0.38738160393091786,False,63.7926,2.2816680782994863,0.7116322955226659,False,63.5496,-0.28088543428348106,-0.7530208932551112,False,2040.1725203470633,9.961966470740045,-0.2839809639199083,0.7278336727560109,-0.1113117679030599,1.329684000056412,False,True,False,False,False,0.1055138182029469,0.06041445940248275,1.7603035775004416,1.474,1.4985,1.2419,1.0685,0.265,2.9090161472137908,2.350110034058639,2.5373002884521476,1.1165398403100575
185.8606,1.0021798483647284,-0.4495244605563074,False,185.8112,1.021626983243694,-0.6536826919890998,False,18.1142,1.53800787961357,2.0049123172516596,False,17.9863,1.7915196579939239,0.93969501649622,False,16.5485,-0.5445187840214492,-1.024437904257987,False,2021.6830098351936,7.947634110244445,-1.942303888254306,0.9246417998815867,-0.8255898274344127,0.7008285118667897,False,True,False,False,False,-1.0245137868880558,-0.4991630720793681,1.422106374037954,0.8756,0.8796,1.9321,1.1383,0.0552,1.0119034158042113,1.664763768803747,1.9264659720459,0.5969353233056651
1016.3008,2.9564335772092596,-0.3863864644851153,False,1013.1228,2.803706879935507,-0.5705036917647961,False,96.92,2.452283733041583,-0.47223918083588623,False,97.0709,2.4029934908734334,-0.0604482340769151,False,98.5365,-0.0040916849052866164,-0.37306295173201975,False,871.2754215990261,9.205158934741444,-0.8059715215281025,0.8626177018454625,-0.8863353052957563,0.020427459788898636,True,False,False,False,False,0.08827199246536666,0.12371567287566433,2.1153833580693426,0.9023,0.9136,0.8751,0.8322,0.5587,2.880070228572383,2.427638611957508,1.8745178239135747,0.034740245622558064
387.498,2.0402553656950455,-0.657146784715509,False,388.0472,2.0285425981160228,-0.4878139797771055,False,37.0064,1.7800397115017526,-0.26319290493294467,False,37.0092,1.9019975866873509,0.030711506827986536,False,36.7468,-0.524100378653224,0.8259326907725811,False,2017.6298004762612,9.255832624338773,-1.1738720345109905,0.8136333932363993,-0.1600189222324488,0.05153984359783244,False,False,True,False,False,-0.4154576160831011,-0.35525294106249294,1.4482997505647124,0.7878,0.9474,0.9643,0.8601,1.4855,2.034398981905534,1.8410186490945517,2.4956470402221704,0.06044747958251939
706.0273,5.440665449280826,-0.9804038657241971,False,705.8812,5.176628819664472,-0.8070745541674488,False,67.6743,4.173088913422428,-0.5303596701003812,False,67.8467,4.2835475253075455,-0.36529424936104954,False,67.3308,1.3765234973861529,-0.48186262106158045,False,3056.277692797411,9.92997185303053,-0.5024485031869494,0.9313197688227377,0.04232409209555297,0.9998919070900887,False,False,True,False,False,1.5348697087300718,1.5939503568394475,3.8864802021253064,0.6511,0.8169,0.8503,0.7389,0.4746,5.308647134472649,4.228318219364986,2.6686861741943364,0.8440424789990235
304.5379,0.4954019164109039,-0.12011911026727864,False,304.4579,0.43777906615517687,0.2930900458581243,False,29.5319,0.3747211686430141,-0.5420775106779001,False,29.3964,0.6788051047552861,-0.23819339197034387,False,29.81,-0.8859124268694519,-0.9284458059910025,False,1674.0597097307043,7.389960086170606,-3.664533882846321,2.6263683193818417,0.26081333555963054,0.17890626220636505,False,False,False,False,True,-1.3493329965846619,-1.4283278123308376,0.9841558059257525,1.0149,1.2666,0.8453,0.7778,0.1294,0.4665904912830404,0.5267631366991501,2.8555331953125034,0.1656865490771473
556.7969,5.573093172024913,-0.6193112814518732,False,558.0436,5.545694096101314,-0.5707483358831028,False,53.2932,4.951362992951032,-0.7321408848452607,False,53.154,5.594088427299399,-0.43129520872588883,False,53.7761,1.6950320396974643,-1.0267665535420918,False,2484.768570734591,9.28129127757179,-1.2114775806815659,0.8674526681253504,-0.5288481822286321,-0.4436430832958112,False,False,False,False,True,1.6842285010284248,2.446697347914688,4.295073039092493,0.8038,0.9135,0.7642,0.7187,0.0534,5.559393634063113,5.272725710125215,2.180232663574218,-0.3487073904785145
304.3184,2.051389717437697,0.07047723742328665,False,303.6813,2.1235698196026447,-0.2622521026982576,False,29.2127,2.003681281529712,-0.09445600061666916,False,29.086,2.2033343509361654,0.1744759727712011,False,28.1446,-0.8885616941958229,-0.2338614723044247,False,2405.370265922811,8.925775585691936,-1.2093072723729759,0.48947766843300533,-0.8993971413805982,-0.4966749838221916,False,False,True,True,False,-0.38383969840146875,-0.14093348295120198,0.9807572419660194,1.0955,1.0396,1.0363,0.9041,0.6663,2.087479768520171,2.1035078162329386,1.8633476394042958,-0.39252606675048796
560.2919,3.1831291570093336,-1.1686354944607853,False,559.2805,3.066484223971901,-1.260400105389905,False,53.3278,2.401584740609349,-0.797292078456267,False,53.4489,2.62505033987799,-0.4688700123246834,False,53.6344,-0.0066403323406062096,-0.35184636936573205,False,3037.7739644795743,9.808141007322218,-0.5873971743325651,0.8794667274384687,0.46511876004090363,1.4803024995639922,False,False,True,False,False,0.23405086652016274,0.19367155593946062,2.112113872489868,0.5715,0.6316,0.7364,0.7072,0.5751,3.124806690490617,2.5133175402436696,3.030250537719727,1.2409914101196282
372.1609,1.9927900152888096,-0.8583843676989719,False,371.9224,2.0197142534266725,-1.1351423168168358,False,35.3262,1.8052799470122833,-1.4323990377578044,False,35.299,1.9009740796484975,-1.2517328768700058,False,47.9438,2.41842522189043,1.4800244007966707,False,1973.7664914188824,8.200206021767302,-1.6160296640691088,2.8932159319229402,-0.6136955743979007,0.28082634643487014,True,False,False,False,False,-0.4322234698980516,-0.3453665975995228,5.223064704276941,0.7027,0.6828,0.4654,0.4676,1.9911,2.006252134357741,1.8531270133303903,2.107673107666015,0.2499000721093747
872.3377,5.685732030451476,2.857062052790062,False,872.6378,4.937589646805499,2.7258311583007084,False,83.6594,3.4874897447204427,2.0093650966711167,False,83.6741,3.4943047262515257,2.8971789152821237,False,83.9141,1.1061845607214615,-0.1412329785589247,False,1900.7971226384966,10.881152653348575,0.2831667857272309,1.0149652382261676,0.47741030328868067,1.3311640271613556,False,True,False,False,False,1.5366648413193431,0.9918544022223159,3.539680859561501,2.2739,2.261,1.934,1.7374,0.7379,5.311660838628487,3.490897235485984,3.0407619853515637,1.1177627425244143
1383.6243,7.852917124140052,-0.9612496421969816,False,1386.8097,7.584163173310345,-0.3752776853559886,False,132.5094,5.509789296138279,0.4975293053595976,False,132.5344,5.320769229859142,1.321651063513533,False,132.4987,1.2612082606132313,0.2177671194072242,False,1701.7626564878558,9.682047565210754,-0.7414032808670254,0.6785286998135833,-0.704076959420997,-0.22360816566330396,False,False,True,False,False,2.970338242746993,2.56309072344618,3.7385501673555055,0.6592,0.9934,1.2889,1.2552,1.0154,7.718540148725198,5.415279262998711,2.0303810072021484,-0.1668991066235357
418.5337,1.5043046221673009,-0.7817674735901093,False,420.1453,1.5066266288022139,-0.8782659925947207,False,40.8386,1.4345239254164535,-0.8183841914958014,False,41.4102,1.2655729862344156,-0.8756581034594608,False,43.453,-0.6830590557796082,0.806527280071708,False,1177.3321109115814,8.76505079179183,-1.2385835631650253,0.8674533114492304,-0.8469796438049962,0.400134389154554,False,True,False,False,False,-0.7305202289225661,-0.7561245919476421,1.2443825294556514,0.7351,0.7878,0.7274,0.5827,1.4705,1.5054656254847574,1.3500484558254344,1.9081738886108397,0.34848074616943414
