CXC_g,CRE_g,CN_g,CNumerical_Error_g,CXC_r,CRE_r,CN_r,CNumerical_Error_r,CXC_W1-fixBA,CRE_W1-fixBA,CN_W1-fixBA,CNumerical_Error_W1-fixBA,CXC_W2,CRE_W2,CN_W2,CNumerical_Error_W2,CXC_W3-fixBA,CRE_W3-fixBA,CN_W3-fixBA,CNumerical_Error_W3-fixBA,VFID,Vcosmic,logmstar,logsfr,delta_logsfr,Size Ratio,NUV_r,W1_W3,cluster_member,rich_group_memb,poor_group_memb,filament_member,pure_field,CRE_g_unscaled,CRE_r_unscaled,CRE_W1-fixBA_unscaled,CRE_W3-fixBA_unscaled,CN_g_unscaled,CN_r_unscaled,CN_W1-fixBA_unscaled,CN_W3-fixBA_unscaled
489.4673,0.4665528047925527,-0.8471176412406043,False,488.8517,0.47565225990410537,-0.48959425381115845,False,47.0264,0.5085408154763433,-0.5238154846449369,False,0.0,0.0,0.0,False,46.8192,0.70889450197408,-0.4283646619275741,False,b'VFID0002',3068.6982545259793,10.219123100922877,-0.06763142205179036,0.3249298080719472,1.0463124721679855,2.7116919748535153,1.2926424821923828,False,False,False,False,True,4.123795796024685,4.017262060621829,3.228038829746542,3.377537288206356,0.708,0.9618,0.8635,0.4994
618.4471,-0.10842862437587172,-0.361937204788835,False,620.0802,-0.0016513101232493216,0.12792843410678595,False,59.2713,0.056703799740929595,-0.4927755658254356,False,59.2471,2.93532019749124,0.8544,False,59.4307,0.06923694953403081,-0.16232103201054163,False,b'VFID0005',2202.600664358308,9.789876666578706,-1.0836252482557123,-0.3481767251940979,0.9537437799958778,3.0736345684814452,0.5244779332153318,False,False,False,False,True,3.1537402461941895,3.247049638207493,2.695551586291234,2.5708655590832854,0.9083,1.2166,0.8755,0.6718
300.7527,-0.7212474038021008,-0.17518028192097962,False,301.0609,-0.7699146103360024,-0.15853617229784894,False,28.9388,-0.7958031358861278,-0.21574429036138398,False,28.772,0.06659012120628048,19.9995,False,28.9305,2.1705879617704475,2.0414893385492854,False,b'VFID0007',2680.215400343395,8.745236611706895,-1.377217013984891,0.19270274016974343,3.0876742060772218,2.208140140014649,0.24350969015869062,False,False,False,False,True,2.1198490144677624,2.0073230267451394,1.6908772183894978,5.220877972864853,0.9854,1.0984,0.9826,2.0999
504.5408,0.20073254350892064,0.5236442608465461,False,505.1966,0.1518802189615597,0.5455075515646428,False,48.3826,0.08494852056031564,0.7126079483318747,False,0.0,0.0,0.0,False,48.2718,-0.07010409127484686,0.3747043926479697,False,b'VFID0011',3671.9688577414645,10.047311902795538,-0.4459323859052998,0.08387372713122321,0.8777152831652445,2.724070092407228,0.779579082407226,False,True,False,False,False,3.6753284079761452,3.4947994946072907,2.728837822273473,2.3951426618887894,1.2739,1.3889,1.3415,1.0198
628.6472,0.4454101687807178,-0.6233000060526687,False,629.0544,0.6087606297934118,-0.6534268036669396,False,59.9558,0.8485615348042151,-1.2871388216145125,False,59.9315,4.075168271334352,0.7929,False,59.9574,0.48384185667880014,0.018230619383268164,False,b'VFID0015',2557.5892201592083,9.807128211289209,-1.9096864697976048,-1.188018691295509,0.8525587301587302,3.702810703796386,0.3582431964990249,False,False,True,False,False,4.088125893727164,4.23205559340473,3.6287512310045487,3.093723541567166,0.8004,0.8942,0.5684,0.7888
1322.0558,0.05090052519193429,0.058326428383316795,False,1321.533,-0.06685028825618526,-0.17283516703378254,False,126.0632,-0.00042997548398096075,0.6655307381222973,False,125.924,2.6184831041198025,0.864,False,124.4301,-0.6313330922742747,0.33751383881386016,False,b'VFID0025',2359.9292832410447,9.54365800328154,-1.1519480853313762,-0.21981708764947028,0.6420228427217135,3.189337741210938,0.3449045367602537,False,True,False,False,False,3.4225456683302666,3.141839733986936,2.6282197710166684,1.6873771286855321,1.0818,1.0925,1.3233,0.9957
605.4158,1.2923676995887736,-1.0113474644629206,False,605.327,1.1186778056348994,-0.9459503061461231,False,57.6668,0.7178608754332206,-0.4112957789242438,False,57.7006,3.8164853573480517,0.7268,False,57.9094,0.8381745944362202,-0.706445068604194,False,b'VFID0027',3990.169964490687,10.026103823000632,-0.7680015545358657,-0.22125416840432843,1.0189514627384448,3.15543968017578,0.9666820786010746,False,True,False,False,False,5.51703439677105,5.05489574775983,3.4747212790472566,3.540572329893602,0.6402,0.7735,0.907,0.3192
530.7038,0.6438542815105761,-0.7841386529842588,False,530.8677,0.6736263294561092,-0.7590939512070588,False,51.0128,0.6803424111861114,-0.6420258421492054,False,50.993,3.886910939965928,0.7621,False,50.8151,0.49695991204110124,-0.8106094828698536,False,b'VFID0033',3303.2068150055993,9.140217947789637,-2.123643806777407,-0.8692399666858011,0.9066495498152422,3.161140467041017,-1.6749215536083977,False,False,True,False,False,4.422922468223833,4.336727694780262,3.4305059914327543,3.1102667127709975,0.734,0.8506,0.8178,0.2517
536.1022,0.10225253223031806,0.08133798178467341,False,535.6229,0.10235790907385277,0.30484819948359154,False,51.2931,0.1765181114701312,0.1644947151775098,False,51.2411,2.885633636444748,0.8729,False,51.7289,0.32271705504174686,-0.40166770834541243,False,b'VFID0035',2043.0144885027585,9.327612363193095,-1.0405253885723778,0.06418550437211734,1.018957284476047,2.593536625488282,0.11922736926757871,False,False,False,False,True,3.509182030646461,3.4148866243558107,2.836752042113422,2.8905291575637735,1.0913,1.2896,1.1296,0.5167
1090.9995,1.0289805785422146,0.5716051826725324,False,1091.0609,0.7896703876576822,0.4854033025051256,False,103.9987,0.5356847471461238,0.4260060312318103,False,103.9519,3.1357115752819102,1.0227,False,103.6014,0.435145887106504,-0.17929597359457486,False,b'VFID0036',2001.7537990623332,10.074977395942778,-0.467898470276666,0.03980810903270671,0.9301494584757668,2.9534975306396483,0.8020064772875966,False,False,False,False,True,5.072671978154135,4.523984989271274,3.2600277922441263,3.0323130855718228,1.2937,1.3641,1.2307,0.6608
187.5478,-0.5266791956195139,0.44346716425865984,False,187.1614,-0.4909940845171199,0.6010070396075035,False,18.0741,-0.6323592273501247,0.11095085521386977,False,18.0189,2.1450358897730353,0.7455,False,18.2288,-0.5527084851650771,-0.3765139312708902,False,b'VFID0042',3169.556164076897,8.514801002405928,-0.8945264321467133,0.8594681003818408,0.9485189339963012,1.2656716663818361,0.16347960079833967,False,False,False,False,True,2.4481065208729076,2.457409863178669,1.8834948953061268,1.7865305702832421,1.2408,1.4118,1.1089,0.533
290.7944,-1.0942719082394874,-0.8895073448746829,False,289.7106,-1.0462275577839353,-1.006539266891604,False,27.5653,-0.9369977560283697,-0.325160004200127,False,27.6342,1.6928480012357594,0.7094,False,28.085,-0.9794700223486954,-0.36771782517734575,False,b'VFID0045',2623.5496944892234,9.366318168469583,-0.8350428184708704,0.23874940461323912,0.8188639464219273,2.450000353881837,0.6900388561230457,False,False,True,False,False,1.490516531024611,1.5614439720669593,1.5244801958970156,1.2483418694543031,0.6905,0.7485,0.9403,0.5387
486.3516,-0.39254181540326055,1.6480614281002217,False,486.7026,-0.4096511650724736,1.021979138867107,False,46.8569,-0.5537780687240292,0.9867938979041386,False,47.0256,2.7123344733882795,0.8558,False,47.391,-0.1258797888732299,-0.4916348987407895,False,b'VFID0051',3005.7975407389818,9.585608924287845,-0.7541407187023018,0.1444793710507345,1.176459303918882,2.2217340765991214,-0.3457572819799797,False,False,True,False,False,2.674410717004405,2.588670827826649,1.9761023247267313,2.3248039654204944,1.7381,1.5855,1.4475,0.4584
355.6027,-0.1537883368401496,-0.2057008685375164,False,355.9666,-0.20131527038964014,-0.3497549324105876,False,34.0445,-0.38443541653188307,-0.2907574275085128,False,34.0082,2.4655227175606726,0.7659,False,33.9748,-0.6151437109972966,0.19677614131714677,False,b'VFID0057',3054.469309975978,9.211108347803926,-1.9767256943023501,-0.7789499713279444,0.7849500442645757,3.4638970296020517,-0.3925188348315434,False,True,False,False,False,3.0772135297081875,2.9248570711231885,2.1756716360600246,1.7077935470304975,0.9728,1.0195,0.9536,0.9045
171.9833,-1.2364304725670616,1.2927145982076877,False,170.9463,-1.390432423611235,-0.6951120086598307,False,16.7621,-1.466226404339679,3.297715854016029,False,16.7568,1.2165039114119498,1.0051,False,16.9009,-1.5727315520797054,2.241485013939352,False,b'VFID0058',2734.63261554712,9.400534687229507,-1.1451159041773773,-0.09865625406914824,0.5552699228791774,4.903592501831055,0.9407322868041987,False,False,False,False,True,1.2506797340669402,1.006009485162844,0.9007873724168596,0.5001801348124465,1.5914,0.877,2.3409,2.2295
594.1429,0.10299937136924532,-0.5285892967902415,False,593.8385,0.09271549711039896,-0.3388489194764011,False,57.0827,-0.04035579731898293,0.956788643045287,False,57.1119,2.719718766602598,1.0976,False,56.8496,-0.4842675464123513,2.9010386533044312,False,b'VFID0060',2182.2222988363314,9.543198874111962,-1.0654351547889653,-0.13293739912034375,0.725579199098262,2.8480895474243173,0.6296021040527346,False,False,True,False,False,3.5104420286477787,3.399326913633632,2.581167426761506,1.8728413942481352,0.8395,1.024,1.4359,2.6569
263.9245,0.09498125537687425,0.821098866918824,False,264.2227,0.16592729466143835,0.8082212853570495,False,25.5837,0.09613252419102895,0.836767623609881,False,25.5897,3.3264677135776557,1.0549,False,28.6543,-0.471905829535949,-1.1167757019855105,False,b'VFID0064',3350.1272228252847,9.144309984826219,-1.07105322129841,0.1800818496437946,0.6887010499900943,2.4006314147949226,-0.14884616308593657,False,False,False,False,True,3.496914604068461,3.5174668972458694,2.742018104226291,1.8884307474724948,1.3967,1.4973,1.3895,0.0533
377.5303,1.3420639667711494,1.6773708803272134,False,377.5421,0.8010226140948282,1.2514901221709898,False,35.9919,0.23831710200121753,0.1319028004170333,False,35.831,3.6333011735671223,1.1031,False,35.8197,1.3788152601059327,-0.0063058870881981645,False,b'VFID0069',2785.4732316881987,8.927429461273258,-0.6746761271241947,0.7497057541861477,1.4511961639960675,1.649881177246094,0.28203648047607466,False,False,False,False,True,5.600877347761387,4.542303783374258,2.9095817859595714,4.222373926617357,1.7502,1.6802,1.117,0.7729
292.436,-0.503881827812578,-1.294995138494384,False,293.4762,-0.4750498096302107,-1.537056207179038,False,28.3489,-0.29115286940691404,-0.9992435745636358,False,28.3828,2.47133985617063,0.5966,False,28.7148,-0.2621499019632483,-0.4231178618016001,False,b'VFID0072',3363.474287558093,9.476678072975885,-0.31577700239665624,0.6698583814515862,0.9419625102738818,1.6157557271728518,0.6436734993139659,False,False,False,False,True,2.4865681337890484,2.4831387270620517,2.285604564640961,2.152953813202642,0.5231,0.5296,0.6797,0.5028
666.6,0.1371609518018435,-0.3047716616023061,False,666.6661,0.0475102052711231,-0.45178674230597804,False,63.7942,-0.12118229182447586,-0.4819115942386098,False,63.8107,2.649932684379074,0.7426,False,63.6424,-0.13566760630950583,-0.44858027417765023,False,b'VFID0076',2317.0519221626405,9.800361337543597,-0.9721611904858458,-0.24508795061088962,0.9302255285563149,3.2411998065795906,1.1088025183007808,False,True,False,False,False,3.568076291266573,3.3263803037193584,2.485913882322844,2.3124605551292485,0.9319,0.9774,0.8797,0.4863
438.2213,0.5683979787773416,-0.5375516912728753,False,437.1537,0.7860224123932918,0.35865119662557887,False,42.0794,0.7379263978031934,-0.1293498496471047,False,42.1355,3.5223260157246425,1.0536,False,42.465,0.9975346278988448,-0.19920295054312315,False,b'VFID0077',3071.003088505376,10.114536926062618,-0.9110810912076718,-0.43497514758770517,1.0695103435186941,3.1564850400390636,0.9430345040551753,False,False,True,False,False,4.2956195649945474,4.518098345965563,3.4983683781630455,3.741541165884097,0.8358,1.3118,1.016,0.6479
565.9806,1.161956574339202,-0.3859176657018281,False,567.8824,1.1954005122338105,-0.24408778487046867,False,54.193,1.8000590755892405,-0.15133645881091817,False,53.8173,5.050766912016759,0.8694,False,53.7015,3.4525867034924653,1.323140674243145,False,b'VFID0078',3784.35820373475,9.853882279052465,-0.3913945916579094,0.2929254666384952,1.4394700579893207,1.971469522155763,-0.39319495528320303,False,True,False,False,False,5.297016793783509,5.178701194470285,4.750085440027858,6.837605763811127,0.8984,1.0631,1.0075,1.6344
576.1043,1.2424960472893334,-0.2313769175958725,False,575.8253,1.3568898868887858,-0.3230957896825761,False,55.1618,1.6300290464562752,-0.6994496919652833,False,55.4359,4.924942943931809,0.9003,False,55.7273,1.2711709444608643,-0.40413679075763553,False,b'VFID0080',2611.553873339905,9.461725788791352,-1.5484802596228162,-0.5509008085976257,0.8982170927442705,3.2333934610595705,-0.43577587712158206,False,True,False,False,False,5.432895552213484,5.4392924203856,4.549706059046252,4.086623749197518,0.9622,1.0305,0.7956,0.5151
270.4534,-0.8739555262842499,-0.22507901877023812,False,271.2147,-0.9011476610003619,-0.14884193857857192,False,25.9753,-0.8822277119416385,-0.5307994663793248,False,25.9468,1.847141811882852,0.7302,False,25.7732,-0.3461778677070142,-0.5004310048343341,False,b'VFID0091',2812.413726637366,9.359356206518266,-0.9335269851475011,0.14582653815025093,1.2882015306122447,2.1797642784423825,0.022773921406249897,False,False,False,False,True,1.8622139775723157,1.7955556480782948,1.5890263680431842,2.046986199496446,0.9648,1.1024,0.8608,0.4527
443.5578,-0.49310214739507563,-0.6918502125009217,False,444.9365,-0.45170182104274575,-1.0058121993626583,False,42.8715,-0.3454863541042368,-1.0256275055602122,False,42.9286,2.5989735781994385,0.7678,False,43.357,-0.3661370251020388,0.29924306142440293,False,b'VFID0093',2038.8595161896417,8.943284726106597,-2.3253134340243027,-0.9135969318587471,0.9100830053903899,2.9796911376342763,-0.21007291123290983,False,False,False,False,True,2.5047546147498694,2.5208147721991603,2.221572875146224,2.021815718906845,0.7721,0.7488,0.6695,0.9709
193.7195,-1.0295691633790969,-0.6516405507680243,False,194.1232,-1.0280484405812187,-0.8381019560191665,False,18.488,-1.141408556668764,-0.966651659803159,False,7.3334,0.006120170121521696,14.9833,False,18.6316,-1.013692519433491,-0.253677081262794,False,b'VFID0097',3396.9382588838407,9.556452405630512,-0.5402979835952008,0.3816126892681647,0.9389214704620226,3.320833707763672,1.4176842414868176,False,False,True,False,False,1.5996770248371914,1.5907791431767335,1.2835832795867457,1.2051839003300526,0.7887,0.818,0.6923,0.6126
611.6656,0.24958315338488246,-1.2104579581041357,False,612.2963,0.160490704774484,-1.4517469504494003,False,58.5864,-0.4277186497580143,-0.493551563795923,False,58.5758,2.036564900162914,0.8784,False,58.5586,-0.5190480457576658,-0.4076860967252061,False,b'VFID0098',2202.600664358308,10.31555320618196,-0.16782136498220368,0.1477103196299464,0.8608330220395966,4.544823468933107,1.399835260168457,False,False,True,False,False,3.757744644081921,3.508694012797793,2.1246626023913175,1.8289797288310319,0.558,0.5648,0.8752,0.5128
566.6125,1.5355322273156877,0.9036982322858003,False,566.1927,2.305096711093621,3.4389939609258446,False,53.9512,1.0886969212069004,0.7392505453186135,False,0.0,0.0,0.0,False,53.8358,1.88248235798498,-0.6180210547164564,False,b'VFID0099',3154.4046892757897,10.449787769567356,-0.3305913416531996,-0.12228786530383884,1.2417841057678338,3.042987509521483,-0.1647370157568364,False,False,False,False,True,5.927279124126077,6.969389241112827,3.9117493597734376,4.8575481807141525,1.4308,2.5828,1.3518,0.3765
561.0622,0.21724672644495024,-0.9740445252649313,False,559.296,0.2549476245763231,-0.8206523353244677,False,53.684,0.4778155774646582,-0.7985187661975258,False,53.8501,3.3451052489095074,0.698,False,54.8301,0.5837832745395386,-0.22219628050695026,False,b'VFID0100',3150.8980733377493,9.426477502609009,-0.6313185256030743,0.3944176868131083,1.008750555802579,2.084727941345214,0.5707507671655279,False,False,False,False,True,3.7031896118261205,3.661116700543878,3.191829318963718,3.2197595995316175,0.6556,0.8252,0.7573,0.633
471.8669,0.3203049866394143,-0.8604401195256003,False,471.8078,0.25053573337122736,-0.9442538152452495,False,45.1401,-0.09639313432150208,-0.06339002215566371,False,45.181,2.7693824337133233,0.7969,False,45.1185,-0.4926333373087876,0.33951996827379133,False,b'VFID0106',3490.513861478906,9.606103350169672,-0.9917440195154972,-0.10949512739785194,0.7404360654098114,2.7216161206054696,1.0260273512451175,False,False,False,False,True,3.8770599877826126,3.6539973458482686,2.515127757429676,1.8622913007142317,0.7025,0.7742,1.0415,0.997
991.3564,1.6730651084568886,-1.0270922115270067,False,994.3921,1.8027930935359815,-0.04608306115423579,False,94.751,1.9116078664581955,0.8626342226261323,False,94.6641,5.24160754951494,1.1898,False,94.769,2.1923395564537387,2.9942465143658508,False,b'VFID0107',2137.651565414153,9.6734844483308,-0.8224703236413329,0.005953724528684479,1.0751327426646364,2.603682245300293,0.20970642318603439,False,False,True,False,False,6.159311895737766,6.158834888786526,4.881545028534358,5.248308894969067,0.6337,1.1448,1.3995,2.7173
465.3778,0.47401123611359264,0.6345841709288779,False,465.5609,0.4060024663152225,0.32108604096338034,False,44.7077,0.2236586570538375,-0.3554239250491411,False,0.0,0.0,0.0,False,44.519,-0.4688227400463771,-1.0197098996549923,False,b'VFID0112',3578.0893395246826,9.385413069030571,-1.019900574898786,0.03863840846469846,0.6542593500646369,2.194074911682131,0.3955896535595702,False,False,False,False,True,4.136378972330863,3.9048699906490913,2.892306895520001,1.8923188296503837,1.3197,1.2963,0.9286,0.1162
415.4841,-0.5445290973155353,0.20220919386127506,False,416.0232,-0.6045890937063177,0.41560481972633084,False,40.0165,-0.5654133929797466,0.5199017856608025,False,39.9881,2.2430997943744675,0.8738,False,39.8833,-0.13953484093206203,-0.3135523297592028,False,b'VFID0119',2919.3372477643566,9.313394897351955,-1.1161971547355556,-0.00012917647909116425,1.1759045832216564,2.6357502681884757,0.0668370792333981,False,False,False,False,True,2.4179918157263485,2.2741045357184606,1.9623901640938723,2.3075835880270827,1.1412,1.3353,1.267,0.5738
315.438,-0.05193081706273918,-0.7296376054547291,False,314.8467,0.026910512174875435,-0.47893059671995386,False,30.1364,0.017410190020461815,-0.6440951700705057,False,30.2296,3.109477339910888,0.7093,False,30.4805,0.20304275232799243,-0.5945647718003375,False,b'VFID0127',3485.436945433817,9.67607045866743,0.24108607492744177,1.0674443864648615,1.0341092253721438,1.4571251281738267,1.7582009572753918,False,False,True,False,False,3.2490581273588424,3.2931391119140185,2.6492443002637587,2.739607971167323,0.7565,0.9662,0.817,0.3917
288.7605,-0.45225445541518633,-0.9306859141192165,False,288.789,-0.30940570731691036,-0.7893884315797997,False,27.5469,-0.1417872583497637,-0.8735319033446546,False,27.5807,2.6975296245945346,0.6893,False,26.8715,-0.2153760068787694,-0.7510428696749726,False,b'VFID0130',2944.301929796041,9.378100099202353,-0.9859906847787421,0.07838998817632903,0.8985669647667277,2.683709494506834,0.37664066083496195,False,False,True,False,False,2.573669067100384,2.750434329510748,2.4616310514691535,2.2119403422941653,0.6735,0.8381,0.7283,0.2903
286.2737,-1.0238100294719832,0.5364822853757238,False,287.0609,-1.008630448737945,1.1593949018378586,False,27.4691,-1.089023009341281,0.06206298307315504,False,77.5003,0.006176759500995126,7.4244,False,27.2387,-0.7123475139479366,0.06792090292925686,False,b'VFID0141',2930.2116402911474,9.636600502464685,-0.387488250749563,0.47039914373857233,1.1783149550680847,2.2618221649169907,1.202178313232423,False,False,False,False,True,1.609393303529692,1.6221134542424824,1.3453193364432372,1.5852098934733387,1.2792,1.6422,1.09,0.821
306.4246,-1.5109636685380567,1.1204912880143738,False,306.689,-1.559728126057371,2.57984249755492,False,29.4905,-1.8159841179187117,0.8460795992557315,False,29.4281,0.8009527754761359,0.8514,False,29.2931,-1.4288635593876924,0.7578751194948327,False,b'VFID0146',2005.4163756853095,8.58499524393446,-2.287403011795209,-0.5894804964852001,1.3950306884567034,3.03052433734131,0.10276445791748046,False,False,False,False,True,0.7875126875250629,0.7328213900520075,0.48859998117844566,0.6816119681232994,1.5203,2.2283,1.3931,1.2681
279.6069,-1.417119425178714,2.28439143636722,False,280.0215,-1.3590444936120505,2.266718748422273,False,27.0211,-1.543463874610564,3.2503799778162894,False,27.0378,1.0742021410452025,0.9213,False,27.1454,-1.510523303797225,2.602896952028499,False,b'VFID0147',2535.8327106429147,9.234661144143317,-1.2379912658219134,-0.05902980414770953,0.7145678176483864,2.560678011108399,0.899148062180176,False,False,False,False,True,0.9458380254790791,1.056659375751046,0.8097634717542179,0.5786309168227922,2.0008,2.0991,2.3226,2.4637
523.2419,-0.5482689537532036,-0.0589113805246494,False,523.0311,-0.49697536354978744,-0.2879541924501971,False,49.8091,-0.4150699320007388,-0.4842395881500724,False,49.8097,2.2947422048872714,0.8147,False,49.5611,-0.46784149587864104,-0.24164030450320678,False,b'VFID0149',2122.9304477619703,9.69558610703373,-0.6381104252183301,0.17265854811416848,0.8850176084663652,2.6974367301635755,0.8308416607470708,False,False,False,False,True,2.4116822754370624,2.447758027948057,2.139569041255901,1.893556276040972,1.0334,1.045,0.8788,0.6204
687.9683,0.45690636909442534,-1.0159497751431918,False,693.2886,0.4212737588583968,-0.6582739205265782,False,66.2276,0.5816473949247862,-0.38491184792766747,False,66.3172,3.51985479161124,0.8115,False,66.7399,0.4490915303951441,-0.09303240681753248,False,b'VFID0151',2036.5683456841036,9.289599121297531,-0.7677230297839727,0.36735330493589224,0.9202537531553073,1.8629096669311522,-0.158414499687499,False,False,True,False,False,4.10752122086391,3.9295128803354227,3.3141945000729045,3.049899927378768,0.6383,0.8922,0.9172,0.7167
513.9102,1.8170050989896391,0.4848879603811027,False,513.9766,2.0822319159062905,1.1225568137046058,False,49.0763,1.787242079975086,0.07422028461079296,False,49.0972,5.118860836136124,1.0072,False,49.3285,2.2414610935546073,-0.539319052826847,False,b'VFID0153',3183.4570086332906,9.788226071033057,-1.0645279289720406,-0.3277608900344635,1.1214947610683788,3.1431308820190456,0.21408912923828183,False,False,False,False,True,6.402154150418557,6.609758086956005,4.734980686706903,5.310256033901745,1.2579,1.627,1.0947,0.4275
533.1199,0.8332828000306911,-0.7138928583906425,False,533.7402,0.8671497191788526,-0.6175581389056147,False,51.0098,0.9699743805131548,-0.5807220024806897,False,50.8944,4.0909153310436945,0.7908,False,50.5445,0.22127074531496796,0.20356611795076024,False,b'VFID0159',2930.2116402911474,9.422665367464452,-1.1382125596061856,-0.10943116708960776,0.732427287741791,2.347368265502931,-0.07750467586181742,False,False,False,False,True,4.742508765041047,4.64901138204379,3.7718355496418603,2.7625952814322554,0.763,0.909,0.8415,0.9089
508.49,0.12825425910997368,-0.3202741817884834,False,508.7219,0.14135927008134852,-0.3216416546246847,False,48.2585,0.2796851431860166,-0.5657193750512639,False,48.149,3.0605635111139393,0.7471,False,48.4804,0.17528167607453957,-0.4524382154467487,False,b'VFID0166',3002.1997569065475,9.16793232263652,-0.7801720440354482,0.45209321503047606,0.9142303402629223,1.7683584423828123,-0.043214502514647535,False,False,False,False,True,3.5530497421676244,3.477822111591571,2.9583337771654854,2.704598495709298,0.9255,1.0311,0.8473,0.4838
770.1797,2.1686562289985876,-1.176546195196873,False,770.4569,2.092585760062265,-1.3286301822145823,False,73.6392,1.5269927156358745,-0.9027611602330184,False,73.0839,0.005697577642467579,12.3134,False,73.8162,1.3808823374852026,-0.8666267900971636,False,b'VFID0168',2798.5686689976146,10.46866201665945,-0.18614560662400595,0.0070808906899042234,0.9540910436544987,4.4753053590087895,0.8716659126757804,False,False,False,False,True,6.995427451023582,6.626465817401467,4.428278354224404,4.224980716574587,0.572,0.6156,0.717,0.2154
608.1182,0.23083113589177492,-0.7613693264608109,False,608.1086,0.30352895109429784,-0.9083851504839245,False,57.9933,0.7252841958583008,-0.5124341810777864,False,57.9902,3.563153862202529,0.7675,False,58.1478,0.4749579031603317,0.41420971124353845,False,b'VFID0171',2192.758069055471,9.293016889765811,-1.4105998439789584,-0.27825366444318367,0.8848993478877232,2.9713180305786135,-0.3450813201708982,False,False,False,False,True,3.726107972501039,3.739511130276232,3.4834696181447136,3.0825199934829532,0.7434,0.789,0.8679,1.0454
483.8954,-0.23841613010719825,-0.604406309575765,False,484.9738,-0.14863866122383373,-0.5530914846724228,False,46.5186,0.13870005874915178,-0.2767894640397372,False,46.4991,3.092394352210132,0.8224,False,45.9427,-0.35179084198886434,-0.8380780247058348,False,b'VFID0173',2898.3975978514027,9.33153559150177,-1.3282735929662852,-0.22669662269815216,0.7305778941462502,2.434914518981932,-1.2125092300073241,False,False,False,False,True,2.934437334923362,3.0098599525134193,2.7921836912591527,2.039907681229615,0.8082,0.9356,0.959,0.2339
424.5257,0.3360789070963279,-0.3730796411726501,False,425.5348,0.3936770886038678,-0.7203170163299508,False,40.735,0.8368155351043638,-0.6340071964541676,False,47.0558,0.005255526278320414,1.225,False,40.5056,-0.016752529325986455,0.45433230044216255,False,b'VFID0183',2917.026476538073,9.138551381516871,-1.639439983227535,-0.38370486964813977,0.681185758108835,2.7379847470703105,-1.2442787089575198,False,False,False,False,True,3.903672289164144,3.884980847511758,3.614908640017131,2.4624242824442466,0.9037,0.8666,0.8209,1.0714
527.9812,-0.2587739832756295,0.13898797872702054,False,528.1877,-0.33098889492626554,0.4488075702148547,False,50.5007,-0.30891647301306246,0.4966218465461766,False,50.4949,2.5166895031549656,0.9725,False,50.5086,-0.21346396210131713,0.31143415583475426,False,b'VFID0185',2627.361367905986,9.304369977383262,-0.7526165850531827,0.37066060947032997,0.9777810292211864,2.2373727482910155,0.44260535962646586,False,False,True,False,False,2.9000914457400673,2.7156060980540424,2.2646702631369653,2.2143516207366765,1.1151,1.349,1.258,0.9788
417.8573,0.5307172730260995,0.5241287146023641,False,417.2531,0.9041154975297567,1.2708785896095438,False,40.2187,0.6101309973994316,0.6683760640140852,False,40.1776,4.211404284007688,1.2192,False,40.2214,0.6206105182648325,1.2932030499949405,False,b'VFID0188',3019.944148096186,9.329367494885519,-0.4148908378921677,0.6884180344259152,0.975637504266281,1.6511247290649411,1.0391429806542956,False,False,True,False,False,4.232048159239084,4.708662102210098,3.347762256669195,3.2662024129735863,1.2741,1.6882,1.3244,1.615
450.035,-0.31402288449338644,0.534786697230361,False,450.0575,-0.4270513106934409,0.6979493768002735,False,43.0017,-0.5488638201056711,0.4161767236056353,False,42.9931,2.0565783488730185,1.1873,False,42.9626,-0.06860326268345551,-0.1742034911193649,False,b'VFID0189',2908.977885738831,10.178771442570328,0.03349726598922739,0.4582918935067004,1.2094671426682533,2.317044634948731,1.2854947314672849,False,False,True,False,False,2.8068806035641143,2.560592663005214,1.981893737579847,2.397035355862802,1.2785,1.4518,1.2269,0.6641
112.7084,-1.4171322401434885,-1.0120741450966475,False,113.1475,-1.4488288857822609,-1.0351372563634713,False,11.0039,-1.536643444060252,-0.7876547946107003,False,10.9252,1.144796266129872,0.559,False,10.713,-1.312698071996011,-1.1127634430656481,False,b'VFID0191',2903.9236734070037,8.581623631031134,-1.683249420865389,0.01736637999985624,1.0126031603864116,2.3220921020507816,-0.06202682617187705,False,False,True,False,False,0.945816405254373,0.9117766249590225,0.8178013087096582,0.8281081897675433,0.6399,0.7367,0.7615,0.0559
419.1671,2.6187854067949514,2.599770831404765,False,419.1486,2.740494967372621,2.8842414363402176,False,40.1062,1.3525781960749172,2.160102829281297,False,40.0198,3.561261393097402,1.156,False,39.4123,1.2831230883061462,1.0132708315091534,False,b'VFID0198',3422.2825615307142,9.48300487183914,-0.6367675221831335,0.34381393748167577,0.971337207604474,2.2533097675781253,0.25020562899658216,False,False,False,False,True,7.75484381633735,7.671980142882966,4.222731877275334,4.10169659013502,2.131,2.3539,1.9011,1.4336
204.8648,-1.1511393852373517,-0.6581806764715676,False,204.9978,-1.1698548796893653,-0.7983555977701307,False,19.5116,-1.1893014472528012,-0.2597175086890112,False,19.4749,1.5882895649282391,0.717,False,18.0328,0.44028260827531557,0.11807413942753749,False,b'VFID0207',2852.588627973009,8.576251237472569,-1.9570156541956707,-0.25210831975785686,2.4763161201155923,2.5505379123535157,-0.9999654543554684,False,True,False,False,False,1.3945749773184,1.3619497611271143,1.2271417920590078,3.038791001343257,0.786,0.8344,0.9656,0.8535
534.2505,0.9190501951610067,-1.1588636331095141,False,532.9684,0.9346830126446909,-0.8700929272927805,False,51.0482,1.2322216428713124,-0.7540282158895736,False,51.0634,4.170442446955052,0.7627,False,51.337,1.7047002994924993,-0.9524274039219143,False,b'VFID0208',3058.698324391281,10.188170672168727,-2.547085128039714,-2.129798719891892,1.1353760144761185,2.949234135314942,0.47082601225097775,False,True,False,False,False,4.887207590811813,4.757988110524913,4.080892393091288,4.633347340773895,0.5793,0.8048,0.7745,0.1598
675.0851,-0.2385754382862229,0.4257846021713016,False,675.1615,-0.415189945704375,0.37028427708871103,False,64.444,-0.4875606415312762,0.23640386044268852,False,0.0,0.0,0.0,False,64.5488,0.023186856434360442,-0.48731400451939916,False,b'VFID0244',2349.0863931046365,9.903264374532611,-0.27864972334049537,0.3662233141212277,1.2232821675079837,2.3991825412597656,0.9157346649072267,False,True,False,False,False,2.934168564880789,2.579733040817275,2.0541391699754152,2.512791816210577,1.2335,1.3166,1.1574,0.4612
573.8815,2.994721097817102,0.4834345991136487,False,574.2617,2.6522614789626098,0.7977999841088268,False,54.897,2.563934581150756,1.4327340649443105,False,55.6462,0.008268081528506867,4.244,False,54.5281,2.802568011808461,0.39908658146867226,False,b'VFID0259',3424.712438370074,9.593993562631079,-0.8983310794988429,-0.00640874123247237,1.0650512154104876,2.293583901367189,0.009811707739258324,False,False,False,False,True,8.389087784847465,7.529600045364636,5.650308193220058,6.0178676086328595,1.2573,1.493,1.6199,1.0356
539.3101,0.49464766906708163,-0.5436073632206007,False,536.9546,0.47237301227525536,-0.6231323232941992,False,51.5681,0.6602620718187717,-0.7462682361846982,False,0.0,0.0,0.0,False,52.5602,0.6476011644606599,-0.8157019653450633,False,b'VFID0261',3127.266116903807,9.409846685372909,-1.1493997820879056,-0.11037866979796207,0.9687096880891741,2.368572868530272,-0.26007380035888694,False,False,False,False,True,4.171194855591978,4.011970423562068,3.4068414305734396,3.300240299580073,0.8333,0.9067,0.7775,0.2484
427.8994,0.46526550094263486,-0.4876529544236168,False,429.005,0.41394194889061003,-0.23560533036610118,False,41.0487,0.4287029434706487,-0.391119831691568,False,40.9599,3.3258366552580845,0.7358,False,40.7167,0.5316978606643381,-0.423735132404656,False,b'VFID0262',3557.2656283763044,9.579013463575418,-0.657188858341878,0.24669976596012344,1.0064213992106177,2.4934425542602536,0.7156101157690422,False,False,False,False,True,4.121623975891751,3.917681728275012,3.1339503710609335,3.1540747174997796,0.8564,1.0666,0.9148,0.5024
425.0682,0.1172701899810134,-0.06787377500728327,False,425.1083,-0.013659557290892688,0.11920362375943706,False,40.4694,-0.08497281466902655,0.21286525533790013,False,138.488,0.006101801487482347,5.0815,False,40.5984,0.26950667727341737,-0.585460030405265,False,b'VFID0263',3386.7429351440187,9.57212316879454,-1.7696168240673122,-0.8602241481624855,1.1166023166023167,3.7978458585205086,0.6299352847558595,False,False,True,False,False,3.5345184354545016,3.2276722404239178,2.5285865364126847,2.823425584287832,1.0297,1.213,1.1483,0.3976
277.6385,-0.8230560762150061,-0.38640211945764613,False,278.0238,-0.8033204123078961,-0.48377771357959237,False,26.4553,-0.7668570919606941,-0.35645858900979105,False,26.4865,1.916892913688111,0.7353,False,26.3949,-1.3016822652848072,2.5890083634597447,False,b'VFID0276',3120.825825566644,8.862998741385503,-2.124368890494002,-0.6485189634255044,0.4881189086997621,2.912399743286132,-0.2895777156884769,False,True,False,False,False,1.9480868275779235,1.9534169483598651,1.7249899594930647,0.8420002165458016,0.8982,0.9642,0.9282,2.4547
1407.953,1.9109638637554387,-1.1792106908538722,False,1409.0607,1.6609887239755416,-1.2864602655357273,False,134.9352,0.9994347103061771,-0.13478183544051744,False,134.7728,3.6846866163850294,0.9342,False,134.3984,0.4857413187583188,-0.5715714418365104,False,b'VFID0281',2187.6280962636365,10.015470330789892,-0.06018296912399703,0.49505858042252027,0.8133652243241285,2.2993660252075188,1.280458548857423,False,True,False,False,False,6.560672698309925,5.930008846312499,3.806554373590443,3.0961189519773833,0.5709,0.633,1.0139,0.4066
2269.145,-0.6760419112351274,-0.4600390903419885,False,2269.8174,-0.5825584534242592,-0.8315583482586545,False,216.431,-0.5699390283352327,-0.6997083579554458,False,216.4351,1.989896330188585,0.7735,False,216.4901,-1.087644433384494,3.732039202668248,False,b'VFID0283',2036.5683456841036,9.353366135383919,-0.6888491936818661,0.3952892715779541,0.5681609389354482,2.1761487941894515,1.0182624529516602,False,True,False,False,False,2.1961155453900485,2.309654809976855,1.9570567296664065,1.111923189077203,0.8678,0.8207,0.7955,3.1954
467.0457,0.8449727936123376,-0.7824430648388955,False,468.584,0.7341837390241038,-0.7746047251579022,False,44.9235,0.5937565114343017,-0.27161614423648694,False,44.8785,3.3617472517619467,0.7124,False,44.7636,0.30074195426093253,0.25001573083070605,False,b'VFID0286',3358.720640012346,9.557869151617824,-1.0326179878629749,-0.11183902899302223,0.8601010835575594,2.59153978942871,0.49440301497802785,False,False,True,False,False,4.762231042276609,4.434447619891715,3.3284650220670717,2.8628163720633246,0.7347,0.8442,0.961,0.939
304.8662,-1.7610183958036616,-0.16573343368252802,False,304.9713,-1.7985713928364786,1.8554408828819469,False,29.7296,-1.8544664730776033,1.2446838900961636,False,29.6024,0.7213665718683612,0.4843,False,29.1583,-1.443312088558869,-0.9209466031660706,False,b'VFID0287',2697.299840103725,8.145098537496107,-1.8182158569778095,0.23110151866083362,1.496656068413551,1.7702526665039073,-0.11260602122070296,False,False,False,False,True,0.36564345203311466,0.347406189673877,0.4432487538406981,0.6633909372524252,0.9893,1.9294,1.5472,0.1802
151.8864,-1.3550948894534947,0.7566665173950246,False,151.733,-1.3789432759018203,0.9890187442215654,False,14.6183,-1.6182092637539456,0.12491881868264565,False,14.5458,0.6208076702099323,17.3645,False,14.6172,-1.353718825682592,-0.10244578351413282,False,b'VFID0290',2630.930681455062,8.90168428787574,-1.4481864225711583,-0.0032389823972263088,1.0757963875205254,2.6976510628662105,0.8681015230078124,False,False,False,False,True,1.0504800922549165,1.0245492255805357,0.72167647392122,0.7763769436029994,1.3701,1.5719,1.1143,0.7106
306.3472,-1.56456495334768,0.3218692715483317,False,306.6495,-1.5819817107068024,-0.07419633894013922,False,29.5508,-1.8002309083222197,-0.4004318073374183,False,29.4216,0.9546297170608817,0.588,False,28.2957,-1.1882447754456913,-0.9862229694392172,False,b'VFID0297',3198.463887352838,8.062378844796699,-3.2137583970802313,-1.0983635208895137,1.9422792864447223,3.648328860107423,0.1349645509130859,False,True,False,False,False,0.6970815515441662,0.6969113562358794,0.5071650452645672,0.9850561622261689,1.1906,1.1332,0.9112,0.1379
490.0562,-0.9689040474662816,-0.3813153550215567,False,490.3129,-0.9882418995965895,-0.14738780352068054,False,46.9432,-1.107055956518813,-0.1614244324272562,False,46.968,1.611787872664029,0.7301,False,46.8325,-0.8372406701227257,-0.8268128362000672,False,b'VFID0298',2699.394968793771,9.812757183281851,-0.7359934856966721,-0.01882219875315916,1.0782736455463728,3.267461706787108,1.192717477451172,False,False,False,False,True,1.7020256040903463,1.6550139285104146,1.32406761513769,1.427707214324409,0.9003,1.103,1.0036,0.2412
213.7086,-0.5811839158698955,-0.9689577608288419,False,212.9306,-0.5599207308308329,-1.1189923780352176,False,20.3296,-0.5805927890511843,-2.1246992977607295,False,19.7753,2.1025993757433175,0.4366,False,20.2379,-0.5902924409126347,-0.9988770168018603,False,b'VFID0302',3054.323394642303,8.189721786478145,-2.527103571997054,-0.5134317925039471,0.8943853294091013,2.6216345892333983,-1.0239618731445326,False,True,False,False,False,2.356151192076795,2.3461847172549994,1.9445013358440653,1.7391334677953312,0.6577,0.7021,0.2446,0.1297
413.9878,1.3872463385221938,-0.9888203648173816,False,411.1208,1.4194043003483374,-0.6090756844012475,False,39.5967,1.5622204823001793,-0.3367999737574402,False,39.5956,4.982514553145326,0.928,False,39.5524,2.284792637216348,1.0455232205188167,False,b'VFID0309',3464.576296835984,9.335853283325381,-0.694853197432726,0.4032747478868369,1.20025695453022,1.8645602537841803,-0.07511915529052615,False,False,False,True,False,5.677104871378966,5.540170312046317,4.469794068322399,5.364901415821885,0.6495,0.9125,0.9358,1.4545
269.3889,-0.0007438609839946274,0.017632312894600898,False,268.905,0.012159350855246387,-0.19004243188549946,False,26.2971,-0.15676526980508868,-0.5921033060478404,False,26.4606,2.251620728146457,0.5721,False,22.2401,1.8796008335279395,-1.1187818314454416,False,b'VFID0311',3118.189609997305,8.130775756808076,-0.7674363140093641,1.29332227372686,1.9860699262119856,1.4846992205810547,1.4999106646240232,False,False,False,False,True,3.3354160309435357,3.2693355445265695,2.4439795537951374,4.85391429206951,1.065,1.0854,0.8371,0.052
650.1913,1.1387486426988092,-0.697421430692829,False,650.6584,1.1188450589380774,-0.6272523726248916,False,62.0583,1.3565477125611223,-0.37792786619327956,False,62.0839,4.130539903006795,0.8691,False,62.1858,1.1634590138503234,-0.4812956161396055,False,b'VFID0323',2772.90994839539,10.102295657414583,-0.16722877686527612,0.3186556416190488,0.9345647498168238,2.5261575469360356,0.807194004111329,False,True,False,False,False,5.2578625154959315,5.055165640088082,4.227409928913377,3.950788302588087,0.7698,0.905,0.9199,0.4651
614.0171,0.5090498428385795,-1.0568861175098165,False,614.8592,0.6129358378547343,-1.0196264824126282,False,58.5294,0.9170149524321777,-0.6086579294182413,False,58.4554,3.727906351817869,0.7632,False,58.5019,0.37535292494893885,0.741671766164619,False,b'VFID0334',2772.6751447101014,9.524929213824784,-0.4938941544192302,0.4531976289629506,0.7971342383107088,2.1064284343872064,0.7692244076025396,False,False,True,False,False,4.195492872689452,4.23879301863457,3.709423177720737,2.956908219344508,0.6214,0.7431,0.8307,1.2576
279.8352,-0.9035560935376424,-1.0774754021320831,False,280.252,-0.8835999091488547,-1.2542269384191316,False,27.0562,-0.7661305874268101,-0.7191083072176342,False,26.9102,2.20699928488157,0.6684,False,28.1089,-0.7149688819620196,0.14538836361275476,False,b'VFID0335',2075.6969159695745,8.091133438752285,-1.9174384370956397,0.17498691834408375,0.9165962426054738,1.9211126275634776,-0.9309206063476552,False,False,False,False,True,1.812274635037701,1.823872001255164,1.725846140777761,1.5819040879520534,0.6129,0.6463,0.788,0.8712
345.9423,-0.05917949252661964,-0.30016935092203473,False,345.8977,-0.11319742198685528,-0.14690309183471675,False,33.0256,0.231629729256024,0.4565286180709869,False,33.0453,2.994274268332666,0.8436,False,32.8274,0.4430551187915503,1.2577099903192344,False,b'VFID0337',3615.9033932232132,9.263411846238125,-0.862954133738684,0.29304091605043536,1.048449742933477,2.1090291329345714,0.04746430145019431,False,False,False,False,True,3.2368288317573706,3.067050563353633,2.901700756838373,3.042287412577067,0.9338,1.1032,1.2425,1.592
92.8158,-1.6930348047098482,0.9923532696005019,False,93.0353,-1.6740400058763107,0.5951904993759373,False,9.1517,-1.6507531324968965,1.7573598825982648,False,9.3769,1.3124539934513164,0.8412,False,9.2344,-1.4390300014411623,0.9611114655509415,False,b'VFID0343',3213.6238640602396,8.438685638551854,-1.6544619848233169,0.16033442973549916,0.9787324182341977,2.0886772556152344,0.2271234738671879,False,False,True,False,False,0.48033908652228197,0.548359267003072,0.6833237176068659,0.66879107457015,1.4674,1.4094,1.7454,1.3998
230.5322,-0.8445427522786857,0.8625196630412664,False,230.8572,-0.9080863133525501,0.9509688768734031,False,22.0811,-0.9926829953218074,1.1355268422475833,False,22.0762,1.8922993753898656,0.8801,False,22.0702,-0.6929257340335749,0.5424476790283725,False,b'VFID0358',3464.0552336226447,9.162842254066684,-0.3752050595129936,0.8611262084772593,1.1034010695187166,1.4702696051635726,1.1788772397485356,False,False,False,True,False,1.9118364926877562,1.784358924290615,1.4588554716272464,1.6097026876667353,1.4138,1.5562,1.505,1.1285
288.8093,0.06615986966102252,-0.71946407658255,False,287.9839,0.1760959578827197,-0.462208043554201,False,27.5339,0.5458278044822071,-0.7478202321256731,False,27.4999,3.6214623492328326,0.7182,False,27.5916,0.3993404926371135,-0.1874748090850638,False,b'VFID0360',3215.78071079019,9.364702448314773,-0.613131580596514,0.46195129947551916,0.9129510925381592,1.9657277424316408,0.5055721148364256,False,False,False,False,True,3.4482898246422757,3.5338758060079174,3.2719813251619847,2.9871589255710873,0.7607,0.9731,0.7769,0.6555
338.5536,0.4756480303239191,-0.02960192829765785,False,338.6876,0.3502495195411486,-0.07468105062610302,False,32.437,0.22303082952283418,-0.6345245284344926,False,32.2526,0.008838795167251235,4.628,False,33.0314,-1.0811660175683226,1.1499962700860042,False,b'VFID0362',3554.98802568334,9.070521936014762,-1.963897233971823,-0.6538193686723761,0.387365436583529,2.501614968078613,-5.126174330463867,False,False,True,False,False,4.139140420313546,3.8149029028497354,2.891567004498002,1.1200931151078957,1.0455,1.133,0.8207,1.5222
490.4507,0.1173985669775808,0.4461316599156593,False,489.9804,0.19203936774007205,0.4565629571902765,False,47.1851,0.21472203511085575,0.444371316533349,False,47.2496,3.0582253805403394,0.8457,False,47.2363,-0.002060256656188015,0.22223855369319698,False,b'VFID0369',3144.042180491704,9.184793786480377,-1.4934265314718052,-0.2746304156061572,0.8609112709832135,2.669129754760741,-0.007784092145996624,False,False,True,False,False,3.534735021263492,3.5596032740154837,2.881775139558229,2.4809526980849026,1.2419,1.3522,1.2378,0.921
309.0245,-0.6086304973920547,-0.9570886438112999,False,309.0686,-0.5988607834469527,-0.8700929272927805,False,29.5409,-0.5742572407643153,-0.8267133591252397,False,29.6682,2.334668745382495,0.7466,False,29.5797,-0.026510068369025593,0.4092715464190922,False,b'VFID0370',3448.8440427379346,8.94109932002142,-1.6321774762696473,-0.21871524503901263,1.255204685808875,2.770573512878416,0.03319405690918131,False,False,False,False,True,2.3098458552801753,2.2833481617842653,1.9519677419275996,2.450119056215292,0.6626,0.8048,0.7464,1.0422
455.6157,-0.15533542448673576,1.9893590990740326,False,455.1435,-0.2833298772908577,2.0922225414752873,False,43.3185,-0.5563508936744976,1.3132303774892302,False,39.5073,0.006606773094315467,3.2676,False,43.1107,-0.14709854497721309,-0.305373494268714,False,b'VFID0377',3630.7151447019146,9.807191584708434,-0.08432162346905854,0.6372955315719581,1.164705102277625,2.8333075147705085,1.429319341618653,False,False,False,True,False,3.0746034263526485,2.7925122218040728,1.9730702657805688,2.298045005706898,1.879,2.0271,1.5737,0.5791
563.1473,0.5185586966149864,2.4963399545376133,False,563.1796,0.536314706159869,3.5499929370115657,False,53.9339,-0.14251861313648426,1.600608292559782,False,53.9471,2.6975378039815987,1.7918,False,53.9691,0.7213242512116543,-0.48021539258425794,False,b'VFID0378',2243.3600893387706,9.864627094235763,-1.3279193440368604,-0.6521823753051899,1.378923509025508,3.2672138528442396,0.4170840466064458,False,False,False,True,False,4.211535332341881,4.1151514807188825,2.4607691541902534,3.3932124369977554,2.0883,2.6286,1.6848,0.4658
553.1138,2.0168310136678156,-0.6431626100412084,False,553.1738,1.9219500446786686,-0.4413654410577553,False,53.1248,1.8165770906710488,0.17122003092173554,False,0.0,0.0,0.0,False,52.981,1.0269019235633197,0.9841047955147688,False,b'VFID0395',3291.627344016162,9.54375848757648,-0.9005530490370725,0.03149768056310187,0.7922287845819086,2.497800026794433,0.022202894772949122,False,False,False,False,True,6.739281973509935,6.351115378081538,4.769551822842797,3.778576243611176,0.7922,0.9817,1.1322,1.4147
593.209,0.45698474531878785,-0.7255197485302757,False,594.8629,0.4360873751717117,-0.6008355857398618,False,57.09,0.6029925474724032,-0.4506130094289457,False,57.1882,3.6759374863202074,0.8079,False,58.105,0.5990753169713152,0.019928113541671656,False,b'VFID0400',2499.9286428588866,9.442365527700318,-1.456401402012411,-0.4433567380350909,0.969962638755884,2.9103184088134775,0.3031644511962881,False,False,False,False,True,4.107653449989166,3.953417229730381,3.339349635764287,3.239044384434428,0.7582,0.9159,0.8918,0.7899
303.1851,-0.14840219579968614,-0.40214686652173237,False,304.244,-0.17137422347340833,-0.11854745820583143,False,29.0195,-0.22616537290322947,-0.5090715232056738,False,29.0048,2.4389808782575964,0.7033,False,28.5869,0.12116887738509774,-0.60876199567062,False,b'VFID0405',3507.894488236214,9.407680142494337,-0.8148468105096774,0.22590496268558524,1.1160637842465755,2.3776967326049796,0.5079974745410158,False,False,False,False,True,3.0863005292935966,2.9731721639134028,2.3621919438665984,2.63635687998853,0.8917,1.1149,0.8692,0.3825
470.5359,-0.49957847901650654,-0.02330402947202346,False,470.2489,-0.4662028521707349,-0.3296393974430879,False,44.9546,-0.33050649095482093,-0.1642697583190441,False,44.9733,2.3125587469816784,0.7608,False,45.2234,-0.5801089791684516,-0.11232211316302491,False,b'VFID0409',2360.9215924238183,8.872124368971766,-1.2034558285197234,0.2651044358071517,0.7824022187185381,2.0139921525878925,-0.36408580829345816,False,False,False,False,True,2.4938283463293436,2.497414833430728,2.239226555030745,1.7519758248695232,1.0481,1.0278,1.0025,0.7042
511.5659,0.2042751237301839,-0.5811525292964991,False,513.1938,0.20182901671557416,-0.44597020207441196,False,48.8459,0.3001992811104544,-0.2002243309516332,False,48.8156,3.083107865187124,0.8212,False,49.005,-0.047057500601803116,1.271444261237225,False,b'VFID0411',3272.9228328950494,9.41048271199121,-0.5165752950051314,0.5219377514561025,0.8128076869847171,1.8658001048583976,0.6595837500317376,False,False,False,False,True,3.681305122057722,3.5754005772947686,2.982509567051727,2.424206702605104,0.8178,0.9798,0.9886,1.6009
165.8331,-1.4129352111582005,0.3894505704849482,False,165.9938,-1.4162291632783353,-0.009972040549929197,False,16.0452,-1.4883599043938527,0.07499628258128041,False,15.9393,0.9873802705199871,0.6897,False,15.5515,-1.254816952252648,0.311897108787046,False,b'VFID0417',2183.668922998373,8.531904583898667,-2.1781440276547617,-0.43781204486071523,1.0301803625241757,2.787693522521973,-0.8303508521289054,False,False,False,True,False,0.9528972448318636,0.964381953761287,0.8747031738642418,0.9011020327525118,1.2185,1.1597,1.095,0.9791
389.3161,0.7190726216077296,-1.180421825243417,False,388.9893,0.849420148245032,-1.0038733526188028,False,37.4924,1.293739055219933,-0.9834649491637225,False,37.4077,4.34582760618531,0.67,False,37.6381,1.2164150473767605,-0.5652444181551889,False,b'VFID0419',3571.0589362028877,9.856678924018928,-0.33069922195174173,0.35138684219786476,0.967299202230656,2.4076171141357428,0.887023949506835,False,False,True,False,False,4.549823902876791,4.620401632117717,4.153390298719282,4.017571122503708,0.5704,0.7496,0.6858,0.4107
373.5638,-0.8919530680335505,-1.0200676320676452,False,372.6862,-0.8193620092918764,-1.0731871237116337,False,35.2919,-0.6560177072697699,-0.543474099897288,False,35.2427,1.955692646462909,0.6813,False,35.0537,-0.6871981563999083,-0.7419381282799001,False,b'VFID0425',2084.3491263324727,9.28825372680837,-1.625656774751037,-0.48950572248569757,0.8713698824196061,3.2295153242187506,-0.07671646312988223,False,False,True,True,False,1.8318501877670261,1.9275310383263033,1.8556135170258408,1.6169257321470387,0.6366,0.721,0.8559,0.2962
363.803,-0.6644959754761048,-0.9486107030844839,False,363.8639,-0.6644580450740494,-1.0605846198765736,False,35.0318,-0.42285275414873685,-0.9415610587573955,False,34.963,2.4085911246716027,0.6861,False,35.0057,-0.24277379920468622,-0.8513493426715337,False,b'VFID0428',2242.684177014591,9.01854012304892,-2.2955333212598705,-0.9439317490551047,1.0220578473210051,3.3706927994995137,-0.08495589011962856,False,False,False,True,False,2.2155947815755104,2.1774955577933555,2.130397031509986,2.1773890039641555,0.6661,0.7262,0.702,0.2253
333.0799,-0.5326596919827412,0.08133798178467341,False,332.9704,-0.459386439899029,0.43935569233855953,False,32.0234,-0.7907255916270496,-0.4462156875961832,False,31.9881,1.7454344439808214,0.8275,False,31.822,-1.0804185487240623,0.3523283332871985,False,b'VFID0445',2373.253125770713,8.639731937909685,-1.2339790904391381,0.4202190853776151,0.6606526395363487,1.8255151845703121,0.0030305490576161276,False,False,False,False,True,2.438016779894177,2.5084143015630627,1.6968610741867884,1.121035747587986,1.0913,1.3451,0.8935,1.0053
621.9224,0.29039847407559416,-0.9876092304278363,False,620.0922,0.3059102668544436,-0.9030533219383222,False,59.2303,0.7431357135616322,-0.6645297832933439,False,58.9813,3.713329397013438,0.7818,False,59.0001,0.7518487490981077,-0.06772431209224637,False,b'VFID0446',2291.9608148968655,9.595220164236872,-0.4871674492277145,0.40377506469890045,0.9792265636046565,2.0717288482055665,0.3580095591040049,False,False,True,False,False,3.826604482583833,3.7433537979102707,3.5045075258908707,3.4317068617047735,0.65,0.7912,0.8091,0.7331
278.2485,0.4298040634564158,0.9737018000015072,False,277.9608,0.32186771286646165,0.7653243011492487,False,26.4998,0.32300141133624316,0.4811018871364258,False,26.5972,2.8416292531814595,0.8646,False,26.0671,0.560204140162563,0.11591369231684222,False,b'VFID0448',3439.5757332051085,8.644194499351663,-1.1533929746479719,0.4972404526001726,1.0600263580577407,1.9272865311889635,-0.24186822147948916,False,False,False,True,False,4.061796714534415,3.7691039156974853,3.0093817422963274,3.1900239682918334,1.4597,1.4796,1.252,0.8521
584.6696,-0.5976512697434873,0.1791976404599179,False,584.3709,-0.6017787585845585,-0.13260409709878312,False,55.9289,-0.8027316547678109,0.9379060257634239,False,55.9134,1.8272807000510263,0.9244,False,55.8316,-0.9601046211126911,0.028569901984452202,False,b'VFID0450',2041.2462092542023,9.423776026353156,-1.8901193733228834,-0.8622251886879673,0.7563763523112228,3.520259300964355,0.5290676357836919,False,False,True,False,False,2.328368993894841,2.278639500796979,1.682711999976547,1.272763564532583,1.1317,1.1091,1.4286,0.7955
307.177,-0.8525945185954703,-0.475783837406075,False,307.2453,-0.7749499387685297,-0.7115922059826016,False,30.5016,-0.09351253735439698,-2.620044668921942,False,29.9783,1.3422183393257412,0.255,False,26.7626,-1.1373249156256928,0.9587967007894826,False,b'VFID0455',2217.9423482224356,8.155003387142928,-2.3444358684848434,-0.3030306076842515,0.416621711674547,2.481027574462889,-0.06019561284179886,False,False,False,True,False,1.8982522963897446,1.9991976475248534,2.5185225238722238,1.0492711647865463,0.8613,0.8702,0.0531,1.3983
436.7136,0.9118266381424278,0.2237673859951777,False,436.7008,0.9081003517866209,0.5379945204322029,False,41.925,0.8612949692298497,0.29408637624892886,False,41.9237,3.83787540402025,0.8962,False,41.6915,0.8008021532350015,-0.17713552648387978,False,b'VFID0456',3775.1635041998234,9.843779673771868,-0.6605029908929768,0.031887151856374696,0.9587471066975285,2.654949404541016,0.8387566233618156,False,False,False,False,True,4.875020672730782,4.715092358430414,3.643757507960387,3.493441968264419,1.1501,1.3858,1.1797,0.6622
334.4329,0.4533592339618598,3.2184182775844055,False,334.1288,0.9892513732246234,2.9799719943180785,False,32.2624,0.5057593273181251,2.1430308739305715,False,32.66,2.6137354741579784,1.2274,False,34.1841,-0.3547473957732726,-0.680674020926616,False,b'VFID0459',2268.2145207067874,8.366728722801222,-1.2924954838014642,0.5797809936671128,0.6314202075756231,2.1918246251831057,0.6537549145971671,False,False,False,False,True,4.101536822156771,4.846043662229754,3.2247608624475093,2.0361791731483514,2.3864,2.3934,1.8945,0.3359
415.9207,0.6586303731982338,-0.9721067102416591,False,416.7634,0.7371383258764747,-1.158981092127235,False,41.0982,2.3805871677008206,0.07473761659111793,False,0.0,0.0,0.0,False,40.9681,0.4031422309398355,-1.1096770900503692,False,b'VFID0460',3427.2072749784493,8.876350055627585,-2.093615075929701,-0.6284303416999628,0.5505749477320243,2.696932309143067,-1.3465630054980444,False,False,False,True,False,4.447851325086474,4.439215360255919,5.434234353798749,2.9919532953063177,0.6564,0.6856,1.0949,0.0579
551.4717,0.33182470609498854,0.08618251934285384,False,551.1909,0.24709683731653703,-0.025725170343754194,False,52.3704,0.31897292616728345,-0.3900851677309177,False,52.3115,3.2940129719611595,0.7852,False,52.4469,0.4045408689449186,-0.462160227444877,False,b'VFID0470',2818.332162374988,9.470858659690343,-2.611552312826908,-1.6212683105899899,0.9963665861119092,3.961290682495118,-0.2516614993969739,False,False,False,False,True,3.8964949942427896,3.6484480882540664,3.0046341964153673,2.9937171167974794,1.0933,1.1532,0.9152,0.4775
222.9717,-1.2753082376771305,0.8031740779535563,False,222.3007,-1.0888771182517993,0.5396910113330767,False,19.9529,-1.0295280835431828,-1.6321992524913047,False,19.7556,1.530473411322059,0.5325,False,21.5737,-1.454953072636682,2.0720442334005456,False,b'VFID0475',2661.592056682667,8.999319237305798,-1.6603070209074093,-0.29335157048022587,0.4583121590947589,2.4282820532226577,-0.843967762304688,False,False,False,False,True,1.185088760347019,1.4926214797462385,1.4154337536656605,0.6487104996981079,1.3893,1.3865,0.435,2.1197
459.3014,-0.1954860141698978,-0.05188680106528802,False,459.603,-0.2658507674049626,-0.12630284518125323,False,44.0129,-0.14528377861013553,0.27261709906544035,False,44.0456,2.411962661481988,0.9748,False,44.1243,-0.08603465140795112,-0.18793776203735557,False,b'VFID0478',2014.408160308502,9.366625014114964,-1.0366110282234375,0.036936082812495385,0.9664466202944781,2.470579118652344,-0.25266234868164084,False,True,False,True,False,3.00686506059804,2.820717809216901,2.4575104230781823,2.3750526427223626,1.0363,1.1117,1.1714,0.6552
726.0273,0.9302377410173749,-0.26819540303804396,False,725.7159,0.906266221134857,-0.3701128232210692,False,69.6292,1.1143240234369325,-0.575807348667602,False,69.5626,3.9489097679623906,0.6985,False,69.0714,0.8574074696860436,-0.7065993862549579,False,b'VFID0479',2182.2222988363314,9.61663743499026,-2.3208482588511643,-1.4470141223114616,0.9043306536873392,3.871097488464354,0.31210809458251987,False,True,False,True,False,4.906082184661998,4.712132669249295,3.9419507477717333,3.5648268965357075,0.947,1.0111,0.8434,0.3191
168.6978,-1.1763037739661086,-0.47747942555143796,False,169.2495,-1.144548147439902,-0.6825095048247707,False,16.5125,-1.1359480277710468,-0.336282641777115,False,16.4995,1.6243997815144766,0.6945,False,16.5845,-1.0352905524874862,-1.107825278241202,False,b'VFID0480',3393.580994079176,8.885643777753613,-1.5834859184919299,-0.12572512297464544,0.9131238447319778,2.3877118353881848,-0.5009698265966804,False,False,False,False,True,1.352119945371147,1.4027865802360373,1.2900184805094077,1.1779466346980543,0.8606,0.8822,0.936,0.0591
271.7289,0.19051829650184057,-0.07756285012364411,False,272.048,0.1394740159341864,-0.04390185856739871,False,25.9495,0.1188397531631342,-0.3386106356885776,False,25.9767,2.8856711845013137,0.7841,False,26.0058,1.1106476876232454,0.009743148591251541,False,b'VFID0495',3507.0341122706727,9.122173268957562,-1.0843078867892992,0.18451026308246155,1.4028525787311732,2.3907708834838868,-0.13284175389404318,False,False,False,False,True,3.6580958740299834,3.474779925748567,2.7687784389062307,3.8841879729548774,1.0257,1.1457,0.9351,0.7833
217.7109,-0.9436081086946112,-0.960964273857844,False,217.0418,-0.9393727937487117,-1.0870014067616032,False,20.9856,-0.9121246914811951,-1.034163483235575,False,21.0301,1.5761559415953281,0.5801,False,21.297,-0.9325727279604973,0.5549474087402516,False,b'VFID0498',2192.994448029624,8.369703857562971,-1.803667674395852,0.06623222909805637,0.8414789197986066,1.8703192094726582,-1.6912008671923822,False,False,False,True,False,1.7447025751172547,1.7338727403021623,1.5537929549578329,1.307484017328602,0.661,0.7153,0.6662,1.1366
365.6699,-0.09050728441984761,-0.16864015621743622,False,364.7497,-0.18499510093213664,-0.5513949937715492,False,35.055,-0.15601095999885436,-0.9415610587573955,False,0.0,0.0,0.0,False,34.9706,-0.11447231635894269,-0.7143152687931549,False,b'VFID0501',4059.226528571213,9.404419172272414,-0.9065780292016566,0.13677864682396834,0.956775351480706,2.355580369384766,0.44658784338867186,False,False,False,False,True,3.1839754753734746,2.951192506350199,2.4448685034284012,2.3391899216918173,0.9881,0.9363,0.702,0.3141
351.9147,0.6817368501898172,1.741076549217286,False,353.2792,0.6357089836599311,1.2054425120044243,False,34.1713,0.26031605523015905,0.7617544864627525,False,33.9823,3.4589355529575414,1.1201,False,33.9048,-1.1566166662059743,-1.0818999129128601,False,b'VFID0503',2528.709785988325,8.682858900911976,-1.3489625362359217,0.2707852949458651,0.34915338413545854,1.9550971635131837,-1.9284539596386736,False,False,False,False,True,4.486834438463081,4.2755414548459525,2.935507421876574,1.0249423505029611,1.7765,1.6612,1.3605,0.0759
432.7118,0.8436187885932991,-0.04316663346056315,False,433.011,0.9297885467073449,-0.0509301780138743,False,41.3977,1.1491324246739454,0.06775363485673028,False,41.2686,5.056679903003836,1.048,False,43.0013,0.831219103015696,-1.0874553483403617,False,b'VFID0505',2427.0027721067504,9.317826642373527,-1.3432322082342607,-0.2307043620135094,0.8867249253469173,2.689938015930176,-0.6418169105273428,False,True,False,False,False,4.759946690093067,4.750090037468783,3.9829722422006824,3.531800764124243,1.0399,1.1428,1.0922,0.0723
640.7935,-0.12366339112874904,2.5808771349278623,False,641.6878,-0.26856272806925835,2.4826578045191687,False,61.6034,-0.2789513447698635,3.38023030487787,False,61.6073,2.2809007556515906,1.9764,False,61.7686,0.08866086782281102,0.14230201059747596,False,b'VFID0509',2292.6309229242693,10.606116514832435,-0.9783870801225816,-0.8949609142958237,1.1284257030997449,4.27972487750244,-0.06930685671875025,False,False,True,False,False,3.128037555134453,2.816341588455301,2.299983989065408,2.5953610499792896,2.1232,2.1882,2.3728,0.8692
396.7731,0.728382267610572,-0.2982315358987625,False,399.0369,0.6652088092689497,-0.23366648362224599,False,38.2805,0.905027414467404,0.14535343190548422,False,38.2147,4.017737758840814,0.9105,False,37.3746,0.534605745571485,-0.0041454399775030714,False,b'VFID0524',3593.014632931271,9.184486719642265,-0.8231679101771089,0.3958734944281691,0.8545301660710531,1.8487920411376955,-0.27581075590332027,False,False,False,False,True,4.565530277576711,4.323144560227755,3.6952959353205346,3.1577418492911438,0.9346,1.0674,1.1222,0.7743
308.5668,-1.3729752422068544,0.20850709268690945,False,308.7605,-1.3448330333347323,0.38652211856849983,False,30.0559,-1.484060739836194,-0.2597175086890112,False,30.2853,1.1399631248620874,0.4776,False,41.3999,1.148780978308813,-0.44179029754403687,False,b'VFID0534',2740.3740006551657,8.373325628183428,-3.2248768813410997,-1.3578700924413472,4.4696672091587635,3.552641610229493,-3.4171886826855484,False,True,False,False,False,1.0203140128975208,1.0795920415293705,0.8797697137995378,3.932277841380784,1.1438,1.3233,0.9656,0.4907
700.9385,1.1789359640325192,0.7808892051859266,False,701.0721,1.1380858433013983,1.2985071557094834,False,66.9047,1.2052212143010392,-0.04709406477542546,False,67.047,0.01177302950061771,19.9993,False,66.6757,1.539217004426574,-0.8382323423565987,False,b'VFID0538',3368.299194331459,10.423746377444251,-1.7180451821849663,-1.4889395238371272,1.0927580108509938,3.655079690917969,0.16791078923584024,False,False,False,False,True,5.3256628514980315,5.086213996028047,4.049072548145437,4.424656463502772,1.3801,1.6996,1.0478,0.2338
669.3494,1.2884466188516972,-0.820230457792703,False,668.8848,1.27260251077692,-0.5843553884170911,False,64.1482,1.5281945207386238,-0.8486999682890533,False,64.1712,4.665492011591215,0.7019,False,64.1038,1.5567346770172477,-0.4262042148168789,False,b'VFID0541',3558.371855223507,9.833770916769517,-0.8700011186752926,-0.16961585862356332,1.0038497720529704,2.6906439771728508,0.44955662244140626,False,False,True,False,False,5.510419111585517,5.303280062191113,4.42969467441077,4.4467479891715085,0.7191,0.9227,0.7379,0.5008
279.4469,-0.13445718543727184,-0.5191424485517896,False,279.7002,-0.1975716592797551,-0.5477596561268204,False,26.8982,-0.1865465798962213,-0.7708415052501368,False,26.8428,2.4460517263747197,0.648,False,26.4122,-0.030165916200437327,-0.6360762198558373,False,b'VFID0542',3349.0950820929615,9.104773100114873,-0.8606152637990726,0.42210235340372726,1.015204649065678,2.0186523803710923,0.17907746026611449,False,False,False,True,False,3.10982726252056,2.930898039518536,2.408882456468784,2.4455086688598606,0.8434,0.9378,0.768,0.3648
340.7646,-0.9909529517600271,1.1246091449388274,False,340.8274,-0.9131212215002847,0.673713792502081,False,32.5863,-0.918473865801578,1.2457185540568143,False,32.661,1.7593625798887926,0.9319,False,32.4678,-1.2424614252774584,2.2271334724183056,False,b'VFID0551',2250.711800374,8.657775114526778,-2.574928944599202,-0.9351438785749333,0.5928198673065325,3.3635756770019523,-0.6673660661084,False,True,False,True,False,1.6648267296697186,1.7762342232730255,1.5463104906746108,0.9166835798964218,1.522,1.4418,1.5476,2.2202
504.6277,0.04019929214382864,-0.6351691230702108,False,504.4666,0.08607151548493995,-0.5133451264233871,False,47.9328,0.33794747613706244,-0.9881209369866476,False,47.9749,3.3860092265600943,0.6551,False,48.1586,0.6454745913820807,-0.7402406341214968,False,b'VFID0553',3615.1464375359865,9.88348835064544,-1.3825509091738852,-0.7218805423619314,1.0893833110986788,3.7923315924072245,0.6834568895507811,False,False,False,False,True,3.404491536524031,3.388605692374114,3.026995591027466,3.297558479634603,0.7955,0.952,0.684,0.2973
589.2583,0.9283076360158433,-0.45204560337099087,False,588.7015,0.953645230340849,-0.5513949937715492,False,56.4692,1.3460558703222514,-0.5996046197625531,False,55.6222,0.007870883199019794,19.9985,False,56.3472,1.4111650165800504,-0.7266606808542702,False,b'VFID0556',4160.622637399531,10.43450300436881,-1.2827604188946389,-1.0622472854746772,1.0114173928507912,3.8063653406372087,0.35923819245849664,False,True,False,False,False,4.90282588980879,4.788586950641003,4.215045355056029,4.263170183758607,0.8711,0.9363,0.8342,0.3061
215.0222,-0.7258523189337209,-0.18123595386870528,False,214.7901,-0.7142874413993769,-0.38004941278332866,False,20.5011,-0.6024594993181005,-0.3249013382099645,False,20.4985,2.0673845317828934,0.7045,False,19.7525,-0.7011533621013513,-1.0982575838938375,False,b'VFID0559',3455.1226534030893,9.166649921847183,-1.4693096991334686,-0.2360200426586545,0.833533400382831,3.0425365893554677,0.20130250837402386,False,True,False,False,False,2.112080027065183,2.0970871501022605,1.9187315474735516,1.599326831187441,0.9829,1.007,0.9404,0.0653
565.0425,0.02094256959554253,-0.9684733070730236,False,564.9641,0.09915914383209633,-1.0925755911501875,False,53.9975,0.1952754216131787,-1.019936853776637,False,54.0218,3.037655017668005,0.6762,False,53.9182,-0.0373927276612153,-0.711537551079404,False,b'VFID0567',3522.8892410239946,9.901555809959754,-0.32756990630019495,0.3186679534042373,0.852226810532392,3.100251291137697,1.2990736259497062,False,False,False,False,True,3.3720033731993,3.409724859641906,2.8588574208780435,2.436394941561755,0.6579,0.713,0.6717,0.3159
356.9211,-0.12393856140363804,-1.2521209811044876,False,356.2847,-0.05090422041272302,-1.230233709963921,False,34.1314,0.21713156914517648,-1.13349122345798,False,34.1961,3.1213288864808084,0.6361,False,34.6196,0.19121224878221948,-0.40737746142367826,False,b'VFID0569',3233.713285691512,9.99047524313578,-0.2859045331797349,0.2893033975798445,0.9445588948133786,2.4788086040039055,1.2431895163281244,False,True,False,True,False,3.1275733132672148,3.167571491117922,2.8846147611280974,2.724688530733514,0.5408,0.6562,0.6278,0.513
308.6674,-0.18171404641893352,-1.6513108758985542,False,308.0657,-0.09049517484059819,-1.6024922847841574,False,29.7393,0.2673636020529272,-1.0408887989798004,False,29.6571,3.119812068446907,0.7087,False,29.3253,-0.1722499149552806,-0.024824005179870982,False,b'VFID0573',3406.085875738991,9.846100063830411,-0.33881122980047684,0.3517253570376895,0.7698609576619206,2.4587641408691407,0.9171645655371083,False,False,False,True,False,3.0300998523168454,3.1036845922333365,2.9438129140122062,2.2663266291589665,0.376,0.5026,0.6636,0.7609
303.0565,-1.364771752866724,-0.5794569411511359,False,300.5823,-1.4523001585148678,-1.674714325992771,False,28.5817,-1.7712076849418825,1.1973480138964239,False,28.6347,0.7644755880212424,0.7,False,32.8839,-1.1590806541966745,-1.1067450546858544,False,b'VFID0581',2244.574744978246,8.24112705362045,-2.0990720900421445,-0.12646346561077726,1.8875028012250692,2.348965183715819,-0.8000286477783192,False,True,False,False,False,1.0341541822641693,0.9061751219572978,0.5413687418980306,1.0218350168282244,0.8185,0.4728,1.5289,0.0598
305.882,1.1617391141831286,2.966744551436933,False,305.8526,1.468631445838918,3.341809267890092,False,29.4009,0.49104106235753814,0.693983997040174,False,29.2672,3.4151795488875054,1.1138,False,28.4951,0.4345699398287281,-0.33546543616768226,False,b'VFID0583',3408.7300942669,9.704288227501031,-2.4729596237132254,-1.6691420104646175,0.9451805614061962,3.6841176877441395,-0.08753675528320315,False,True,False,True,False,5.296649915097408,5.619606883146487,3.207415474477133,3.0315867588292167,2.2825,2.5427,1.3343,0.5596
619.8002,0.4588407680416395,-0.18462713015943147,False,619.3777,0.6687963795919447,1.0260991881977997,False,59.5923,0.6664306003465104,-0.1603897684666063,False,59.5979,3.5155079496073007,0.9904,False,59.6754,0.8690577694317095,-0.7061364333026661,False,b'VFID0585',2552.3512116981087,10.396307230180016,-1.1971214055181094,-0.9460970212981903,1.0484483594633909,3.712140880004883,0.44890247295654184,False,True,False,False,False,4.110784760065593,4.3289337296423005,3.414111004861338,3.579519082072779,0.9815,1.5872,1.004,0.3194
640.5803,0.33727960207718344,-0.47820610618516524,False,640.5529,0.43571275226529615,-0.09940134661025932,False,61.4947,0.6328044128750165,-0.13788582732246785,False,61.4375,3.7287691152722906,0.9571,False,61.4065,0.8057646619504764,-0.015101993181742804,False,b'VFID0588',2395.748690871328,9.63510381239204,-0.23389389051268777,0.6251890782803571,1.0371071515368577,1.937141606872558,0.9717654817309569,False,False,True,True,False,3.9056979908142253,3.9528127104383386,3.3744827423440142,3.4997001848226854,0.8603,1.1228,1.0127,0.7672
300.2653,-0.9176879814434403,-0.2558418322646839,False,299.8998,-0.9041603497614225,-0.5046203160760377,False,29.054,-0.8599284647210417,-0.2413522233874728,False,29.1074,1.6780516138728936,0.7422,False,29.2123,-1.1269868112766854,-1.10736232528891,False,b'VFID0598',2145.8023340085133,9.078838989568286,-2.0252031435258537,-0.7217690421578284,0.657651620314968,3.785532395141601,-0.41937291597412063,False,False,True,True,False,1.7884326192835085,1.7906941501672193,1.6153058986484794,1.0623085415504985,0.9521,0.9556,0.9727,0.0594
266.5751,-1.164327754494373,-1.1281008196150688,False,266.5877,-1.1588299604299954,-1.2001815854341622,False,25.4936,-1.164220362191691,-1.4979516035969607,False,31.7737,0.0037900467205039816,3.1467,False,24.439,-1.1943844552857086,1.2621852021913886,False,b'VFID0603',2214.3441409738784,8.340965354821117,-1.6801034456113426,0.21275312477555341,0.7776825396825398,1.9783919102172849,0.16232566396972814,False,False,True,True,False,1.3723247790650577,1.3797403881052346,1.2566997020618467,0.9773134159177479,0.592,0.6686,0.4869,1.5949
567.0811,0.4720589114463241,-0.9355304516773969,False,569.3503,0.28629776062984647,-0.6839636398826621,False,54.5706,0.10319532790964688,0.6505281106928715,False,54.4961,2.7730964615156846,0.7803,False,53.7165,0.32723871395058685,-0.6167865135103447,False,b'VFID0605',2870.424494769043,9.128900539806715,-1.2045285730349613,0.058915750741190154,1.0530442630965364,2.2577804662475582,0.009156952866209878,False,False,False,False,True,4.133085190510302,3.7117056040197505,2.750341576523202,2.8962314187136418,0.6715,0.8816,1.3175,0.3773
375.998,0.6085952962144926,0.3107268351645164,False,376.8766,0.7067118017289903,0.6058541564671419,False,36.1447,0.7625977431700742,0.6357841492536087,False,36.1882,3.4058342125511243,1.1285,False,35.8314,0.6887321340936796,0.16190035224449642,False,b'VFID0608',2535.610483970897,8.903886486818894,-0.9289261961448493,0.5142621006240066,0.9502946318720455,1.8084955610351567,-0.08395929864013674,False,False,False,False,True,4.363436765498921,4.390116865417636,3.5274434123661687,3.352110539003981,1.186,1.4138,1.3118,0.8819
579.0406,0.5230490800995791,-1.1479634236036085,False,576.2874,0.5762128525359815,-1.1955768244175056,False,55.1439,0.7910159603793394,-0.9888969349571353,False,55.2656,3.712671870359802,0.6332,False,55.5555,0.6317138003416044,-0.6096879015752036,False,b'VFID0613',3220.6692548112583,10.028971826052047,-0.2698239930381824,0.2746323972370025,0.9211641246252118,2.631694332580567,1.2697869879028332,False,False,True,False,False,4.219111092530164,4.1795340873028355,3.5609341128149716,3.280204754879258,0.5838,0.6705,0.6837,0.3819
428.0777,1.9579918961568032,0.6745516057838663,False,427.8527,2.521116300452594,1.3881788176127954,False,41.3075,1.3625866583591075,-0.38387718396701753,False,41.4613,4.874983462519172,0.9889,False,41.1963,1.383812334533741,-0.5549051355540049,False,b'VFID0617',3247.5696153060617,9.58058185045012,-0.6980125877110759,0.2046231900051001,0.9986182501519925,2.427762044128418,0.023101547719727833,False,False,False,False,True,6.640014050072416,7.317974463719875,4.234526790722743,4.228675733973278,1.3362,1.7366,0.9176,0.4174
182.6686,-0.6812614374301382,0.7639333237322949,False,182.9314,-0.7005271745685514,0.763143098562411,False,17.5462,-0.8594094046613691,-0.3652532326753167,False,17.6282,2.014380340216447,0.715,False,17.4996,-0.6339366660521946,0.3972347696595048,False,b'VFID0624',3046.7377341343436,8.961354956255965,-1.0618420432507083,0.33543973843045194,1.0421903661933556,1.9325204860229501,0.5512388787548819,False,True,False,True,False,2.187309642979811,2.1192917366890116,1.615917607850553,1.6840937634640594,1.3731,1.4787,0.9248,1.0344
200.1208,-0.9989996843424744,-0.9226924271482189,False,200.3293,-1.0285307205550471,-0.7692728966122997,False,19.0278,-1.0044777227247033,-0.45526899725187103,False,0.0,0.0,0.0,False,18.6423,-0.8728977858864628,-0.2888615056369724,False,b'VFID0634',2921.491505196764,9.158465552168446,-0.6652162167686035,0.5746112141383564,0.9569430278303948,1.9230730554199216,1.175537094824218,False,False,False,False,True,1.6512510258232584,1.590000900460252,1.444955455330767,1.382740048504271,0.6768,0.8464,0.89,0.5898
161.9465,-1.1733895726698487,-0.9999628012011964,False,162.0277,-1.1875456102584154,-1.1117217027457598,False,15.4971,-1.2380040065605118,-0.6681511071556192,False,15.4579,1.423450311149686,0.5775,False,15.2008,-1.0442408659435412,1.760013943555859,False,b'VFID0648',3294.710743004438,8.64698652656245,-1.5281968630212917,0.1202062587996724,0.9973612097838223,2.2203725911865213,0.12488723851074468,False,False,True,False,False,1.3570365165808445,1.3334026868928142,1.1697461147421064,1.1666594001391126,0.6449,0.7051,0.8077,1.9175
259.4093,-0.5803417835698531,-0.6606029452506579,False,259.6254,-0.5494903862530878,-0.6599704114274517,False,25.0312,-0.3987343118214123,-0.7555802118305485,False,24.9179,2.453487348089804,0.7091,False,24.8422,-0.1642964813286437,-0.7166300335546141,False,b'VFID0653',2779.603263150568,9.235218470533214,-1.1210929993698082,0.05742326317908031,1.0544446506448917,2.2567956929931654,0.028344086899414478,False,False,False,False,True,2.3575719598962515,2.363015894451895,2.1588204727599463,2.276356699204401,0.785,0.8915,0.7739,0.3126
208.0965,-0.5744968547168432,-0.5966550494826763,False,207.8672,-0.6135617391361746,-0.6541538711958853,False,19.8492,-0.5058565160745122,-1.047872780714188,False,19.8143,2.2873023925160334,0.5495,False,18.9044,-0.8393140680460625,-1.1190904667469697,False,b'VFID0655',3577.490233477779,8.614902000445001,-0.8056915974132349,0.8683410356287488,0.7011257333121927,1.190066997924804,0.11797658985351411,False,False,True,False,False,2.36743298389563,2.2596256099237113,2.0325775903286587,1.4250924535331104,0.8114,0.8939,0.6609,0.0518
239.8431,-1.051278360055549,-0.0918542359202764,False,239.4715,-1.0869524767092622,-0.23875595632486638,False,22.9987,-1.134260472378087,-0.18599770149269512,False,22.9347,1.5644909973289036,0.7415,False,22.8267,-0.9888375460130329,0.11683959822142592,False,b'VFID0666',2809.573353551986,8.97926301307601,-0.8916751900474329,0.491301417184965,0.9570600219401348,1.695200384521483,0.37684281060791136,False,True,False,False,False,1.5630512737258704,1.4957272240101496,1.2920072545320778,1.2365284913692838,1.0198,1.0653,0.9941,0.8527
111.8342,-1.6932698186874569,0.18210436299482638,False,111.9421,-1.7044738249852005,-0.041963011823542985,False,10.9988,-1.8228272091882614,3.104751025354795,False,11.0203,0.8562552255507602,0.5645,False,11.1485,-1.064274088317699,-1.082208548214388,False,b'VFID0668',2894.371287017066,8.357462270824888,-1.4530192276212985,0.42665940483118225,2.375257731958763,1.5630393248291021,-2.7084712744921866,False,True,False,False,False,0.47994259265012923,0.4992490004743003,0.48053543869977194,1.1413955162518297,1.1329,1.1465,2.2663,0.0757
402.2125,0.5837182284299041,0.0033409270979686137,False,404.6322,0.6232191228075643,0.3164812799467237,False,38.9065,0.4782554697990429,0.8101250266231422,False,38.9538,3.909413042756728,1.4584,False,38.8469,1.3995919790453963,0.5234666079844079,False,b'VFID0671',2535.676722602766,9.054095336852535,-0.915488047821621,0.407711585460633,1.3308623601133402,1.8327081273193357,-0.13028857628662038,False,False,False,False,True,4.3214664749056215,4.255386889519387,3.1923477294710385,4.248575433546288,1.0591,1.2944,1.3792,1.1162
280.0452,-0.43613502867277576,-0.6833722717741061,False,281.2306,-0.5180202342019209,-0.8005368003569681,False,27.1361,-0.49718741796365234,-0.9286277592492698,False,27.0466,2.1828398313906,0.6024,False,26.0242,-0.2721482258166207,-0.3666376016219981,False,b'VFID0673',2811.2468981706606,9.122705985087581,-0.47232977412312144,0.796062835599411,1.0477536447485867,1.4494472577514657,0.5773083904077154,False,False,True,False,False,2.600864274768528,2.4137984646381763,2.042794071040807,2.1403449334038087,0.7756,0.8335,0.707,0.5394
362.2907,0.14031531274955725,-0.9779201553114755,False,362.1472,0.1605852416580775,-0.8160475743078114,False,34.6547,0.22270358849828165,-0.9901902649079477,False,34.6452,3.171445184054058,0.7067,False,34.5542,0.216946619619948,-0.20506702127215293,False,b'VFID0682',3398.680197534773,9.517998596921501,-1.2325477007765542,-0.27991965598782964,0.9536385970857337,2.9054965587768553,0.6961548260595709,False,False,False,False,True,3.5733980376539716,3.5088465645210407,2.891181352891248,2.757142129291643,0.654,0.8271,0.6832,0.6441
1468.9049,-0.3476494141661036,-0.8606823464035093,False,1467.6429,-0.35395570749797994,-0.9779412774197371,False,139.7081,-0.7344096305735596,-0.36344257074417896,False,139.5778,1.86983413473468,0.8044,False,139.1639,-0.8073404449666852,-0.22080742165007478,False,b'VFID0686',2192.294979308594,9.529726192012655,-0.7358831750120102,0.20737672362164827,0.8310969736341032,2.924585706665038,1.4843685102856448,False,True,False,False,False,2.750149029158771,2.6785451467919716,1.7632291003103264,1.465414369091495,0.7024,0.7603,0.9255,0.6339
283.6122,-0.663485423615353,-0.2887846876603106,False,283.2349,-0.5994904993351025,-0.6493067543362468,False,26.9582,-0.41810847594763345,-0.9444063846491831,False,26.8945,2.449985089378486,0.6549,False,27.4409,-0.416807352974053,-1.1031957487182837,False,b'VFID0688',3507.3620426608177,9.100565547046628,-0.8373638524419509,0.44871480952681675,0.916632151943672,1.8492944104003914,-0.02341859425048831,False,False,False,False,True,2.217299691318998,2.2823320055472256,2.1359881352343653,1.9579154009260273,0.9385,0.8959,0.7009,0.0621
385.5001,0.25032859770243676,-0.1390884771125357,False,385.2046,0.2593694231153022,0.10684347576735864,False,37.1086,0.07756296343439842,-0.017347475906736878,False,36.9618,3.3176022337308133,0.891,False,37.8902,0.04684996905621411,0.8851871813750832,False,b'VFID0694',3424.3977842182435,8.91446154744382,-1.1853124731337974,0.2494283360842895,0.9347456281612193,1.8872750588378917,-0.5305271841455088,False,False,False,False,True,3.7590022888694734,3.6682520424478575,2.7201339870001267,2.5426333523611153,1.0003,1.2079,1.0593,1.3506
333.8284,-1.3283873951189717,-0.4486544270802644,False,332.2756,-1.3294066302001881,-0.5465478769119108,False,31.8737,-1.4305210052145745,-0.642284508139368,False,31.7477,0.026042870640043448,20.0,False,31.6715,-1.2491037930933349,-0.26833725808536835,False,b'VFID0696',2110.1942791496745,9.686185568231439,-0.34827274757542875,0.4700054909347751,0.9633467741935484,2.4445423967895508,1.8190513559912116,False,False,False,True,False,1.0955385094263024,1.1044852291640586,0.9428659735373394,0.9083068941040555,0.8725,0.9383,0.8177,0.6031
529.6404,0.7615435616801636,0.13220562614556816,False,529.6454,0.6900320770600215,0.15555700020672555,False,50.5379,0.770479822724341,-0.09494727295549026,False,50.5931,3.8446140673954496,0.8437,False,51.4187,2.2153255928777247,1.1382681286279446,False,b'VFID0706',3361.9239448846583,9.213961202146976,-0.7936749475080969,0.4018218805831648,1.4921390649083746,2.055532616943358,0.3501275976220697,False,False,False,False,True,4.621476949451474,4.363201225248101,3.536732396376732,5.277296570760733,1.1123,1.228,1.0293,1.5146
265.5676,-0.4430014729731298,-0.6552739539366594,False,265.8402,-0.37618136034113925,-0.4934719472988691,False,25.56,-0.3894096926532568,-0.7343696006372225,False,25.5992,2.2220968846583746,0.5907,False,26.8124,-0.3004244893396907,-0.8721822255246655,False,b'VFID0708',3268.1973193018725,8.488589401286225,-2.110918961451119,-0.3359862818993187,0.9699864314789687,2.5331532280273414,-1.7712328985400418,False,True,False,True,False,2.5892798442751923,2.642680185808988,2.169809481150594,2.1046857556104968,0.7872,0.9602,0.7821,0.2118
400.8402,-0.12684625950949907,-0.8013367613157992,False,400.3152,-0.11836311017526249,-0.739220772082541,False,38.2095,-0.03743108759120468,-0.8424919845251531,False,38.4577,2.43692194098342,0.6435,False,39.6828,0.33054315564625364,-0.2584609284364761,False,b'VFID0736',2561.7211548017895,8.463581629050429,-0.8082164803610239,0.9866927130025693,1.1221785714285715,1.072102660644532,0.3609105378344726,False,False,True,False,False,3.122667713639586,3.0587148259678805,2.5846141798308992,2.9003986480166675,0.7269,0.8588,0.7403,0.6095
666.02,1.020202523785837,1.8534698205670717,False,666.6991,0.7216118289589997,1.650892551405202,False,63.5939,0.61816908167998,1.2558065276731523,False,63.5979,3.4410648876634795,1.4126,False,63.6962,1.075136369404336,-0.3657116957174144,False,b'VFID0740',2992.2107355037933,10.528803914290148,-0.6348255859235882,-0.48964117078152836,1.143621035728623,2.9663677610473638,0.6520359940234375,False,True,False,False,False,5.057862455096225,4.414160653873288,3.357235091324506,3.8394046723250113,1.8229,1.845,1.5515,0.54
584.3339,0.7304243244444262,-0.5966550494826763,False,586.0181,0.5723999730725475,-0.4115556723709786,False,56.0546,-0.44494276716073217,2.4671393596042,False,56.1142,0.020339987210190986,0.8205,False,56.0844,-0.26241610407476496,-0.29858351763510055,False,b'VFID0746',3390.2412290735047,10.459394861946247,-0.7499204136326998,-0.549291199980092,1.0229304539649369,4.364909325500488,0.5485452867407226,False,False,True,False,False,4.568975447219171,4.173381342357439,2.1043640821786784,2.152618105890543,0.8114,0.994,2.0198,0.5835
350.7243,-0.5287631539808553,1.179110192468357,False,351.018,-0.42352571429217234,1.0011365363706615,False,33.5116,-0.4115440780307789,0.40505408602864673,False,33.5341,2.3270875377098164,0.7792,False,33.7812,-0.6038117144571872,-0.12327866636726464,False,b'VFID0750',3539.9630001565033,9.415821992154573,-2.236435690983178,-1.2021877267101044,0.8033142925145781,3.903375997131347,0.19376239457275446,False,True,False,False,False,2.4445906588441835,2.5662818267056253,2.1437242392496603,1.722084320599193,1.5445,1.5769,1.2226,0.6971
330.4445,0.4783619310644967,-0.6661741634425655,False,329.8951,0.42462937421616426,-0.5669057677223925,False,31.8043,0.672588240037512,-0.3150720305837889,False,31.8466,4.1361263733644655,0.7931,False,32.9668,1.3374936803451642,0.2856631081571762,False,b'VFID0752',3671.9688577414645,9.174790122878676,-0.8710359626974911,0.35575120179990405,1.218887771676077,2.0144589569091806,-0.08801843554687494,False,False,False,False,True,4.143719062929698,3.9349277500235935,3.4213677467197177,4.170263308883597,0.7827,0.9299,0.9442,0.9621
626.8887,0.7220533337640703,-0.7063838251754629,False,626.6572,0.6265132534718355,-0.7716964550421189,False,60.1461,0.8504213300750824,-0.7289376148438097,False,60.1336,3.876232130436724,0.6825,False,60.1382,0.828334552217965,-0.4942582988037765,False,b'VFID0757',2558.159461439431,9.523540721046075,-0.6553516352859868,0.2928492930815977,0.9716933231784717,3.2769854914550773,0.19112948571044797,False,True,False,False,False,4.554852685065265,4.260702542948361,3.6309429887018756,3.5281630589632975,0.7661,0.8454,0.7842,0.4567
633.5568,1.2284167356056668,-0.17227355938607142,False,633.0261,1.214328374766531,0.13859209119799107,False,60.4725,1.513264968946395,0.4298860210842481,False,60.4466,4.480915254308389,1.0224,False,60.568,1.235679697330523,0.050328690742167746,False,b'VFID0764',3082.7319665259115,10.009660137982364,-0.46133437524264415,0.0985484272621287,0.9160865569808281,2.364774040100098,0.7499564756298831,False,False,True,False,False,5.409142238204218,5.209244596547954,4.412100286162326,4.041865760204572,0.9866,1.221,1.2322,0.8096
150.6699,-1.0203344952779219,-1.6290260031309243,False,150.6348,-1.0087818590083755,-1.5862544433043686,False,15.1079,-0.9058604598486775,-1.784553520697025,False,15.3178,1.7035640244124448,0.4605,False,16.1083,-0.802521387184788,-0.41601924986645894,False,b'VFID0779',3370.2092507772495,8.631047977772973,-1.0468561539505985,0.6142788752562294,0.9425537707595971,1.5814185838012715,0.32069520240966654,False,False,True,False,False,1.6152569037479645,1.621869127406293,1.5611753147871528,1.471491679769432,0.3852,0.5093,0.3761,0.5074
285.7913,-0.34374079083175935,0.9063627279427992,False,286.3647,-0.5009551253524555,0.8060400827702119,False,27.532,-0.6990140025201441,0.26821977723267754,False,0.0,0.0,0.0,False,27.2665,-0.4834674992141026,0.9839504778640049,False,b'VFID0782',3205.910835949896,9.091307445948656,-1.0244755802353456,0.26899856593372484,1.0381772216710936,2.203505572631837,-0.064871045820313,False,False,False,False,True,2.7567432973652437,2.4413359892893283,1.8049426380598972,1.873850333256718,1.4319,1.4964,1.1697,1.4146
363.3123,-0.10087956778641237,-0.39996682462055144,False,363.0342,-0.0051656831849741765,-0.3325476675588712,False,35.0093,-0.09276035093905025,-0.6008979497133659,False,34.8879,2.6278731309645837,0.7839,False,34.8011,-0.11278840697584581,-0.22821466888674394,False,b'VFID0784',2185.981488074438,9.132718486438913,-1.4871958052093086,-0.2268013038208394,0.9293106143504767,2.7703440021362304,-0.4314409332373046,False,False,False,True,False,3.1664763170811754,3.2413785853197394,2.519408971101919,2.3413134987348267,0.8926,1.0266,0.8337,0.6291
1680.3436,0.9777849990409194,-0.11292797429836106,False,1683.1641,0.9470404020572444,0.18657854810841176,False,160.8591,0.9195683327960815,0.3763421611206081,False,160.5086,3.689122733654835,1.255,False,160.3628,0.9614632137361576,-0.3504342482917843,False,b'VFID0789',2222.981077378041,10.734555702136005,0.4447215577547513,0.4255489324955689,0.995587584823018,3.6364919163818357,1.2912308636547838,False,False,True,True,False,4.986299525927556,4.777928910116281,3.712432321336948,3.6960515286187627,1.0111,1.2408,1.2115,0.5499
342.9386,-0.20280319168956104,-0.9534552406426644,False,341.6328,-0.2370782311805669,-1.039257305694164,False,32.8005,-0.05864886902959935,-0.6321965345230299,False,32.785,2.840393183706934,0.6609,False,32.5999,0.12589023641598904,-0.4561418390650833,False,b'VFID0790',3488.0556322293755,9.050359279938979,-1.16710712467537,0.1590769164874264,1.0323103363614043,2.12716600970459,-0.04886004663574184,False,False,False,False,True,2.994520194656352,2.8671473065347737,2.5596091502363696,2.642310982834235,0.6641,0.735,0.8216,0.4814
205.7555,-0.9243646418789035,-0.31615632486402995,False,205.3221,-0.9267583147018691,-0.6565774296257046,False,19.623,-0.9330817461972173,-0.6078819314477538,False,19.411,1.5869387334747793,0.7032,False,18.0601,-0.9462753832738913,1.899362782195697,False,b'VFID0791',2498.4802414248697,8.401755281801815,-1.527455844478137,0.31684098997956145,0.8437693190850482,1.8683837243042003,-0.2559242941308604,False,False,True,False,False,1.7771683745945595,1.7542283987850997,1.529095190259397,1.2902036075013938,0.9272,0.8929,0.831,2.0078
163.9453,-1.4852216725181568,1.8609788537822516,False,163.9888,-1.4593443767373695,1.0440335205784623,False,15.8644,-1.557412012614672,-0.06313135616550122,False,15.7237,1.035083862524809,0.7114,False,15.2364,-1.3615485113671137,-1.0655422419318823,False,b'VFID0797',2452.6672805102794,8.565309811811975,-2.1675281943681393,-0.453880715515675,0.9661894947919568,2.677034525207519,-0.24109501043457016,False,True,False,False,False,0.8309422051338892,0.8948080492558362,0.793325673834866,0.7665029320079978,1.826,1.5946,1.0416,0.0865
332.7874,-0.2576600925145879,-0.7233397066290944,False,332.9571,-0.2138408847868628,-0.6047132792275728,False,31.9818,-0.15021645731713673,-0.6632364533425315,False,31.8985,2.5373076515520165,0.6554,False,33.2682,-0.5001176690620313,-0.7106116451748203,False,b'VFID0802',3394.0829506061023,9.067674299870422,-1.9659980532626862,-0.6536454614409402,0.7557428977627018,3.4976001212158216,-2.304073594479979,False,False,False,False,True,2.9019706993295546,2.904644811226285,2.451697290474899,1.8528528147404644,0.7591,0.9143,0.8096,0.3165
1064.8292,1.109137023572165,-0.5826058905639531,False,1066.3851,1.2385890330409628,-0.326973483170287,False,101.4255,1.6329947959223143,-0.2654081604725865,False,101.3638,0.006760324071597153,4.5733,False,100.9544,1.6250169719346703,-0.2569177519288367,False,b'VFID0806',3411.1356421445307,9.757594130034759,-0.7998554706103298,-0.03861926318126274,0.9955322796172069,2.539190209838866,0.30460185349853397,False,False,True,False,False,5.207904527261752,5.248393393146826,4.553201177203802,4.532858747497451,0.8172,1.0289,0.9634,0.6105
1309.4536,0.1978716732063669,-0.06714709437355629,False,1310.0874,0.13745021492229131,0.005296377557932004,False,124.7546,0.1241767195863827,-0.34714661336394076,False,124.7329,3.10229067812106,0.8196,False,124.7837,0.15169089602052133,-0.2124742685088221,False,b'VFID0812',2700.2915750219177,9.71299797256784,-0.9643863533585568,-0.16752619081702225,0.9638856261285741,2.712126953491211,0.7041248245141603,False,True,False,False,False,3.670501811892249,3.471514170414353,2.7750680221855104,2.6748481781136646,1.03,1.166,0.9318,0.6393
535.8407,0.5545135798134944,0.06801550349967765,False,534.5748,0.5661071537315633,-0.14326775418998774,False,51.1046,0.10063185709523925,-0.35335459712784095,False,50.761,0.005183623662963988,19.9856,False,50.729,-0.24163846508785408,-0.31031165909316005,False,b'VFID0815',2417.745932985047,10.101608372186346,-1.1971693996674415,-0.7107359693509125,0.7930711907404471,3.65381664123535,1.1909373540649426,False,False,True,True,False,4.272195089719894,4.163226782591298,2.747320541370913,2.17882077309072,1.0858,1.1047,0.9294,0.5759
583.5609,1.1687235938458655,-1.2526054348603055,False,582.9302,1.2188240570559685,-1.2275677956911197,False,55.6398,1.7023391016920213,-1.2917948094374379,False,55.9418,0.0033150943198806252,1.9953,False,54.9309,1.7910263885283195,-0.8391582482611825,False,b'VFID0821',2409.96650739994,9.666374587310592,-0.38566143169498474,0.4484420602707819,1.0231481915182628,2.1938298594360344,0.8466804424365222,False,True,False,False,False,5.30843348394991,5.216499162748568,4.634923030311684,4.742213116289746,0.5406,0.6573,0.5666,0.2332
483.8178,1.0991041759244187,-0.786803148641258,False,483.5474,1.1183085859452664,-0.4435466436445927,False,46.5004,1.4012646061593748,-0.2708401462659992,False,46.4873,4.466831628526199,0.8799,False,46.393,1.3283549834772896,-0.3373172479768495,False,b'VFID0824',3198.727257213591,10.057283348806047,-0.2934821949451704,0.2283586052648337,0.9716432380029083,2.5674376169433586,0.7767113618310546,False,False,False,False,True,5.190978033556771,5.0542999474989205,4.280108522828403,4.158738504124834,0.7329,0.9808,0.9613,0.5584
569.2452,-0.14889035515102572,-0.43775421757435856,False,570.9224,-0.1306762748113057,-0.6703917126756744,False,54.5857,-0.037066159131585084,-0.5346794562317626,False,54.5911,2.6471733452373436,0.7539,False,54.4414,-0.38247420767074836,0.605254962889296,False,b'VFID0827',2022.5293560394507,9.29208094210057,-0.6440350846267032,0.4890587413321711,0.774150350291087,2.025302026611328,0.8763899101293937,False,False,True,True,False,3.085476951932753,3.0388453907542075,2.5850442458563774,2.001212908447673,0.877,0.8872,0.8593,1.1692
582.4506,0.7198672606317923,-0.9662932651718424,False,582.394,0.618334186317673,-0.8936014440620271,False,55.5335,0.2668980331193499,-0.4187970926389567,False,55.524,3.2422308664653006,0.7812,False,55.423,0.13088152804969072,-0.1911784327033983,False,b'VFID0829',3415.775773876956,9.747844441318842,-0.8012895685081456,-0.03226519068717826,0.8998870907038011,2.815232891479491,1.131226789438477,False,False,True,False,False,4.5511645444285,4.247504193886074,2.9432642437850105,2.6486054975122166,0.6588,0.7951,0.9041,0.6531
217.1275,-0.3808781794588294,-0.04558890223965363,False,217.109,-0.42841827800646815,-0.03687353912092259,False,20.968,-0.6074962448876979,-0.597017959860928,False,20.9256,2.2591092949293508,0.712,False,20.6311,-0.5562400458710421,3.321399933985404,False,b'VFID0835',3499.9599919521793,8.612357722776318,-1.2650211864892085,0.4110438466206525,0.9316608426188435,1.8205255049438502,-0.5032820509814435,False,False,False,False,True,2.6940885260694065,2.558386823217618,1.9127957726898601,1.7820769213419971,1.0389,1.1486,0.8352,2.9293
202.943,-1.2743675433496973,-0.5385205987845113,False,202.9671,-1.228748635526075,-0.6895378242712465,False,19.6399,-0.9516900864521113,1.926527440164548,False,0.0,0.0,0.0,False,21.1337,-0.7709791947151078,-1.1109116312564806,False,b'VFID0846',2618.3505904210065,8.643524012070001,-2.448327408521715,-0.7971583878461965,1.0027230899245672,2.7570517174072275,-0.6863026663623053,False,False,True,False,False,1.1866758129138135,1.26691443100069,1.5071653716245084,1.5112695184626355,0.8354,0.8793,1.8108,0.0571
893.4727,2.529243891439124,-0.4350897219173594,False,891.7229,2.5363157689318108,0.22341663624166458,False,85.2201,2.3395051137664256,-0.051232720618025786,False,85.3399,0.005969304414816802,2.693,False,85.6387,2.4186121371490183,0.09430922120989059,False,b'VFID0847',3216.700758088516,10.136094041319891,-1.0200275757556954,-0.5611417190198731,1.0274501786252312,3.2940893469848636,0.7345926402001961,False,False,False,False,True,7.603777643579778,7.342501452772392,5.385819396871408,5.533661101358763,0.8781,1.256,1.0462,0.8381
289.4646,-0.35085380812356354,-0.23428364013078096,False,289.2928,-0.46672818949602984,-0.5829012533591995,False,27.9191,-0.36773841665625245,0.05223367544697948,False,27.8832,2.283100183326144,0.7143,False,27.6488,0.05720926815062291,-0.06371205317238386,False,b'VFID0848',3626.614291192087,9.047257575331486,-0.8661144733282984,0.46254724734738906,1.1641417899342241,2.039637733398436,0.3700878716040048,False,False,False,False,True,2.744742871699437,2.4965671101801417,2.195348951393026,2.5556974578048997,0.961,0.9233,1.0862,0.7357
148.0217,-1.421477504325003,-0.4488966539581737,False,147.997,-1.4588388008906807,-0.4634198227691105,False,14.4508,-1.6009922918958537,-0.6272818807099422,False,14.423,1.1470687122055265,0.6215,False,14.4431,-1.373959302726498,0.06437159696168628,False,b'VFID0853',3287.7296002559947,9.111234548904996,-2.016089063497268,-0.7385329304835846,1.0119750918090373,4.095638043701172,0.868033910590821,False,False,False,True,False,0.9384854769479507,0.895623883919654,0.7419665731518937,0.7508516909846247,0.8724,0.9726,0.8235,0.8187
212.9758,-1.0667889434388453,-0.2195078005783307,False,212.8376,-1.123816686129067,-0.10958029201550011,False,20.5704,-1.2307052357209713,-0.010880826152673616,False,20.5252,1.4561210328755891,0.6448,False,20.5834,-0.9201156830186584,0.17578894081325103,False,b'VFID0860',3375.115628522051,8.797187318660805,-1.2350611388967427,0.2933597562147148,1.1229229022602953,2.0662407556762687,0.025559323256835853,False,False,False,False,True,1.536883250327557,1.436240403000221,1.1783476728916378,1.323193588715143,0.9671,1.1186,1.0618,0.8909
307.4053,-0.9438222056388899,-1.0263655308932798,False,307.445,-0.9364003930634255,-1.142743250647446,False,29.6253,-0.562809168655705,0.18829198627246124,False,29.4754,1.9250834390466947,0.9459,False,34.0634,-1.521770936527362,-0.8851449081888364,False,b'VFID0867',2152.754177288301,8.452016225645082,-2.4263240053685324,-0.6221762265488877,0.2871830291070548,3.0006691940917953,-2.1679569302587893,False,False,True,True,False,1.744341370531396,1.7386692263876722,1.965459227015579,0.5644465344007444,0.634,0.6923,1.1388,0.2034
183.6154,-1.3268865045576335,1.7294496590776531,False,183.9063,-1.3477353693750735,1.280330467485839,False,17.5302,-1.458973911148947,1.1288015265033582,False,17.532,1.3720969292074767,0.7452,False,17.3974,-1.312882957111912,1.2628024727944442,False,b'VFID0872',3510.3409226065473,9.032897076577411,-0.8294084638735839,0.5107245985513851,0.9104186952288218,1.9738842227783184,0.9908681490380857,False,False,False,False,True,1.0980706733273526,1.074908616948734,0.9093343926317168,0.8278750312664608,1.7717,1.6921,1.5024,1.5953
523.8683,1.1410070427028167,-0.022577348838296474,False,523.0386,1.2032187814410924,0.31987426174847083,False,50.1094,1.3156057519453315,-0.14797380093880588,False,50.114,4.167141692428684,0.9511,False,50.2431,1.5992541094671708,-0.5749664301533172,False,b'VFID0873',2850.7175296249006,10.243552416080462,-0.4952561037232214,-0.12220930883412595,1.076859737737959,2.8935529003906257,0.7298831866943356,False,False,True,False,False,5.261672679349037,5.19131733322006,4.179160071131197,4.500369218163291,1.0484,1.2958,1.0088,0.4044
322.5008,-0.6565707602234506,-0.7342399161350003,False,323.1039,-0.5971266697164219,-0.5164957523821521,False,30.9986,-0.5341469278077922,-0.9839822811440475,False,30.9846,2.251389744597599,0.6886,False,31.2275,-0.6238831840392738,-0.14009929030053414,False,b'VFID0884',2961.3740519901808,9.440482828130424,-0.7463453921778858,0.26820319520399916,0.8487096688105469,2.4790087616577168,1.0237298604516596,False,False,False,False,True,2.2289654726090578,2.286146456247174,1.9992375078753626,1.6967722031825219,0.7546,0.9507,0.6856,0.6862
263.6303,-0.21636380882025813,-0.6572117689599317,False,262.7756,-0.2009053673759135,-0.8015062237288959,False,25.0549,0.029389450863032403,-0.8124867296663014,False,24.7896,3.305527518923377,0.7296,False,24.3979,1.7845672384755877,1.3519980749360017,False,b'VFID0892',3240.5451943860735,8.752554548556478,-1.10222309221717,0.4618510046285629,1.7774781884343898,1.6192563901367176,-0.237598362644043,False,False,False,False,True,2.9716419741792417,2.925518521011651,2.6633617881245315,4.734067486300971,0.7864,0.8331,0.7519,1.6531
707.0618,0.09285784817097467,0.6394287084870584,False,708.9663,-0.052241152518353005,0.4728007986700653,False,68.6306,-0.32924010166160106,-0.5786526745593896,False,68.7037,2.4559355198255535,0.6684,False,69.1767,0.21922943972093403,-0.7004266802244004,False,b'VFID0901',2187.3970017278702,10.644494641934957,0.3888890872585904,0.44165833655134,1.2317568637107128,4.1435302149658195,1.776696006401366,False,True,False,False,False,3.493332187593529,3.1654141183674485,2.2407189873025684,2.7600209922568575,1.3217,1.3589,0.8423,0.3231
586.4496,-0.7549449129197824,1.4772914791743619,False,587.021,-0.7311937688487609,1.2977800881805377,False,56.059,-0.7553842755443118,0.5524937004212795,False,56.069,2.256849005567236,0.9889,False,55.9159,-0.9356430425021457,1.1013862100953629,False,b'VFID0903',3341.4455720917795,9.604458107184794,-2.4803493006530593,-1.5967861683503521,0.7498441720340744,4.168231150512694,0.26556789635009714,False,False,True,False,False,2.06299769010004,2.069805846888514,1.7385106056010091,1.303612045629346,1.6676,1.6993,1.2796,1.4907
428.8836,0.05929106151827369,-0.4040846815450046,False,428.9002,0.10764078432748236,-0.3252769922694132,False,40.9684,0.3460738097415844,-0.6541831436868434,False,0.0,0.0,0.0,False,40.7398,-0.23093353919814963,0.16992487008422127,False,b'VFID0910',2198.936267435454,8.786010455327206,-1.9082575860796882,-0.3709084760656425,0.7219721580753323,2.814272994506835,-1.4584749907299788,False,True,False,False,False,3.436701406092426,3.4234114634769126,3.036572426987723,2.192320748264376,0.8909,1.0296,0.8131,0.8871
304.4994,-1.2680385311905673,-0.8585023045023281,False,304.7668,-1.295436454884602,-1.1834590322684093,False,29.6525,-1.3179109990635325,-2.5820207683680523,False,29.6712,1.2537740128653465,0.3799,False,30.2907,-0.7706802597614467,-1.1085968664950216,False,b'VFID0916',3546.320798739387,8.43157626022073,-2.164111035139885,-0.34363556236325277,1.4054294879410716,2.7429459339599624,-0.1944763227246078,False,False,False,False,True,1.1973535375470905,1.1593020222128885,1.0755761979603138,1.5116465051409687,0.7033,0.6755,0.0678,0.0586
231.9216,-1.202871504906287,-0.19601179342115554,False,232.1129,-1.2565089003103869,-0.20216022403459544,False,22.4537,-1.3573473217619885,-0.3825838540162048,False,22.421,1.2650971822797765,0.6463,False,21.9585,-0.6627421610795745,-1.1014982545598804,False,b'VFID0920',2407.8572817445793,8.578220954276441,-3.040812491894477,-1.3374785912902274,1.6011719079335638,3.6149189097900383,-0.5966580483691395,False,True,False,True,False,1.3072973240871926,1.2221184099167437,1.0291007255346292,1.6477671721600968,0.9768,1.0804,0.9181,0.0632
626.4981,-0.8294989787710323,-0.7960077700018008,False,627.0212,-0.8454946812328078,-0.7559433252482939,False,59.8938,-0.7853843919636001,-0.3660292306458041,False,59.8369,1.7157755441855875,0.7725,False,59.4545,-0.5765092391244324,-0.7453331165967069,False,b'VFID0927',2103.467304428071,9.911084568624638,-0.1607426375151717,0.477883533419726,1.0313299659553636,2.283560568969726,1.094506066813965,False,False,False,False,True,1.937216957588332,1.8853614217055217,1.70315564631454,1.7565154547302597,0.7291,0.8519,0.9245,0.294
406.1662,-0.3546279305825199,-0.7671827715306273,False,406.0312,-0.3586663453088268,-0.6643328166011262,False,39.0933,-0.17630707234605794,-0.6880683883981326,False,39.1573,2.754244316131466,0.7294,False,39.1655,0.04450423799350524,-0.5603062533307428,False,b'VFID0937',2886.438070285572,9.78004173053418,-0.8833992801143788,-0.1400944900538852,1.0490408781388953,2.740954099487304,0.5356803478540044,False,False,False,False,True,2.7383755209445693,2.670943712427672,2.420949655391944,2.5396751524224217,0.741,0.8897,0.8,0.4139
302.7291,-1.0109914510382736,-0.6966947500591021,False,302.9232,-0.9985488264472403,-0.9338325139970268,False,28.9603,-0.9295077362968767,-0.9418197247475579,False,28.9691,1.7045805894334827,0.6695,False,28.8574,-1.055095355157279,-0.45166662719292905,False,b'VFID0944',2297.331766716835,8.912181316405132,-1.9777711971092216,-0.5412089114953598,0.751950330678904,2.7420200507812496,-0.06712090944335891,False,False,False,True,False,1.6310196248676545,1.6383819073067345,1.5333071397315243,1.152970810753444,0.7701,0.7785,0.7019,0.4843
128.0645,-1.3209212450046923,0.6210194657659727,False,127.8875,-1.3812598710553825,0.4866150817200351,False,12.4638,-1.4927926539204628,0.836250291629556,False,12.4309,1.2407493004338768,0.7073,False,12.6932,-1.3262959092264157,-0.7243459160928111,False,b'VFID0946',3270.9475444244385,8.527980457410044,-1.4832780295526875,0.2601885933948307,0.9326962179747865,1.9988958066406255,-0.3240839044531221,False,False,False,False,True,1.1081347081673627,1.0208109959149245,0.8694792048352533,0.8109599659575654,1.3141,1.3646,1.3893,0.3076
547.8049,0.7871873565218759,0.2579213757803497,False,546.2366,0.8935352151502411,0.3828867809237714,False,52.2274,1.1266328884753005,0.4487686383661118,False,52.0359,5.154005648329843,1.0979,False,52.2399,0.01853448831394094,0.6345753165344444,False,b'VFID0952',2853.7154164652957,8.798409279844703,-0.8163866234348323,0.71105815416254,0.6336287555878989,1.5137880187377935,-0.5197247583398443,False,False,True,False,False,4.664740791104403,4.691588974261594,3.956456672222558,2.506924717757819,1.1642,1.3218,1.2395,1.1882
289.106,-0.6352391246560845,-0.4147426641730017,False,290.5286,-0.6386378892848849,-0.3117050650624258,False,27.8806,-0.7742009322302764,-0.7121243254832464,False,27.9061,1.9388042967499022,0.6501,False,28.4637,-0.7732575749310472,-0.7840668469384557,False,b'VFID0955',2697.229443443374,9.02114565796541,-1.1360091668715844,0.21351107222779242,0.8788470794756365,2.2547212817993145,0.1414666750390623,False,False,True,False,False,2.264954237496669,2.219160875185279,1.7163352872875102,1.5083962546336058,0.8865,1.0352,0.7907,0.2689
511.1625,0.19534736263548202,0.5478669486374482,False,511.1801,0.2008637479984977,0.9490300301295475,False,49.0084,-0.005292311180245151,0.8670315444588951,False,49.0204,2.7037585812964653,1.3344,False,49.2138,0.13865596884401998,-0.1742034911193649,False,b'VFID0959',2844.1082848198566,10.186628591275175,0.23537446346521232,0.6538927046599162,1.0136970241700698,2.703407529846192,1.3349991738378915,False,False,True,False,False,3.666243028295839,3.5738429481389304,2.622489537234374,2.658409839811629,1.2839,1.5554,1.4012,0.6641
763.0525,0.6958650504689504,-1.0692396882831765,False,763.4997,0.5660686369103631,-1.4246030960354248,False,72.7501,1.0109542444996735,-1.3947438735221178,False,72.7307,3.838209295566479,0.5094,False,73.9442,0.9399829193387498,-0.3044475883641303,False,b'VFID0968',2483.8334153259852,9.524799334804365,-1.1192731829886662,-0.17207765065912684,0.9604287471446143,2.7886288473510756,-0.16488966019287155,False,False,False,False,True,4.510670232794232,4.163164628993414,3.8201300763216595,3.6689627431310723,0.6163,0.576,0.5268,0.5797
701.6065,1.1609417518636411,1.9443048997829546,False,700.6401,1.3120028437308655,2.694961522971334,False,66.8013,1.153464395737039,1.5524964183895542,False,66.8156,4.400659175523978,1.9582,False,66.9558,1.8399511253468646,0.36035285112692317,False,b'VFID0972',2212.767407092037,10.367381076383586,-2.0920373608178573,-1.817906411751299,1.204568401059629,4.708093763427733,-0.4016494823730472,False,True,False,True,False,5.29530467905324,5.366859360134873,3.9880774444080767,4.803912070512609,1.8604,2.2758,1.6662,1.0105
178.8765,-1.070145315372053,-0.7017815144951915,False,179.1379,-1.1148487765224138,-0.7026250397922704,False,17.516,-1.2286258257753184,-1.0093315481799738,False,17.511,1.4531829045822122,0.5609,False,17.0527,-0.7171286427741311,0.4402893942226442,False,b'VFID0978',3224.2341307218594,8.44200070554559,-1.301913434661886,0.5102348639047118,1.3373837752742657,1.73788659033203,0.22447146969238574,False,False,False,False,True,1.531220689667446,1.4507116867195893,1.1807982451807897,1.5791804149771118,0.768,0.8739,0.6758,1.0623
618.7798,1.439227146264159,0.07067999915667658,False,619.182,1.4366767774298874,0.13229083928046065,False,59.4139,1.4317552305330212,-0.1417658171749051,False,59.4314,4.376215063374029,0.895,False,59.268,1.1132758975612538,0.010977689797363096,False,b'VFID0983',3127.2192276398973,10.049198870498808,-0.5838645461018722,-0.05556576590696849,0.9007101456842984,2.737115113586425,0.6624579949609366,False,False,True,False,False,5.7648020881528925,5.568042461448665,4.316041542830159,3.887502406822037,1.0869,1.2184,1.0112,0.7841
431.7115,-0.82217237417339,-0.29096472956149183,False,431.8538,-0.8317214203990108,-0.3853812413289309,False,41.5794,-0.8395814711739713,-0.30084540112485086,False,41.5554,1.8007633659167155,0.771,False,41.4292,-0.8779428353812134,-0.2931823998583627,False,b'VFID1004',2072.78186348994,9.058032550973719,-2.0362417051349957,-0.7161871665669053,0.8396209221796975,3.5810833704223644,-0.26752116709960916,False,True,False,True,False,1.9495777280251017,1.9075869763786941,1.639284709877232,1.3763777398221995,0.9376,1.0048,0.9497,0.587
232.3028,-0.876088073930329,-0.34885695338174794,False,233.0159,-0.8248880288040367,-0.5366112873496518,False,22.3252,-0.7139368676069612,-1.0258861715503746,False,22.2007,1.861891890078118,0.5845,False,21.1712,-0.6541608956368885,0.45356071218834293,False,b'VFID1030',2874.9351276450257,8.874537874177303,-1.1950413595992018,0.27159096730011534,0.9279566464775264,2.0049795041503895,-0.3124608428076172,False,False,False,False,True,1.8586161401911174,1.9186138436057067,1.7873561300541259,1.6585890005060764,0.9137,0.9424,0.6694,1.0709
278.9375,-1.0430534191156702,2.177811610087251,False,279.0284,-1.1446320221115982,1.3818775656952655,False,27.0075,-1.3253855791582567,2.7038187406028995,False,315.8187,0.0065090453941434685,11.0605,False,27.0423,-1.0600174044556037,0.27100293133460196,False,b'VFID1032',3612.779528860555,9.64288253365161,-0.4718834501242015,0.3809857811469759,1.0749893221062907,2.3063747302246096,1.4004592786376957,False,False,False,False,True,1.576927634249891,1.402651233848281,1.0667674496461732,1.1467636175401963,1.9568,1.734,2.1113,0.9526
518.2256,0.8623441752323492,0.20729595829736447,False,517.8328,0.9150040052459316,0.8496641345069584,False,49.3615,0.9336889360081814,0.9032447830816469,False,49.4255,3.867601718315409,1.2077,False,49.3255,1.237274473783747,0.15835104627692584,False,b'VFID1037',2930.2116402911474,9.631157186983428,-0.3807441880484069,0.48149139331011365,1.0844187100062292,1.887396438354493,0.3554599025537115,False,True,False,False,False,4.791538432557173,4.72623260541013,3.729073368481125,4.043876931766886,1.1433,1.5144,1.4152,0.8796
114.6229,-1.574964432190489,-0.557172068383506,False,114.6522,-1.601774163011456,-0.5504255703996216,False,10.9937,-1.731207321507996,-0.7928281144139505,False,10.9768,0.8625646914783242,0.6076,False,10.9257,-1.3846267919618898,0.3489333449703918,False,b'VFID1038',2162.215564544364,8.49729405459295,-1.4762834165224992,0.291695879682353,1.252995300191964,2.0042466767578127,0.5964607818774414,False,False,False,False,True,0.6795365115566981,0.6649727880114394,0.5885089329854143,0.7373989271517116,0.8277,0.9367,0.7595,1.0031
439.6662,-0.7587084885912303,-0.5937483269477681,False,439.8068,-0.7276260548420258,-0.8502197481682627,False,42.094,-0.7109050847150319,-0.8849132069118051,False,42.1059,1.9266660782543612,0.6631,False,42.3306,-0.8510590331893695,0.13859838697914145,False,b'VFID1045',2385.6696847104536,9.159110493197916,-2.7617967771652014,-1.52248453302744,0.7874577003383973,3.977766860595702,0.18270962281249936,False,True,False,True,False,2.056648132910732,2.075562974679223,1.790929068212481,1.4102808855237894,0.8126,0.813,0.7239,0.8668
379.7164,0.04749533208493411,1.2057551490383496,False,379.3249,0.2607995225326623,0.7958611373649711,False,37.3023,0.4350914735001426,-1.3864665618369176,False,37.702,3.3644983039613745,0.5838,False,36.828,-0.01441070304648207,-0.5731146183441498,False,b'VFID1047',2221.544858352714,8.970538120211161,-1.726285683430937,-0.3363395252454331,0.784782387116502,2.5463002304687503,-1.6607263320532208,False,True,False,True,False,3.4168007410958907,3.670559756878896,3.1414792158139466,2.4653775580633455,1.5555,1.4922,0.53,0.4056
386.6401,-0.9002032751027038,-1.0551905293644532,False,387.2883,-0.9086841073115846,-0.9844848851802489,False,37.0634,-0.8624645057924334,-0.8199880433810143,False,37.1017,1.8192632414157015,0.6262,False,37.4811,-0.6814272901575491,-0.8010417885224892,False,b'VFID1049',2508.480107700419,9.320222188025756,-0.7134031789425126,0.3972110761611518,1.0073721093202523,2.1322916871337902,0.7590754256152348,False,False,False,False,True,1.8179312005638086,1.7833942796447217,1.6123171892856645,1.6242033678640002,0.6221,0.7576,0.749,0.2579
515.0021,1.0851868606030266,-0.8195037771589757,False,515.1753,1.033310780382371,-0.755700969405312,False,49.2079,1.3160425499595823,-0.6415085101688804,False,49.2916,4.433953157746933,0.7412,False,49.4718,1.2541243224120553,-0.46092568623876545,False,b'VFID1052',3183.726599334895,9.651109635853715,-0.8767177300583601,-0.030420408480766326,0.972593903962013,2.6171336932373066,0.3490726059082032,False,False,False,False,True,5.1674980248445195,4.917141187679151,4.179674835000591,4.0651262650650075,0.7194,0.852,0.818,0.4783
284.0299,-1.0365356499483067,1.247175945160792,False,283.8008,-1.0137961140186442,0.916069635484006,False,27.4843,-1.0104059392696427,1.339872974475969,False,27.4764,1.6967926935619508,1.0013,False,27.0297,-0.9363731260725332,1.6765280944925676,False,b'VFID1063',2504.4876847965197,9.17581218536258,-1.188980086849117,0.036990641656551526,0.9059244383080206,2.5304638601684566,0.3249443320556633,False,True,False,True,False,1.587923812269865,1.6137777538223053,1.4379690872894435,1.3026913377069862,1.5726,1.5418,1.584,1.8634
420.827,-0.5616517500713082,3.1535014743047878,False,420.9234,-0.5738497637481986,3.0083276279469633,False,40.5495,-0.721883191221717,2.335995702591806,False,40.5308,2.434864211680591,1.0028,False,40.4436,-0.33042819590420597,0.8584902277929214,False,b'VFID1091',4644.465763927688,10.174029992767213,-3.2591995575619954,-2.8306174020477552,1.1624623493975905,5.332676724243166,-2.2618746802978507,False,True,False,False,False,2.389104057807662,2.323707797200623,1.7779914347992711,2.0668481005055535,2.3596,2.4051,1.9691,1.3333
628.2341,2.33799079227139,0.5587671581433541,False,627.5521,2.423394538873067,0.9628443131795172,False,60.0899,1.9909427767878862,0.2871023945145412,False,60.0785,5.5125530002813266,1.1511,False,60.4152,2.039669221832594,0.07856882083196874,False,b'VFID1096',2626.701132990904,9.842688364153295,-0.3803949959144174,0.3128668982833559,1.0162281452732909,2.457273731811524,0.33414169116699277,False,False,False,False,True,7.281113082850812,7.16028338526335,4.975040749867576,5.05577643389697,1.2884,1.5611,1.177,0.8279
646.3608,0.6872678986220506,-0.6894279437218315,False,647.0435,0.7510308718115007,-0.7312230292641376,False,61.9686,1.0331872258628156,-0.7532522179190858,False,61.944,3.636834210529167,0.7079,False,61.8036,0.5637243595446441,-0.32126821229739977,False,b'VFID1106',2350.5023190253164,9.376907376045411,-1.1248090087526528,-0.05947557397643077,0.830522097196838,2.507989705810548,0.05526414658203116,False,False,True,True,False,4.4961659124131685,4.4616334022108655,3.8463315130069295,3.1944633146968022,0.7731,0.8621,0.7748,0.5688
427.9041,0.5030588966916567,-0.7022659682510095,False,426.7201,0.5081992316782649,-0.4820812226787188,False,40.9547,0.7269495611241246,-0.2786001259708746,False,41.2545,3.594321913503798,0.7978,False,42.0763,0.8003169275927414,-0.1927216092110377,False,b'VFID1115',2812.382806925216,9.27980424505154,-0.551135361024119,0.5917652404384168,1.0021224940759155,1.673813601013185,0.4347155135473635,False,False,True,False,False,4.185385501801034,4.069782266936208,3.4854322412341507,3.4928300505181755,0.7678,0.9649,0.9583,0.6521
315.6703,-0.8424831206915279,-0.4404187132313578,False,314.6857,-0.7780701587076044,-0.48983660965414033,False,30.3477,-0.6923702351606174,-0.00881149823137374,False,30.377,2.0479758045382295,0.7337,False,30.3136,-0.7552022263207765,-0.5641641945998414,False,b'VFID1119',3612.266961717488,9.552859889410183,-0.6135274353938932,0.3112529832916048,0.8446542686867236,2.380756504699706,1.09606156980713,False,False,False,False,True,1.915311312830414,1.9941626293338046,1.8127722784926863,1.5311658431858053,0.8759,0.9617,1.0626,0.4114
212.5279,-1.4484357259200942,-0.6642363484192934,False,211.9487,-1.4656771872605556,-0.6224052557652532,False,20.5079,-1.5922757297104702,-0.08227263943752737,False,20.5367,1.096912428852468,0.7009,False,20.5788,-1.4231375354255433,-0.37867437838158546,False,b'VFID1121',2851.9303985792462,9.35218449088842,-0.73094904511462,0.35413333219631704,0.9157103825136612,2.4079556272583016,1.3078199591113275,False,False,True,False,False,0.8930040559050142,0.884588956753606,0.7522389899943852,0.6888330532694485,0.7835,0.907,1.0342,0.5316
314.6142,-1.037131023921363,1.409467953359836,False,315.0264,-0.9985890967886585,0.7054624079327134,False,30.4357,-1.1371172721588254,1.9870552818625762,False,30.3841,1.433463858790938,1.0332,False,30.5748,-1.52655914798076,1.9076959353369496,False,b'VFID1122',2309.184600423094,9.187171930637675,-1.7577385690705052,-0.5408421437953166,0.4333311809905082,3.3883893084106447,0.5153830129125971,False,False,True,True,False,1.5869193523038743,1.6383169240986404,1.2886405329325354,0.5584081240078935,1.6396,1.4549,1.8342,2.0132
315.474,-0.32937882152970044,-0.6242689135643047,False,315.9162,-0.3248370326733622,-0.4975919966295619,False,30.4385,-0.2514033108830924,-0.5509754136120009,False,30.4078,2.440727540807844,0.7616,False,30.4251,-0.34894253088147414,0.2085042827752063,False,b'VFID1125',3136.6807040256017,9.508874282251977,-0.618274990040683,0.3416416687157413,0.8761175586945461,2.3629416118774405,0.881265569162597,False,False,False,False,True,2.780973485196017,2.7255331990139124,2.332449183629215,2.043499684540315,0.8,0.9585,0.853,0.9121
359.9563,-0.8221616095338253,-0.9999628012011964,False,359.8325,-0.8119562677218415,-0.9840001734942851,False,34.5712,-0.6829152986272402,-1.0339048172454124,False,34.5679,2.0985471053290023,0.6196,False,34.5892,-0.4631518136523371,-0.7116918687301679,False,b'VFID1131',2426.872079023442,9.148116878022245,-1.2942366579916798,-0.046142579817378904,1.041424941266721,2.655117155151366,0.4718847202026364,False,False,True,True,False,1.949595889130525,1.9394814919005439,1.8239148651254093,1.8994704312887285,0.6449,0.7578,0.6663,0.3158
705.6489,1.2104383648278731,0.4575163231773831,False,705.7809,1.384943800415865,1.0379746245039143,False,67.603,1.0828135288356322,0.5074858181330021,False,67.7405,4.291388591449359,1.0688,False,68.7524,0.8889894547334717,-0.0495148293021014,False,b'VFID1136',3516.2781365173723,9.58164039075717,-0.9761124723732072,-0.07432226957928945,0.9231305871473302,2.5966015113525405,0.6636995859179677,False,True,False,False,False,5.378810791891018,5.4845622948486294,3.904815816754959,3.604654917623187,1.2466,1.5921,1.2622,0.7449
601.4371,1.1059458064979875,-1.4611627767399726,False,603.2391,1.0848895060589807,-0.9520092022206711,False,57.5495,1.3665377572189992,-0.3186933544460643,False,0.0,0.0,0.0,False,57.9589,1.7357661433617864,-0.2478130105337644,False,b'VFID1138',2704.314116104214,10.199296634002287,-0.011211569166063395,0.3971872848189189,1.1022228352067673,2.8633121444091802,0.98623268465332,False,False,True,False,False,5.202520600622596,5.000372442886711,4.239183137297401,4.67252445655266,0.4545,0.771,0.9428,0.6164
395.5561,-0.32750381626110053,0.5892877447598905,False,396.2565,-0.1878317792798263,0.42869203524735494,False,38.1658,-0.08368178594934056,0.5111071419952774,False,38.1945,2.4891024574886282,0.8126,False,38.8439,-0.9263897843779931,-1.0639990654242428,False,b'VFID1142',3312.913134587544,9.09947787297556,-1.9733579975551836,-0.6864104882577327,0.519851848356885,3.2720276903686525,-0.27667020974365286,False,True,False,False,False,2.784136820870001,2.946615031889534,2.530108006102476,1.315281323514925,1.301,1.3407,1.2636,0.0875
332.4206,-0.3841994256634725,-1.1964087991854127,False,333.1099,-0.29950995080624565,-1.232899624236722,False,32.1385,0.013477696782238462,-1.0057102243176985,False,32.1648,2.8624613353682014,0.6559,False,32.5913,-0.49427931262524305,-0.03639782898716658,False,b'VFID1145',3256.564429196673,9.234526058493138,-2.035057529352507,-0.8559881596115178,0.7033988552158673,2.910797990295409,-0.3776481693896496,False,True,False,False,False,2.6884852262935737,2.766402855774368,2.6446098803038978,1.8602155622983338,0.5638,0.6551,0.6772,0.7534
333.9985,-1.2610272433983054,0.47301884336356037,False,333.8966,-1.206735752741202,0.09545275114720836,False,31.949,-1.1818262313068368,-0.7905001205024879,False,31.9173,1.5080544421842166,0.6627,False,31.4515,-1.0064839449031324,-1.1181645608423858,False,b'VFID1156',2118.2060424051783,8.809301537569597,-1.8676245466198704,-0.3488806374897617,0.9824615574631014,2.8480841644897463,0.08666266812988432,False,False,False,False,True,1.2091823345991604,1.3024360504452883,1.2359512897200637,1.2142746290469029,1.253,1.2032,0.7604,0.0524
295.5757,0.6214050974292858,-0.8403352886591516,False,297.1796,0.7994134110926647,-1.0278665810740135,False,27.7433,1.2088669726802406,-2.1024540226067536,False,28.0499,3.855752497845909,0.2159,False,28.5833,-0.8699223171127155,-1.1175472902393302,False,b'VFID1159',3390.573770523837,9.022586466363082,-1.1606931927787487,0.18767611098001336,0.3420592579196431,2.240721625549316,-2.9643168585009754,False,False,False,False,True,4.385048278723978,4.539707054122093,4.053369052774403,1.3864924102664584,0.7108,0.7397,0.2532,0.0528
184.9759,-1.5368949282544615,1.375071736696755,False,184.9152,-1.5117291990499289,1.0270686115697272,False,17.9409,-1.5903995764539016,0.43687000281863636,False,0.0,0.0,0.0,False,18.0133,-1.3721633328224592,-0.47620313366439554,False,b'VFID1160',2552.107649559068,8.822553021215173,-0.7791424932073746,0.7290159689834149,0.9982325694783032,1.5742371246337896,0.8685091230468736,False,True,False,False,False,0.7437638616918963,0.8102760167617392,0.7544500254808513,0.7531165874787216,1.6254,1.5876,1.2349,0.4684
242.2746,-0.7664731822986149,-0.4038424546670956,False,242.2922,-0.7906768531412515,-0.6871142658414273,False,23.5998,-0.6453263310386513,-0.8828438789905049,False,24.3599,2.2190949879571504,0.3334,False,23.5923,0.11026737119306043,-1.1143066195732874,False,b'VFID1169',2576.1025100112893,8.50169582619535,-1.455716907796235,0.3087461995061196,1.4038060220610156,1.8630229514160153,-0.1894554535498063,False,True,False,False,False,2.0435482589991936,1.9738195326797818,1.86821324050973,2.6226089975216835,0.891,0.8803,0.7247,0.0549
616.0727,0.13926770928476412,-0.36048384352138074,False,617.6405,0.09168132254552465,-0.5009849784313091,False,59.2081,0.3598781726348723,-0.45914898710430885,False,59.2547,2.9875819568111406,0.8078,False,58.2301,0.397456126752352,0.10680895092176973,False,b'VFID1178',2017.8969748612226,9.411924097861494,-0.9479438141514454,0.08941783567699879,0.9777065891795976,2.19343983984375,-0.5482375890478508,False,True,False,False,False,3.571630617867016,3.3976580928938973,3.052840786791622,2.984782552962396,0.9089,0.9571,0.8885,0.8462
293.6276,-0.5836596904568885,0.2787528872805259,False,292.9483,-0.5215530459541172,0.22341663624166458,False,27.7705,-0.4971381019201379,0.05947632317152962,False,27.8065,2.2126948670751267,0.7224,False,27.1774,-0.7081602584344816,0.9563276183772595,False,b'VFID1180',3169.7865789179586,9.086291462071479,-1.3549749001887987,-0.0574939248524855,0.7785636409381902,2.5013239691162124,-0.08706697495117233,False,False,True,False,False,2.3519742939085964,2.4080976577126445,2.042852189705623,1.5904904387157643,1.1728,1.256,1.089,1.3967
853.5029,0.4048869644001416,1.6807620566179398,False,853.5442,0.39581573689935085,1.479789326259963,False,81.5016,0.2509174252714047,0.6130215421193073,False,82.9446,0.3091998763508304,1.0382,False,81.386,0.10139067460143927,-1.0416230060634717,False,b'VFID1185',2552.323774510645,10.348939319819484,-1.8398133999809345,-1.550950950593481,0.8929649663500848,4.742045624145508,0.04428710173583994,False,True,False,False,False,4.019758886877663,3.8884319289362317,2.9244311922081216,2.6114146011432635,1.7516,1.7744,1.303,0.102
443.36,0.12375495106876887,-0.4452632507895382,False,442.9823,0.05726371201758262,-0.4464549137603757,False,42.4604,0.16194569374619838,-0.24807753913169828,False,42.342,2.9711872215284747,0.7791,False,40.7354,0.7395132874471009,-1.1132263960179398,False,b'VFID1195',2644.527400219198,9.10048406909514,-1.1590839964949828,0.12705975105629497,1.2115820068268615,2.2689214448242208,0.0938551831835941,False,True,False,False,False,3.545458925291886,3.3421192852186894,2.819578534246505,3.4161506189283206,0.8739,0.9796,0.9701,0.0556
352.5914,0.46302150494004735,-0.7286686979430929,False,351.4826,0.4866974389714052,-0.8048992055306428,False,33.4549,0.884994576296263,-0.3965518174849807,False,33.3698,5.734454507011689,1.1364,False,31.0206,0.925125019079885,0.12239503364892766,False,b'VFID1201',2863.5118801704807,9.136608025349434,-0.8383615187703989,0.418925971444308,0.9941547583919965,1.7690051779785154,-0.2980983525976555,False,False,False,False,True,4.117838113139182,4.035085380327855,3.6716873543392374,3.6502254546440738,0.7569,0.8317,0.9127,0.8563
339.271,-0.7497024483799316,-0.8488132293859673,False,338.4697,-0.6193670359576229,-0.7086839358668187,False,32.3932,-0.5084022915467165,-0.6898790503292702,False,32.4388,2.1951132188671347,0.6762,False,32.3785,-0.6034960465999077,-0.9533533098264979,False,b'VFID1213',2837.5222291528294,9.57938459922949,-0.5308035950100157,0.3727885615998735,0.848690176322418,2.3690249639892578,0.8969020716186531,False,False,False,False,True,2.07184229196662,2.2502577526344276,2.0295774090322154,1.7224824091315472,0.7073,0.8714,0.7993,0.1592
300.6685,-0.659221163472084,-0.7424756299839071,False,301.1387,-0.619111125258042,-0.8727588415655817,False,29.2879,-0.47996853190635463,-0.6999670239456083,False,29.3187,2.1049427145809525,0.7819,False,31.001,0.30797918722311934,1.3598682751249624,False,b'VFID1214',2530.7089032571403,8.697134228107343,-1.3692198588733944,0.23912466664016785,1.3920615275813295,2.0240250297851574,-0.5108577151904274,False,False,False,True,False,2.224493957095341,2.2506707091095586,2.0630864261438924,2.8719432419101727,0.7512,0.8037,0.7954,1.6582
682.1633,1.8278420270466544,0.09805163636039618,False,681.7327,1.618353012817774,0.14125800547079195,False,64.8969,1.730226517748819,0.14923342175792148,False,64.9148,4.620430058386726,0.8845,False,64.4639,1.5438680209577376,-0.2134001744134056,False,b'VFID1223',2933.665958341095,10.03771857120238,-0.7794384647049009,-0.2419690812552877,0.9491694314540328,2.7967218873291007,0.4503106560839836,False,False,True,False,False,6.42043721430816,5.861208702265179,4.667788184750185,4.430521857467186,1.0982,1.2221,1.1237,0.6387
245.0399,-0.6642896580678286,1.704984744408842,False,244.8969,-0.6374949318912465,1.1758750991606295,False,23.509,-0.3337471969844698,2.2433932781136265,False,23.6044,2.360871913603085,1.2437,False,23.4101,-0.8505472244340045,-0.5991943013232557,False,b'VFID1251',2710.6968712561215,8.979148935431096,-1.4743220260934893,-0.09125429224542381,0.631171895481954,2.400107524597166,-1.1495202120898451,False,True,False,True,False,2.2159428612469085,2.22100523596142,2.2354074021935917,1.4109263272169197,1.7616,1.649,1.9333,0.3887
686.6719,2.0499539024064157,-0.11438133556581556,False,680.5825,2.4716063247331426,0.6683819639564786,False,65.3315,2.2737372473024275,-0.07916864755557698,False,0.0,0.0,0.0,False,65.8458,2.159233942848126,0.17594325846401496,False,b'VFID1266',2393.09024912688,9.55386756603048,-0.5258222503975514,0.3981532238997225,0.9808313975210773,2.006699059692382,0.06006980628417935,False,False,True,False,False,6.795163851458179,7.238081496796607,5.308312356275473,5.206559426884075,1.0105,1.4396,1.0354,0.891
668.1515,0.86694138367896,0.2756039378677084,False,667.9941,0.7650599707285136,0.2588005893170255,False,64.0405,0.5136536540970099,-0.3719785484195418,False,64.3819,0.006899179883846104,7.8629,False,64.2136,0.5094643849810213,-0.6235764901439582,False,b'VFID1269',3272.9228328950494,9.652306232091043,-2.06623507727301,-1.220893611380471,0.9665967727231289,3.6744119746704094,0.4140192892773431,False,True,False,False,False,4.7992944179527575,4.484271796180019,3.2340642797396537,3.1260360955754996,1.1715,1.2706,0.9222,0.3729
468.5702,-0.2315950947016331,-0.7577359232921754,False,468.9353,-0.22174851685721145,-0.7336465876939569,False,44.9366,-0.14531622913686834,-0.8533559561119786,False,44.8445,2.615162742825213,0.6469,False,44.7636,-0.1443860813932096,-0.2738926935128701,False,b'VFID1294',2832.5095448820093,8.964724435945078,-1.1201885870624697,0.2744016131010152,0.9365174955871665,2.1367021239624027,-0.05319459122558534,False,False,False,False,True,2.945945155724337,2.891884469936327,2.4574721803248734,2.301465691792984,0.7449,0.8611,0.7361,0.5995
123.9606,-1.5605453223026495,1.3372843437429476,False,123.9887,-1.5575626258734647,0.9861104741057821,False,11.9326,-1.599046483864411,0.5455097186868914,False,11.9039,1.17550476470109,0.7604,False,12.3223,-0.8374355757945433,2.9856047259230705,False,b'VFID1295',2567.3945586170375,8.430362638564969,-1.6446593126608298,0.17678561591298503,1.9179614667495337,2.040821270141601,-0.3920861949707053,False,False,False,True,False,0.7038631017050854,0.7363158016741324,0.7442596963774658,1.427461418906687,1.6098,1.5707,1.2769,2.7117
286.8083,-0.9986080185991041,1.969980948841311,False,286.7905,-1.1680526548171288,1.4032048798776746,False,27.5944,-1.580462488397494,1.184673380378461,False,27.6067,1.018782670676895,0.7813,False,27.6013,-1.4118433234176684,-0.8087576710606862,False,b'VFID1310',2245.9585051226572,9.159359601095538,-1.8779334774594265,-0.6388202237519425,0.9176613499524665,3.433580539428709,0.8298766079785143,False,False,False,False,True,1.6519118080829296,1.3648579647772592,0.7661608248240985,0.7030761767887773,1.871,1.7428,1.524,0.2529
498.4064,0.49036420186076507,-0.6911235318671947,False,498.6756,0.4088043794608785,-0.9059615920541053,False,47.4314,0.6687153532103196,-1.0848620173074277,False,47.446,3.682545168224045,0.6207,False,47.477,0.8258475449889814,-0.7672462230051863,False,b'VFID1312',3494.365632305565,9.96505412791095,-1.590272099705123,-0.9947574717071106,1.031673791273585,3.8249299766845706,0.27178002321289085,False,False,False,False,True,4.163968185433232,3.909391365402661,3.416803572561765,3.5250266957419254,0.7724,0.79,0.6466,0.2798
378.2072,-0.8869323313288872,-0.11583469683326954,False,378.0752,-0.9411583319230077,-0.2738975535572454,False,35.8898,-1.1042651056710933,-0.09106728310305298,False,0.0,0.0,0.0,False,35.8037,-1.1376515317502742,1.4723658425318749,False,b'VFID1313',2667.882697615146,9.528967576970146,-1.5205117745162122,-0.5766458849237586,0.79018649284809,3.5714456723632804,0.9258990807763663,False,False,True,True,False,1.8403207109135566,1.7309914635447752,1.3273566163107753,1.0488592694013195,1.0099,1.0508,1.0308,1.7311
135.8665,-1.5081537962103975,-1.2654434593894837,False,135.8681,-1.531069269978838,-1.3342043666031667,False,12.9549,-1.6286872263855547,-0.9759636354490097,False,12.9151,1.0426142593450012,0.597,False,12.7526,-1.3277496778930762,-0.1444201845219245,False,b'VFID1318',2811.7800595209146,9.275485615526893,-1.0262474411440279,0.12010293431411578,1.1406941865447793,2.6231727106933587,1.059520362236329,False,False,True,False,False,0.7922532445369704,0.7790674446595726,0.7093282570987175,0.8091266192244476,0.5353,0.6133,0.6887,0.6834
573.8135,1.1452794067739516,-1.1821174133887804,False,573.885,1.159498720596698,-1.3022133953295527,False,55.1512,1.1983218547022068,-0.8838785429511549,False,55.2513,4.3913894453872455,0.7524,False,55.3333,1.0417022672677816,-0.6379280316650047,False,b'VFID1321',3442.6984916334186,9.40981085834607,-3.170177931262045,-2.131128199905608,0.9396920904388402,3.957490337890624,0.023243960659179663,False,False,True,False,False,5.268880617323825,5.120767402137137,4.040941693774399,3.7972409475643323,0.5697,0.6265,0.7243,0.3636
354.6346,-0.2836840862520916,-0.2284701950609643,False,355.2925,-0.2620093591997424,-0.17622814883552965,False,33.9613,-0.13906498037668996,-0.2493708690825107,False,33.937,2.5348924749249453,0.8585,False,34.3733,-0.0016082786417665259,0.3683773689666482,False,b'VFID1335',2392.759169811498,8.893973665480091,-1.1523427947008253,0.2987639847909731,1.0067685742269485,1.7640908403930684,0.11802586545166172,False,False,True,True,False,2.8580654212228684,2.8269165902548377,2.4648392399161354,2.481522687269003,0.9634,1.0911,0.9696,1.0157
781.1334,0.730794506874516,2.969166820216023,False,781.6007,0.6329915953762043,1.9395383603966745,False,74.3908,0.5893118819194582,1.7203706460050254,False,74.3735,3.420679819994128,1.5751,False,74.2004,0.9352022719152299,-0.7513515049765005,False,b'VFID1336',3476.231919966887,10.999466083791031,-1.891529654665516,-2.1223159273988204,1.1022219709391077,4.7861341762084955,-0.22691406844970707,False,False,True,False,False,4.569599984817329,4.271156475675297,3.3232270525424035,3.6629338717314495,2.2835,1.9641,1.7311,0.2901
305.72,-1.647493235676063,2.6525762907889323,False,305.7697,-1.6305956153531957,2.1637175151549553,False,29.5377,-1.7988786093402518,1.9239407802629231,False,29.5312,0.8287304230511836,0.8493,False,29.4703,-1.6721796642518776,1.334868815701204,False,b'VFID1348',2291.8704698079932,8.962836948196829,-1.712846050216834,-0.3167481017934495,0.7366285204123042,2.743047306945803,-0.023760516584472313,False,False,True,False,False,0.5571726146122326,0.6184643560205402,0.5087587215950988,0.374766184335453,2.1528,2.0566,1.8098,1.642
789.4998,0.818886990865866,0.25816360265825866,False,789.4289,0.8533287727170851,0.6686243197994606,False,75.1944,0.041137920408544526,1.748565238932739,False,75.1852,2.763480051930664,2.1545,False,75.1259,-0.4843398580228453,1.4044660761957413,False,b'VFID1350',2246.0047035170032,9.945147777738338,-1.5119316821698785,-0.9005156185935164,0.6995163240628779,3.8574620701904276,0.7960450116040025,False,False,False,False,True,4.718221485719981,4.6267088783064585,2.677207289810413,1.87275020212252,1.1643,1.4397,1.742,1.6871
665.6474,1.7800047064189044,-0.9246302421714908,False,663.8083,1.7035285104835038,-0.5976849597810969,False,63.6137,1.7018520501759928,-0.44052503581260766,False,63.7407,4.967091500377854,0.8215,False,63.5001,1.2139727835464162,-0.11124188960767746,False,b'VFID1351',2734.863335765491,9.649784568222374,-0.5083108889351347,0.3390449128457109,0.8662470495672697,2.203974376647949,0.42766121744872976,False,True,False,True,False,6.339730506213112,5.998654199234139,4.634349042988471,4.014491185153663,0.676,0.9172,0.8957,0.7049
158.4332,-1.3185634572482448,-0.005621467384665254,False,158.897,-1.297333678704011,0.006508156772842033,False,15.2916,-1.360294351421778,-0.7705828392599743,False,0.0,0.0,0.0,False,15.4623,-1.1752978494826696,0.00773701913132037,False,b'VFID1368',3274.0795961282133,9.125331068505849,-0.9394386971502031,0.32685696388502916,0.9763616495082533,2.2487061250610356,0.7010352005566407,False,False,False,False,True,1.1121125498548274,1.1562405212194522,1.0256276685577272,1.001383522254327,1.0554,1.1665,0.7681,0.782
677.435,1.76735178938,0.24411444373953592,False,676.6378,2.3174451708329675,1.2415535326087308,False,64.5481,1.930992320477745,1.0703430127266302,False,63.9432,0.005118880627971029,0.7061,False,65.0287,1.8223672828230917,0.9143532173694677,False,b'VFID1370',2785.4732316881987,10.335586495751219,0.325044404110619,0.6245732524044227,0.9749913022123078,2.1342281088867185,1.2000133722558601,False,True,False,True,False,6.318383673476469,6.989315631121564,4.904389492638203,4.78173709798368,1.1585,1.6761,1.4798,1.3695
1060.9153,2.396062500008929,0.07140667979040356,False,1059.9292,2.318710673826649,-0.017727427525350475,False,100.957,2.2722566945697276,0.005932463207889596,False,100.9168,5.431124509733415,0.9719,False,100.7517,2.545317418377798,-0.5575285356169919,False,b'VFID1382',2494.0145870351726,10.89417864858749,0.6541653412481356,0.5074839573357999,1.0729061703514908,3.5898736557617195,1.312322983132324,False,True,False,True,False,7.3790863034127465,6.991357740562062,5.306567533660304,5.693449050251032,1.0872,1.1565,1.0683,0.4157
583.4952,0.16366326428316336,-0.53634055688333,False,578.4991,0.16486839813476692,-0.7826024679763056,False,54.9164,0.08103670867791288,-0.8241266992236146,False,51.8871,3.346358461253764,0.5853,False,55.2984,-0.19416769391433186,0.12470979841038686,False,b'VFID1389',2704.6864406106547,10.047533308645802,-0.20563946187854304,0.32398978946137996,0.8217690725337627,3.9889350964965846,1.343333933620606,False,False,False,False,True,3.612788544570176,3.5157581833159757,2.724227775168797,2.2386861321711784,0.8363,0.8409,0.7474,0.8578
410.122,0.34489277636413074,0.10459176206393957,False,410.5746,0.38821149241629427,0.09763395373404544,False,38.8519,0.1489568580909943,-0.060027364283551404,False,38.3221,0.004650464533835591,1.519,False,39.5359,1.127274132416576,3.6095109879616802,False,b'VFID1390',2284.241682582905,8.673824608630914,-1.5235335460601687,0.10343098810622253,1.3925741121221016,2.328637770874023,0.1383282586865242,False,True,False,False,False,3.9185422351571444,3.8761611563468077,2.804271268456259,3.905155571819994,1.1009,1.2041,1.0428,3.116
238.2123,-0.294043159374539,1.765541463886097,False,238.1084,-0.5888263978564182,0.7655666569922306,False,23.007,-0.12412040023605896,2.4154061615716977,False,23.0579,3.0340055381052653,1.2246,False,22.4686,0.46971431774397,-0.7999615649671415,False,b'VFID1395',3385.320752856268,8.61105273385373,-0.9741311709327349,0.7029763032626613,1.2390604653448318,1.3085856926879895,-1.344908150820313,False,False,True,False,False,2.840588550034066,2.299540390207535,2.482451338984047,3.0759073112774735,1.7866,1.4797,1.9998,0.2586
572.9902,0.9065063803995632,1.0381341495253067,False,573.7299,1.123574503240908,1.241068820922767,False,54.6672,0.8584888087920023,0.19915595785928672,False,55.1053,3.616895383911006,0.9919,False,54.8967,0.5578688536582935,0.5521696910265007,False,b'VFID1398',2359.9292832410447,9.539489031425202,-0.5546227807016042,0.3808384426031137,0.8754627953422642,2.0232561126708983,-0.6785435994873055,False,False,True,False,False,4.866044825358705,5.062797422001944,3.6404504645261286,3.187078939979089,1.4863,1.6759,1.143,1.1348
632.881,-0.6712999856855792,-1.1462678354582452,False,634.7043,-0.7521159937681491,-0.9137169790295269,False,60.4015,-1.0517727173134759,-0.04838739472623846,False,59.7779,0.011466786717031769,0.418,False,60.5434,-1.1866782884411557,1.2783885555216021,False,b'VFID1399',2142.9372022581556,9.959347168751844,-0.35465961612633895,0.2454138005310657,0.7104941359568674,3.8173258944091817,1.817729082004396,False,False,True,False,False,2.2041156841125717,2.0360441938245404,1.3892185846876668,0.9870316579828862,0.5845,0.7868,1.0473,1.6054
638.5968,0.8166682056433349,-1.1133249800626184,False,638.7,0.7370209915664665,-1.2799166577752155,False,61.1071,0.789525123961585,-1.6319405865011423,False,61.1234,3.750708704506203,0.6136,False,61.2014,0.397511942563138,-0.5687937241227595,False,b'VFID1400',3001.344782057556,9.925998901192647,-1.5262210459940138,-0.8995086260213887,0.8386356730477058,4.545574058166503,0.5299033407690423,False,False,False,False,True,4.714478156266522,4.439026020915469,3.5591771709379527,2.9848529422455794,0.5981,0.6357,0.4351,0.4084
533.5719,-0.4808945550650463,-0.39924014398682417,False,532.698,-0.5635799549004753,0.005538733400913902,False,51.1812,-0.8702206695538987,0.35332088799614414,False,51.2309,1.5539579100670715,1.2405,False,51.4939,-0.7421607041411602,0.5040225839881513,False,b'VFID1402',2317.0764917524784,9.949852451650164,-0.21074173929194184,0.3969161733186556,0.9653412493815586,3.1692315413208014,1.2663782659741223,False,False,True,False,False,2.5253501367773197,2.3402799220432757,1.6031765962901825,1.5476124984420394,0.8929,1.1661,1.2026,1.1036
294.2922,-0.5410158392477936,-0.7083216401987351,False,294.0047,-0.5724526889685717,-0.8637916753752505,False,28.0041,-0.4782246465688487,-0.2509228650234859,False,28.0211,2.2453380343098166,0.7047,False,28.2839,-0.41923972949673555,0.5168309490015586,False,b'VFID1403',3211.824309042658,9.230077491165181,-0.8098928719597613,0.3727300676806853,0.946592692221475,2.137335946044921,0.32956580869140595,False,False,False,False,True,2.423919060179319,2.325962220628147,2.065141584672149,1.954847932453333,0.7653,0.8074,0.969,1.1119
185.025,0.7350912507595787,0.857675125483086,False,185.4362,0.8804253837597233,0.8884410693840664,False,17.9053,0.67809261343617,1.3015904079319167,False,0.0,0.0,0.0,False,18.2813,-0.22901232666801255,0.7572578488917769,False,b'VFID1438',2564.352759727353,9.160046446320088,-0.9751055882959812,0.2634590050596166,0.6402674070679569,2.347558971679687,0.9148328610156238,False,True,False,True,False,4.57684905416194,4.670433978517155,3.4278546181267218,2.194743588153918,1.4118,1.5304,1.5692,1.2677
244.6361,-0.09463948392288647,0.006732103388695073,False,244.8131,-0.07329947282793045,0.12405074061907558,False,23.4305,0.15790777732162384,0.4715312455004127,False,23.198,3.5897802095263653,0.8182,False,19.586,-1.2357978704547876,-0.7567526227532384,False,b'VFID1441',3041.1047975536844,8.716369701383535,-1.8187206262676723,-0.2257416316760601,0.32864873282205004,2.3350763303222664,-0.2840672578466794,False,False,False,False,True,3.1770040101094104,3.1314328516933125,2.8148198736867345,0.9250869846094681,1.0605,1.215,1.2483,0.2866
493.2947,0.5472358281630281,0.06510878096476917,False,492.5445,0.6393065237748641,0.13253319512344255,False,46.8658,0.8140058186939776,-0.11770988008979176,False,46.764,3.7834992774950753,1.0464,False,46.9771,1.8238133652086033,1.513105702333555,False,b'VFID1447',2641.699803998141,9.788372135227554,-0.6500994693911969,0.08655089168434238,1.333200684468144,2.661682632263185,0.6424482156420908,False,True,False,True,False,4.259916739462507,4.281346712255815,3.588027524498972,4.783560751552571,1.0846,1.2185,1.0205,1.7575
316.7166,-0.6582435330906171,0.17193083412264754,False,316.7589,-0.6492251521695334,0.04916278513766042,False,30.5082,-0.6819642811844754,-0.21134696852862148,False,30.5631,1.9644368696181895,0.7837,False,30.756,-0.6666118226326204,-0.08716833608850273,False,b'VFID1451',2559.485282282303,9.346709204895532,-1.4838433328132952,-0.3943872301969156,0.9001945574449807,3.0008544141845697,0.7370013698779303,False,True,False,True,False,2.2261433247603044,2.2020764829762385,1.825035633541763,1.642887144457447,1.1287,1.1841,0.9843,0.7205
649.8756,0.5454484384927722,-0.9558775094217546,False,653.1761,0.5252157053867025,-0.5855671676320007,False,62.0434,0.6932023601157581,-0.384653181937505,False,61.9501,3.86286506254812,0.8305,False,61.5982,0.9053667062866528,-0.1711171381040861,False,b'VFID1457',2414.8990978187007,9.629339596440131,-0.7221493035996461,0.14153819127799905,1.0521371298693099,2.494585840209961,0.5187628018701176,False,True,False,False,False,4.256901220732017,4.097241310318545,3.445661364981285,3.625308259052977,0.6631,0.9222,0.9173,0.6661
454.6911,-0.22032514804954764,-0.3311743912943892,False,454.6216,-0.19040262814533007,-0.6919613827010658,False,43.3848,0.1345509360124772,-0.3326613179148399,False,43.3801,2.776720429776431,0.6712,False,43.3028,-0.11621487451932494,-0.6098422192259676,False,b'VFID1464',3315.6715919213325,9.16881690432518,-1.1457266883119333,0.08583195610017325,0.8384448873743544,2.227582536804201,-0.8064260281909181,False,False,True,False,False,2.964958768584774,2.9424665195868767,2.7872939747200736,2.336992382713389,0.921,0.8783,0.9374,0.3818
153.4377,-1.4382768082488926,1.019482679926312,False,153.7314,-1.4086882660070372,0.49897522971211294,False,14.9962,-1.4784445664327448,0.7364052194268261,False,14.9281,1.2368687220966534,0.7094,False,14.7238,-1.381932134289537,0.21575721236111137,False,b'VFID1468',3167.734498038631,8.972083724875144,-0.9097218181855159,0.4789896921222604,0.8357478591204688,1.6037937650756824,0.06357205029785007,False,False,False,False,True,0.9101432433070717,0.976550504593981,0.8863883408491661,0.7407971582140349,1.4786,1.3697,1.3507,0.9168
558.7758,0.4922396232274986,-0.9166367552004931,False,561.4993,0.3384345157766564,-0.7193475929580232,False,53.1788,0.1929761598223288,-0.896035844488793,False,53.2307,2.9661487788504726,0.7414,False,53.2603,0.46095526170379497,-0.32049662404358,False,b'VFID1472',2760.169584460707,10.184400173881372,-0.7822802141895933,-0.36198188597130265,1.073075181947975,3.3350192444457996,1.213216515419921,False,False,True,False,False,4.167132223109547,3.7958373369463367,2.8561477544931435,3.0648612713230308,0.6793,0.867,0.7196,0.5693
1236.873,0.23624265988213075,1.5167744602735322,False,1236.5658,0.12561321875023948,1.8624692023284224,False,117.6261,-0.09803121376135253,1.7997811049849168,False,117.7428,2.4063226170048617,1.7048,False,118.1973,0.21032785756350056,0.23875054232493845,False,b'VFID1473',2120.0751226719462,10.575716966150349,-0.07590383801559673,0.03180585848290464,1.0937443005653837,3.362965805419922,1.1235679550073243,False,True,False,False,False,3.7352377958545997,3.4524131159318507,2.5131972905243316,2.7487952127073525,1.6839,1.9323,1.7618,0.9317
316.9607,-0.6974071154279535,-0.8025478957053442,False,317.0381,-0.7058092647543804,-0.7590939512070588,False,30.5209,-0.6069350822866472,-0.6966043660734957,False,30.5382,2.1856207532980485,0.6783,False,30.6163,-0.5146521065405516,-0.6636990793425827,False,b'VFID1482',2865.3579567788724,9.096218790355985,-0.9798033291192386,0.3097475751687714,0.9587481451504114,2.2629481295166034,0.6033300651586906,False,False,True,True,False,2.1600701466186703,2.1107681644115086,1.9134570994872615,1.8345234449582979,0.7264,0.8506,0.7967,0.3469
235.8507,-0.8015776137865857,1.245722583893338,False,235.9279,-0.8370051794814078,0.8162190281754527,False,22.5411,-0.7356348204790721,1.2790864667877782,False,22.4914,2.0705581564595845,1.0252,False,22.2089,-0.963953707679577,0.10881508038170107,False,b'VFID1493',2481.628746624181,8.685082918865884,-1.3151395678980662,0.30283169058643944,0.7196731296315094,1.8274343621826183,-0.36031088088378915,False,False,False,True,False,1.984323305181467,1.899060711045976,1.7617852212725857,1.2679094839317833,1.572,1.5006,1.5605,0.8475
484.0887,-0.43488118811449855,-1.2610833755871211,False,483.3458,-0.4239382737522132,-1.3831602468855155,False,46.0848,-0.2079691434848661,-1.233853627641035,False,46.0395,2.413327265566622,0.6082,False,44.3207,-0.07165303131998536,1.3416587923348178,False,b'VFID1496',2489.393370528014,9.141076084320078,-1.0857938250057055,0.16792452514736822,1.0040078274940727,1.8353808027343756,-0.3554926319531244,False,False,True,False,False,2.602979638727184,2.5656160901784717,2.383636092324631,2.3931892945913136,0.5371,0.5931,0.589,1.6464
386.083,-0.17737283928094874,-0.1611311230022566,False,386.8586,-0.2195087494011256,-0.3596915219728465,False,36.5691,1.0421269451399073,-0.37146121643921687,False,38.0432,0.0046736306034106225,0.7252,False,33.4201,0.4065238425511846,-1.1082882311934938,False,b'VFID1499',2594.051192921506,8.588938731913789,-1.409163244230199,0.2856091647311543,0.7768527943386166,1.645976443420409,-1.860963894326174,False,False,False,False,True,3.0374239359542186,2.895498724734165,3.8568669191585814,2.996217843540516,0.9912,1.0154,0.9224,0.0588
408.8859,0.1074456116933448,0.7980873135174669,False,408.8539,0.003330587802155515,0.5675619332759977,False,38.9853,-0.12287744696087856,0.7338185595252007,False,39.0133,2.663426970617202,0.8293,False,39.5271,-0.10438964348531168,-0.011552687214172233,False,b'VFID1506',3345.7238557326905,9.455856964890657,-1.0221124804662067,-0.0198449412496422,0.9468536899070545,2.7407511849365225,0.5948540978369135,False,False,False,False,True,3.517943314573675,3.255088798000761,2.4839161520475965,2.3519051739859993,1.3872,1.398,1.3497,0.7695
619.978,0.896878662363815,0.27899511415843486,False,620.4797,0.7323507243029562,0.5566559203418112,False,59.5699,0.6879899591205485,0.837284955590206,False,59.5949,3.6164461498346325,1.3429,False,59.5457,0.8050525920680838,0.2998603320274588,False,b'VFID1541',2697.1120494521438,9.991673312157955,-0.21789648118695232,0.3563544174090543,1.0172360204571784,2.443915973632812,1.2633288276171868,False,False,False,False,True,4.849801828908737,4.431489731458961,3.4395185813202223,3.4988021939507026,1.1729,1.3935,1.3897,0.9713
604.7249,1.0557323883094911,0.09223819129057978,False,603.9535,0.9647673461843634,0.17082541831458675,False,57.4563,1.0120553297585189,0.8843621657997833,False,57.3374,4.614124977417941,1.0879,False,56.447,0.8254845817210259,0.435968500001254,False,b'VFID1552',2709.5613530297433,9.30167753911124,-1.3321169230582361,-0.20668897596782987,0.9223173224322943,2.253259020080568,-0.5640966239990242,False,False,False,False,True,5.117805160229751,4.80653442123234,3.821427698769297,3.5245689629975017,1.0958,1.2343,1.4079,1.0595
530.9742,1.0057939946645347,0.6210194657659727,False,531.6689,1.3231268306771524,1.2611843558902667,False,50.8656,1.0803968663482821,0.3287476189307058,False,50.8409,3.7410178964134513,0.9906,False,50.8586,0.6577883141938545,0.1892145764297137,False,b'VFID1553',3201.921360600074,9.906654363941165,-0.28400161591483974,0.35816345661489035,0.8490811514067329,2.321865947631835,0.5097578680444332,False,False,False,False,True,5.033553715839675,5.384809850076346,3.9019677943454703,3.313087307574842,1.3141,1.6842,1.1931,0.8996
590.7554,1.59706303274201,-0.5734012692034105,False,592.1625,1.523400611444517,-0.44621255791739384,False,56.3117,1.6795201462959093,-0.35956258089174115,False,56.1396,4.961433178000375,0.765,False,54.9396,2.2365358734894683,0.0629827381048108,False,b'VFID1571',3040.1778411627715,9.432223109348168,-0.9101830841261407,0.11096346747180785,1.1510436477748194,2.4913144995727556,0.2860306599755855,False,True,False,True,False,6.0310882147530025,5.707986468726127,4.608031026703639,5.304044842036501,0.821,0.9797,0.927,0.8178
771.6218,1.7049121479046891,0.41439993890957727,False,773.2199,1.9912920228184487,1.2560948831876464,False,74.046,1.6573946561618695,0.9961058735499891,False,74.0542,4.4860449880918765,1.2104,False,74.0187,0.24966444596259024,2.1220431522480623,False,b'VFID1588',3140.683277729343,9.659893444050592,-0.4521822398869682,0.3870984684509264,0.6107440568076566,2.247654288696289,0.6611876934960943,False,True,False,True,False,6.213041278627036,6.463010734227693,4.581956267794396,2.7984025591080193,1.2288,1.6821,1.4511,2.1521
863.3088,2.832109520656984,0.33930960675778093,False,862.8897,2.5698412067134533,1.0401558270907514,False,82.409,1.6327152359343047,0.2752037589670658,False,81.2653,0.004284642756423366,0.9095,False,82.0944,1.7493622932132087,-0.40166770834541243,False,b'VFID1590',2865.2378791406395,10.242853652292204,-0.9618296472568175,-0.5882246713216179,1.0300467141366956,3.3069729011230464,0.8062196972460942,False,False,False,False,True,8.114744554112171,7.396600584368706,4.552871717415845,4.689670552410085,1.1978,1.593,1.1724,0.5167
502.8668,-0.1824122671600586,-0.4874107275457078,False,502.1797,-0.16719476132594657,-0.37520229592369014,False,48.0138,-0.4881980141135298,0.2529584838130892,False,47.9922,2.343053905420399,0.8622,False,47.8827,-0.7244863572020167,-0.03840395844709775,False,b'VFID1597',3110.9926801491,9.899314455584753,-0.8034010998133477,-0.1553728188667839,0.7645421045448342,3.76175132836914,0.9784712053198241,False,False,False,False,True,3.0289218787848746,2.9799164538519864,2.0533880301671243,1.5699016060311446,0.8565,1.009,1.1638,0.7521
245.7399,-0.9376701444012375,-1.2281405201914943,False,244.9161,-0.9640437433196871,-1.155103398639524,False,23.531,-0.8600134191390943,-1.4539783852693335,False,23.4608,1.839572546953012,0.5564,False,23.0926,-0.6152075652137202,-0.9933215813743584,False,b'VFID1600',3260.012951135587,9.184236397217033,-0.7932108414094414,0.42603052380559836,1.0572727272727274,2.0884998721923846,0.9219915616357426,False,False,False,False,True,1.754720559916891,1.6940618672528913,1.6152057803706208,1.70771302051912,0.5507,0.6872,0.5039,0.1333
526.6498,-0.29466434021183996,1.5395437867969806,False,527.0169,-0.31568120098799113,1.4555537419617706,False,50.6356,-0.5062608010906948,1.8564289568305072,False,50.6471,2.1437752710899396,1.813,False,50.5901,-0.2249729558660164,0.4879735483087015,False,b'VFID1601',2084.182600264811,10.444053967597217,-0.6677034396200866,-0.45481973224612304,1.082543378236044,3.4027266991577143,0.7321592243627926,False,False,False,False,True,2.8395405511107903,2.7403077277298897,2.0321011428346725,2.199837636081572,1.6933,1.7644,1.7837,1.0932
296.8634,-0.6724217981983842,0.22279847848354173,False,296.8032,-0.666139141748643,0.4388709806525958,False,28.5152,-0.6963022468576332,-0.2496295350726732,False,28.5049,2.0330398361409423,0.7674,False,28.6737,-0.4789020705433192,-0.33237908315240344,False,b'VFID1604',2897.61474454961,9.169962062964125,-1.7953810834049546,-0.564737205696251,1.0395264905442472,3.078658689819335,-0.362170613259277,False,True,False,True,False,2.20222306567533,2.174782815581984,1.8081384260262827,1.8796077924253003,1.1497,1.3449,0.9695,0.5616
225.9908,-0.9900985574984208,-0.36823510361446965,False,225.9639,-1.0616380219172599,-0.48086944346380905,False,21.5134,-1.1108291896234705,-0.3970691494653057,False,21.4999,1.5368619567228163,0.696,False,21.5835,-0.8767532644666687,0.2651388606055722,False,b'VFID1615',2687.8611609603568,8.657608174099716,-1.6738840455288384,-0.03396562545305648,1.0441467889908256,2.2858612306518555,-0.07617518640624965,False,False,False,False,True,1.6662681847379512,1.5365765047861744,1.319620882300755,1.3778779069395732,0.9057,0.9654,0.9125,0.9488
572.4573,-0.6525873904780488,-0.9161523014446752,False,572.0382,-0.6075499064957443,-1.1063898742001572,False,54.4925,-0.6031122712282075,-0.7822228088172876,False,54.5026,2.027672302525794,0.6497,False,54.5142,-0.7465829534608921,-1.1195534196992614,False,b'VFID1622',2270.4491011697864,9.466402926486474,-1.9698814998809688,-0.9760382035554171,0.8039968434747371,3.528435421813965,0.6141570986718765,False,False,False,False,True,2.2356858460551052,2.269326748720704,1.91796225964871,1.5420356026612367,0.6795,0.7073,0.7636,0.0515
193.6976,-1.0937553048614503,-0.7599159651933566,False,193.1551,-1.1109856087031487,-0.6929308060729934,False,19.0968,-1.0455094256392194,-1.8124894476345765,False,19.6122,1.5237115544216404,0.5484,False,19.6581,-0.767930875212958,-0.8410100600703497,False,b'VFID1624',2511.64356386141,8.213486112732294,-3.183068305496883,-1.1883797599827077,1.08485889252503,3.2332356552734396,-0.7818496459570312,False,False,False,False,True,1.491388096519606,1.456945580683757,1.39659983678175,1.5151137522316869,0.744,0.8779,0.3653,0.232
422.105,0.07346696306185842,-0.1814781807466143,False,422.2672,0.021912238751826022,-0.3499972882535695,False,40.381,0.20655127846832905,-0.16996041010261936,False,40.3575,2.982085561966711,0.8239,False,39.6581,0.11859976987816363,0.6865803648418923,False,b'VFID1646',2928.0644988934337,9.123121032549399,-0.8479782436323335,0.42008282110988726,0.9167768716479318,1.8927814317016587,0.26855575972168033,False,False,True,False,False,3.460617677590261,3.28507352740386,2.8721459513111314,2.6331169801592917,0.9828,1.0194,1.0003,1.2219
122.627,-1.6139177996214973,-0.19407397839788332,False,122.2532,-1.6115358283025887,-0.3216416546246847,False,12.07,-1.6886989660827085,1.142769489972134,False,12.0322,1.1307966041291437,0.7268,False,12.1114,-1.2327779603180378,1.5472099031523856,False,b'VFID1651',3198.1511785454277,8.76038792303217,-0.5532499847418108,1.00456671692569,1.4545700622575115,1.3202017912597643,1.4929115229931629,False,False,True,False,False,0.6138179885851196,0.6492206412796431,0.6386047777611873,0.9288953913460345,0.9776,1.0311,1.5078,1.7796
266.8151,-0.6490740196500676,0.8009940360523754,False,266.9637,-0.6347026186707381,0.5060035491585891,False,25.5,-0.44651223218516967,0.6652720721321348,False,25.4684,2.3082421256757994,0.9802,False,25.5205,-0.47504028568130885,-0.39981589653624516,False,b'VFID1666',2919.637987612691,9.16324398686542,-1.0388789018858495,0.19713145703953616,0.8962972229171879,2.2325003041992186,-0.045428985366211094,False,False,False,True,False,2.241613280746735,2.225511119564143,2.102514476954985,1.884477886837937,1.3884,1.3726,1.3232,0.5179
136.9106,-1.135255481799496,-1.524383991874227,False,136.9166,-1.147545704805974,-1.5675930433947602,False,13.5788,-1.0837365753510757,-1.4089705029810562,False,13.7649,1.6192837896957326,0.5358,False,13.1946,-1.0726575136880228,0.21483130645652782,False,b'VFID1689',3469.6070846774683,9.028927925298536,-1.0020882459762008,0.3412154229544546,0.8366865547384487,2.0069864467163097,0.44846679879882956,False,False,True,False,False,1.4213728318250196,1.3979494994655832,1.3515493675498547,1.1308231838942173,0.4284,0.517,0.5213,0.9162
143.1684,-1.221852084301372,-0.8340373898335169,False,142.95,-1.2380934530258785,-1.023504175900339,False,14.0069,-1.192117992299332,0.05507900133876681,False,14.1726,1.6108485293432928,0.7319,False,14.0371,-1.4772806500880955,-1.0888442071972373,False,b'VFID1701',3084.647623389234,8.556789255591953,-2.428206518499526,-0.7077527153008334,0.5070614413514373,2.300820348876954,-0.5926171388281247,False,False,False,False,True,1.275275043980112,1.2518349407653016,1.2238225104250011,0.6205532060944353,0.7134,0.7415,1.0873,0.0714
635.1233,0.4989468134259828,-1.0762642677425382,False,631.7859,0.5549435563925049,-1.1051780949852477,False,60.3214,1.1230181539641433,-0.21186430050894645,False,60.4869,3.8343809225951073,0.7815,False,61.5039,2.6667108246220987,2.270342414632209,False,b'VFID1702',2431.8507483983126,9.221979435108645,-1.6316675167058987,-0.44257575100862656,1.4793135559398696,3.149335162353516,-0.3092624452514663,False,False,False,False,True,4.17844797479429,4.145212374383789,3.9521967290380977,5.846538197007268,0.6134,0.7078,0.9841,2.2482
249.7971,-0.869995689748242,-1.177030648952691,False,248.6443,-0.8227629738805476,-1.2084216840955475,False,23.974,-0.6396141514452016,-1.43509576798747,False,23.9757,1.9702156536200177,0.5077,False,23.8211,-0.7627132849697911,-0.9422424389714943,False,b'VFID1704',3252.0911961372713,9.000186885579941,-1.0380867058773533,0.3281756565142877,0.81159375,1.9740868880004871,-0.27561964357177615,False,False,False,False,True,1.8688946479614994,1.9220429897574738,1.8749450102849157,1.5216936519409232,0.5718,0.6652,0.5112,0.1664
318.769,0.07972526784365407,-0.8238638609613381,False,321.8707,0.03405889333918906,-1.114387617018561,False,31.74,-0.24180701512781308,-1.2648935464605366,False,32.1997,2.8905537929651794,1.0992,False,44.7656,2.5992657957941927,1.0461404911218728,False,b'VFID1707',3310.715066664552,9.006854730293584,-1.6787890990600893,-0.31785309244140714,2.4582241111648386,2.3950436422729506,-1.3114045527709965,False,False,False,False,True,3.4711761112685307,3.3046742696598352,2.3437583612666284,5.761483314409816,0.7176,0.704,0.577,1.4549
306.5194,-1.6666999297876668,0.4822234647241032,False,306.5448,-1.6497064442097873,2.201767382503117,False,29.3693,-1.6370699981542534,-0.8512866281906784,False,0.0,0.0,0.0,False,29.6907,-1.131911923840249,-1.1195534196992614,False,b'VFID1717',2933.521077132129,8.43816255839364,-1.9058721842896313,-0.09065792691352237,1.5098987456551307,2.438375539428712,0.03360258144043016,False,False,True,False,False,0.5247688546441859,0.5876257059196461,0.6994492102827676,1.0560974852554226,1.2568,2.0723,0.7369,0.0515
303.1977,-1.3703479003677317,-0.8534155400662387,False,303.0046,-1.3577155542482653,-0.9924826279986526,False,29.1793,-1.3065655895094603,1.8015917669160542,False,29.4591,1.844800974460636,0.7119,False,26.0994,-1.2627619835550095,-1.081436959960568,False,b'VFID1718',3349.267440385944,8.226626893807056,-2.130284179217415,-0.14609265007729322,0.8182976836972182,2.4027375206298807,-0.18030228074218613,False,False,False,False,True,1.024746621331551,1.0588038508207884,1.0889466958366034,0.8910825588728319,0.7054,0.7543,1.7625,0.0762
306.2646,-0.9258753248456271,-0.7824430648388955,False,307.1494,-0.9423456354647253,-0.6274947284678736,False,29.4905,-0.9289217846541459,-0.3166240265247641,False,29.4998,1.850448760745889,0.7106,False,29.4952,-0.6289295631810364,-0.5206466170844102,False,b'VFID1719',2962.937884501799,9.078398687567296,-1.0832568613959572,0.22052895858663346,1.1019626948775054,2.2767487236328137,0.24249921840332078,False,False,False,False,True,1.7746196898517774,1.729075542536778,1.533997680267536,1.6904082176834563,0.7347,0.9049,0.9436,0.4396
465.9484,1.2232830610811465,-0.33286997943975244,False,465.9908,1.1272621142870953,-0.34733137398076863,False,44.5497,1.1060123198251224,-0.5763246806479272,False,44.4983,3.9578840155023336,0.7084,False,44.4074,0.3469266257091364,-0.48191288674266125,False,b'VFID1725',2920.322396664946,9.154826461374453,-1.5604924013491552,-0.317758020281937,0.7428647889208537,2.4640482412109392,-1.457762634291992,False,False,False,False,True,5.400481176801354,5.068748024543306,3.9321554543572113,2.921059831605054,0.9203,1.0205,0.8432,0.4647
386.3309,2.5141938505684296,2.215841229918967,False,385.4666,2.6863101134650904,2.4969567992551025,False,37.0369,1.9952718766495816,2.3895395625554463,False,37.0197,7.7078110104496025,1.8363,False,37.8059,0.4021442941477551,-0.030842393559664665,False,b'VFID1728',3068.3082603799135,9.349046262025842,-0.8110305018730217,0.2765587309717372,0.6005239321552259,2.1678107424316426,-0.5289668179589828,False,True,False,True,False,7.578386604963265,7.584543445973504,4.98014256838115,2.990694797857875,1.9725,2.1941,1.9898,0.757
396.2729,0.1517095324926707,-1.5146949167578663,False,395.9307,0.15760857580885507,-1.565411840807923,False,38.0877,0.39430264903440015,-1.3127467546406015,False,38.1213,3.2940966117090134,0.5681,False,38.244,0.37735057464396554,-0.6511993496307035,False,b'VFID1753',3183.4570086332906,9.857101343202396,-1.0877161720456283,-0.40596754149759784,0.9566878036118218,2.9637953147582987,0.8966591727709954,False,False,False,False,True,3.592621312593096,3.504043195850833,3.0934098280764353,2.959427454093668,0.4324,0.5179,0.5585,0.355
295.6778,-0.8183570527521306,2.527344994909969,False,296.3369,-0.6852899606565576,1.7907318728057728,False,28.4042,-0.7748659276785028,0.9262660562061104,False,30.4763,0.007885792715629177,19.9998,False,28.3813,-1.1064247096239188,-0.6598411380734841,False,b'VFID1756',2898.628572858691,9.602673024597225,-0.7878825512529835,0.09710652681688448,0.634337899543379,2.6819945709838855,0.9619166573266593,False,False,False,False,True,1.9560145858631584,2.143879634569871,1.715551594095486,1.088239394756826,2.1011,1.9027,1.4241,0.3494
591.5001,1.9201328364120849,0.9322810038790649,False,590.8026,1.7801841291315805,0.5527782268541003,False,56.3635,1.3785103159383372,0.0245564144995902,False,56.3056,4.84116847282685,0.8773,False,57.6194,1.3167280915026272,0.4422955236825755,False,b'VFID1760',3168.8303522992696,9.094418998193003,-0.9124066021352037,0.3785819981084151,0.9743218029772212,1.8589063655395517,-0.6885129370410166,False,False,False,False,True,6.576141741935712,6.122351387853995,4.25329272674569,4.144075838112761,1.4426,1.3919,1.0755,1.0636
285.5609,-0.6087378944888772,-0.8439686918277868,False,285.6965,-0.5136091645777067,-0.7998097328280223,False,27.261,0.020934713935939906,0.10681219937126944,False,27.0642,2.0710863288878216,0.7976,False,26.0154,-0.8374622011402473,-1.113072078367176,False,b'VFID1768',2148.2628093868734,8.567184489776317,-1.6615628856873552,0.05058707751700475,0.537962220115236,2.183169694213868,-1.1140206757934585,False,False,False,True,False,2.309664664819887,2.4209164935699725,2.653397930796199,1.4274278417002966,0.7093,0.8338,1.1073,0.0557
1498.041,2.485552388423368,-0.29871598965458046,False,1496.7777,2.146745706438445,0.2687371788792844,False,142.7796,2.196049425789726,-0.4358690479896827,False,142.7592,5.537885810328872,0.8852,False,142.8681,2.8171764126386565,-0.9474892390974682,False,b'VFID1789',2254.191032837362,10.362868224952996,-0.3355061200974273,-0.05777025020530646,1.1570961463604514,2.8445651600952147,0.615277791816407,False,True,False,False,False,7.530065375964165,6.713862321671983,5.216757719345128,6.036290253550385,0.9344,1.2747,0.8975,0.163
435.8063,1.0426614069342885,-0.04776894414083458,False,436.22,1.049694962901362,0.40082111330443343,False,41.8969,1.0659358883294214,-0.4995008815696607,False,41.9186,4.6679529021983095,0.8301,False,41.7927,0.6535973614916119,0.27192883723918565,False,b'VFID1793',2837.259045452869,8.969062230792668,-1.3782609914926731,0.012864125181224706,0.8514454137554442,2.0691175855712896,-1.3891951613720703,False,False,False,True,False,5.095753007966183,4.943579919127373,3.8849256175100955,3.3078020998100075,1.038,1.3292,0.8729,0.9532
401.4238,0.7294395357153144,0.6743093789059573,False,401.4368,1.019925508308226,1.144368839572979,False,38.4418,0.8679673312068772,0.5933629268669567,False,38.4055,3.7497937049556715,1.1276,False,38.1856,0.3786096226612248,0.00017545424388728655,False,b'VFID1800',2771.6097459477746,9.298266483323182,-0.5954873144461514,0.5326654256574208,0.8108769674675564,1.6902110565795905,0.2524590994042981,False,False,True,False,False,4.567314002651358,4.895541720429595,3.651620846980322,2.961015238740714,1.3361,1.636,1.2954,0.7771
289.3665,-0.5234978927633751,-1.0442903198585471,False,289.872,-0.5667379916188083,-0.9059615920541053,False,27.7983,-0.482233464866082,-0.4707889566616218,False,27.7109,2.304719096607183,0.7984,False,26.4548,-0.28693311296316437,1.8306914276057433,False,b'VFID1806',2872.823670153129,9.318736432951328,-0.8000630727657083,0.31173802163277253,1.0297427652733118,2.1018888163452143,0.43588284191162074,False,False,True,False,False,2.4534737211592756,2.335183879893913,2.0604172160828855,2.1216997217059297,0.6266,0.79,0.884,1.9633
331.6473,-0.4348110928197824,-1.1724283382724194,False,330.6984,-0.49611688089182826,-1.2731306941717218,False,31.4416,-0.38677302748562914,-0.7110896615225962,False,31.393,2.329869182960056,0.6365,False,31.5233,-0.06671655577524298,2.4288266419667752,False,b'VFID1811',2636.647685454539,8.957395263379295,-1.592409593529404,-0.19196476082972747,1.1042368064360981,2.2107478865966783,-0.43111680979247957,False,False,False,False,True,2.603097897032943,2.4491433392030086,2.1729167754140786,2.399414680734666,0.5737,0.6385,0.7911,2.3509
638.0339,1.3110319357563713,-0.0993632691354563,False,637.6866,1.3116341188276703,0.03486379040172681,False,61.0458,1.326566271599814,-0.1402138212339302,False,61.0541,3.9845418933596166,1.0078,False,61.2612,0.9117240533842587,0.20325748264923224,False,b'VFID1819',2285.0672673047843,9.399121735536474,-0.6003356148937742,0.44725271827926893,0.8667124969310092,1.9584578974609368,0.0886579736254891,False,True,False,False,False,5.5485229718088735,5.366264358298038,4.192076978543384,3.633325505400337,1.0167,1.1782,1.0118,0.9087
483.0718,-0.19056460001033718,0.21601612590208935,False,481.8859,-0.20210952742025393,0.38506798351060845,False,45.9153,-0.21347090527787618,-0.02122746575917414,False,45.9551,2.6695360515554913,0.7889,False,45.9222,-0.04977963992735138,-0.18948093854499498,False,b'VFID1824',3493.74880682825,9.782284082549392,-0.9137972796140615,-0.1722837077228806,1.0183503243744207,2.8755049925537115,1.0823335884838858,False,False,True,False,False,3.015168015922007,2.9235753991014737,2.377152298679395,2.420773814447562,1.1469,1.3227,1.0578,0.6542
506.0925,-0.5265252560148541,2.6087332258873994,False,505.9195,-0.6512293032765252,2.788995590048321,False,48.4339,-1.1972756071804338,2.129321576451958,False,48.34,0.005119980579440736,0.3584,False,48.295,-1.0146261319367713,-0.027910358195149785,False,b'VFID1829',2813.656646744761,10.322040209493865,0.1566197882852482,0.4669695754442568,0.9887186745483307,3.9780494460449205,2.0650236702490243,False,False,True,True,False,2.4483662335527674,2.198842436185195,1.217744291874509,1.2040065222009597,2.1347,2.3146,1.8892,0.7589
421.9423,-0.46667535421520967,0.38533271356049525,False,422.3004,-0.5276492238471285,0.5030952790428058,False,40.6426,-0.4833124377083083,0.6632027442108349,False,40.6985,2.352930471599245,0.9618,False,40.4567,-0.07891574392916871,0.020699701795491274,False,b'VFID1830',2676.2231968211527,9.67352209603825,-0.36611917831102797,0.46227479641059294,1.1577764248583338,2.074997298156738,0.6056474281079112,False,False,True,False,False,2.5493394588646217,2.3982604131636966,2.0591456529870973,2.38403029237798,1.2168,1.3714,1.3224,0.7904
113.7198,-1.4052196524905731,-0.5717056810580473,False,114.1049,-1.4019628338965962,-0.7981132419271487,False,10.9746,-1.4805355563833216,-0.8611159358168539,False,11.0405,1.2726637613857277,0.626,False,11.5958,-1.0156414323032465,0.2742436020006447,False,b'VFID1856',3284.109411761617,8.55441833128551,-1.4490271427174084,0.27332058376672497,1.3606667112925899,2.040960465332031,0.07337610491699209,False,False,False,False,True,0.9659142226434767,0.9874031603938718,0.883924121592886,1.2027261275599839,0.8217,0.8345,0.7331,0.9547
718.5029,0.052528982950588075,-0.8962896974561355,False,718.4209,0.015510727555234836,-1.078276596414254,False,68.7291,-0.10055116106835034,-0.8199880433810143,False,68.9763,2.403167650791018,0.6923,False,69.1723,-0.38780313626107044,-0.2924108116045429,False,b'VFID1862',3184.485971043284,9.717367627567407,-1.243645531849214,-0.4502759030756853,0.7945465350155421,3.0450662297363262,0.8568976951367198,False,False,False,False,True,3.425293051821819,3.2747435744023425,2.510227547567412,1.9944926000202485,0.6877,0.7189,0.749,0.5875
536.0568,1.6817362740100437,-1.328664674523738,False,538.4993,1.7773431033789397,-1.2181159178148246,False,51.5777,2.5628524046075523,-0.9578570161376337,False,0.0,0.0,0.0,False,50.544,2.456885245912398,0.008354289734376063,False,b'VFID1873',4300.953765457709,9.599707594500988,-0.6381882536154989,0.2491696462237315,0.9881208762568415,2.320411483886719,0.18989081959716714,False,False,False,False,True,6.17394108520655,6.117766898098434,5.649032854581667,5.581927294272923,0.5092,0.6612,0.6957,0.7824
668.9252,-0.18564730310765837,-0.20448973414797117,False,670.9587,-0.2352487347524307,-0.03760060664986828,False,64.0431,-0.3242501081331762,0.324350297097943,False,64.1031,2.474213993643722,0.8173,False,64.1882,-0.29370059001795223,0.07316770305523092,False,b'VFID1877',2851.8063436022303,9.285882970175289,-0.5919856009833909,0.5460592406278598,0.9406060606060607,2.0666585457763667,0.9046531589941402,False,False,True,False,False,3.02346402499052,2.870099517589119,2.246599665082998,2.1131652607326137,0.9733,1.1483,1.1914,0.8244
640.0952,1.065567078750346,-1.1869619509469609,False,630.8373,1.001982713342585,-0.2879541924501971,False,60.2899,0.5406406348939903,0.7689971341873025,False,60.3141,3.4456659186858074,1.0232,False,60.2879,0.005092198137640558,1.6351709640878314,False,b'VFID1879',2571.3696192386797,9.694566720211574,-0.5859178213473744,0.22566545062557708,0.7624228668699907,2.56403930303955,1.066299175917969,False,False,True,True,False,5.134397341401261,4.866587896399789,3.26586827656443,2.4899726542380085,0.5677,1.045,1.3633,1.8366
591.4504,-0.7102959807942418,0.6563845899406896,False,590.9037,-0.7981658632408938,0.9582395521628606,False,56.4442,-1.1836360846349765,2.4022141960734094,False,57.2891,0.003385890198424983,0.6391,False,56.47,-1.3024316838382068,3.5899126463146596,False,b'VFID1898',2505.738615546828,9.819877575574623,-3.237585578572403,-2.5261021479337518,0.681668496158068,4.848194770080566,-0.1571000173754875,False,False,False,False,True,2.1383252436612503,1.961734710833592,1.233818388306064,0.8410551252887658,1.3287,1.5592,1.9947,3.1033
348.8105,-0.7599519392273624,1.4508887494822789,False,349.2158,-0.8142943892289177,1.1567289875650573,False,33.4818,-0.9778258130361802,1.5752590255238557,False,33.498,1.6929006563281603,0.9077,False,33.7174,-1.1875169433406065,2.035470950169492,False,b'VFID1900',2719.1437471308927,9.11774060031173,-1.3033411083249236,-0.03098208861511309,0.6678391292805946,2.2046162057495113,0.5888892679199209,False,False,False,False,True,2.054550297868886,1.935708525715185,1.4763645728413428,0.9859740308270794,1.6567,1.6411,1.675,2.096
433.549,-0.014242565516122754,-1.1193806520103438,False,432.6242,0.037690203252098084,-1.1694023933754576,False,41.3923,0.23474788217610945,-1.0075208862488363,False,41.291,3.1715206424767497,0.6493,False,41.3482,-0.0022509004859339846,0.6632783995765376,False,b'VFID1917',2574.8852733711888,9.069011498610827,-1.242364826364942,0.06891959477550724,0.8538353452130037,2.489635012695313,0.10680010307128818,False,False,False,False,True,3.312642263683172,3.310534020519018,2.9053754815626984,2.4807122772734838,0.5956,0.6813,0.6765,1.2068
219.1165,-0.5076730507495435,1.536394837384163,False,219.087,-0.7677802559764041,0.7190343351397007,False,21.0764,-0.7724463456980825,1.5054192081799769,False,21.1179,1.7328589462054793,0.8473,False,21.411,-0.5317908467230016,0.6222299044733293,False,b'VFID1921',3016.3888733903095,8.87754765012564,-1.1862445617972988,0.27798351932452725,1.0549968374446554,2.010100126953125,-0.6807855018798818,False,True,False,False,False,2.480171932687446,2.010767179156366,1.718403057110244,1.8129097907065352,1.692,1.4605,1.648,1.1802
1284.2488,2.623466825736922,0.3126646501877889,False,1283.5393,2.5085878413587026,0.14150036131377386,False,122.0934,2.238250443374728,1.4655846456949502,False,122.1368,5.035521338577874,2.3181,False,121.5458,2.743091280622106,0.16236330519678818,False,b'VFID1928',2970.9749447093473,11.005603285452992,-0.6091063650585343,-0.8447951094158582,1.1284289910457468,4.028937816223145,0.839203085134276,False,False,True,False,False,7.7627418739012395,7.297757613409554,5.26649136829877,5.942861541080516,1.1868,1.2222,1.6326,0.8822
254.9539,-0.9590470949083613,0.3315583466646926,False,255.1531,-0.8586746259042508,0.30848353712832,False,24.5571,-0.7416669674915828,0.33624893264541844,False,24.6788,1.8709910588329508,0.7764,False,26.2788,-1.2040298467093284,3.1660020596661163,False,b'VFID1932',2970.9749447093473,9.22364992321392,-0.7295084342003777,0.45824892520141103,0.5500442329398127,2.0823256626586915,0.9744931434619133,False,False,False,False,True,1.7186553438491683,1.8640932859735866,1.754676371791582,0.9651496189797143,1.1946,1.2911,1.196,2.8286
238.2524,-0.954026274917857,-0.1872916258164307,False,237.9912,-0.9050755368039863,-0.3824729712131476,False,23.0029,-0.9093422470818505,-0.4826875922090975,False,23.022,1.80094296676231,0.6405,False,22.8188,-0.9975321621744268,-1.107208007638146,False,b'VFID1940',3282.2035797073013,9.114643374868683,-1.4637781782047607,-0.1889450569933091,0.7870950590558655,2.6024842276000975,-0.029789616430663912,False,False,False,False,True,1.7271260075078756,1.7892173365138562,1.557072049181362,1.225563716504642,0.9804,1.006,0.8794,0.0595
297.1426,-1.2368525107670125,-0.17929813884543305,False,298.3209,-1.2846178180653371,-0.3873200880727861,False,28.3429,-1.2974434442246698,-0.6239192228378295,False,28.2149,0.8214787088827319,4.4945,False,25.8461,-1.3319154069479568,1.6577013410993668,False,b'VFID1952',2048.5843240430277,8.22089111375788,-0.6993012756491439,1.2894720646292679,0.7309951334116462,1.065905060546875,1.394257339458008,False,False,False,True,False,1.2499677102043694,1.1767597765542384,1.099697089956463,0.8038732209851239,0.9837,1.004,0.8248,1.8512
221.914,-0.9560278602268091,-0.2795800662997678,False,222.0412,-0.9777231008950392,-0.09867427908131363,False,21.7246,-1.3539967843081013,0.01731376677504006,False,21.7605,1.3835279685426691,0.7756,False,21.7157,-1.3069750944111607,0.19970817668166166,False,b'VFID1954',2992.763340071787,9.770728052020834,-0.9735206497517517,-0.22277597957294315,0.8086017015501853,3.772804901733398,1.5069940833374016,False,True,False,False,False,1.7237491176834228,1.6719878418384575,1.0330493140538992,0.8353254331292347,0.9423,1.1231,1.0727,0.9064
403.5886,-0.26691314593492566,-0.6809500029950158,False,403.8889,-0.25656452994807244,-0.6250711700380543,False,38.5234,-0.19926526720144344,-0.5395941100448501,False,38.4716,2.6603982507017494,0.7522,False,38.3852,-0.32153156070846795,-0.2371650926310525,False,b'VFID1978',3146.579921222621,9.35858148951949,-1.2605869252794737,-0.18061454858365278,0.8680701920572146,2.622807298217774,0.09769925289062442,False,False,False,False,True,2.8863598024067474,2.8357027703525914,2.393893558906895,2.078067641444837,0.7766,0.9059,0.8574,0.6233
278.6552,-0.8029142126820632,0.46090749946810955,False,278.2379,-0.9013026450420788,-0.22784994339067935,False,26.5091,-0.9580525076561133,-0.5266608105367244,False,26.5558,1.4808061166208226,0.6531,False,27.4225,-0.7001980010800926,3.055973574671427,False,b'VFID1979',2510.481057436517,8.435281707734122,-1.407964630978055,0.40955088508063353,1.067257811557486,1.6831056634521477,-0.8645364513183598,False,False,False,True,False,1.9820683190015995,1.7953055543398393,1.4996672959675008,1.6005316363586075,1.248,1.0698,0.8624,2.7573
216.4843,-0.13570559529595627,0.012061094702693488,False,216.537,-0.06855195331730504,0.05158634356747994,False,20.7883,0.1349831872483446,0.10474287144996956,False,20.6269,3.70016470994858,1.0013,False,22.2574,-0.25366419134650775,-0.364168519209775,False,b'VFID1980',3262.0258215093336,8.828205396796532,-1.077326990009807,0.4263162855499709,0.7761146832507643,1.812064595214844,-0.16118985059081936,False,False,False,False,True,3.1077210607365626,3.1390938011023617,2.7878033802381066,2.1636551374189077,1.0627,1.1851,1.1065,0.541
773.2623,1.779853094466997,0.44710056742729526,False,773.1133,1.571235105701421,0.6715325899152439,False,73.9099,1.370600889356938,0.22605722083618798,False,73.8993,4.209435434401896,1.0164,False,73.7299,1.614413120185558,-0.5106159697847541,False,b'VFID1988',2684.7199452287446,10.26584017040898,-0.40385105114696795,-0.048607986553375504,1.064919079097333,2.734007895507812,0.684726711450196,False,True,False,True,False,6.339474720533945,5.78517575456043,4.243971514425831,4.519486236857669,1.2423,1.4409,1.1534,0.4461
582.3017,-1.358273861155763,0.47253438960774236,False,582.1587,-1.3278616618269838,0.11944597960241897,False,55.6676,-1.0038224693211972,3.490163350696938,False,55.6308,1.3922335522318325,0.9644,False,56.1756,-0.8660791690623082,1.2771540143154907,False,b'VFID1992',2482.555630888544,9.058609903065662,-1.5455149508565451,-0.22592160818908158,0.9623797296043065,2.422508529541016,-1.8676620851611343,False,False,True,False,False,1.045116824876004,1.1069783046573152,1.445727667580863,1.3913390018079357,1.2528,1.2131,2.4153,1.6046
520.0148,0.3008865850125153,0.1409257937502925,False,521.1326,0.3241508729077812,0.5595641904575945,False,49.6224,0.31787151542255426,-0.0339020992771376,False,49.6519,3.041346007772,1.0166,False,49.4327,0.6047457608601796,-0.6038238308461739,False,b'VFID1993',2074.430978097446,9.902031029823407,-0.9528083825566508,-0.3069501342818327,1.0808631374598672,3.048760197021485,0.6227744706127947,False,True,False,False,False,3.84429905445255,3.7727881919874857,3.003336190384546,3.2461953775858055,1.1159,1.3947,1.0529,0.3857
617.2626,1.0757063071359831,1.3716805604060291,False,617.9083,1.2972527108712348,1.0030753831145172,False,59.1252,1.7272082374893818,1.0537883893562296,False,58.9566,5.0803629985012355,1.1995,False,58.4262,-0.7194958072712772,1.4607920187245793,False,b'VFID1996',2460.0037315588347,9.207727940384125,-1.1860555826817922,0.014420451014992786,0.3379324762203407,2.4424583124999995,0.02731732067138637,False,False,True,False,False,5.151503310859633,5.343057452346716,4.664231159364145,1.5761951853479963,1.624,1.5777,1.4734,1.7236
533.6843,0.18861733419373455,-0.4285495962138157,False,538.0498,0.1623864592900419,-0.0817093700725786,False,51.4691,0.06987845069801976,0.28761972649486617,False,53.4909,0.003036604414275146,4.2336,False,52.2425,-0.1411042173801658,0.4301044292722242,False,b'VFID2000',2243.3600893387706,9.530607979737796,-0.28125509358386713,0.6613004222481451,0.8504383087840658,1.8713331886596674,1.0247505764355473,False,False,False,False,True,3.6548887460368866,3.511753142813617,2.7110778343127877,2.3056044483949347,0.8808,1.1301,1.1772,1.0557
483.5989,-0.23289217143065843,-0.7109861358557343,False,485.9986,-0.1547939794300216,-0.7161969669992583,False,46.4282,0.13609779503279082,-0.6678924411654568,False,46.4218,2.9669907432988287,0.725,False,46.3364,-0.19107099630280955,-0.5913241011342948,False,b'VFID2012',2971.9159643435387,9.19845158331262,-1.0190776857832076,0.18880841520844682,0.8040506815127664,2.186903078857423,-0.09759274583984379,False,False,True,False,False,2.9437568476926033,2.9999272747711445,2.7891169389019703,2.242591375542931,0.7642,0.8683,0.8078,0.3938
306.4134,-1.4923480356139813,-0.25366179036350267,False,306.4398,-1.4901280463010342,0.43232737289208395,False,29.5992,-1.5126942931588356,-0.45164767338959594,False,29.643,1.0596836410123778,0.5533,False,28.3388,-0.936878196624076,-0.8109181181713815,False,b'VFID2024',2967.6908065907446,8.331344468762504,-2.1124720851391587,-0.21193023349572337,1.539025469253618,2.45962834741211,-0.8941382468164072,False,False,False,False,True,0.8189192636604408,0.8451332380993348,0.846025241018157,1.3020543935583742,0.953,1.3422,0.8914,0.2515
335.3383,0.6096745065127808,-0.40796031159154905,False,334.8301,0.5402337669310904,-0.5131027705804053,False,32.0744,0.5146465401167087,0.773135790029903,False,32.9575,0.003995596381407466,2.7746,False,27.5382,0.9251183388406078,-0.8729538137784854,False,b'VFID2030',4435.430370581322,8.992020564792496,-1.501884026516089,-0.1290983073670462,1.1282697295294555,2.1899847998046873,-0.8179632919677715,False,False,False,False,True,4.365257509415473,4.12147556769359,3.2352343900256253,3.650217030198606,0.8893,0.9521,1.3649,0.2113
179.4916,-1.0724180604050364,0.14431697004101895,False,180.1115,-1.1506862487736769,0.04019561894732911,False,17.4612,-1.1458960719948985,0.2674437792621901,False,17.4997,1.6652539549379564,0.9029,False,16.7317,-0.5789699808679712,-1.1013439369091165,False,b'VFID2031',3024.1870643581697,8.577750871156589,-1.449637646924132,0.2540717618160624,1.3716806615233794,1.8455657878417977,-0.6638288242480463,False,False,False,False,True,1.5273863242066628,1.3928816849153496,1.2782947693878022,1.7534122148957363,1.1173,1.1804,1.1694,0.0633
214.0774,-1.4530208813466443,-1.1828440940225073,False,213.9258,-1.5209287799282694,-1.278462522717324,False,20.7508,-1.6529930695618997,-0.766444183417374,False,20.8254,0.9652691462156058,0.6475,False,20.9881,-1.3744288775308873,-0.12312434871650073,False,b'VFID2036',2139.4570507894655,8.974393037972222,-0.9203602455059551,0.4665065573027066,1.1022141684127074,2.6098025529785165,1.3587959720410154,False,False,False,False,True,0.8852684052514046,0.7954308911049225,0.6806839650595552,0.7502595104999821,0.5694,0.6363,0.7697,0.6972
323.4231,-1.1455874898948684,-0.35370149093992836,False,323.4379,-1.138941447973664,-0.5499408587136578,False,31.0222,-1.2106252060666487,-0.7537695498994111,False,31.0823,1.3620674937755628,0.6565,False,31.6734,-1.0869874646480193,-0.5042889461034326,False,b'VFID2040',2329.240924605955,8.718053860509302,-1.398611840993552,0.19302182672448165,0.9257410187480362,1.9518578297119138,-0.5915090604565432,False,True,False,False,False,1.4039416222495993,1.4118339661112211,1.2020118687559984,1.112751691929409,0.9117,0.9369,0.7746,0.4502
468.9698,1.0843507613817351,0.3114535157982434,False,470.3589,1.0141415639657783,0.4366897780657587,False,45.2534,0.7173046612622008,-0.18185904565009478,False,45.1558,3.940034763957568,0.8124,False,45.4409,0.6331815202962751,0.19585023541256324,False,b'VFID2045',3399.465683048789,9.376313500985477,-0.968808202950935,0.09699962647449423,0.9447304396883043,2.10119425439453,-0.24646418402343784,False,False,False,False,True,5.166087435478189,4.886208319083255,3.4740657839453,3.2820556955727374,1.1863,1.344,0.9957,0.9039
616.9138,0.8041428864296197,-0.8650424302058718,False,617.6017,0.7771801389193211,-1.01356758633808,False,59.4497,0.990777806617178,-1.152632506730006,False,59.3126,3.9017774061027675,0.6047,False,59.8491,1.1090264431174683,-1.11245480776412,False,b'VFID2054',2075.741549526109,9.086338132863947,-1.4952524671972762,-0.19780877305984568,1.0225983134998817,2.088318735961913,-0.4027239524047861,False,True,False,False,False,4.693346594792901,4.503829798023115,3.7963522639321394,3.8821434225484643,0.7006,0.7456,0.6204,0.0561
622.6439,0.15133486563078252,-1.670689026131276,False,622.2836,0.21161842116031,-1.7246396296470479,False,59.6766,0.5238147470739832,-1.3877598917877303,False,59.6852,3.2365655846174306,0.5232,False,59.8034,0.38924248902582403,-0.3454960834673383,False,b'VFID2058',2306.210734406711,9.80411154505006,-0.6617537913343646,0.062323736993653456,0.9163242579010022,2.706226969726563,1.1462460767871079,False,False,False,False,True,3.591989209275885,3.5911974859810822,3.2460390675533417,2.974424339693477,0.368,0.4522,0.5295,0.5531
436.8528,1.0577477581188268,1.731387474100925,False,436.8147,0.9692716300200611,1.3666091475874043,False,41.8973,0.7758778331520183,0.8533222469802817,False,41.8938,3.438304078700537,0.9909,False,41.7641,0.11329029980418281,0.9512351359020494,False,b'VFID2067',2940.472032019162,8.98289789415396,-1.1309265653254865,0.249146454519229,0.7412790263012307,2.2740359400634773,-0.106353477119141,False,True,False,True,False,5.121205305989823,4.813802867525619,3.543093919653214,2.626421210854345,1.7725,1.7277,1.3959,1.3934
167.2056,-1.4455249740096292,-0.35249035655038313,False,167.0284,-1.4460239576846377,-0.5724799521109768,False,16.0197,-1.4285324115164308,2.2930571482248285,False,16.0526,1.1891162009001393,0.7559,False,16.3208,-1.443768180256469,-0.8570590957497993,False,b'VFID2091',2871.217943108135,8.978641966243309,-1.6954015972038456,-0.3119288901783823,0.7012368651488617,3.2094628548583977,0.2765160518774401,False,True,False,True,False,0.8979148076296571,0.9163028648625802,0.9452095194173814,0.6628157603051067,0.9122,0.9276,1.9525,0.2216
238.6174,-0.801584342512477,-1.1944709841621404,False,238.912,-0.7985107174469286,-1.2149652918560596,False,23.0088,-0.557551653352482,-0.8587879419053912,False,23.0619,2.1959921185609246,0.6573,False,22.8596,-0.38779004634172914,-0.4604627332864736,False,b'VFID2093',3195.174244635357,8.993789378767866,-1.490001848688637,-0.11862907974068904,1.0115912408759125,2.346194989501953,-0.1234392873461907,False,False,False,False,True,1.9843119530967508,1.9611782285231945,1.9716551776210882,1.9945091077091344,0.5646,0.6625,0.734,0.4786
537.5154,0.3180827475629032,0.22352515911726872,False,537.0244,0.3921502201254545,0.5127895127620827,False,51.5657,0.5910291346175303,0.09543089580411898,False,51.5138,3.4993019754829584,0.9609,False,52.87,0.5516116708336881,-0.7187904806653093,False,b'VFID2096',2343.0832718195293,9.246897604614214,-1.4986608895425113,-0.3294740619020593,0.9560746477085185,3.0383515640869145,-0.2125655277929699,False,False,False,True,False,3.8733108313057896,3.882516979350455,3.3252508246630303,3.179188010732167,1.15,1.3754,1.1029,0.3112
260.5432,-0.8831748825122664,0.8961891990706203,False,260.9107,-0.7916702844707948,0.5728937618216,False,24.9716,-0.6879027662289025,1.152857463588472,False,25.0083,1.9549215412588663,0.9381,False,24.9685,-1.474689703784298,-0.26432499916550584,False,b'VFID2100',2950.5352655352913,9.369728791781494,-2.747571388723538,-1.6765036131853672,0.3431286549707602,3.8549024621582024,-0.6279699077392564,False,True,False,False,False,1.8466599314394065,1.9722164582448136,1.8180371641346897,0.6238206468163914,1.4277,1.4002,1.5117,0.6057
594.8153,0.9317932144490978,-0.40868699222527605,False,595.1337,0.9945977793012933,-0.629433575211729,False,56.8778,1.0733647173348337,-0.013984818034624005,False,56.8412,4.150161214058492,0.9942,False,56.5366,1.9221894561532678,-0.953198992175734,False,b'VFID2101',3228.050877429601,10.782661595058473,-0.03415454402103543,-0.09175474392914049,1.2604071756112862,3.461431942016601,1.0812521254467757,False,True,False,False,False,4.908706435739531,4.854671019396361,3.8936804484368057,4.90762277674712,0.889,0.9041,1.0606,0.1593
127.126,-0.9434096551498509,-1.4563182391817922,False,125.2758,-0.9636479500982976,-1.6669589390173496,False,11.8442,-0.9362066058254257,-1.1487525168775683,False,11.8443,1.9538624359135681,0.692,False,12.4999,-0.7489910598840631,-1.1187818314454416,False,b'VFID2106',3366.4602292071995,8.918427801699162,-1.5019823627967694,-0.07040984590659782,1.008906560636183,2.5510823320922853,0.41434121908935495,False,False,False,False,True,1.7450373876046017,1.6947005485345004,1.5254125617193222,1.5389987411954702,0.4565,0.476,0.6219,0.052
130.0881,-1.3002780582226752,-1.1733972457840556,False,129.7,-1.3083417693882915,-1.0700364977528685,False,12.4943,-1.3676465641524245,-1.464842356856159,False,12.4726,1.1086040286522594,5.0457,False,12.4735,-1.0659833642063483,-0.7286668103142013,False,b'VFID2135',2962.39663568147,8.464519487807367,-1.354987194612522,0.4391728257245884,1.1202372205311222,2.1449358770751967,0.6772810551391615,False,True,False,False,False,1.1429619858640436,1.1384770500775743,1.016963129456461,1.1392399495249377,0.5733,0.7223,0.4997,0.3048
608.8845,0.9032738309904668,1.5237990397328942,False,608.6956,0.9044058486138812,1.6222945619333349,False,57.8616,1.0994655244820117,0.21519324924936248,False,57.7279,4.152244526697994,1.0216,False,58.0365,2.2475536590358836,-0.657526373312025,False,b'VFID2144',3655.407224882323,10.494801431687426,-1.6325015725714764,-1.4601555591493338,1.3550823138498715,3.9454920868530277,-0.29462888179687496,False,True,False,False,False,4.860591166622404,4.709130634242744,3.9244400948706826,5.317939364322576,1.6868,1.8332,1.1492,0.3509
137.7449,-1.3712238457560557,0.5459291336141757,False,137.9077,-1.275140590425612,0.5050341257866615,False,13.8846,-1.0138116874935912,-0.20591498273520842,False,14.2722,1.9015777560479286,0.4683,False,13.995,-0.589619187402861,1.5425803736294674,False,b'VFID2145',3594.8617771502422,8.843970535718565,-1.1316211477640405,0.35942874232935695,1.2134146341463414,2.0127443410644528,0.6118781671606452,False,False,False,False,True,1.023268807193239,1.1920529336067753,1.4339554332050797,1.7399825073647002,1.2831,1.3722,0.9864,1.7766
545.1805,1.368736136018234,0.662198035010506,False,544.7923,1.5171862876573048,1.021494427181143,False,51.831,1.7316485999169475,0.44152599064156106,False,51.9233,4.767413167672344,1.0491,False,52.8952,1.7167908316981693,-0.21494335092104502,False,b'VFID2153',2818.3325550347026,9.697593513736761,-1.3714622481953642,-0.562296815848079,0.9955306655067421,3.032429138916015,0.15720808530761765,False,True,False,True,False,5.645876167708621,5.697958575204313,4.669464100151762,4.6485947031839245,1.3311,1.5853,1.2367,0.6377
479.6988,0.920145187767412,-0.38010422063201144,False,479.0283,0.701768744783393,-0.46657044872787545,False,45.9756,0.42759386290460233,-0.16116576643709374,False,45.9597,3.4600542831782244,0.7221,False,45.7734,0.5084988105168493,0.14153042234365634,False,b'VFID2158',3809.7720319055747,9.563229525419132,-1.617871667921907,-0.701374641095662,0.9975021363307697,3.059555025024414,0.3069108248413084,False,False,False,False,True,4.889054961180632,4.382140382308611,3.1326433261911752,3.1248184102380256,0.9008,0.9713,1.0037,0.8687
356.4034,-0.03574304307132503,-0.6339579886806656,False,355.8884,-0.13648599349352802,-0.37156695827896113,False,33.979,-0.2178359142879257,-0.09986192676857802,False,33.9623,2.591292557435661,0.6835,False,34.1453,0.04623945146040265,-0.2340787396157737,False,b'VFID2164',3638.6121542737665,9.39346061192215,-1.150190586708826,-0.09808007886922288,1.0716082138020617,2.7237223009033222,0.3479398341015614,False,False,False,False,True,3.2763686441915056,3.0294703980225925,2.3720081614474426,2.541863429012607,0.796,1.0105,1.0274,0.6253
300.5621,-1.148846635468846,-0.6463115594540256,False,300.6766,-1.125616970184248,-0.8531280182840458,False,28.9839,-1.0788276740004026,0.13733478621044606,False,28.9693,1.6463533806969635,0.695,False,29.2821,-1.1614201648480982,-0.04257053501772418,False,b'VFID2174',3442.42501689339,8.868442409143823,-1.3028085251072368,0.1686929336876568,0.7506511309115833,2.3782210122070317,0.2946189913916015,False,False,True,False,False,1.3984430929208955,1.4333353311963468,1.3573344786797155,1.0188846614462128,0.7909,0.8118,1.1191,0.7494
414.0822,-0.44975478662155643,-0.5617743790637775,False,414.0522,-0.4745833637952321,-0.6253135258810363,False,39.3048,-0.3007608390779669,-0.3856878458981549,False,39.4867,2.5413180221846714,0.7848,False,28.9512,1.2903797822086864,-1.0115310641645032,False,b'VFID2180',2256.6357696514942,8.623690993398533,-1.9167888682397118,-0.24977699008434961,1.8075369158711432,2.501365219360352,-0.7752039400292965,False,True,False,True,False,2.5778862773666456,2.4838914186383234,2.2742816293630397,4.110848002161267,0.8258,0.9058,0.9169,0.1215
358.5957,-0.46724977586610045,-0.9427972580146675,False,358.4302,-0.5115146254257252,-0.8674270130199795,False,34.3866,-0.4952177986009251,-0.24781887314153578,False,0.0,0.0,0.0,False,34.6576,-0.08988358388511464,-0.22327650406229788,False,b'VFID2213',2953.581517956893,9.059402219736294,-0.9689150999050372,0.35004533053158304,1.15895607826811,2.0874721692504874,0.7382960839501944,False,False,False,False,True,2.5483703477209882,2.424296397210745,2.0451152557790864,2.370198756444013,0.6685,0.8059,0.9702,0.6323
689.5639,1.8185607409999518,0.6222306001555176,False,688.6381,1.4310689038562163,0.6327556550381358,False,65.6684,0.5963213453513332,-0.17332306797473193,False,65.6346,3.7828344204515343,0.7853,False,65.2228,0.9324800688619134,-0.6595325027719562,False,b'VFID2222',3740.71125450606,10.305344962599529,-0.9230565731335441,-0.5993704189030771,1.0984584884285482,3.5535336788330056,0.8104760624487302,False,False,False,False,True,6.404778685906313,5.558993180946692,3.331487663627719,3.6595009032068595,1.3146,1.4249,0.999,0.3496
299.5569,-0.8843280197210018,-1.0547060756086353,False,300.1497,-0.9299083951727253,-1.2677988656261192,False,29.0007,-0.8609548606061291,-0.7881721265910252,False,29.1216,1.6499660221127146,0.6228,False,29.1104,-0.8803193734164626,-1.0675483713918135,False,b'VFID2232',2293.6781642896,8.270076323828556,-1.726083690374086,0.22339990353873862,0.8508666376507334,1.9738495765380861,-0.75826522902344,False,False,False,False,True,1.8447144648690033,1.7491451954264505,1.6140962971848754,1.373380689230194,0.6223,0.6407,0.7613,0.0852
345.5735,-0.39147882507866893,0.6636513962779604,False,349.1254,-0.200471891472853,1.0862034372573175,False,32.9466,-0.33386826179264967,0.1919133101347366,False,32.9946,2.2611876275577942,1.1282,False,32.2105,-0.45140788168156837,-0.13516112547608808,False,b'VFID2235',2320.6842035669697,9.434393586778823,-0.7031227966729222,0.3162899510514615,0.8563999925179103,2.342122583068848,0.8522147074975575,False,False,False,True,False,2.6762040960797564,2.9262180098617665,2.2352647280351183,1.9142806963648242,1.3317,1.612,1.1402,0.6894
187.3109,-1.1572513066998236,0.23587872989062905,False,187.3551,-1.1296323815436262,0.2738266515819048,False,18.0563,-1.181047144070275,0.0768069445124178,False,18.0121,1.6057278155896788,0.8093,False,18.1448,-1.1648921608430138,0.2177633418210427,False,b'VFID2245',2938.583248657325,9.081393970266742,-0.9582828544996431,0.3431102970896367,0.8202208715007276,1.9860592821655292,0.16039126053222574,False,False,True,False,False,1.3842635080534296,1.4268557657702607,1.2368694394080277,1.014506129523869,1.1551,1.2768,1.0957,0.9181
352.6039,-0.9437368355277166,0.3257449015948756,False,353.006,-0.9204268146907716,-0.015788580781495292,False,33.9285,-1.1220036987750683,-0.7726521671812745,False,35.695,0.0057126520616141915,3.8721,False,33.7928,-1.107320469076092,-1.0039694992770702,False,b'VFID2246',2201.909374439358,9.113250061480917,-2.813338444650248,-1.537392327692018,0.8321085873922021,4.083785338806154,-0.868663417648925,False,True,False,True,False,1.7444853990963758,1.7644453765478771,1.3064517895352679,1.0871097530862062,1.1922,1.1573,0.7673,0.1264
155.9527,-1.0553545665023865,-0.15555990481034893,False,156.1221,-0.9860091864978073,-0.12727226855318083,False,15.0984,-0.8775074411764439,0.46196060386439963,False,14.7298,1.8852194398117486,0.6803,False,14.9208,-1.0932069387085548,1.5381051617573134,False,b'VFID2250',3031.0292002429237,8.814968893440613,-1.6050597216423301,-0.09084296558152305,0.6929109589041096,2.403232498229979,-0.1757163454199251,False,False,False,False,True,1.556174274773525,1.6586167998743784,1.5945891791467195,1.1049083171806704,0.9935,1.1113,1.2446,1.7737
245.2548,-0.789463678403233,-0.9265680571947631,False,245.7637,-0.7283332740143662,-1.0150217213959716,False,23.6059,-0.6825994254520721,-0.9687209877244592,False,23.6586,1.9662600946158673,0.5614,False,23.2321,-0.46591786957248377,-0.5286711349241351,False,b'VFID2251',2913.148153557872,8.547453960727433,-1.6053503378182037,0.12256061290406217,1.0393003049657632,2.2872554280395487,-0.5570366915820308,False,False,False,False,True,2.0047608178606238,2.0744217533976075,1.8242871197890804,1.895982159941905,0.6752,0.745,0.6915,0.4344
553.3011,0.5895395538227708,-0.6630252140297481,False,553.2006,0.6165400117034073,-0.8354360417463651,False,52.9619,0.9760961389914884,-0.7850681347090751,False,52.9612,4.161655966889542,0.7174,False,53.0749,1.4354803311354225,-1.1106029959549528,False,b'VFID2268',4026.574750589564,10.239918218570375,-1.6369365029954681,-1.2609866667610456,1.1362205329033248,4.403322224365235,-0.12519287558837888,False,True,False,False,False,4.331287677327562,4.244608980728945,3.7790500057039016,4.293834211349201,0.784,0.8191,0.7625,0.0573
219.8984,-0.18892186330869024,-0.395122287062371,False,219.9976,-0.1394346012102211,-0.4086474022551956,False,20.8017,-0.025826872228968727,-1.085638015277915,False,20.1541,2.9415394716476326,0.2681,False,21.4359,-0.5100523129023653,-1.0323639470176353,False,b'VFID2275',3488.689083867861,8.702115510649413,-1.9756612265066968,-0.37129581031018444,0.7082829357975713,2.7343429519042957,-0.8786850704736331,False,True,False,False,False,3.017939489527072,3.024712306034943,2.5982896788172796,1.8403242417652312,0.8946,0.9952,0.6463,0.108
161.1643,-1.2566175603400724,-0.33795674387584185,False,161.6794,-1.2268770006787593,-0.49565314988570647,False,15.6112,-1.266184644468093,-1.2294563058082724,False,15.5628,1.42906920664441,0.6328,False,13.713,-0.22507256870817605,-1.102424160464464,False,b'VFID2298',2779.3207436895445,8.351203209745243,-1.5958207630681591,0.2888576837991139,1.9354540247609817,1.822554303039551,-1.512117010214844,False,False,False,True,False,1.2166219444832902,1.269934639731883,1.1365354000913899,2.1997120143902134,0.9182,0.9593,0.5907,0.0626
265.0415,-1.5310998175473227,0.1588505827155602,False,265.8268,-1.486662347950233,0.06152293312973884,False,25.4898,-1.5476300036028279,1.6595841383168348,False,25.4616,0.9651842977198198,0.8256,False,25.3799,-1.54987570113323,0.9060200642282151,False,b'VFID2301',2018.826275109212,8.734858182272637,-1.1758662089820606,0.40234396132733297,0.6572668112798264,1.8766748324584963,0.44163321357421914,False,False,True,True,False,0.7535408371178203,0.8507257458653568,0.8048537134437812,0.5290036337819212,1.1233,1.1892,1.7076,1.3641
311.0959,-0.8406381146620707,0.5815364846668022,False,311.8398,-0.8268125809897369,0.14053093794184626,False,30.2728,-0.7921688482452829,0.41074473781222254,False,29.1655,0.0060723606706596074,0.3174,False,27.2784,-0.3883050584964887,-1.1163127490332185,False,b'VFID2305',3370.402108818575,8.673921598282769,-0.8849144936823549,0.7419725639658726,1.1762071930075944,1.333127566406251,0.8228504024487293,False,False,False,False,True,1.9184240365594813,1.9155082435346116,1.6951602048213363,1.993859626211082,1.2978,1.2218,1.2248,0.0536
247.7325,-0.6906834313573443,-1.1356098528302483,False,247.9676,-0.6627000807738654,-0.8194405561095582,False,23.9387,-0.51345974989862,-0.7284202828634847,False,23.9168,2.2878126330904585,0.7427,False,23.6642,-0.2956795755824383,-0.6712606442300156,False,b'VFID2309',2676.8707190636114,9.37151071040088,-0.818503326508015,0.2511410306794115,1.0430181844181226,2.318342883544922,0.2906344014624018,False,False,True,False,False,2.171413725240739,2.1803323393034644,2.023617224357412,2.1106695633065082,0.5889,0.8257,0.7844,0.342
619.0088,0.37249169354412054,-0.062060329937466865,False,619.0189,0.4065055070177319,-0.040751232608633496,False,59.0117,0.7234145986021261,0.3794461530025579,False,59.0003,3.334641392420777,0.8011,False,58.897,0.5144314390779299,0.18890594112818584,False,b'VFID2310',2876.7292504690477,9.444499857139775,-1.1929242338946233,-0.18158449833412504,0.8997588137208195,2.683851469970703,0.020615822067870937,False,False,True,False,False,3.965104578602708,3.905681734416335,3.4812663088658318,3.1323000443113767,1.0321,1.147,1.2127,0.8994
1194.328,1.7912635474660823,-0.9672621726834787,False,1192.2198,1.8208886058464633,-0.8986909167646475,False,113.3728,2.163095866810642,-0.7635988575255863,False,113.3782,5.205124447527213,0.7137,False,113.57,1.8938071388174047,-0.8042824591885319,False,b'VFID2313',2105.768677394368,10.505440324793467,-0.2525037419593559,-0.08865620625330517,0.9408851113716296,3.0832652821655273,1.007502736396484,False,False,True,True,False,6.358725382722898,6.188035148844681,5.177922145517131,4.871829854558515,0.6584,0.793,0.7708,0.2558
308.3388,-1.5655825083861568,-0.4733615686269848,False,308.7477,-1.5737326574886201,-0.6759658970642586,False,33.9203,1.1268505659206807,-2.58072743841724,False,0.0,0.0,0.0,False,30.2813,-1.4362755384249415,-0.7268149985050341,False,b'VFID2318',3488.861220590685,8.383225815532219,-2.3014733253795483,-0.4423749270172528,0.1699048405801706,2.551611310913085,-0.17043858047363258,False,False,False,False,True,0.6953648266861827,0.7102226399990342,3.956713203801017,0.6722647261132679,0.8623,0.8849,0.0683,0.306
215.8783,-0.7525851832725658,1.4780181598080888,False,215.8175,-0.7521545292901378,1.031431016743402,False,20.7518,-0.7509557304413426,-1.2416136073459105,False,20.6232,2.197459811070239,0.5092,False,20.9963,-0.6332564527956914,0.38982752242283586,False,b'VFID2331',3146.0129147512525,9.14837356261712,-1.422191673040409,-0.17430263765466414,0.9662917696008322,2.399180147644042,-0.1696366351953138,False,True,False,False,False,2.0669788079662164,2.0359820100496773,1.743729619741671,1.684951579965565,1.6679,1.5894,0.586,1.0296
509.6427,-0.03294985770269634,0.2445988974953539,False,509.9512,-0.1806738895623093,0.2183271635390442,False,49.0321,-0.28580347589583815,0.42135004340888554,False,49.0178,2.440893649824619,0.9064,False,49.0548,-0.03382543676372277,-0.1527533376631772,False,b'VFID2355',2784.2603144003906,9.604482326350691,-0.5662476641848707,0.31729612155239695,1.0650047057278555,2.4413673153686517,0.6783639441406262,False,False,False,True,False,3.2810810485076978,2.958165533341655,2.291908793169547,2.440893649824619,1.1587,1.2539,1.2289,0.678
207.2407,-1.3549780895153711,-1.36281866430891,False,206.5866,-1.3303753529256155,-1.3829178910425337,False,19.9583,-1.297664104274787,-0.754286881879736,False,20.0121,1.2893409355259573,0.638,False,19.8007,-1.2915033402172638,-0.04874324104828179,False,b'VFID2366',2299.8958396966955,9.100876345625677,-1.0523062669860748,0.23352412528283661,0.7775223306825463,2.2287879129638686,0.49653058210693324,False,False,True,True,False,1.0506771463204025,1.1029220263643047,1.0994370433960095,0.8548368524199929,0.4951,0.5932,0.7744,0.7454
643.4371,0.0336023025192268,0.4863413216485567,False,643.3655,0.02202380895558653,0.5127895127620827,False,61.5547,-0.0745109691307698,0.5943975908276066,False,61.5637,0.8981904793117775,1.5217,False,61.4996,-0.16838346524547249,0.5946070449865843,False,b'VFID2369',2786.181758011828,9.825616220880805,-1.381214953553257,-0.6743156228551774,0.8938519894108815,3.455913839782715,0.7158357864770508,False,True,False,False,False,3.393361705067084,3.2852535653551844,2.5409157593362526,2.271202606408169,1.2585,1.3754,1.2958,1.1623
306.1743,-0.28621853699854155,-0.901618688770134,False,305.8693,-0.1828584677946339,-0.5155263290102245,False,29.4175,-0.3202623674958342,-0.9229371074656944,False,29.8843,2.757284020110725,0.7616,False,30.6756,-0.19794065130899563,-0.9414708507176747,False,b'VFID2381',2242.2494067686757,8.730180902174983,-1.362846967703081,0.21909947105883232,0.9922839506172839,2.0111259019165058,-1.3581746777783223,False,False,False,False,True,2.853789530059007,2.9546403359663747,2.251299193775079,2.233928058020641,0.6855,0.9511,0.7092,0.1669
922.8872,3.1918250906031282,1.7459210867754662,False,922.5846,2.7622610026469268,2.080589461012155,False,88.0175,1.8722984842238481,2.3553956518539945,False,88.0715,5.105448249768626,1.448,False,88.1117,1.710248100181253,0.5929095508281808,False,b'VFID2387',2434.473531995926,9.87920488437692,-0.150259555342302,0.5138324966269145,0.9596966590770961,1.9168351937255856,0.22308357818359248,False,False,True,True,False,8.721623432776761,7.707103430886067,4.835219154692814,4.640343668664273,1.7785,2.0223,1.9766,1.1612
218.7571,-0.6132711550559061,-0.05116012043156104,False,218.6803,-0.515079923350052,-0.15344669959522853,False,21.9916,-0.5513916682296005,-2.1549632186097436,False,22.025,2.1531277522155645,0.2567,False,20.8103,-1.0571732743635396,-1.0806653717067485,False,b'VFID2417',2849.0039525256534,8.665639002458784,-2.3133567729662965,-0.6798534766417386,0.5813036598967655,2.842670803161619,-0.9020690097070307,False,False,False,False,True,2.3020165663791525,2.418543168189711,1.9789146835570288,1.15035034817515,1.0366,1.1005,0.2329,0.0767
466.795,-0.2248638272659204,0.16296843964001367,False,466.4555,-0.17848095515721185,0.02226128656666703,False,44.3228,-0.03433706134943384,-0.061579360224526314,False,44.311,2.524520602849927,0.7837,False,44.2312,-0.39069965164444015,-0.876040166793764,False,b'VFID2420',2601.335778706672,8.804823066219114,-1.097882608757542,0.42443875797035213,0.7691806247170665,1.7549995788574204,-0.47729747106933473,False,False,True,True,False,2.957301528299448,2.9617042148567525,2.5882604714079127,1.9908398063280277,1.125,1.173,1.0422,0.2093
184.1367,-1.0240700717617806,0.336402884222873,False,183.7892,-1.0331872864070388,0.2835208853011818,False,17.7405,-0.6648027159023954,1.8649649345058699,False,19.3979,2.4608690078347712,0.4945,False,20.9532,-0.5731629635780503,-1.1197077373500253,False,b'VFID2427',2802.553185348352,8.300374284202787,-1.4785431983373922,0.446738014884416,0.9541934601176632,1.6186013298339859,0.07347887746093917,False,False,False,True,False,1.6089545842013588,1.5824867206170365,1.8452604364511915,1.7607354406755915,1.1966,1.2808,1.787,0.0514
255.4208,-0.9699653970313307,-0.5300426580576957,False,255.0856,-0.8840660507938146,-0.7387360603965772,False,24.485,-0.8030206976072226,-0.6371111883361177,False,24.4803,1.8603852159916425,0.6874,False,24.4908,-1.000327694819549,-0.7771225526540785,False,b'VFID2457',2835.144331116606,9.079770704339225,-1.2079919898161908,0.09469784641638745,0.7263784308962836,2.5150131511230462,0.0710710084545898,False,False,False,True,False,1.7002349931529197,1.8231198005424556,1.6823713647044494,1.2220382720788574,0.8389,0.859,0.8197,0.2734
345.6684,-0.7562648261757662,-0.2093342717061516,False,346.9929,-0.8248667378480119,-0.23148528103540836,False,33.5305,-0.9220282614795248,0.1430254379940213,False,33.5496,1.5637457980853096,0.7502,False,33.3775,-1.0033077605765761,-0.26478795211779765,False,b'VFID2462',2222.640771092681,8.903895020586916,-1.6739218116661592,-0.23074033177539732,0.7900025967281226,2.4059657144775386,-0.7021882820898444,False,False,False,True,False,2.060770854389687,1.9186482002706158,1.5421216564472537,1.2182801130640042,0.9713,1.0683,1.1213,0.6054
651.6613,1.496381513543234,-0.7499846631990867,False,651.8135,1.5191711186973047,-0.7842989588771793,False,62.5067,1.9300874413255893,-0.8393879926432026,False,62.4978,5.015356511190574,0.6959,False,62.5524,1.8260220782725927,-0.8706390490170262,False,b'VFID2463',3305.848380012737,10.220571273965207,-0.666939988432673,-0.2755355766176273,0.9761433343455814,3.0426868598632826,0.03244268918945359,False,False,False,False,True,5.8612276566383,5.70116144570309,4.903323097923712,4.786346158180959,0.7481,0.8402,0.7415,0.2128
622.7808,1.4818631179108224,1.8040555374736313,False,622.5795,0.9461686307440705,2.327307709167754,False,59.3419,-0.598185026801753,2.4185101534536475,False,59.3449,2.324436810663545,1.0439,False,59.3428,-0.6102366645136392,0.45479525339445465,False,b'VFID2480',3474.790704692972,10.14805970711836,-0.2864418871364629,0.16288564965639818,0.8909499170164991,4.092894788330078,1.344185944072267,False,False,True,False,False,5.836733560753804,4.776522155302207,1.9237689879845967,1.7139818202037906,1.8025,2.1241,2.001,1.0717
371.2193,-1.1526378966176953,2.8381220792672424,False,371.1823,-1.1201712081537984,3.1455010350747328,False,35.4999,-1.295757289933176,2.777538547799216,False,35.48,1.4095154956338456,1.1374,False,35.5235,-1.5662869453443542,-0.5657073711074807,False,b'VFID2482',2660.1062848233987,9.973228014341847,-1.6704521766749176,-1.0814669489626738,0.46139122112498365,3.633517296752931,-0.2873141086059565,False,False,True,True,False,1.3920468273517328,1.4421230164950851,1.1016842127893645,0.5083074242330011,2.2294,2.4617,2.1398,0.4104
612.9526,0.7547180234847581,0.7540020217380251,False,611.3913,0.7617091214393855,1.5713998349071308,False,58.3369,0.44825583588062456,0.6427681309879963,False,58.3213,3.318344688279295,1.1243,False,58.2441,0.925756717972351,-0.749962646119625,False,b'VFID2492',3898.8431675765346,10.679863649286553,-0.159807841494231,-0.1352917871365018,1.1564871058896826,3.178204507751465,1.0150674105346678,False,False,True,False,False,4.609961531959454,4.478864617373507,3.1569933388089835,3.651022089712208,1.369,1.8122,1.3145,0.291
644.7345,0.4768615841272304,0.17386864914591948,False,644.8824,0.448421184749098,0.09642217451913594,False,61.6643,0.5222964052332403,-0.023038127690312108,False,0.0,0.0,0.0,False,61.4491,0.7880014626647659,-0.513548005149269,False,b'VFID2507',3168.8303522992696,9.83057657030724,-0.9341768794517692,-0.23123993644237217,1.0718345798504179,2.928803361389159,0.42259425462158084,False,False,False,False,True,4.141187816180961,3.9733199791517846,3.24424971069845,3.477299025596312,1.1295,1.2036,1.0571,0.4442
843.1226,-1.0434211910958537,0.8712398306459912,False,843.4297,-0.9896925397401038,0.4563206013472946,False,80.5874,-0.929533865757987,0.2886543904555161,False,80.6413,1.5886807330468464,0.9366,False,80.4946,-1.014554619783648,-1.0656965595826462,False,b'VFID2515',2340.3076157960336,9.143803375490767,-2.0764596789888072,-0.8249199223236445,0.785309646903531,3.784523041687013,-0.28114192843017527,False,False,True,False,False,1.5763071633401347,1.6526730680409996,1.5332763463165648,1.2040967061313976,1.4174,1.3521,1.1776,0.0864
324.8685,-1.1188419635933968,2.2080899698258785,False,324.8604,-1.204257215523463,1.9921295783237525,False,30.9173,-1.3341806401659702,1.5954349727565318,False,30.6941,0.056846588450300356,18.7694,False,30.6618,-0.655904169873808,-0.06155160606168877,False,b'VFID2519',2278.1315152890384,9.79168207116031,-1.131400838173277,-0.3973944943357941,1.5679539979796409,3.2599062188720698,0.03564785910644552,False,False,False,True,False,1.4490642034421828,1.3064356018301846,1.0564025224070976,1.6563905584839862,1.9693,1.9858,1.6828,0.7371
406.295,0.2974360323679835,0.7724112644591108,False,405.6281,0.28390405236756994,0.4909774868937098,False,39.5201,0.042424354320506195,-0.6327138665033548,False,39.7709,2.5377837351209336,0.6756,False,42.1882,-0.5998665008063281,-0.3680264604788736,False,b'VFID2520',2301.473921284883,8.676116893208125,-1.5283440453998187,0.0967893838570495,0.6447323612272066,2.3007820592651385,-2.2082308883813475,False,False,True,False,False,3.838477600796818,3.7078429389256353,2.6787233445465506,1.7270596270039378,1.3766,1.3664,0.8214,0.5385
465.1301,0.4461172826913981,-0.5525697577032346,False,465.4278,0.38301895133954245,-0.5400042691513989,False,44.6872,0.8250225216595033,1.0786203244118309,False,44.9449,3.8901841531839927,0.7555,False,43.9349,0.5755806831526274,-1.0800481011036926,False,b'VFID2522',3303.2068150055993,8.969098820246124,-1.5933585087055022,-0.20226262013378915,0.8912540490513652,2.5580733255615247,-0.9122682684179715,False,False,False,False,True,4.089318870993247,3.8677820871498567,3.601010643610032,3.2094153167945043,0.8296,0.941,1.483,0.0771
371.8099,0.33251947490285494,-1.6043188615842041,False,371.9504,0.3723460472564389,-1.6572647052980725,False,35.6293,0.7396370439170076,-1.4306984461547072,False,35.6481,3.658709398760368,0.5677,False,35.6328,0.5807701462100766,-0.2424118927570264,False,b'VFID2526',3888.3496487977486,10.027874604142855,-1.3588694120698812,-0.8135365475363394,0.9187447464275708,3.3045908110961904,0.5401597853002933,False,False,True,False,False,3.89766714399186,3.850559497954532,3.5003843644633044,3.215959745327872,0.3954,0.48,0.5129,0.6199
413.7903,-0.2183515726456286,-0.590599377534951,False,413.8965,-0.24835725582886578,-0.558665669061007,False,39.4831,-0.16246198440724993,-0.4537170013108961,False,39.5309,2.5661699714863824,0.7001,False,39.2702,-0.05172363096257091,-0.15800013778915126,False,b'VFID2538',3424.9322533454206,9.507530187183331,-1.5570844756676858,-0.5960941373587603,0.9922274545546609,3.566456623413087,-0.15747306631347513,False,False,False,False,True,2.968288402685043,2.8489466362646154,2.4372660094204712,2.41832224859987,0.8139,0.9333,0.8906,0.6746
402.0493,0.607267185221473,3.3174890706491946,False,402.2159,0.3835925619805363,3.1544682012650638,False,38.5061,-0.225023998643984,2.332374378729531,False,38.5196,2.554995215760458,1.0829,False,38.4919,-0.8390959026199989,2.195652671662462,False,b'VFID2547',3390.775749093308,9.007065035144995,-1.0544787370995552,0.3062892754359563,0.6030654708056554,1.9756263067626971,-0.417313748937989,False,False,False,False,True,4.3611960993239585,3.8687077078010854,2.3635370466622763,1.4253675818119937,2.4273,2.4654,1.9677,2.1998
635.3143,0.8443500818802084,-0.12625045258335738,False,635.2249,0.7607801366977086,-0.0555349390305309,False,60.4731,0.8091749515430522,0.0010178093948018173,False,60.4104,3.77459717727969,0.8621,False,59.8382,0.2773357826337215,-0.21756675098403205,False,b'VFID2550',2394.2902126704635,9.352357889844061,-1.4220605581835633,-0.33711669407562783,0.79090854356072,2.768916763488768,-0.5306865170336916,False,True,False,False,False,4.761180460569005,4.4773655387300515,3.5823343762107376,2.833298864036335,1.0056,1.1409,1.0664,0.636
641.3813,0.9616474348011149,-1.0602772938005427,False,642.4818,0.9526855932227172,-1.1706141725903674,False,61.3323,1.4065532685138205,-1.1011579746876659,False,61.3668,4.685534721412496,0.649,False,62.0515,1.5533876719178448,-1.1183188784931497,False,b'VFID2553',2351.855644109251,9.232337602166691,-1.2813397761945744,-0.10052224081853556,1.036438047410981,2.2964174023437494,-1.1280878533447254,False,False,False,False,True,4.959073718349373,4.787038409050684,4.286341180049063,4.44252708318733,0.62,0.6808,0.6403,0.0523
536.5068,-0.6670610391941162,0.6372486665858769,False,537.0669,-0.5873517003379986,0.4313579495201564,False,51.3993,-0.6764567102655562,1.0380097639563162,False,51.4269,1.882669918447357,0.8397,False,51.2812,-0.8259698512592558,-0.9704825690612953,False,b'VFID2560',2347.953745808155,9.3255251158136,-1.6839814064589147,-0.5776031948219753,0.7872782705099778,3.218679054016116,0.5594422557641607,False,False,False,True,False,2.2112672430340927,2.3019200714404353,1.8315262732074322,1.4419208367643321,1.3208,1.3418,1.4673,0.1481
299.2112,-0.7121477598616271,-0.11292797429836106,False,299.1164,-0.7289876971545813,-0.2501466809450167,False,28.4254,-0.37726253170069574,0.1800146745872606,False,28.5618,2.6186258943095155,0.8806,False,28.6185,-0.6548869777287378,-0.7494996931673332,False,b'VFID2586',2791.9124518879976,9.049475034406223,-1.1863395130842778,0.14055087420689616,0.7589645563206743,2.220820884521485,0.010650273747558003,False,True,False,True,False,2.1352010930882916,2.0733657277071225,2.1841248382952703,1.6576733388457345,1.0111,1.0606,1.1356,0.2913
391.6562,-1.0014730574231197,-0.6167598803491251,False,391.8846,-0.9762367436016665,-0.6042285675416089,False,37.626,-0.939358387440608,-0.4741516145337344,False,37.6775,1.6337952815170826,0.833,False,37.2148,-1.065396354938646,0.19585023541256324,False,b'VFID2587',2175.4665467479176,9.118388367925471,-1.2485743224095296,0.023267252621054668,0.7491500103029054,2.1580085530395507,0.1093227284619136,False,False,False,True,False,1.6470781792547158,1.6743863381485442,1.5216982057772577,1.139980226535945,0.8031,0.9145,0.8827,0.9039
645.1549,0.9825983689233091,-0.6695653397332918,False,645.6995,1.000264117403669,-0.6771776762791684,False,61.6728,1.2743751621678483,-0.5628740491594764,False,61.5315,4.814074051324314,0.945,False,60.6835,0.6250357617142708,0.5981563509541549,False,b'VFID2590',2515.2286973903233,9.334707402172839,-0.574870466164979,0.5241728230106697,0.7920899616017554,1.754553942016603,0.24129539331298844,False,False,True,False,False,4.9944201989283386,4.863814642595742,4.130570065593659,3.2717830846494413,0.7813,0.8844,0.8484,1.1646
206.197,-1.4570812097618135,-0.3302054837827532,False,206.4501,-1.4574261116157592,-0.5480020119698024,False,20.0462,-1.4922463481651163,-0.373530544360517,False,20.8188,0.004576990595442095,2.1565,False,20.4245,-1.1545122409044328,0.09477217416218253,False,b'VFID2591',2288.6595839118695,9.447632251021375,-0.32776205175418366,0.6810754893265447,1.1809781063406315,1.8597928358764655,1.6930941168042004,False,False,False,True,False,0.8784181942472578,0.8979035040542648,0.8701230229281,1.0275962399010135,0.9214,0.9377,0.9216,0.8384
575.2859,1.047740374053297,-0.9517596524973014,False,575.6734,1.0517496670291278,-0.91032399722778,False,54.968,1.3761053071022782,-0.4705302906714593,False,0.0,0.0,0.0,False,55.1497,0.37511274376390424,1.24304981349666,False,b'VFID2599',2482.765865835172,9.378832624352931,-1.3171909519227298,-0.2533954290022178,0.695596809159984,2.4473783864746093,-0.4754722058862306,False,False,False,True,False,5.104321772088402,4.946895542020159,4.250458438095137,2.956605327006107,0.6648,0.7882,0.8841,1.5825
522.3707,-0.1527909416976171,-1.0554327562423622,False,523.4969,-0.10980534423543471,-1.2241748138893729,False,49.8099,0.2297903562511914,-1.6505645377928435,False,50.1902,3.15495739041848,0.5765,False,51.4389,0.5652422703404841,0.4068024640068691,False,b'VFID2601',2253.905824630787,8.906477225885647,-1.4780008464581356,-0.03688206368923663,1.1023766508410011,2.347765014648438,-0.15900406005859402,False,False,False,False,True,3.078896242652129,3.0725242714631067,2.899533066660455,3.196377551027889,0.622,0.6587,0.4279,1.0406
293.6772,-1.3720918865943994,0.5461713604920847,False,294.0345,-1.3753604756669986,0.9621172456505716,False,27.9293,-1.430096797202288,0.660357418319047,False,27.88,1.1940355858601248,0.8705,False,28.0297,-0.9499327706198418,0.34939629792268356,False,b'VFID2628',2158.7534958778424,9.135379269005492,-0.3434960437425868,0.9147729920430182,1.3627705627705629,1.5310274942626947,1.3801904262841802,False,False,True,True,False,1.0218043288814214,1.030330697627205,0.9433659001640823,1.285591278665165,1.2832,1.5608,1.3213,1.0034
496.6091,0.5153821002868461,0.8869845777100775,False,496.2551,0.5366689341853825,0.8896528485989759,False,47.689,0.4907054015998566,0.4764458993135005,False,47.6974,3.658023693867566,1.1559,False,47.3559,0.5638530613468611,1.2499941077810373,False,b'VFID2630',2566.910115485507,9.402396955042466,-0.5983091915486494,0.4466628562919306,0.9961352657004832,2.062353213134765,0.8559709443457031,False,False,False,False,True,4.206176072474757,4.115723089319259,3.2070199002648185,3.1946256204570322,1.4239,1.5309,1.2502,1.587
440.7039,-0.21614263539413667,-0.9362571323111238,False,442.088,-0.16200689053659714,-1.0181723473547366,False,41.9104,-0.03808226636417041,-0.8554252840332787,False,41.8775,2.61554921396917,0.6403,False,41.6463,-0.5812701785117239,0.20649815331527513,False,b'VFID2635',2707.095349651421,8.906204613010983,-1.2099211595718817,0.23141538968995579,0.6774826811635238,2.18350669921875,0.2816820017333992,False,True,False,True,False,2.972015117551532,2.9882879867269834,2.583846769508731,1.7505114371224844,0.6712,0.7437,0.7353,0.9108
603.4979,0.5712811297137658,0.038948278150595095,False,606.31,0.6781176556271888,-0.14763015936366244,False,57.645,0.8462945409687553,0.4316966830153861,False,57.893,3.9265277712912647,0.9359,False,60.1372,-0.015518873467847312,-0.4729624629983528,False,b'VFID2659',2564.760226453159,9.437269445233234,-0.7157160466876786,0.30139943018852167,0.6795162605770211,2.1269432078857413,0.43919072964599515,False,False,False,True,False,4.300483750905599,4.3439752316253815,3.626079592213713,2.4639800450557123,1.0738,1.1029,1.2329,0.4705
955.5133,1.592841816590359,-0.3006538046778527,False,954.8388,1.479380425522227,-0.03905474170776021,False,91.1998,1.4605366103170516,0.20536394162318694,False,91.2455,4.400447124526102,1.0965,False,91.22,1.662811105984659,-0.22003583339625515,False,b'VFID2670',2137.470553958764,10.470271871354335,-0.18479879636524352,0.007141729361749755,1.0530029391975635,4.091518812133788,0.9671042955029296,False,True,False,True,False,6.023966568822863,5.6369522335696765,4.3499602282196115,4.580520905707755,0.9336,1.1477,1.1454,0.6344
425.0064,0.09562670672151796,0.7501263916914807,False,425.0588,0.1643486362333019,0.9155849237980422,False,40.4879,0.07758347873980459,0.7144186102630126,False,40.5566,2.649579890959094,1.0914,False,41.1992,0.024988606718405765,0.14477109300969906,False,b'VFID2673',2362.711316527518,9.2760227973476,-0.9164519351794573,0.2294693328812092,0.9246021189026775,2.2727384011230463,-0.3770058068261708,False,True,False,False,False,3.4980035499495874,3.5149194569825792,2.720158164165883,2.5150640023381925,1.3674,1.5416,1.3422,0.8708
262.7578,-1.147158773371149,-0.30016935092203473,False,262.8686,-1.1165714247808156,-0.46972107468664065,False,25.5274,-1.0676492625973257,0.7770157798823407,False,25.5406,1.5213848681216364,0.7733,False,25.5109,-1.2465169724509686,-0.08408198307322393,False,b'VFID2675',2714.5082204785263,9.241415885866047,-1.2406184437612537,-0.06705275225189733,0.6651322128251793,2.7138715548706074,0.09504428559570322,False,False,False,False,True,1.401290697925439,1.4479318937924264,1.3705081702254283,0.9115691319570266,0.9338,0.97,1.3664,0.7225
338.194,1.131898038081321,1.3842763580572979,False,338.6563,1.0460672191987335,1.4090214201092413,False,32.6949,0.6299897623280067,0.8052103728100545,False,32.5917,4.128275241164028,1.0825,False,32.4998,1.0125910742273276,0.6603463642120226,False,b'VFID2685',2905.122461021935,9.18627652269753,-0.8621180836053034,0.3554936044655811,1.11549807477332,1.8565496129150372,-0.34624542467529196,False,False,False,False,True,5.246304808252239,4.937725922969457,3.371165693366458,3.7605288406921487,1.6292,1.7452,1.3773,1.2049
246.5675,-0.009313721352734686,-0.0349309196116568,False,246.7582,0.10163093964110037,0.12211189387521985,False,23.393,-0.12928924127279567,-0.5090715232056738,False,23.2747,2.6393221259988353,0.7872,False,22.1053,-0.08570346355755008,-0.6152433370027054,False,b'VFID2693',3187.1223925260865,9.063070519467757,-1.8127704642757467,-0.4967403164552846,0.9592589157352873,2.8187313009033215,-0.5174688681176765,False,False,False,False,True,3.3209577542232043,3.4137135325899366,2.476359890475715,2.3754703035080884,1.0433,1.2142,0.8692,0.3783
384.4303,0.4994148813064615,-0.685310086797378,False,384.5358,0.5122320103754259,-0.7421290421983241,False,37.0413,0.5288939423391228,-0.8903451927052178,False,37.3851,4.238470777905374,0.5686,False,34.355,-0.023470566796598986,-1.0675483713918135,False,b'VFID2700',2722.0681199817714,9.051189632252115,-1.9117072399948676,-0.58618649439857,0.7545920675614538,2.608550576843262,-3.3311329945288097,False,False,True,False,False,4.179237655681571,4.076289857585956,3.2520248690514846,2.453952169698825,0.7748,0.8576,0.7218,0.0852
657.7963,0.07403816558563493,-1.3800167726404506,False,657.5511,0.10973867594736358,-1.5969181003955732,False,62.8097,0.4682819187666917,-1.373533262328792,False,0.0,0.0,0.0,False,62.4396,0.14169442571604948,-0.22111605695160264,False,b'VFID2702',2902.0192812343944,9.847578678304581,-1.5540645350745006,-0.8647090835324764,0.8370265649658075,3.9008013715820304,0.7862952088671875,False,True,False,True,False,3.461581357720014,3.426796776908402,3.1805939587268828,2.662241635824161,0.488,0.5049,0.535,0.6337
309.06,0.3122488275184713,2.179022744476796,False,308.5839,-0.11678206097095115,1.7051802602331532,False,29.5346,-1.2719434710658999,-0.8947425145379806,False,29.413,1.0874087119637632,0.472,False,28.6723,-1.5083842534242922,-0.6308294197298633,False,b'VFID2705',2845.0794756569267,8.11296228904696,-2.4557252389587783,-0.3807370356690152,0.5145644283121598,2.259224943725588,-1.6086416025439476,False,False,False,False,True,3.8634683803512373,3.061266124164831,1.1297486570982063,0.5813284718761687,1.9573,1.8674,0.7201,0.3682
970.8241,1.043614046497721,-0.38494875819019186,False,978.6179,1.2488859210978516,1.1094695981835818,False,93.3544,1.4511880403292274,1.3538409379447442,False,93.1227,1.0790484162521294,2.4397,False,94.2092,0.7085666510385207,1.4839396663391702,False,b'VFID2724',3117.7244286974856,9.879442851557771,0.3051008463431457,0.969002807222672,0.778328694413878,1.5908924714965824,1.421491484370117,False,True,False,False,False,5.09736021343164,5.265009215008731,4.338942993930023,3.3771238356017967,0.8988,1.6216,1.5894,1.7386
1329.6091,-0.6733449459131848,2.3296878625362067,False,1329.9817,-0.7304399705594442,3.4191207818013267,False,127.0274,-1.060358087283245,2.2136466892449373,False,127.4802,0.0059934844723739675,1.1191,False,126.9714,-0.5440054771496077,-0.7845297998907476,False,b'VFID2727',3326.6226761636576,10.371590435516977,0.4638203059811875,0.7345887675748862,1.3033898305084743,3.026989616577149,1.449816565241699,False,True,False,False,False,2.200665616132393,2.071022231686124,1.3791007770932502,1.7975059281096764,2.0195,2.5746,1.9218,0.2686
193.2101,-0.5520960707716199,-0.6068285783548553,False,191.4165,-0.41418097172118695,-0.3691433998491416,False,18.5145,-0.26382217004677944,0.7889144154298162,False,18.7501,2.549667185968611,0.7081,False,17.6715,0.324529839548176,-1.1004180310045328,False,b'VFID2739',3339.075250644247,8.341407074820673,-1.2249496214648627,0.6675540975929004,1.2480793189368773,1.3001435299072277,-2.0772569156396514,False,True,False,False,False,2.4052255171571737,2.5813611960303184,2.3178136317540146,2.8928152589421603,0.8072,1.0115,1.371,0.0639
622.2582,0.288169010926806,-0.19891851595606375,False,622.7917,0.35763210462100814,-0.2898930391940523,False,59.7007,0.6862038807330544,-0.46225297898625894,False,59.7792,2.938143446581951,0.6047,False,59.7021,0.6306132211271672,0.02347741950924223,False,b'VFID2748',3475.230522828574,9.50937787593949,-1.0536141215772648,-0.09409973960740414,0.9538615664845173,2.5876790008544948,0.12198669189453071,False,True,False,False,False,3.8228431383196324,3.826815989394872,3.4374136985327777,3.278816815137813,0.9756,1.0442,0.8873,0.7922
1272.0935,2.178230656425207,0.7266303845343055,False,1274.3378,1.7866401770886102,1.1111660890844557,False,122.0843,1.5631302715530078,0.6851893533746485,False,126.3907,0.007426805616351285,19.9709,False,122.2049,3.1658182912138977,-1.092702148466336,False,b'VFID2760',3925.879064601708,10.619914647026944,-0.6485490451109284,-0.5761449957590647,1.4484804379123226,3.4900919097290046,0.5245366926489261,False,False,True,True,False,7.011580540480878,6.132769345414887,4.470866249561413,6.475962303012139,1.3577,1.6223,1.3309,0.0689
207.5186,-0.03101609100558434,-0.17760255070006983,False,206.3993,0.08340728492998441,-0.27971409378881146,False,20.0513,0.8112117050340534,-1.1518565087595183,False,20.4932,2.698212536855314,0.2514,False,21.1114,-1.1915717607147736,3.7274096731453303,False,b'VFID2770',3415.626193617175,8.392486609835986,-1.4085799878865222,0.4431207749097965,0.2736215065577148,1.476445093139649,-0.11382066492675591,False,False,False,False,True,3.2843435210354173,3.3843064924551087,3.5847346781210536,0.9808605032371678,0.9844,1.0484,0.6207,3.1924
204.0546,-1.12822379125784,-0.2420349002238696,False,204.0205,-1.1020919851533224,-0.2736551977142635,False,19.5238,-0.8898810730066591,0.9865352319139761,False,19.6029,1.9305883107677537,0.7673,False,19.4945,-0.9985664088544867,-1.027888735145481,False,b'VFID2774',3050.4253913886946,8.701098261322302,-1.8400268279057133,-0.23484882052588896,0.7748443424119099,2.5761507578125027,-0.4018153560644535,False,False,False,False,True,1.4332360505110375,1.471296990915112,1.580006927415798,1.2242594286797563,0.9578,1.0509,1.4474,0.1109
318.8078,-1.0795972739153603,-1.153534641795516,False,319.1682,-1.1129154546628466,-1.3056063771312996,False,30.5539,-1.1069707576182108,-1.3093840967684889,False,30.5512,1.4308289058375472,0.5291,False,30.281,-0.7013880881275273,-0.9923956754697748,False,b'VFID2775',2129.533827270939,8.851711420452803,-1.2151815679432345,0.2696848089067223,1.2075739576391504,1.925281779479981,0.2982490751342759,False,False,True,True,False,1.5152742183962544,1.4538314381865192,1.3241680215367833,1.5990308183463773,0.5815,0.6251,0.5598,0.1339
390.0904,-0.5340675902568193,-0.7759029391353519,False,390.0177,-0.5404162672753234,-0.7651528472816072,False,37.4755,-0.4303303450624094,-0.5344207902415998,False,37.4093,2.321300146734266,0.6918,False,37.3208,-0.3739518034489648,-0.3360827067707379,False,b'VFID2777',3160.821518308494,9.392074218888766,-0.9025627396153655,0.15065523590743757,0.9483290833445175,2.4715068679199224,0.5008374135961908,False,False,False,False,True,2.4356415039894554,2.377658565485634,2.1215847349635704,2.0119605069457243,0.7374,0.8481,0.8594,0.5592
558.9019,1.1165874064580568,-0.7809897035714416,False,560.2379,1.0905124653099427,-0.8356783975893473,False,53.3614,1.3964001704283986,-0.7449749062338855,False,53.0462,4.639741462344595,0.6234,False,52.7188,2.265772152900932,-1.1119918548118284,False,b'VFID2779',3235.8782788119784,9.116935570681585,-2.130008079511672,-0.8570059923037308,1.249519211097017,3.202283228576661,-0.25487156714599735,False,False,False,False,True,5.2204741249916715,5.00944606675584,4.274375814167655,5.340914695250938,0.7353,0.819,0.778,0.0564
264.5901,0.13649347269530288,1.3854874924468428,False,264.4419,0.16428574525130296,1.4453747965565298,False,24.3542,-0.29398915892700406,-0.7592015356928238,False,23.3834,3.4590725892708862,0.7487,False,17.7312,-1.1075322319118996,-1.0902330660541126,False,b'VFID2828',2134.006651622577,8.352655702449587,-1.6952275573055313,0.18829062065428936,0.47621293800539083,1.9764658523559557,-0.3739843459472638,False,False,True,False,False,3.5669501821805247,3.514817971432009,2.282262014261958,1.0868426991097881,1.6297,1.7602,0.7725,0.0705
504.9428,-1.0242146688253673,2.153104468540531,False,505.3889,-1.0065989661668233,1.5798822894114983,False,48.4618,-1.2499378170672772,1.9358394158103986,False,48.4253,1.3577642581389318,0.9289,False,48.2552,-1.2496331106221863,-0.3266693300741376,False,b'VFID2880',2370.8222218843252,9.600343722318563,-1.3428797911808936,-0.45603003800958897,0.7853710821998816,3.4544881235961924,1.0714977184374987,False,False,False,False,True,1.6087106333937229,1.6253916051100872,1.1556821898325398,0.9076393721079107,1.9466,1.8157,1.8144,0.5653
647.4568,0.13077865004573058,1.9195977582362347,False,647.4883,0.1112176673464906,1.5740657491799317,False,62.0224,0.2077478925910375,3.195025455921512,False,62.0635,2.960392254608613,1.2833,False,61.9253,-0.66013782588828,2.9555127840241027,False,b'VFID2883',3594.1458320542406,9.957654706574797,-0.30645091127920715,0.2949744648305201,0.5745673336938887,2.645909828857423,0.6541754976220702,False,False,False,False,True,3.557308661348222,3.429183387065511,2.873556153958304,1.651051497599488,1.8502,1.8133,2.3012,2.6922
335.4904,-0.4792718567504438,-1.764430827882067,False,331.9774,-0.42548795028227365,-1.6550835027112352,False,32.1027,-0.20752763991274195,-1.7936068303527128,False,31.6253,2.4947550152268336,0.4444,False,29.6418,-0.3211184906902034,0.31668095596072815,False,b'VFID2884',2147.1366570648233,9.056124231329328,-0.48650182652188323,0.8350771010791072,0.8718339796530966,1.3180003718261712,0.41985078343994253,False,False,True,False,False,2.528087803466933,2.563115417254303,2.3841564016660723,2.0785885637799386,0.3293,0.4809,0.3726,0.9822
709.3484,0.7577838351072532,1.9753099401553091,False,707.4372,0.41770500505805686,1.4175038746136084,False,67.1269,0.11218904051669573,1.290209104364766,False,67.1025,2.9192923833946347,1.6152,False,66.9106,0.43443362922982515,-0.5803675479300551,False,b'VFID2891',3040.1778411627715,10.265479968672054,-2.162560924613248,-1.8070301264740647,1.0979645280323769,4.327315770202636,-0.01865905184570238,False,False,False,False,True,4.615133886105634,3.923754074656675,2.7609406134940047,3.031414857620366,1.8732,1.7487,1.5648,0.4009
402.7914,0.6081292061644095,-1.061972881945906,False,402.8259,0.6041889625014231,-1.2331419800797039,False,38.5017,0.9299308778660729,-1.4480290674955958,False,39.9187,0.0067703575803387496,1.6129,False,40.1113,1.0311116667750897,-1.1035043840198115,False,b'VFID2898',3757.8182034682836,9.075565224568594,-1.9316872748028031,-0.6256380499797063,1.0159050423528555,2.7815615931396476,-0.9384727860791031,False,False,False,False,True,4.3626504214243695,4.224678412171341,3.7246445192475597,3.7838851480755236,0.6193,0.655,0.5062,0.0619
560.4583,0.8108683770556817,-0.409413672859003,False,558.7598,0.9466639240408559,-0.290620106722998,False,53.6261,1.4155678998591334,-0.07813398359492704,False,53.8443,4.364188162957942,0.8532,False,54.7862,0.644769488532823,-0.18407982076825716,False,b'VFID2899',3604.9860991213072,9.851257313604632,0.0012288212052644432,0.6876457339527442,0.7672088031681732,1.9021315588378904,0.934337924157715,False,False,True,False,False,4.704693221268438,4.77732139728127,4.2969648696288525,3.296669274883638,0.8887,1.0439,1.0358,0.6577
641.2035,0.6447940847607392,0.8782644101053526,False,639.4001,0.13166766293820234,0.6104589174837985,False,61.1059,-0.7236318538112074,1.4456673644524365,False,61.1343,1.687397181148683,1.6232,False,61.2372,-0.7705393451571527,0.5037139486866233,False,b'VFID2912',3605.253157529546,10.140764471305559,0.12658977399981242,0.5817448342362109,0.8512856150104239,2.679120643371583,1.797660563259278,False,False,True,False,False,4.424508017447375,3.4621830158806737,1.7759306463078819,1.511824212458065,1.4203,1.4157,1.6249,1.1034
490.2206,0.5062587438542633,1.6487881087339487,False,490.0768,0.41294280968036945,1.674158712331467,False,47.1455,0.19981605069024758,1.577587019435318,False,47.2048,2.977544137144926,1.0181,False,47.1872,-0.16366528696155205,0.294150578949193,False,b'VFID2915',3490.8867986518067,9.57686728171541,-0.11746993333426677,0.788133087242813,0.7950373298199385,1.8549660936889634,0.9607257095678712,False,False,True,False,False,4.190783988328129,3.9160694431806338,2.8642085253174754,2.277152698015909,1.7384,1.8546,1.6759,0.9676
591.4857,1.2912621793975758,-0.6790121879717436,False,591.0244,1.0589535481755061,-0.5744187988548323,False,56.5036,0.44453247670144025,0.3921207865205214,False,0.0,0.0,0.0,False,56.3008,0.3742210926864494,-0.5491953824757392,False,b'VFID2923',3498.9433993259036,9.570645896173072,-2.043025623319282,-1.1324528840066361,0.9374725054989002,3.1040671780395517,-1.193414062634277,False,False,False,False,True,5.51516926523372,4.958520258651168,3.1526053820974447,2.9554808664042094,0.7774,0.9268,1.2176,0.4211
350.8231,-0.3526793724011367,-0.3420746008002953,False,350.8707,-0.3227418255860728,-0.23027350182049888,False,33.5356,-0.255836272191843,-0.4707889566616218,False,33.4935,2.5258359705037257,0.761,False,33.1652,-0.2554572412536334,0.5706878091181735,False,b'VFID2929',2820.8040214395037,9.105061165929051,-0.9368259777626118,0.34566152895048163,0.9287430118798043,1.9824406156616199,0.27792275067626804,False,False,False,False,True,2.7416629482980963,2.7289141804846113,2.3272249650162298,2.1613939233310453,0.9165,1.0688,0.884,1.1468
364.6277,0.12480883727557911,0.07915793988349247,False,363.5375,0.19024499068034254,0.2316567349030502,False,35.0095,0.5310074497609144,0.8861728277309212,False,35.245,3.546972562643049,1.0585,False,37.3197,0.22654826435761205,-0.17975892654686682,False,b'VFID2931',2237.425948047932,8.867390937364334,-1.7160508925717834,-0.24370950528075652,0.8508949030779712,1.9634294537353512,-2.0726293122070327,False,False,True,True,False,3.547236944740766,3.556707734177347,3.254515625014053,2.7692507573120757,1.0904,1.2594,1.4086,0.6605
589.4617,0.9987987329990747,0.09853609011621417,False,586.6788,1.6883659326682365,0.9601783989067163,False,55.9495,1.6641641158838696,0.9141087546684724,False,55.8605,4.838719173286036,1.763,False,56.4369,0.148684370150939,0.5793295975609543,False,b'VFID2943',2276.387461184011,9.714198809067154,-0.28191011643297775,0.5139908032504525,0.5819379166145433,2.080770751892091,0.7031694197607425,False,False,True,True,False,5.021751956588233,5.974186739691622,4.58993403593095,2.671056650267839,1.0984,1.56,1.4194,1.1524
369.4405,-0.01911853066991951,-0.3699306917598326,False,370.1978,-0.12501407374772547,-0.278502314573902,False,35.5976,-0.23471640693281431,-0.6544418096770062,False,35.6817,2.5419415570239594,0.6461,False,35.6783,-0.1172519440473878,-0.4382409915764663,False,b'VFID2944',3155.4813939372157,9.339423751573268,-1.5194100477979307,-0.42413423611090195,0.9930147680854663,3.180957894775389,0.35622103501708935,False,False,False,False,True,3.304415985723097,3.0479823381211153,2.352114600974062,2.3356845349966973,0.905,1.0489,0.813,0.493
289.0487,-0.7290308075792519,-0.7889831905424392,False,289.2758,-0.7393536876240476,-1.0916061677782598,False,27.6488,-0.5935170513212689,-1.1575471605430936,False,27.4998,1.6582544360234572,0.5206,False,27.312,-0.5037529405655878,-0.07482292402738752,False,b'VFID2947',2303.2388594018003,8.716208464419049,-1.2595596105719906,0.3335481820755879,0.9580142820270152,1.773817145874025,-0.9257561261889649,False,False,True,False,False,2.1067175746549727,2.056638397069822,1.9292701694052343,1.848268376178894,0.732,0.7134,0.6185,0.7285
219.0466,-1.2191604821580213,0.3504520431415958,False,219.4427,-1.1902323869936846,-0.07249984803926593,False,21.0472,-1.26687303469805,0.03800704598804112,False,20.9697,1.4939025761158025,0.7252,False,20.7751,-1.3167887758671257,0.20665247096603906,False,b'VFID2964',3185.9503965513845,9.539912179691527,-0.873374897185687,0.06174831011716697,0.7246032548266451,2.7037744962158214,0.943871545559082,False,False,False,False,True,1.279816066462993,1.329067104785939,1.1357241362878374,0.8229494057393474,1.2024,1.1339,1.0807,0.9109
618.9634,1.7931628117437917,0.5095951019278229,False,621.2477,2.3938600929766056,1.4170191629276445,False,59.544,1.544231137541136,0.4930005226839012,False,59.6211,4.9247455257934725,1.2602,False,58.3526,1.7349443049652535,-0.5987313483709639,False,b'VFID2990',2262.117747201762,9.516574775913261,-0.5292053025858224,0.42456010780941955,1.0501044415127527,2.01965833544922,0.2364796152050772,False,False,False,False,True,6.361929645955975,7.112624414019378,4.448593732208459,4.671488036677897,1.2681,1.7485,1.2566,0.389
1661.0414,0.15244868547237003,0.06922663788922262,False,1661.7214,0.042439547987402564,0.15531464436374368,False,158.074,-0.240108676523587,-0.3435252895016654,False,152.2036,0.26684739295776366,2.5179,False,154.6811,-0.601498082618573,-0.9494953685573994,False,b'VFID2995',2093.73671043371,10.23764148959636,0.5006376014212075,0.8784061165593846,0.7353702661413524,2.847321326416015,1.8909643111376955,False,False,True,False,False,3.593868343216621,3.3181979152459107,2.3457598432398266,1.7250020402269683,1.0863,1.2279,0.9332,0.1617
405.0304,1.0691555677832953,0.6304663140044244,False,405.0174,1.1020028341883992,1.0195555804372878,False,39.0993,0.6805292369249675,-0.037782089129575445,False,39.106,3.364908289177989,0.8501,False,39.3006,0.8638926284364465,-0.6528968437891068,False,b'VFID3005',3395.124824688697,9.616809810501717,-0.6380361411452443,0.2356602997311673,1.0414720251043041,2.329216305786135,0.20424183835205234,False,False,False,False,True,5.1404515085888045,5.02798777774242,3.4307261644580387,3.573005326076435,1.318,1.5845,1.0514,0.3539
236.9948,-1.214394875708234,-1.2058556474238644,False,237.3193,-1.1667311093335488,-1.3182088809663597,False,23.0624,-1.0703812262261725,-1.4498397294267333,False,23.1156,1.5705847090177405,0.5067,False,24.5376,-1.0085590016841632,1.32020863887863,False,b'VFID3046',2531.6907883625954,8.428710746004047,-1.3271847341892589,0.4955797463321543,0.8861756071523886,1.6137783691406256,0.08454878063964699,False,False,False,False,True,1.287856157412731,1.3669905085338048,1.367288567290558,1.2116577762712302,0.5599,0.6199,0.5055,1.6325
270.8966,-1.2586182290694137,-0.9883359110615634,False,271.0218,-1.1993593594377674,-0.9888472903539236,False,25.9993,-1.1046964542194573,0.36728885146492,False,25.9761,1.6574743235665002,0.7312,False,26.1162,-1.0525037800050556,-0.4146303910095835,False,b'VFID3051',3302.927106992048,9.605071331251434,-0.7878654746502098,0.09520780678047824,0.8714176795084542,2.440985785522459,0.3495112942749028,False,False,False,False,True,1.213246601027282,1.3143391454809983,1.3268482746046117,1.1562390445157467,0.6497,0.7558,1.208,0.5083
241.7615,0.20267554284882305,-0.13472839331017325,False,241.3108,0.19313873590289846,-0.16604920343028884,False,23.8444,0.036969456861156144,-0.9436303866786954,False,24.8308,2.742596598339191,0.4394,False,25.2998,1.2640808089274715,-0.606138595607633,False,b'VFID3061',3273.5159419777083,8.603176796740286,-1.6351706555726344,0.04822821335572991,1.5259103950562791,2.549272513061524,-1.0476025768701156,False,False,False,False,True,3.6786064569658583,3.5613772959775805,2.672294780240607,4.0776823838237775,1.0021,1.0953,0.7012,0.3842
557.7192,1.5810925480373286,0.7772558020172912,False,557.1918,1.4455944661342799,0.673713792502081,False,53.4803,1.6037277327552049,0.878671514016208,False,53.4845,4.644850368641827,1.1053,False,53.4572,1.6593301043138142,0.4878192306579376,False,b'VFID3062',2863.5118801704807,9.622173458415977,-0.6145021158413316,0.25490977758996836,1.0127073652482674,2.1511843574829115,0.30083229439208914,False,False,False,True,False,6.004144288331474,5.582432704997343,4.5187101168277035,4.576131016733273,1.3786,1.4418,1.4057,1.0931
384.9055,-0.25746483813270943,1.5288858041689837,False,385.2512,-0.3506715219571942,0.976658596229487,False,37.0179,-0.5997148369868387,0.24235317821642624,False,37.0028,2.3779981501819796,0.7957,False,37.0829,-0.6439836065861674,-0.09874215989579832,False,b'VFID3063',4126.441937670427,10.028580048683828,-0.24734477423825912,0.29742457258233673,0.869642580844809,2.730206020385742,1.2557060121655272,False,False,True,False,False,2.90230011448483,2.6838447520324724,1.9219661157539092,1.6714235732005025,1.6889,1.5668,1.1597,0.713
532.0643,1.1951253328760465,-0.5673455972556848,False,532.3497,1.245040954721489,-0.3029802547150764,False,51.3471,1.7358185628107985,0.5737043116146056,False,51.8314,4.199648352021916,0.7734,False,52.6434,-0.03678781604453883,-0.8045910944900599,False,b'VFID3076',2824.4621932851273,9.353304169927476,-1.4783627312652583,-0.3941747672422209,0.5213865029339081,2.8612056725463884,-0.8973238472314442,False,False,False,False,True,5.352976059017846,5.258804692242077,4.6743783766924825,2.437157795213572,0.8235,1.0388,1.2878,0.2556
542.3618,0.6097793610430462,0.6578379512081435,False,542.7799,0.4052647227276966,2.1145192790296248,False,52.2921,-0.515252001012789,1.6288028854874956,False,52.3333,2.46665858584265,0.9814,False,52.3278,-0.06258456247936602,0.3705378160773431,False,b'VFID3079',3349.3010553795534,10.037376167433429,-0.28121592511810634,0.2565269746429608,1.1895223880597015,3.187798767456055,1.392332602224121,False,False,True,False,False,4.365434410292352,3.9036795129084023,2.0215050670481878,2.4046255348299477,1.3293,2.0363,1.6957,1.0171
289.828,-0.8548725932201678,0.6006724080216149,False,289.9767,-0.9402015179701967,0.6950411066844902,False,27.9415,-1.090456091708102,0.9425620135863486,False,0.0,0.0,0.0,False,27.9447,-0.7522148737958145,-0.10800121894163472,False,b'VFID3096',3169.5713252688074,9.759569619576142,-0.3868523230346864,0.372805839227606,1.1423774916061031,2.4713641666870103,1.0285887235400395,False,False,False,False,True,1.894408939334175,1.7325354494662553,1.3436304573727367,1.5349331915390276,1.3057,1.4506,1.4304,0.707
99.7413,-1.6937066758867656,2.1499555191277135,False,99.6922,-1.6622718726850423,1.9482631707440239,False,9.3749,-1.8208713989876604,0.9495459953207368,False,9.4029,0.7733413105562674,0.6808,False,9.0007,-1.6344335321800587,1.3958242877529605,False,b'VFID3113',2484.431550779026,8.517938766691111,-1.5530739126831743,0.19841413542165354,0.8747566515249838,2.0250792436523444,-0.04078450208007567,False,False,False,False,True,0.47920556754083854,0.5673491990750701,0.4828403494223798,0.4223678072818741,1.9453,1.9677,1.4331,1.6815
945.2655,0.04841969989100321,0.9707950774665987,False,945.3939,-0.056317195202399944,0.772837332281688,False,90.1643,-0.16473901726723283,1.1567374534409098,False,0.0,0.0,0.0,False,90.0465,-0.2954134360758686,0.479640395167449,False,b'VFID3116',2957.3245547793294,9.805837384550916,-0.13621865085442872,0.5864802558074655,0.8670912393583262,2.101081738708496,1.229924800078125,False,False,True,False,False,3.4183602490641025,3.158836713741365,2.434582539698771,2.1110051916675485,1.4585,1.4827,1.5132,1.0878
366.1519,0.1839037483200706,0.31218019643197087,False,366.4586,0.13717706141125638,0.004569310028986309,False,35.4865,0.15433343071229058,-0.2698054823053493,False,35.2238,3.3485292526080963,0.9826,False,32.9953,0.945803302301019,2.3910188175296097,False,b'VFID3117',2753.5551923597304,8.745841615391527,-1.079205727386848,0.4902307424372885,1.3080100257704663,1.7292998413696292,-0.19739892421630856,False,False,False,True,False,3.6469364193974623,3.471073389660475,2.810607527405056,3.6763028243517537,1.1866,1.1657,0.9617,2.3264
491.5112,1.162719703047254,1.339948839399947,False,492.4656,0.843439061992704,1.2863893635603874,False,47.3203,-0.2782964474515061,0.5289550953164905,False,47.3346,0.005381766105948326,3.026,False,47.3003,-0.12071272096718863,0.09415490355912667,False,b'VFID3118',2818.0137835398286,9.523544991452992,-1.5905181467779155,-0.6423206296635193,1.0132844911289611,2.377561545043946,-3.099274558681639,False,False,False,False,True,5.298304274041005,4.610750107971751,2.300755781671268,2.3313201514427853,1.6109,1.6946,1.2705,0.838
302.8499,-0.9229294385369098,-0.47457270301652976,False,303.0351,-0.939909537599359,-0.300314340442275,False,28.9663,-0.9546925820373652,-0.2698054823053493,False,28.9545,1.652621327495185,0.7323,False,28.8693,-0.8817867492327163,0.019773795890907563,False,b'VFID3119',2411.015063573558,8.977543416299648,-1.0119197343364537,0.3724305077975183,0.9121479127545862,1.993249091186522,0.61159640657959,False,False,False,False,True,1.779589717087394,1.7330066106367183,1.5036269483833837,1.3715301825294517,0.8618,1.0399,0.9617,0.7898
315.7735,-0.7654017111483192,-1.2208737138542238,False,316.3059,-0.7286157572731096,-0.8145934392499197,False,30.5771,-0.6826776473670095,-0.9793262933211222,False,30.6219,1.8497846462612988,0.6014,False,30.6793,-0.311370073437382,-1.0501104768554883,False,b'VFID3129',2747.2551061889403,10.04739247864174,-0.2866156550837905,0.2431260929829394,1.1461945461945462,2.649179638977051,1.256219852978516,False,False,False,False,True,2.045355946140204,2.073965917471227,1.8241949357262164,2.0908822865251,0.5537,0.8277,0.6874,0.0965
301.6376,-0.35656237029821736,0.6539623211615996,False,302.2589,-0.3683366375649802,0.3007281501528987,False,29.1589,-0.39366278806697735,0.7545118387382017,False,29.2826,2.3864611716430435,0.7874,False,29.4206,-0.8430302477375948,0.2438430248001486,False,b'VFID3131',4779.810307015358,9.499025533810894,-0.8447574480471189,0.12302651121920682,0.6561381175908982,2.4055710278930675,0.12837796187988282,False,False,False,False,True,2.7351119129620667,2.6553390119984677,2.164797233428219,1.4204059817075763,1.3277,1.2879,1.3577,0.935
559.9602,0.012084061975044113,-0.7509535707107228,False,560.4146,-0.01667238638954256,-0.46947871884365877,False,53.4409,0.08747937568017919,-0.48061826428779736,False,53.2951,2.732271892748831,0.7869,False,52.7244,0.28447974380372454,-0.6444093729970901,False,b'VFID3156',2278.048640363175,9.803619536445803,-0.44522701616023896,0.27924353464838303,1.0404447115384616,2.4187943117065434,1.2109354540966795,False,False,False,False,True,3.3570581175013756,3.222810516053705,2.731820420023167,2.842308108885882,0.7477,0.9701,0.8802,0.3594
666.7473,1.2149432595994807,-0.9851869616487461,False,665.2001,1.2336586365824713,-0.9474044412040145,False,63.4418,1.681677137341365,-1.107365958451566,False,63.4453,4.640638316198097,0.5782,False,63.6376,1.861087546490518,-0.9269649915458642,False,b'VFID3173',3227.7433070565257,10.25625994581887,-0.8702347840275083,-0.507338919054901,1.0477151470050325,3.210075835998536,0.6758238043261713,False,False,False,False,True,5.386411034182183,5.240437339938299,4.610573027858819,4.830567197660541,0.651,0.7729,0.6379,0.1763
580.3811,1.1216392952202143,0.22061843658236077,False,579.4348,1.3702002043108237,0.622819065475877,False,55.7554,1.2767802639935275,0.15130274967922194,False,55.8758,4.139363630581157,1.0377,False,56.502,0.8175073496606067,-0.27589882297280144,False,b'VFID3174',2505.738615546828,9.771050408090806,-0.21099606832577075,0.5394910998883125,0.850269774350685,1.9848195387573249,0.5274323049755871,False,False,False,False,True,5.228997205011742,5.460770935252238,4.133404463831928,3.514508880762488,1.1488,1.4208,1.1245,0.5982
393.5514,-0.22826366741876522,-1.453653743524793,False,394.3603,-0.14916611274042235,-1.5714707368824712,False,38.0531,0.18671939384745845,-1.7586869216807737,False,38.1211,3.1729921697105197,0.5114,False,38.6421,0.12376364903742083,-1.115078207827107,False,b'VFID3180',2661.252509760088,9.032243283220497,-0.9715275996099575,0.36912772093145985,0.9265841959101238,1.8509549727172843,-0.06763615431396452,False,False,False,False,True,2.9515656320748107,3.0090088176470395,2.8487741928970864,2.6396291448550584,0.4576,0.5154,0.3861,0.0544
222.5043,-0.357735166443607,-1.0585817056551796,False,223.9626,-0.3222134211156238,-1.4677424360862072,False,23.866,-0.17938169675463053,-1.897590558398043,False,26.7082,1.1509760290384943,1.1915,False,25.6997,-1.6082175995603323,-0.6419402905848671,False,b'VFID3181',2291.1363684260045,8.240088447113997,-1.873883292051643,0.09955498393867002,0.18840183740031763,1.8227088996582026,-1.6165029587597672,False,False,False,False,True,2.733133279649856,2.7297668531079813,2.4173262287602935,0.4554287030944198,0.6207,0.5582,0.3324,0.361
639.8094,0.49000072130960876,-0.9815535584801109,False,640.1957,0.4895701627498252,-0.975033007303954,False,60.9122,0.5992128365347084,-0.10503524657182829,False,60.924,3.505636285500688,0.8389,False,60.8043,0.17220668256395721,0.045544843568485614,False,b'VFID3183',2437.4502817839107,9.426300712242439,-1.7087693393565964,-0.6828919046369517,0.8098367131946272,3.388617695922852,0.2740669141357426,False,True,False,False,False,4.163354954626083,4.0397210203675415,3.3348952688395337,2.7007206233653203,0.6525,0.7615,1.0254,0.8065
190.5784,-0.6982925193004299,-0.08168070704809756,False,189.8606,-0.7270767528087743,-0.080739946700651,False,18.4648,-0.7878633096715352,-0.37715186822279206,False,18.4294,2.1532395058550295,0.8339,False,17.518,-0.16981814520575256,2.5383921740091724,False,b'VFID3191',2955.983566294073,8.811796767973288,-1.2876086130950108,0.22914207552137356,1.3347533281127641,2.060878046752931,-0.5410453329150382,False,False,False,False,True,2.158576374999682,2.076449369159037,1.7002342564967925,2.269393332430425,1.024,1.1305,0.9202,2.4219
211.0309,-1.333045206973478,1.221257669224527,False,211.1405,-1.261336525395005,0.8101601321009047,False,20.5557,-1.2500904222949905,1.6042296164220569,False,20.8008,0.006143686304938901,5.8002,False,20.2879,-1.3820348705118763,0.6327235047252774,False,b'VFID3192',3017.690865149026,9.157521322861562,-1.7406840118622589,-0.5001023190557341,0.6409918599727097,2.8885000342407245,-0.9355654251074235,False,False,False,False,True,1.0876802795595313,1.21432819621539,1.1555023454766946,0.7406675976299351,1.5619,1.4981,1.6862,1.187
492.7069,1.5006670359520613,1.0885173401303834,False,493.1284,1.7426684746422594,1.5537078583694501,False,47.0953,1.0296544814074287,0.8618582246556449,False,47.2191,4.155346204111942,1.2271,False,46.9327,0.827361755812744,-0.8146217417897159,False,b'VFID3217',2478.275919460157,9.196022832815565,-0.9738383251114592,0.23598789143276655,0.9179546775130738,2.2399517465209957,-0.26225647640380956,False,False,False,False,True,5.8684577941448595,6.061813346789221,3.842168194616958,3.5269362660405985,1.5071,1.8049,1.3992,0.2491
353.7342,-0.013604509725514698,-1.489261094577419,False,353.4311,0.026956910065021333,-1.6436927780910846,False,33.5266,0.25317531266936055,-1.58331138035059,False,34.1737,2.6322312320053776,0.3942,False,32.2961,-1.1659001653440473,-0.4018220259961765,False,b'VFID3219',3101.9622663263435,8.405289607395908,-2.3349492743171383,-0.4934757022988143,0.34615751789976135,3.1166283006591797,1.5040863286083983,False,False,False,False,True,3.3137187324687396,3.293213982988966,2.927092099116364,1.0132349356941228,0.4429,0.4856,0.4539,0.5166
1015.2527,-0.40389012650092987,1.9142687669222362,False,1015.735,-0.4882632866095171,1.8888859892134524,False,97.131,-0.4865224174230848,1.144838817893434,False,96.9621,0.20101678782851776,14.403,False,97.0179,-0.025610162160572995,-0.04303348797001595,False,b'VFID3241',3588.6885239285994,10.399332278502024,-0.9726607078192371,-0.724052769135376,1.1926137972254554,3.784828919067383,0.4406796888061528,False,False,True,False,False,2.655264894890779,2.461816481112447,2.055362710929801,2.451253927357596,1.848,1.9432,1.5086,0.7491
306.5486,-1.6237337961950984,0.5585249312654451,False,306.7061,-1.571897013830272,0.7137025065940984,False,29.3367,-1.177782670420771,1.4598939939113749,False,28.2599,0.0024471727854915738,3.1378,False,29.9204,-1.1472578476562654,0.12100617479205236,False,b'VFID3250',3395.695992135583,8.258048250280885,-2.5090988178055755,-0.5500070518777167,0.8356015779092703,2.766578571166992,0.08743905202636881,False,False,False,False,True,0.5972573459794789,0.713184770679735,1.240716602244228,1.0367447505735055,1.2883,1.4583,1.6304,0.8554
396.9972,0.12591354580879427,-0.16234225739180158,False,397.4057,0.09150756268776203,-0.3175216052939919,False,38.061,0.2046333778835227,-0.4456983556158579,False,37.9434,3.087209575672661,0.7827,False,37.8235,-0.32127266959907397,-0.44472233290855173,False,b'VFID3261',3111.256134217132,9.201818479965658,-1.386921098686342,-0.18172451585160698,0.7242079768740968,2.3371892061767596,-0.7598726990014644,False,True,False,False,False,3.5491007069237295,3.3973777011068464,2.869885716845917,2.078394128856848,0.9907,1.0328,0.8937,0.4888
484.4654,-1.6615444740090415,2.157706779220802,False,484.4454,-1.6384535132333053,1.390602376042615,False,46.1078,-1.7193170074211648,2.431702118951936,False,46.0775,0.8825084302087238,0.6832,False,45.7447,-1.1703401281639334,0.26714499006550335,False,b'VFID3266',2586.615302848956,8.201547476939307,-1.645274510482698,0.35895076307601625,1.6723644520071157,1.7140155642089852,-1.1794529799462907,False,False,False,False,True,0.5334666633667983,0.6057842695066745,0.6025215976220409,1.0076357014296364,1.9485,1.7376,2.0061,0.9501
586.2684,0.48241240356360116,0.3531165387985952,False,585.9901,0.6460289787316644,1.1172249851590037,False,55.9614,0.4576873836567769,0.20743326954448738,False,55.9735,3.1476155668952757,1.1051,False,56.1035,0.560000702822503,-0.4930237575976649,False,b'VFID3269',3082.4709278192936,10.612320561755102,-0.12761883082651337,-0.049148533434221875,1.0068365880166883,3.3147126303100585,1.1315375851684575,False,False,False,False,True,4.150552645942761,4.2921945638998995,3.1681083619300225,3.189767413592763,1.2035,1.6248,1.1462,0.4575
314.8019,-0.20447975078541217,2.311278619815121,False,314.9051,-0.23546412715366888,1.384301124125085,False,30.0692,0.07338358439034487,1.7664131922539523,False,30.0618,2.6232282604579398,1.2093,False,30.1736,-0.7155171397236582,0.5873541154006789,False,b'VFID3280',3101.625801311035,9.164596018332979,-0.640668093006234,0.5942622466742936,0.5823540307477001,1.6301118729248039,0.40765750846191295,False,True,False,False,False,2.9916916590323384,2.869751944443756,2.7152086135822344,1.5812126804404887,2.0119,1.735,1.7489,1.1576
555.1651,0.19589262001190053,-0.6153065190816711,False,555.1639,0.16742777444124024,-0.23512061868013737,False,53.0046,-0.023129682536481302,0.3209876392258301,False,51.7637,0.002956285455187399,2.666,False,52.8628,-0.06091512689455524,0.06653204407238154,False,b'VFID3284',3491.1834313558993,10.141977693929613,-0.2647509451621289,0.18943497802848558,0.925143257815711,2.6261200156249984,1.2359556012597661,False,False,False,True,False,3.667162936169813,3.5198881826469375,2.601468300874375,2.4067308589752217,0.8037,1.0668,1.1901,0.8201
241.2232,-0.5731430201315072,0.8445948740759992,False,240.7412,-0.6291043197540513,0.38870332115533746,False,22.989,-0.7829765252603174,-0.41258910887505645,False,23.0529,1.8810429533189144,0.7643,False,22.9872,-0.7949236101016992,-0.046274158636058674,False,b'VFID3285',3103.146928529226,8.82843010978748,-1.2340636047063955,0.2694001673724231,0.868158877892115,2.0650018170166025,0.27279058061523465,False,False,False,False,True,2.369717048539173,2.2345449496898504,1.705993302944668,1.4810732315759063,1.4064,1.3242,0.9065,0.747
329.9399,-0.6863402929636341,1.5632820208320646,False,329.4772,-0.6038191734036344,1.0343392868591852,False,31.3802,-0.6762671546344359,-0.030539441405024733,False,31.3831,2.0282512722126262,0.8444,False,31.2439,-0.843306746121882,0.27100293133460196,False,b'VFID3303',2946.9392586647127,9.747795420841172,-0.7766108044228981,-0.007547268445818434,0.7752463768115941,2.8556330825805674,1.242756825378418,False,True,False,False,False,2.1787410671143603,2.2753469361919407,1.8317496633945607,1.4200572897724903,1.7031,1.5906,1.0542,0.9526
350.2088,-0.8305919971523464,0.3974440574559461,False,351.3031,-0.7556247033293564,0.1822161429347376,False,33.5159,-0.7605973056430727,-0.2951547493412756,False,33.5365,1.8205221404224847,0.7526,False,33.6111,-0.8229524192979871,-1.120479325603845,False,b'VFID3325',2340.0081553885398,9.493224177414584,-0.7869563624758165,0.18546179111558914,0.8345379766858922,2.5375389905395505,0.8017762915917981,False,False,False,False,True,1.935372917949706,2.030382279981049,1.7323670805451419,1.4457261182753887,1.2218,1.239,0.9519,0.0509
414.8199,-0.5064074900787753,-0.60319517518622,False,415.2391,-0.5284215073877743,-0.6216781882363075,False,39.7144,-0.42981628928511545,-0.5776180105987396,False,39.7817,2.4016172454505917,0.7271,False,40.1154,-0.3693502589984843,-0.48793127512245493,False,b'VFID3334',2838.4507838158365,9.320122463788122,-0.623257873493238,0.4874360425491012,0.9507928092920142,1.9911407343750014,0.9710549834521487,False,False,False,False,True,2.4823070697371787,2.397014199194257,2.1221905466485382,2.017763511700919,0.8087,0.9073,0.8427,0.4608
413.861,0.13853229186123822,-0.9415861236251223,False,416.05,0.29453040261702557,-0.9447385269312133,False,39.7417,0.6073397897779232,-0.7025536838472334,False,39.7608,3.443174837071153,0.7499,False,39.6351,0.1477113915611652,-0.3337679420092789,False,b'VFID3336',3146.6710877901883,9.95708768305022,-0.7063918719511999,-0.10451355052657152,0.7982811520010848,2.9134194490356435,0.8639402517651362,False,False,False,False,True,3.570389889528772,3.724990405404018,3.3444728350403157,2.6698296275923172,0.669,0.774,0.7944,0.5607
334.2481,0.28797003100140595,-0.6533361389133873,False,335.2522,0.2163070683914968,-0.8705776389787444,False,32.0161,0.3261544760730702,-0.8807745510692048,False,32.2104,5.480316347756406,1.2141,False,32.2618,3.3568505402842144,-1.107516642939674,False,b'VFID3342',2844.925104022208,8.33043402911722,-1.4538967179701188,0.44737240397861866,2.2292251424683167,2.0635352893066425,0.4650222366455079,False,False,False,True,False,3.8225074377714976,3.598763434715913,3.0130976103896407,6.7168729497917905,0.788,0.8046,0.7255,0.0593
306.015,-1.467224134129879,0.0033409270979686137,False,306.0948,-1.5074063276368268,0.7059471196186772,False,29.6104,-1.2628702912776382,0.7025199747155366,False,29.7868,2.1947893299298666,0.5777,False,30.9201,-0.030834509031938517,-0.8681699666048031,False,b'VFID3347',3455.1876889383366,8.41597950652433,-1.6786516069961424,0.15428274307261725,2.1436135371179037,2.089295898681641,0.3528001340673832,False,False,False,False,True,0.8613059892687721,0.8172517225220794,1.1404413456707934,2.444665506868872,1.0591,1.4551,1.3376,0.2144
250.2859,-0.8040567084495065,-0.7669405446527182,False,251.4643,-0.764204385389095,-0.9374678516417555,False,24.8598,-0.5269297587094327,-2.4231998504082695,False,25.207,2.2672589293380256,0.4289,False,41.3518,-0.4470856360444503,1.9871695254803792,False,b'VFID3348',2612.291197379227,8.297393277241248,-1.869526183877855,0.05813629410351484,0.9561639982184298,2.086626781372072,-0.6477180575537105,False,False,False,False,True,1.9801408056878753,2.0165374690101245,2.0077428988568458,1.9197314775656222,0.7411,0.777,0.1292,2.0647
110.8197,-1.7031556204377942,0.2860196936177963,False,111.222,-1.7216689747994949,0.14343920805762958,False,10.9709,-1.864671343413105,0.20484660964286197,False,10.921,0.7248354494311418,0.6511,False,11.0202,-1.6023328114221473,0.31236006173933795,False,b'VFID3349',2153.938074313518,8.645854023884445,-1.1185333415287197,0.5307744372595162,1.0733441324694026,1.868809148315428,1.3632625394311528,False,True,False,True,False,0.4632641811989833,0.4715016320825535,0.4312223746696031,0.46285000564114087,1.1758,1.223,1.1452,0.9794
398.7224,1.1898961358892688,0.9189585255940685,False,398.7728,1.436050326443628,1.450948980945114,False,38.0866,0.960290168308878,0.683378691443511,False,38.1104,4.030074024033589,1.0441,False,37.9106,0.7932467751943193,0.7861152495846336,False,b'VFID3371',3398.4376338734883,9.70182121233405,-0.43769314453840485,0.36809515054833125,0.9264686726585906,2.29263851953125,0.595833194980468,False,False,False,False,True,5.344153840941138,5.567031573699338,3.760422762990686,3.48391388586313,1.4371,1.7625,1.3302,1.2864
675.2012,0.7759104606384938,-0.441872074498812,False,675.4364,0.6241127092394115,-0.30152611965718445,False,64.6266,0.6219283131670644,0.28658506253421623,False,64.6229,3.368514601869199,1.1082,False,64.7089,1.0132717554882595,-0.35444650721164683,False,b'VFID3386',2734.9801981956657,10.33888239056479,-0.38137551589582375,-0.08447946862262834,1.1189059247749993,2.742094793579101,0.9957054587231458,False,False,True,False,False,4.645715454142901,4.2568288468260755,3.361665323338167,3.7613872473937393,0.8753,1.0394,1.1768,0.5473
613.4003,0.4304584550311193,0.4148843926653958,False,613.0372,0.3766470531481635,0.38579505103955414,False,58.5131,0.46862074177591684,0.36806484943540746,False,58.5254,3.1610404556146787,1.1129,False,58.5733,0.3761465654312156,0.03242784325355079,False,b'VFID3388',2985.067707699371,10.281479355076529,-0.06298538731125528,0.2797649056123649,0.9298696468121799,2.5859079549560544,0.8580537726904289,False,False,False,False,True,4.062900743545789,3.8574999198887188,3.1809932596338877,2.957909078847688,1.229,1.323,1.2083,0.798
680.2724,1.0396614474331876,0.7697467688021113,False,680.1685,0.9285247791025674,0.9100107394094575,False,64.8823,0.8577017236344485,1.0204204766252651,False,64.5205,0.09887627886296108,3.7795,False,64.7447,0.636875641019442,-0.0725081592659285,False,b'VFID3389',3198.1511785454277,10.007434703172018,-0.12152565145018109,0.44013485555409465,0.9030618706858338,2.339815915832519,1.0192209794677733,False,False,False,False,True,5.0906917534357214,4.748050728380463,3.639522889335707,3.286714348847414,1.3755,1.5393,1.4605,0.73
682.5352,1.2853012821168504,1.7003824337285705,False,682.9625,1.132052141085567,2.126879427021702,False,65.6292,0.6436567696552777,2.2682252131692278,False,65.6355,3.1736831248762614,1.1571,False,65.73,0.3116537699340968,0.5560276322955992,False,b'VFID3401',2453.95230211908,9.594997996553612,-0.9980860655549545,-0.10696608137023966,0.8492312110058214,2.8109235010986318,0.3965373942797843,False,False,False,False,True,5.5051125900164,5.076477566863027,3.387272180450384,2.8765772558102083,1.7597,2.0414,1.9429,1.1373
292.9834,-0.900476622022423,-0.6358958037039377,False,293.0614,-0.940969448696025,-0.6667563750309454,False,28.0011,-0.9680429888085654,-0.5608047212381765,False,28.0402,1.7683019774333775,0.6653,False,28.2609,-0.8530507804659239,-0.19195002095721808,False,b'VFID3438',3027.384486833304,9.236652798432566,-1.3377978993533763,-0.1604273954439166,0.9461490523846182,2.6805344543457057,0.521260564270019,False,False,False,False,True,1.8174700348929693,1.731296259521473,1.4878935731772092,1.4077690943107795,0.7952,0.8887,0.8492,0.6526
167.202,-1.267691601789184,-0.8672224721070529,False,168.1709,-1.0994198225042893,-0.9243806361207317,False,16.5404,-1.1656011723676876,-0.00441417639861093,False,16.338,0.012946711565350703,19.9985,False,16.5231,-1.1327780030655101,-0.3137066474099667,False,b'VFID3440',2807.008103547496,9.043391107246146,-1.0907890512924066,0.2409612513001893,0.8405931417979611,2.548484303588868,1.3279218109863287,False,False,True,False,False,1.1979388447833574,1.4756089906491157,1.255072425458236,1.0550052732999258,0.6997,0.7824,1.0643,0.5737
637.4028,1.5208079821103875,2.533642893735603,False,637.3255,2.120725891390566,2.356148054482604,False,60.7948,2.0889926024324703,-0.2910160934986753,False,60.7659,5.769542494658122,1.2595,False,60.7519,0.5585610821074046,2.845021346077121,False,b'VFID3442',3220.619072507605,9.036170808400932,-0.6440805508455211,0.6934374146259071,0.6262438590692002,1.874550121520997,1.2433093639062491,False,True,False,False,False,5.90243773785883,6.671874819299748,5.090591887911856,3.1879519088322863,2.1037,2.136,0.9535,2.6206
1315.2089,-1.10686891963207,2.12113052065654,False,1315.4678,-1.0736308009199236,1.1623031719536414,False,125.7672,-1.1100027306792806,1.6197495758318075,False,125.761,1.6190584776319747,0.974,False,125.7312,-1.551510556038572,3.31692472211325,False,b'VFID3451',2997.271569750259,9.52660847601219,-1.5786285729700276,-0.6328782047272692,0.3990186056021264,3.4880503999023436,-0.004422729291992056,False,True,False,False,False,1.4692640171298128,1.5172240675802426,1.3205948592652237,0.5269419193093459,1.9334,1.6434,1.6922,2.9264
442.1858,1.275331519647055,-1.901046787022755,False,442.55,1.2879573620409417,-1.7275478997628306,False,42.5789,1.9705360554469882,-1.4651010228463215,False,42.4569,4.8056383541537055,0.4956,False,41.9969,2.203474792351804,-1.107670960590438,False,b'VFID3456',3925.879064601708,10.336289202017623,-0.9875717937275263,-0.6886042757795101,1.0628884095032645,3.0967090272216797,0.7676400446337901,False,True,False,False,False,5.488292527795775,5.328057788423489,4.950991549788009,5.262351533818277,0.2729,0.451,0.4996,0.0592
516.6279,0.19826573645655932,0.9959866727691373,False,518.0137,0.18649870151372647,0.83851576572979,False,49.3965,0.2718298277572948,0.6150908700406077,False,50.2191,3.5987406553826764,1.1164,False,48.2185,0.029812850374358837,-0.21849265688861577,False,b'VFID3461',2866.1440440170663,9.536790068569147,-0.7460278304264228,0.19158935736258143,0.8548940640868499,4.142518217590331,0.3760949366625983,False,False,False,False,True,3.6711666390039457,3.550662444271138,2.949076334518154,2.5211478529185753,1.4689,1.5098,1.3038,0.6354
181.6094,-1.3861285999979598,0.2317608729661756,False,181.3304,-1.3647034886097638,-0.06353268184893461,False,17.5102,-1.4034841815832433,0.279601080799828,False,17.5487,1.2977576319615154,0.7427,False,17.5927,-1.5525420763809732,1.5822400098758,False,b'VFID3462',3070.1014037252053,8.991113746287262,-1.0389008176616166,0.3346092791818398,0.5392690954488708,2.0773417669677734,0.6731567255493172,False,False,True,False,False,0.9981228827550718,1.0475276019296824,0.9747287098468087,0.5256410696671333,1.1534,1.1376,1.1741,1.8023
738.2101,2.1376675066506037,0.28989532366434073,False,736.1994,2.6911908624192913,2.2083109902636298,False,70.2336,1.6607118668963072,1.0214551405859156,False,70.2108,4.831443684072971,1.4293,False,70.2575,1.9370346574332975,-0.2538313989135579,False,b'VFID3463',2734.864197605071,10.588121051307052,-0.1367887025993334,-0.03898754078033739,1.0742451917911249,2.958937589355468,0.8389527884497081,False,False,True,True,False,6.943146141452777,7.592419384288812,4.585865580972437,4.926344050560054,1.1774,2.075,1.4609,0.6125
540.1076,1.8565953695572313,-0.7165573540476418,False,540.1252,1.7723134158685456,-0.8082921873323896,False,51.213,2.164476949037346,-0.4720822866124345,False,0.0,0.0,0.0,False,50.9791,2.4415726391498143,-0.6410143846802835,False,b'VFID3489',2984.9410999757324,10.244923168252202,-0.8871334501795503,-0.5151816288623945,1.0739575546141706,3.3142389897460944,0.07779853345459031,False,True,False,False,False,6.468947197524317,6.109650621488256,5.179549742730887,5.562616575705721,0.7619,0.8303,0.8835,0.3616
404.4676,0.5633445606134457,-0.6538205926692056,False,404.749,0.4440909282602215,-0.7656375589675709,False,38.7199,0.7252755694953336,-1.3574959709387162,False,38.7185,3.647267540065441,0.5299,False,39.1559,0.45241603542866077,-0.8278930597554147,False,b'VFID3492',4580.353417960185,9.663843448543064,-1.0012230007805512,-0.16509760426157882,0.8767412110300389,2.9093343774414056,-0.10180489919433455,False,False,False,False,True,4.287093904709152,3.9663323562857293,3.4834594520271147,3.054092458544288,0.7878,0.8479,0.5412,0.2405
580.784,-1.1348739273318034,-0.8563222626011469,False,580.0179,-1.0763707503318534,-0.890935529789226,False,55.6251,-0.42348266065222384,2.4314434529617728,False,52.9511,2.524924086746335,0.0281,False,61.5186,-0.07338561564010042,-1.1189361490962058,False,b'VFID3504',2265.492186935932,8.319658110219512,-2.3279686241693702,-0.4180915666290468,1.1227192578963507,2.6710636744384786,-0.4284061391064462,False,False,False,False,True,1.422016555274459,1.5128026821006948,2.1296546904312446,2.3910043336164493,0.7042,0.7962,2.006,0.0519
538.7596,0.9765134793078247,0.1557016333027433,False,538.1827,1.0020660634628555,0.004569310028986309,False,51.4743,1.285657492695782,0.6870000153057858,False,51.4967,3.965091108954722,0.9098,False,51.7295,0.5542009728031548,1.487643289957505,False,b'VFID3522',2371.0229946996783,9.343957739125205,-1.833009538204241,-0.7413555311345832,0.7679913406525437,3.4427814797973646,-0.6032492434936518,False,True,False,False,False,4.9841543352983715,4.866722396332481,4.14386622521173,3.182453377785153,1.122,1.1657,1.3316,1.741
269.3781,-0.6286196262767644,-0.43484749503945036,False,268.4027,-0.5992593869436083,-0.21355094865474575,False,26.0339,-0.5790974082621114,-0.6973803640439832,False,26.0707,2.2064837302963145,0.6942,False,26.0673,-0.6391232177411922,-0.17158009105637803,False,b'VFID3526',3250.0567422742024,9.112504124795047,-1.0605539637714994,0.21598801651943877,0.8619351344846261,2.1394800866699217,-0.2858127134033204,False,False,True,False,False,2.2761220436451914,2.2827049456341655,1.946263633235733,1.6775530064555786,0.8782,1.0757,0.7964,0.6658
557.1525,0.1169905303314944,-0.17929813884543305,False,559.6938,0.14424060850073966,0.7599924726036463,False,53.4327,-0.30592679147067664,1.7258026317984383,False,53.0479,0.008450412853252995,19.9995,False,53.4638,-0.3935268287305228,1.5692773272116292,False,b'VFID3533',3169.1323088803665,10.010170886442108,0.38114266623423,0.9406174766330196,0.8761485210824418,2.826065763305664,1.6705748702539065,False,False,True,False,False,3.5340466195291214,3.482471652854519,2.2681935851045627,1.987274455118044,0.9837,1.4774,1.7332,1.7939
176.6051,-0.7954575540465617,-0.1449019221823521,False,177.1637,-0.7529382000560217,-0.4479090488182674,False,16.9866,0.05144906239284904,0.2720997670851154,False,16.1034,3.664942552593154,0.3501,False,16.618,-0.41717066102168243,-0.03562624073334679,False,b'VFID3552',2374.9464534409876,8.82390409824053,-1.2518128577228371,0.25526634764318046,0.7278527334054605,2.029586522033691,-0.04589484336669791,False,False,False,False,True,1.9946485045964997,2.034717420809475,2.6893589094893855,1.9574572333801779,0.9979,0.979,1.1712,0.7539
222.0918,-0.5861706920574263,-0.3210008624222104,False,222.0839,-0.617163957046831,-0.18059055400920435,False,21.8461,-0.3233771752253366,-0.0770993196342771,False,24.0163,2.93588910075934,0.3249,False,20.6478,-1.0027409719884515,1.0614179385475029,False,b'VFID3567',3208.5679866752193,8.695626741372706,-1.423063660893948,0.18648506342995264,0.5423471618528329,2.0828206923217785,-3.8276464013232427,False,False,False,False,True,2.347737963977458,2.253812804075911,2.247628411338017,1.2189948897889653,0.9252,1.0893,1.0362,1.4648
345.3983,-0.4698782788127621,-0.3345655675851157,False,345.2655,-0.4948160975362039,-0.5029238251751642,False,33.1485,-0.30581386193709853,-0.4826875922090975,False,33.3076,2.7213536500716677,0.7635,False,33.7793,0.05777479689590192,-0.6245023960485419,False,b'VFID3572',2857.3638921774163,9.08265998509257,-1.5669476308570192,-0.2665657873689027,1.1270028596069175,2.6497284072265614,-0.3803838853540036,False,False,False,True,False,2.5439357803735825,2.451242379650819,2.2683266718901636,2.556410645742856,0.9196,0.9563,0.8794,0.3723
562.6186,-0.14981445153543452,1.0625990641941179,False,562.4006,-0.06653968923343737,1.0828104554555702,False,53.2468,-0.42972934347612013,1.0250764644481902,False,53.2542,2.0666329218533175,1.3595,False,53.3097,-0.6324358246381099,0.7450667544814257,False,b'VFID3581',2798.3303919517534,10.404455328631139,-0.5961309249584144,-0.35161534127114535,0.7944173892386269,3.9146583258056644,1.3907395795532231,False,False,True,False,False,3.083917901882092,3.142340939594295,2.122293011768813,1.6859864736087624,1.4964,1.6106,1.4623,1.2598
533.5599,2.5698309211838053,3.2058224799331367,False,533.2551,2.0022775594404005,2.9678542021689815,False,50.8617,1.4706251686650538,2.6751068156948605,False,51.8175,0.009482946599796602,7.0211,False,50.9608,1.4888315274436519,0.988425689736159,False,b'VFID3595',3395.750441908199,9.791062117419994,-0.650595323837797,0.08390624661720791,0.9998316852514202,2.6758013400268563,0.2567678856933586,False,False,False,False,True,7.672252330687334,6.480737810462697,4.361849534403219,4.361115370795493,2.3812,2.3884,2.1002,1.4175
176.3289,-1.0954338894706823,-0.13303280516481028,False,176.1835,-1.0760063148383505,-0.4389418826279361,False,17.0533,-0.9595439424756774,0.4640299317857001,False,17.0782,1.7758523343498962,0.7512,False,17.0128,-0.13991423363620484,-0.05676775888800664,False,b'VFID3598',3461.280329892002,8.906245038993282,-1.382931378223572,0.05837287826999549,1.5402164862614487,2.119742322753906,0.3807948589624033,False,False,False,False,True,1.4885561436365353,1.513390762228083,1.497909648877498,2.3071051361312205,1.0028,0.9827,1.2454,0.7402
305.4325,-1.3701583492195493,-0.7373888655478177,False,305.5269,-1.3713565864351707,-0.6948696528168489,False,29.3862,-1.4952776059492117,-0.8243853652137771,False,31.6422,0.00526842597036851,1.2766,False,27.1112,0.5654742827912927,-1.107670960590438,False,b'VFID3600',2924.1863195777137,8.123384057092405,-1.9561407163102027,0.11052245141301231,3.688959143968871,2.161113863769529,-0.18636441454101416,False,False,False,False,True,1.025066414517806,1.0367916700941573,0.8665507036062124,3.1966701417807974,0.7533,0.8771,0.7473,0.0592
219.0957,-0.17946249085428806,0.498452665544008,False,219.2403,-0.21519606155672136,0.21905423106798988,False,21.4013,-0.48065566507981144,-2.2488589730387356,False,21.8048,2.077116934556292,0.3709,False,22.2565,-1.2752878711478814,2.4064505826060034,False,b'VFID3602',3230.1775117590037,8.374084359923206,-1.5941238533563107,0.2722768513654428,0.4244271362456259,2.151769270263671,0.6494098539648441,False,False,True,False,False,3.033898468864157,2.902457997533162,2.0622766437739704,0.8752861700632272,1.2635,1.2542,0.1966,2.3364
714.1545,-0.7229447206645905,-0.7233397066290944,False,714.1838,-0.6832958306432588,-0.9568563190803095,False,68.4321,-0.5193672271184793,-1.0274381674913498,False,68.3615,2.1313258963239345,0.6815,False,68.8471,0.4904474888310525,2.310927956783125,False,b'VFID3607',2308.5510007430535,8.60166399731258,-1.097867119115786,0.5867401924670097,1.538217217341088,1.6917917668457036,0.22719193604248034,False,False,True,False,False,2.116985458257503,2.147097510581282,2.016655297487702,3.1020539000376974,0.7591,0.769,0.6688,2.2745
243.2131,-0.8482267586439248,0.23563650301272004,False,243.0948,-0.896473166299455,0.029774317699106413,False,23.5455,-0.9129943687129307,0.2669264472818651,False,23.5568,1.660156394515812,0.6792,False,23.2214,-0.9367050125856047,1.0714485858471587,False,b'VFID3609',3228.8630715086706,8.932743128290857,-1.5753087402386996,-0.1551714810229401,0.8386782556571257,2.6161632376708983,0.09766774518066512,False,False,True,False,False,1.905621177481177,1.8030987592411596,1.5527680454977946,1.3022727958382148,1.155,1.1761,1.1692,1.4713
258.8487,0.4449276242675974,1.0374074688915798,False,257.5451,0.6502352982643536,1.408051996737313,False,24.5823,0.32101320854628995,1.5025738822881896,False,24.6193,2.9074977122234174,1.0966,False,25.5684,-0.23305569205895402,-1.007210169943113,False,b'VFID3611',2844.9634574044203,8.45206518182292,-0.805635323731239,0.9984733482957837,0.7281730474209933,1.3724528795166009,0.44727644005859446,False,False,False,False,True,4.0873117892026585,4.298982192906185,3.0070386570992698,2.189644502652707,1.486,1.7448,1.6469,0.1243
554.4162,0.12487243737607115,-0.6407403412621182,False,554.2742,0.1743729964930997,-0.6219205440792894,False,53.0657,0.4218145594812326,-0.42810906828480727,False,53.0363,3.413791315838129,0.7659,False,52.9499,0.38335988463650966,0.17532598786095907,False,b'VFID3618',3302.927106992048,9.716959876120505,-0.4808665877893118,0.31282875781872777,0.9491890039597929,2.4049714978027357,0.6757057328979492,False,False,False,False,True,3.547344244954864,3.531095507789009,3.1258324513805023,2.967005791071056,0.7932,0.9072,0.9005,0.8906
365.2075,-0.6999530436534291,-1.4827209688738754,False,363.9815,-0.6751074455517725,-1.407880542869672,False,35.3155,-0.5157831308160141,-1.6140926331799292,False,35.4575,2.1083699845565316,0.4518,False,35.5111,-0.40547633982766684,-0.8295905539138182,False,b'VFID3620',2270.262180701385,9.348149784441615,-1.160451373903942,-0.07214602381873392,0.9759143441212784,2.5579270438232413,0.0013388311791988627,False,False,False,False,True,2.1557748917124995,2.1603108957579606,2.0208791337249163,1.9722049343375292,0.4456,0.5829,0.442,0.2394
361.0282,0.005505063779781366,0.36716569771731855,False,360.9609,-0.06061019027311136,0.2895797813757303,False,34.4935,-0.13187887258418646,-0.2385068974956852,False,34.4614,2.6414079475427323,0.8578,False,34.8243,0.1343951163110019,0.5517067380742089,False,b'VFID3633',3001.99981686305,9.518733131932636,-1.3285715170116155,-0.37653022775860334,1.0726672352336593,2.619434883422853,0.7102509767578127,False,False,False,False,True,3.34595863952194,3.1519092186617956,2.4733080253328743,2.6530364814150356,1.2093,1.2833,0.9738,1.1345
334.9454,-0.7049981186193128,0.983875328873686,False,334.992,-0.7849376980518343,1.0263415440407815,False,31.9866,-0.7632848048285342,2.587936377010094,False,31.949,1.9515219073695327,0.9713,False,31.991,-0.4304737710258955,2.4927141493830463,False,b'VFID3634',2851.8045696459094,9.148572601055793,-0.9918848939895055,0.25584514706112826,1.1222998068637646,2.1239730381469712,0.2777819150683598,False,False,False,False,True,2.1472633073000353,1.9830806587672698,1.7291998786931078,1.9406806898861202,1.4639,1.5873,2.0665,2.3923
551.2838,0.9291053969098267,2.179749425110523,False,550.9163,0.7826403626666213,2.4341866359227837,False,52.5525,0.18395002780817615,1.5848296671598687,False,52.4997,3.117749453215078,1.1109,False,52.3472,0.1715879331757364,-0.5558310414585885,False,b'VFID3641',3228.016648138371,9.265977772151684,-0.45266860057181235,0.7012767562670938,0.948842152594682,1.6272880639038085,0.6464544118017574,False,False,True,False,False,4.904171798291027,4.512640819820189,2.8455105114433303,2.699940318908684,1.9576,2.1682,1.6787,0.4168
532.0781,1.576194039436163,1.3447933769581275,False,531.9196,1.9257889159305026,1.838960685559176,False,51.084,1.1057993476837615,1.1285428605131955,False,51.0969,4.149260211943588,1.2825,False,51.4275,0.5198127512136277,0.05140891429751537,False,b'VFID3657',2505.526435320182,9.647727782263699,-0.40152818191208384,0.44747060560631413,0.7983628389704025,2.3310407081298834,0.5560135249438485,False,False,False,False,True,5.995879977149589,6.357310065303429,3.9319044679516346,3.139086413594277,1.6129,1.9226,1.5023,0.8103
146.1039,-1.3763916319992755,-0.026937432640658912,False,145.9917,-1.3623403941600174,-0.3485431531956781,False,14.0031,-1.4106514711123501,-0.2628215005709613,False,14.0419,1.2884366908964298,0.6397,False,13.7238,-1.2060609278683436,-1.120479325603845,False,b'VFID3661',3361.0645188865064,9.008720370607271,-1.078001051236918,0.28144465911935357,0.9961772262956696,2.23197469958496,0.6382629219921885,False,False,False,False,True,1.0145501956498655,1.0513408663065416,0.9662821016418823,0.9625882238327608,1.0466,1.02,0.9644,0.0509
348.6046,-0.5092555624034638,-1.2414629984764904,False,349.1657,-0.4501166445319086,-1.2195700528727162,False,33.2986,-0.3183371592448044,-1.2118670184772213,False,33.1642,2.3098586450830565,0.563,False,33.5313,-0.12488588236725101,-0.5410165469852503,False,b'VFID3663',2247.7358568342984,8.987133365119435,-1.2608377093230536,0.115851964598503,1.0321664749856239,2.139858236022949,-0.9301625081811515,False,False,False,False,True,2.477502065219244,2.5233727305238722,2.2535680402816003,2.3260573802777196,0.5452,0.6606,0.5975,0.4264
843.2744,0.2593528545945734,-0.3723529605389228,False,843.5555,0.4741353756723813,0.22438605961359218,False,80.3693,0.3026807201079884,-0.48837824399267277,False,80.3531,3.302942711593103,0.9437,False,79.8876,0.9377721656017871,0.054186632011266334,False,b'VFID3668',2779.6533920408215,9.308843410612287,-0.7117996803954899,0.40790408104317366,1.2280207337325753,2.0364048959350587,0.3474666056274405,False,False,True,False,False,3.774227181426393,4.014814303781101,2.9854339281943147,3.6661747630113064,0.904,1.2564,0.8772,0.8121
1247.0055,0.5817119658383455,-0.7349665967687276,False,1249.1891,0.4622154031438015,-0.7164393228422402,False,119.3844,0.20160913872383662,-0.8849132069118051,False,119.187,3.09213580818564,0.7026,False,118.2096,0.08653059089640586,-0.7112289157778762,False,b'VFID3675',2359.9292832410447,9.781416893095477,-0.6118053147553294,0.13040097866019396,0.9045302162755512,3.1620963143310554,1.2934683787817374,False,False,True,False,False,4.318081694002048,3.995579352498789,2.8663216689312727,2.592674559113702,0.7543,0.8682,0.7239,0.3161
601.3364,2.1962038715936387,-0.04340886033847215,False,601.7032,2.1606983074232184,0.3327191214265125,False,57.4344,2.04801854133713,0.20070795380026163,False,57.3174,5.305115443417383,0.9072,False,57.6062,1.149964731214419,0.576860515148731,False,b'VFID3676',3613.3443434385917,9.563828846217643,-1.1005209182801599,-0.1845026362255906,0.7801533813618406,2.4929763609619133,-0.8482599112109366,False,False,False,False,True,7.041903288726244,6.736377272906995,5.042304199904897,3.9337706714108167,1.0398,1.3011,1.1436,1.1508
554.8835,1.7527250944284032,1.6856065941761202,False,554.6964,1.978404103541056,2.689872050268714,False,52.9981,1.2827513158396828,1.406608799937897,False,52.8125,0.008662533878256598,2.7344,False,53.0367,1.2560537122969355,-0.18485140902207678,False,b'VFID3678',4623.126382117321,10.66692698752738,-0.19327413663171178,-0.1584241189015615,0.9823975537629,2.8863136851806654,0.42972264193847565,False,False,True,False,False,6.293706864985463,6.4422138323190135,4.140441313021703,4.067559417411371,1.7536,2.2737,1.6098,0.6572
248.897,-1.229189503448457,2.0811630858015517,False,248.8274,-1.2104435102826885,1.8205416414925497,False,24.0952,-1.2727795707277618,0.9736019324058501,False,24.17,1.3336526072457469,0.7869,False,24.4004,-1.0083212641438375,-0.13176613715928145,False,b'VFID3695',2664.5201136095548,9.090591595108103,-1.0112986868776113,0.2827472896835732,1.073703908476162,2.2399993145141615,0.4511565360205072,False,False,True,False,False,1.2628960282345838,1.2964529380256815,1.1287633186051347,1.2119575869308565,1.9169,1.915,1.4424,0.6916
523.7622,0.08926024231377769,0.6018835424111599,False,524.3354,0.012392271506500364,0.5564135644988293,False,50.2509,-0.0744085925524187,0.6375948111847461,False,50.201,2.6149920771395507,1.1606,False,49.7165,0.20718300482952876,-0.4550616155097358,False,b'VFID3711',2423.1606898720083,10.48928307660652,0.5208470007604966,0.697601143601472,1.0802006734932308,2.9000999437255857,1.5033745757397465,False,False,True,False,False,3.4872626393423376,3.2697114025555014,2.541036409526702,2.744829240941564,1.3062,1.3934,1.3125,0.4821
385.4121,-0.5354046049148544,-1.0019006162244686,False,384.7297,-0.5253209802353251,-0.9444961710882314,False,37.1492,-0.350191388992608,-1.1102112843433538,False,37.1183,2.4011701388323505,0.6086,False,37.1166,-0.056552356643068756,-0.924958862085933,False,b'VFID3723',2317.0519221626405,9.745668022771204,-1.1674489186123904,-0.39668599108106983,1.0885389194484214,3.409099467651366,0.45656158275878767,False,True,False,False,False,2.4333858163734092,2.402017439645009,2.21602801943317,2.4122327457412083,0.6441,0.7741,0.6368,0.1776
564.3608,1.0472914300001241,-0.880544950392049,False,563.7563,0.9777902477488659,-0.7789671303315766,False,53.894,1.0361864354499433,-0.6083992634280787,False,54.5029,4.149966814564782,0.7495,False,52.4598,1.0279001014938867,-1.0064385816892933,False,b'VFID3748',2084.182600264811,9.146804317410757,-1.4480856017401795,-0.198943034122798,0.9818094922263622,2.475596828124999,-0.07064984170654398,False,False,True,False,False,5.10356435515587,4.827549140565539,3.84986606371875,3.7798350451592095,0.6942,0.8424,0.8308,0.1248
261.5917,-1.3695595413032406,-0.34377018894565853,False,261.1443,-1.357503586593367,-0.6759658970642586,False,25.1849,-1.4368824359143368,0.7472691910136516,False,25.3047,1.119099671213087,0.7811,False,25.5215,-1.4947508708136878,0.5071089370034301,False,b'VFID3750',2697.1120494521438,9.387687087019932,-0.5134044873278742,0.5433179826994998,0.6398773962283755,2.15163536920166,1.6026273549169918,False,False,False,False,True,1.0260766679156204,1.059145897541586,0.9353690651837043,0.5985215219423184,0.9158,0.8849,1.3549,1.1056
330.0534,1.341819043240006,-0.1887449870838849,False,334.4993,1.4286550728542695,-0.012637954822730077,False,31.7947,1.0168864734486298,0.148974755767759,False,31.7701,11.16515723956429,1.9255,False,29.3782,-0.1739456319524402,0.22810262442222656,False,b'VFID3753',3178.9002606431177,8.805347926411018,-0.9425770969755322,0.5793250050224227,0.5916165334769986,1.7058184086914068,-1.0090398678515644,False,False,False,False,True,5.600464135405967,5.555098044308176,3.827121172957322,2.2641881615414357,0.9798,1.1586,1.1236,0.9248
736.8143,1.6173707909448758,-0.8105413826763421,False,746.3403,2.263759902525763,0.08769736417178654,False,70.9357,1.7404801931692198,-0.14771513494864338,False,70.7724,5.2623565203525855,0.8272,False,69.1354,1.6598220059332347,1.7114038835652174,False,b'VFID3755',3415.0424808229345,9.136062816479095,-0.6144400399023485,0.6432829698150929,0.9779650543642604,1.6986555430297852,0.8280449953540039,False,False,True,False,False,6.065349588338227,6.902685102570341,4.679872080424398,4.576751353550032,0.7231,1.2,1.0089,1.886
527.3188,1.1245530015627452,-0.7010548338614645,False,526.6005,1.26253933571412,-0.5191616666549532,False,50.7198,1.673228108451868,-0.7361802625683601,False,50.6536,4.993420762713944,0.7704,False,51.1537,0.742136722333635,-0.41092676739124884,False,b'VFID3774',2818.6470649544826,9.515624599179061,-1.3824546498362817,-0.4279302266639151,0.743261143122061,2.5755389295654307,-0.9937456925610348,False,False,False,False,True,5.233912941181233,5.287041376941273,4.600615897418941,3.4194590309811286,0.7683,0.9496,0.7814,0.5107
629.1374,0.5199937452404251,-0.7490157556874505,False,629.0121,0.3596214555276771,-0.758851595364077,False,60.1019,0.26173569248781114,-0.6024499456543411,False,0.0,0.0,0.0,False,60.0395,0.15713737084452836,-0.8482629896562549,False,b'VFID3777',2785.7082413156836,9.44989912961645,-1.7412089023054316,-0.7341821715254842,0.913024161853662,2.8059209804687484,0.3480115603125,False,False,False,True,False,4.213956413811236,3.8300261534855573,2.9371804559656542,2.681716724020998,0.7485,0.8507,0.8331,0.2273
710.8259,1.011557598761021,-0.21006095233987884,False,711.3039,0.8140814478026769,-0.21524743955561956,False,68.0505,0.5061849385371003,0.7320078975940633,False,68.0558,2.902585052886321,0.825,False,67.9256,0.11578281260652404,0.5836504917823444,False,b'VFID3781',2046.1419806880208,9.195688477483472,-1.403779746289341,-0.19368644262329537,0.8153024951708214,2.3347919039306646,-0.4994903403588875,False,False,False,False,True,5.043277536222724,4.5633764854775585,3.225262442745013,2.6295645171507473,0.971,1.075,1.349,1.1552
280.2766,-1.0063908348865251,0.4342625428981175,False,279.9979,-1.051381793715356,0.4631065649507883,False,27.038,-1.1926550286300786,0.836767623609881,False,0.0,0.0,0.0,False,27.154,-1.0758225496718303,0.23550987165889573,False,b'VFID3794',3050.9098624362714,9.906483432159723,-0.6518615197500679,-0.009559904826210497,0.9212241046151081,2.652795659790039,0.9617365040649428,False,False,False,False,True,1.6387813594285394,1.5531267148920191,1.223189616294074,1.126831759045006,1.237,1.3549,1.3895,0.9296
245.8077,-0.5382603714809835,0.28117515605961585,False,245.8307,-0.6299940310956962,-0.17792463973640293,False,23.645,-0.073341035795982,1.0067111791466523,False,23.7348,2.587595380181348,0.7577,False,22.441,0.2685290999500069,-0.8217203537248571,False,b'VFID3812',2825.1441502474086,8.509010187684295,-1.3514349648542447,0.4071853411809423,1.1100967025046549,1.80657118359375,0.426086207036132,False,False,False,True,False,2.4285678308421192,2.233109245515967,2.5422945188330894,2.822192762152271,1.1738,1.0904,1.4552,0.2445
198.7139,-0.770057131525533,0.9921110427225929,False,199.1674,-0.8925774321721727,0.5459922632506066,False,19.0563,-1.0895085845035517,0.3070196757570548,False,18.933,1.5462515014648244,0.7531,False,19.1754,-0.5158353891419656,-1.0990291721476573,False,b'VFID3818',3073.4536222422366,8.609847488248256,-1.187336833456433,0.4907334056449031,1.3631047971999175,1.8986147390136736,0.19916352079834,False,False,True,False,False,2.0375017509529934,1.8093852046140368,1.344747088994172,1.8330312080285802,1.4673,1.3891,1.1847,0.0648
596.7631,0.013419466268269743,-1.0028695237361047,False,597.4788,0.2000688856311704,-0.9973297448582912,False,57.58,0.6938721047801921,-0.9438890526688581,False,57.5192,3.5069666770979318,0.6077,False,57.8438,0.43828272500449833,-1.022641935019507,False,b'VFID3822',2192.480633564327,9.757370732805219,-0.6729980480002643,0.0884166118634836,0.880984309275751,2.6438305461425795,0.5584839334423819,True,False,False,True,False,3.3593110882586825,3.572560299301022,3.446450655096445,3.0362689498331004,0.6437,0.7523,0.7011,0.1143
566.6513,0.21475324016240827,-0.9086432682294956,False,567.5806,0.1367764865431498,-0.9197758751040751,False,54.2796,0.049362382842173896,-0.18754969743367003,False,54.2746,2.8114559778835573,1.1126,False,54.1815,0.012910418469112195,0.12378389250580314,False,b'VFID3901',2876.9728659646735,9.987790821370613,-2.8284342117422945,-2.251081932099379,0.930377915388622,5.43541863232422,0.08903005615722748,False,True,False,False,False,3.698982832121419,3.470426992359267,2.686899770013827,2.499832206883632,0.6826,0.7843,0.9935,0.8572
553.6241,0.8172224510937518,-0.6581806764715676,False,555.3318,0.7446458103351649,-0.571995240425013,False,53.0309,0.6193649404699625,-0.3900851677309177,False,53.0693,3.666572942591191,0.6902,False,54.7098,0.8256231003005443,0.34908766262115576,False,b'VFID3906',3140.044232782422,8.958310842037745,-1.229391967882096,0.17032148940581493,1.0494542514485918,2.129466946838379,-0.06248589907959001,False,False,False,False,True,4.715413227988617,4.451329993697346,3.3586444038165406,3.5247436486892902,0.786,0.9278,0.9152,1.0032
223.9605,-1.3190708965133155,0.4800434228229223,False,224.0889,-1.2920980007063803,0.2401391894074172,False,21.3915,-1.3694944375211726,1.71881865006405,False,21.2984,1.2569371676309058,0.8941,False,21.0858,-1.4866569764384856,1.4448973006958936,False,b'VFID3909',2636.921069126377,8.817696497480505,-2.1613453584131563,-0.6493074457639989,0.5998595505617977,3.098015781677246,0.4276054211352527,False,False,False,False,True,1.1112564452046378,1.1646891993496111,1.0147854216500793,0.608728726947681,1.2559,1.2629,1.7305,1.7133
326.3378,-0.7351148349955983,-1.0101363300733752,False,326.2779,-0.6954546191458861,-1.116326463762416,False,31.5053,-0.6204277989034374,-1.1803097676773948,False,62.905,0.005983715984397132,4.7805,False,31.5602,-0.5954851360546503,-0.9459460625898288,False,b'VFID3912',3321.2007761378277,9.635227263788465,-1.3688346000368319,-0.5098502457266174,0.9130613017154391,3.2530026907348653,0.21487949550781238,False,False,False,False,True,2.0964531656477403,2.127477188140167,1.8975560129720181,1.7325849632821897,0.6407,0.7032,0.6097,0.164
305.8068,-1.5907958951904002,-0.4266117811905435,False,305.5865,-1.5892084570702076,-0.4382148150989904,False,29.2346,-1.6745857107339344,-1.6717751489861694,False,31.0906,0.004436206680801571,0.8314,False,42.4192,-0.8091018156479718,-1.10736232528891,False,b'VFID3922',2619.4377195390007,8.062839772991715,-2.0586237880351406,0.056402893085374384,2.233074042062806,2.097749901245116,-0.4338802260449235,False,False,False,False,True,0.6528271297124685,0.6852497425957107,0.6552371654920108,1.46319310565502,0.8816,0.983,0.4197,0.0594
456.0392,0.4576261463707873,-1.1036359049462576,False,444.2792,0.25451639089477696,-0.8553092208708832,False,43.6681,0.9216368217461013,-0.6089165954084037,False,0.0,0.0,0.0,False,44.1267,0.4481739540197785,-0.1834625501652013,False,b'VFID3924',2540.38178003537,10.318619786995237,-0.1504523605486181,0.16262970186632764,0.8206862563913017,2.9985132855834973,1.1947604941064451,False,False,False,False,True,4.108735562590714,3.6604208299086105,3.7148700232975123,3.048742772400303,0.6021,0.8109,0.8306,0.6581
518.6767,-0.6184148285411135,0.13172117238975017,False,519.0754,-0.5703973243480809,-0.274866976929173,False,49.5397,-0.456179010400284,-0.0419207449721752,False,49.5297,2.1130752065571166,0.7933,False,49.6794,-0.9181338581008649,-1.0069015346415853,False,b'VFID3929',2054.7678293967347,9.789930356221893,-1.4369510508329044,-0.7015454157138288,0.6339623977622774,3.4567492360839847,0.10550920005859332,True,False,False,True,False,2.293338635653533,2.3292789093409554,2.0911222361566475,1.3256928668478833,1.1121,1.0504,1.0498,0.1245
489.8968,2.120120089466824,0.28892641615270476,False,490.11,2.2920256909405112,0.6300897407653344,False,46.9857,2.537426551836862,1.0576683792086674,False,47.0393,5.240141328750556,1.0702,False,46.6343,1.212089974465111,-0.2890158232877363,False,b'VFID3937',3227.7433070565257,9.555981000006415,-0.5215457838658489,0.4007414535660011,0.7140181112548513,1.974995367309571,-0.25917559779541044,False,False,False,False,True,6.913541760231396,6.94829687405809,5.619068637877709,4.012116775828812,1.177,1.4238,1.4749,0.5897
663.1504,0.8808182819644599,-0.477237198673529,False,664.5197,0.9699779917125693,-0.027179305401645582,False,63.5269,0.9711510443102707,0.6406988030666965,False,63.5,3.6686291133984517,1.0677,False,63.5965,0.3861812255106004,0.757103531241013,False,b'VFID3945',2539.5167549189937,9.878281010343462,-0.3283298066251945,0.3365002472026324,0.7872750642673522,2.469754499023436,0.7856228630175792,False,False,False,True,False,4.822706238775825,4.8149427051142135,3.7732222409486362,2.97056378223784,0.8607,1.1526,1.3137,1.2676
550.0242,-0.07013641189521799,-0.4537411915163541,False,550.2781,0.02742371468074827,-0.6035015000126632,False,52.5471,0.30884760212169426,-0.6174525730837666,False,52.5715,3.203496849361315,0.7376,False,52.2812,-0.2011670655786359,-0.7772768703048425,False,b'VFID3982',2984.688341976487,9.313992168052009,-1.3399424326822134,-0.22435156155374436,0.745099096185291,2.4746504207153333,0.39575308371093776,False,True,False,False,False,3.2183433296118036,3.293967253520449,2.9927015620751902,2.2298592290545325,0.8704,0.9148,0.8273,0.2733
237.8313,-1.4206443450828161,3.4868056583076004,False,237.9716,-1.347682204374221,2.3958944127316393,False,23.0321,-1.4156477278221578,2.1947640719630743,False,23.0486,1.3823254973031527,0.7822,False,23.0077,-1.3102795720369327,-0.5004310048343341,False,b'VFID3984',3373.9917589354027,9.338039813987088,-0.6569767883258343,0.43940452960318666,0.865434521172226,2.0966282743530282,0.923716023625488,False,True,False,False,False,0.9398911062531353,1.074994407935154,0.9603940427393366,0.8311581585147763,2.4972,2.1524,1.9145,0.4527
517.5973,-0.310808743074323,-0.9178478895900385,False,517.9595,-0.38181980406659427,-0.9815766150644659,False,49.6209,-0.31788991393498484,-0.7222122990995843,False,49.7215,2.359191238902103,0.6693,False,48.9457,-0.23595295289826967,-0.8269671538508312,False,b'VFID4015',2381.892011119582,9.136715231362386,-1.5467256406484327,-0.2895237879058785,0.9697863915013516,2.7626354858398443,-0.3994104173583999,False,False,False,False,True,2.8123032060401836,2.633581575043976,2.2540951162268645,2.185990768866471,0.6788,0.7588,0.7868,0.2411
420.1925,-0.5786032829666143,-0.8151436933566135,False,420.5113,-0.5882727827151706,-0.7467338032149807,False,40.5,-0.5216934545743716,-0.7315242747454348,False,40.4986,2.1137261953534443,0.6641,False,40.5703,-0.43737825286823795,-0.7726473407819242,False,b'VFID4016',2275.1469069933523,9.195468504222791,-1.0162083933728236,0.19406062761977094,0.9593128574627017,2.3193322143554713,0.08550483459472602,True,False,False,False,False,2.3605049975093,2.300433744638136,2.0139138522264677,1.9319734522630903,0.7212,0.8557,0.7832,0.2763
635.1343,1.154346600422557,-0.3982712364751882,False,634.5824,1.0582024068441847,-0.080739946700651,False,60.6793,1.4670331353998693,1.0504257314841168,False,60.7868,4.397466227608234,0.9424,False,61.2976,1.5669110782402769,0.1640607993551915,False,b'VFID4027',3510.836957663095,9.510562160695828,-0.665079215689817,0.2934891451563294,1.0233992829252008,2.0925381347656256,0.1602028104858384,False,False,False,False,True,5.2841779488097105,4.957308161317935,4.357616344502509,4.459581442227002,0.8933,1.1305,1.4721,0.8833
536.2623,-0.3111496004252434,-0.7548292007572672,False,535.812,-0.33156787521473496,-0.7409172629834146,False,51.002,-0.3957790949238391,-0.18729103144350753,False,51.0037,2.256821708594248,0.8599,False,50.9129,-0.21260766868213365,-0.3755880253663067,False,b'VFID4029',2129.121352231205,10.275509751368947,0.4256030186720776,0.7731219039273556,1.0245702425091807,3.137728877746582,1.7076681640698226,False,False,True,False,False,2.8117281430065146,2.714671812541603,2.162303178348022,2.2154314918184053,0.7461,0.8581,0.9936,0.5336
246.0362,-0.9145678334264676,0.11403861030239142,False,246.2259,-0.9284872817815315,-0.13939006070227683,False,23.4381,-0.9471791391824798,-0.10244858667020344,False,23.3985,1.9649372555447275,0.8293,False,22.5127,-0.9421173374361831,-1.0570547711398657,False,b'VFID4030',2907.6180766695948,8.69517767850392,-1.6098882524987217,1.918872791106807e-05,0.8565045719035744,2.007027460998536,-2.21240960477051,False,False,False,True,False,1.7936966447747915,1.7514384093395459,1.5124814962299014,1.2954473164404694,1.1048,1.1063,1.0264,0.092
453.9821,1.0864877768026688,2.0622693893246478,False,454.2558,0.823691357191412,1.705664971919117,False,43.6946,0.9994292020821807,2.2247693268219253,False,43.7869,3.115938445263985,1.0944,False,43.9638,-0.1732836486206821,1.1154291163148817,False,b'VFID4033',2906.7699471688184,9.063320951937529,-1.1817189619346418,0.134111137371137,0.5950333631423265,2.1158801166381824,-0.7269572773535149,False,False,False,False,True,5.169692810476383,4.578883747635802,3.806547882181129,2.2650229882965376,1.9091,1.8676,1.9261,1.4998
187.6984,-1.281272352354271,-0.9042831844271332,False,187.777,-1.2577611580798902,-1.0273818693880497,False,17.957,-1.2427129409121815,-0.7061750077095085,False,17.9753,1.403249838159909,0.6455,False,18.0825,-1.2781443179874001,-0.7305186221233686,False,b'VFID4045',2850.3552381721574,9.340321145910378,-1.018030868923378,0.07652809320980425,0.74874283193648,2.405917149780274,0.7633637853686537,False,True,False,False,False,1.1750266570356944,1.2200976739518292,1.1641966635346803,0.8716839067859578,0.6844,0.7399,0.793,0.3036
421.9822,0.614221844321382,-0.39972459774264213,False,421.9375,0.6901916613157297,-0.3601762336588103,False,40.4319,1.1054775636908976,-0.5419221039563128,False,40.381,3.8058120608126056,0.7435,False,39.7463,0.8491756477908933,-0.8613799899711897,False,b'VFID4049',3333.7710113525804,9.480656324954063,-1.4476567030470247,-0.4651991954541945,0.9040882424835003,3.0895523258666984,-0.7878796848461924,False,False,True,False,False,4.372929357677716,4.363458742232861,3.9315252474243625,3.5544457512234016,0.8927,1.0152,0.8565,0.2188
320.764,-0.6641035999089546,-0.9062209994504054,False,320.9946,-0.6746462979351064,-0.9372254957987737,False,30.8367,-0.5266354458755964,-0.3443012874721531,False,30.7834,2.230780645503974,0.8625,False,30.6013,-0.617622129312655,-0.23747372793258034,False,b'VFID4078',2652.9796610489357,8.896287967196582,-1.576963838161485,-0.12770575113889993,0.8489003141959439,2.080073882385255,-0.1523574916406254,False,False,True,False,False,2.2162567613842885,2.1610550377364137,2.0080897447861195,1.7046680152825895,0.6836,0.7771,0.9329,0.6231
259.5022,-1.0327367107290961,-0.6295979048783034,False,258.23,-1.0135464232091074,-0.5770847131276334,False,25.2738,-0.9876335975337286,-0.7356629305880351,False,25.2828,1.654685003559203,0.6822,False,25.2958,-1.0129998590652587,-0.20969655079507113,False,b'VFID4087',2572.3779608817704,9.284554638132827,-0.9376585211405152,0.20144740832545105,0.8233563247484654,2.3563646539306635,0.5464796919921877,False,False,True,False,False,1.594333031570032,1.6141806734217898,1.464806156975385,1.2060574138761768,0.7978,0.9257,0.7816,0.6411
544.6112,-0.36029243200570643,0.7651444581218398,False,545.0942,-0.43189125764679,1.2747562830972547,False,52.107,-0.6072847523030444,0.9547193151239871,False,52.1222,2.105498315149521,1.4792,False,52.0965,-0.15646992238339405,1.0827137743529263,False,b'VFID4094',2191.164084317006,10.004579081758232,0.0674351746474802,0.6313767869047897,1.1950721228254813,2.2182671869506834,1.671789851333008,False,True,False,True,False,2.7288188974366903,2.5527825658230743,1.9130450154466319,2.2862267676705117,1.3736,1.6898,1.4351,1.4786
544.1335,-0.29114397639369627,1.1977616620673517,False,544.2548,-0.2059618325000584,1.071662086678402,False,51.8625,-0.2888702116439644,0.4759285673331755,False,51.7592,2.4007932758715373,0.8888,False,51.2833,-0.8244403035760174,1.3308565567813417,False,b'VFID4099',3262.3412847045092,9.597153125622281,-0.5300086360839158,0.3593898046861943,0.6309719510942156,2.371571909606933,1.0163220885546878,False,True,False,False,False,2.8454797837294015,2.9173590340589386,2.2882946632774495,1.4438497483666535,1.5522,1.606,1.25,1.6394
286.028,-0.3716832363644622,-0.0024725179718477898,False,286.7015,-0.45396901825949404,0.3094529605002481,False,27.6141,-0.5004015732399449,0.4379046667792863,False,27.4337,0.005685602033652365,5.1662,False,28.0627,0.1623683007872929,-0.8845276375857808,False,b'VFID4111',3187.611773676245,9.053809344447956,-0.9660164067341509,0.35741168077290564,1.3184429923388914,1.9161857397460924,0.47935865126953026,False,False,False,False,True,2.7096013846185367,2.517156254706189,2.0390062081090266,2.6883134464168412,1.0567,1.2915,1.2353,0.2038
342.3968,-1.0935066875581907,0.1343856680467491,False,341.9565,-1.028827596717538,-0.24505720824239627,False,32.9238,-0.9188277221707144,0.005932463207889596,False,32.9246,1.585291698092744,0.7523,False,33.2314,-0.7899995222070764,-0.8694045078109146,False,b'VFID4238',2078.6677393179166,9.108298271209009,-0.9182535953176859,0.36164807217208217,0.9620863413925094,1.8919037373657233,-0.07219234154540999,False,False,False,False,True,1.4918075406661058,1.5895218390774593,1.5458934730421048,1.4872829956616382,1.1132,1.0627,1.0683,0.2136
455.8274,-0.4029977957350718,0.5757230395969858,False,454.3555,-0.24027402723344296,0.8455440851762656,False,44.0583,-0.24674253186658532,0.32279830115696806,False,44.2226,2.306269115359067,1.0847,False,44.9496,-0.3022999614824334,-0.3985813553301336,False,b'VFID4250',2573.887048859588,10.306940758707034,0.24778865790356092,0.5702000707183661,0.8992185020628373,2.4019325450439446,1.5111994953320327,False,False,True,False,False,2.6567703529243665,2.861990333124148,2.3379418840597337,2.102320598894161,1.2954,1.5127,1.1908,0.5187
280.253,-0.8165281780696461,0.5299421596721805,False,280.0062,-0.7757651355364525,0.025411912525431707,False,26.9141,-0.8312201291246878,-0.5160555049400615,False,26.8872,1.7837773465675404,0.6075,False,27.752,-0.43505557456420524,-1.1059734664320346,False,b'VFID4252',2772.90994839539,8.77446798492933,-2.3094392821600778,-0.7628699058563662,1.1732808239927295,2.8057422934570315,-0.798148906430665,True,False,False,False,False,1.9591000942738463,1.9978821855907845,1.649138501895939,1.9349025803826028,1.2765,1.1743,0.8665,0.0603
901.3704,1.6977702353879158,0.660017993109325,False,904.0237,1.618012889112811,0.8457864410192475,False,85.9598,1.278665339742757,0.9552366471043121,False,85.9602,4.481922316538564,1.1423,False,85.1426,0.9356166569005705,0.23566418930965966,False,b'VFID4263',2143.7457606859252,9.600294247573363,-1.0633980982985083,-0.1765088240966417,0.8858287571444581,2.6944007506103507,-0.21897568525878874,False,False,True,False,False,6.200992103607036,5.860659853441976,4.135626014423081,3.663456452370687,1.3302,1.5128,1.4353,0.9297
596.3629,-0.230510660239558,-0.27715779752067754,False,596.2113,-0.21257031589515255,-0.5400042691513989,False,57.0816,-0.12675357254883873,0.1290574745252454,False,57.0603,2.7105274493544624,0.8679,False,57.6138,-0.7183569091473541,-0.60366951319541,False,b'VFID4268',2508.086703028175,9.394368649779594,-1.8260888501464427,-0.7747036940346874,0.6363089596850623,3.7120035015869153,-0.716890351452637,True,False,False,False,False,2.9477747133674157,2.9066950953753694,2.4793481610292862,1.5776314490416172,0.9433,0.941,1.1159,0.3858
266.7948,-0.8498527833057361,2.8889897236281366,False,267.0057,-0.7546127435568722,2.145540826931311,False,25.4754,-0.8939220253189276,2.950068763237612,False,0.0,0.0,0.0,False,25.5829,-1.4687072878521066,1.623597140280536,False,b'VFID4299',2476.556661442951,9.078586182027784,-0.8301520784471847,0.47348396867102327,0.4008044414230682,2.034391536010741,1.0985867699365226,False,False,True,False,False,1.9028778988858448,2.032015253285033,1.575244689080384,0.631365067711518,2.2504,2.0491,2.2065,1.8291
314.657,-0.5659802138492099,-0.10130108415872825,False,316.6842,-0.6266735937129206,0.4214213599578969,False,30.4465,-0.6302524322210675,0.5912935989456563,False,30.635,2.1713977784432217,0.8728,False,30.3767,-0.4331630766407017,0.2284112597237546,False,b'VFID4305',3122.797016224051,9.425283140235523,-0.42423241956256824,0.6024578641009559,1.0272068255720295,1.8034476992187507,0.7998562625463865,False,False,False,False,True,2.381801473590174,2.238467349415999,1.8859777408715146,1.937289208300136,1.0159,1.3377,1.2946,0.925
623.3499,-0.39503964941669395,1.4290883304704667,False,623.83,-0.3278851482063755,1.318865046519965,False,59.4533,-0.3226294271760794,1.8437543233125437,False,59.3799,2.2125204675823755,0.9522,False,58.8749,-0.7251998951312894,0.36467374534831365,False,b'VFID4321',2050.864261819361,9.166093340997543,-0.7028436719410875,0.5308905881123811,0.6977963288580677,1.7713080906372074,0.5922674649951176,True,False,False,True,False,2.670196602209792,2.720614533837479,2.2485096279795975,1.5690017638061828,1.6477,1.708,1.7788,1.0133
751.1909,1.7439065521337573,0.35020981626368675,False,750.7612,1.5149993594551137,0.43862862480961384,False,71.7968,1.0907811691066491,0.1262121486334581,False,71.7915,4.197452164549984,0.8577,False,71.8782,0.7802206442580422,-0.02621286403674646,False,b'VFID4334',3035.5881421357485,9.953005058279215,-1.3403783066790504,-0.7352387347376883,0.8858723749109251,3.3152944443359367,0.6997364803247059,False,True,False,False,False,6.278829035093273,5.694429585743457,3.9142056335628004,3.4674866404939997,1.2023,1.3448,1.1148,0.76
585.4072,1.0135716026108201,0.856948444849359,False,585.0717,0.5452380492874557,0.914857856269096,False,56.1165,-0.25717098626164125,2.048876453511417,False,56.1108,2.6210647648772682,0.9115,False,56.057,-0.43272836073093957,0.5680644090551865,False,b'VFID4336',3609.1976125424294,9.633227269079944,-0.5101716863286185,0.3504102881750937,0.8332447923947995,2.2497137721557596,1.1024510199902355,False,False,True,False,False,5.046675377462054,4.129550848663981,2.325652012400404,1.937837428255122,1.4115,1.5413,1.8581,1.1451
358.2227,-0.18034215622765035,-0.719221849704641,False,357.677,0.007893598798335387,-0.4190687035034183,False,34.299,0.19891034610307354,-1.3843972339156174,False,34.4302,2.7641568579480187,0.4749,False,34.6373,-0.5804904655877657,-0.0792981358995418,False,b'VFID4344',2814.5609730892465,8.593227891010587,-1.2646183151942705,0.42672786110908123,0.6117388686196026,1.5484265689697256,-1.261012514902344,False,False,False,False,True,3.0324143787107447,3.2624520107935533,2.8631411578327106,1.7514947325908012,0.7608,0.9909,0.5308,0.7256
781.8494,0.5260672870053559,2.8872941354827732,False,782.2811,0.2875410476721859,2.1506302996339315,False,74.6261,0.1821116455446759,0.4379046667792863,False,74.6318,2.972407033199275,1.3264,False,74.607,1.0165425894271818,-0.8183253654080505,False,b'VFID4350',2553.8371400660144,10.16146872200693,-1.1250067939361315,-0.6863905419629801,1.3243251990420093,3.78374642602539,-0.4151521485498044,False,False,False,False,True,4.224203132396077,3.7137118641543263,2.843343988848197,3.7655120939762896,2.2497,2.0512,1.2353,0.2467
528.0359,-0.2354987485918247,-0.15725549295571215,False,528.2419,-0.24159055174760707,-0.28456121064844997,False,50.1099,-0.3432109797854944,-1.001830234465261,False,49.9073,0.008291048230954966,19.995,False,49.8598,-0.417882266698773,-1.0444007237772226,False,b'VFID4383',2359.9292832410447,9.966742115491597,-0.5871967353336378,0.006969507574291933,0.8796475063559727,3.444143649719237,1.5704432610156243,False,True,False,False,False,2.9393592715049555,2.8598658915760486,2.2242543902869083,1.9565598279172036,0.9928,1.0464,0.6787,0.1002
267.3217,-0.3978148904823392,-1.040414689812003,False,268.7094,-0.3487917406528444,-1.2028474997069634,False,25.505,-0.2597044010401636,-1.0486487786846759,False,25.137,2.6943232142042115,0.6443,False,25.3178,-0.896459885387691,-1.0771160657391778,False,b'VFID4392',3222.6892764041922,8.807057383046125,-1.7153781354371633,-0.19484156827213472,0.5825313101517385,2.4322423361206056,0.03840127004394489,False,True,False,False,False,2.6655144718638777,2.6868781064906204,2.3226663981081606,1.3530258999353664,0.6282,0.6675,0.6606,0.079
517.9483,0.7442771451101243,-1.1571680449641513,False,518.8475,0.773166740310425,-1.1662517674166928,False,49.3204,0.9694979889531888,-1.1125392782548165,False,49.311,4.045374131971615,0.6339,False,49.24,0.8790708732215186,-0.523732970099689,False,b'VFID4393',3228.016648138371,10.237333835853192,-0.6676127926347414,-0.2895985199300094,0.9525021204410518,3.610485722900391,1.0404907066503917,False,True,False,False,False,4.592346646506428,4.497353480520409,3.7712741250136483,3.592146600839973,0.58,0.6826,0.6359,0.4376
150.9514,-1.4343529298800364,1.3556935864640334,False,151.006,-1.4752997680429085,0.8162190281754527,False,14.511,-1.6416099051767528,0.09465489783363153,False,14.4108,0.9643185095286902,0.7161,False,14.1959,-1.5182102508020816,0.8379659802413176,False,b'VFID4396',2262.8638795160914,8.690643631749044,-1.8249580642465546,-0.2114287711105194,0.8196769456681351,2.545851764038087,0.42694166017333934,False,False,False,False,True,0.9167632483984949,0.8690612470953086,0.6940989567803639,0.5689369128851678,1.6174,1.5006,1.1026,1.32
558.8863,0.8701051495188168,-1.5185705468044104,False,563.4274,1.0080295840930031,-1.2152076476990417,False,53.8277,1.5090399578508689,-1.0383021390781753,False,53.7111,4.549751765445774,0.7568,False,51.6924,1.4600322812605009,-0.5425597234928897,False,b'VFID4445',2085.502694104731,10.290258823533952,-0.5315495866326739,-0.19581244031188738,0.9813201241346382,2.9897884035644537,0.9798386083715833,False,True,False,True,False,4.804632031405345,4.876345575288382,4.407121135642392,4.32479665990498,0.4308,0.6624,0.6646,0.4254
618.5981,-0.08516809606844625,0.7259037039005785,False,618.6353,0.11974301455570016,0.4318426612061202,False,58.9332,0.6691933844660793,1.5662057158681675,False,58.9449,3.481771234352253,1.1323,False,58.665,-0.9973361883677163,0.9160507115278712,False,b'VFID4453',2954.293815876401,9.657522728660293,-1.5891376222237907,-0.7479631574852226,0.3587003924989097,3.1361890848999003,-0.8505128728710929,False,True,False,False,False,3.192983260719443,3.4429405192938582,3.4173669295617457,1.2258108589465921,1.3574,1.342,1.6715,1.3706
837.2773,1.2131214734557505,0.8048696660989193,False,837.0291,1.1723885554884987,1.0050142298583724,False,80.0427,1.1025396695974996,0.5982775806800439,False,80.0218,4.1543534888835545,1.4028,False,80.2383,1.3226017422933332,0.42794398216152896,False,b'VFID4496',2611.775032488303,10.297799349062808,-1.0721402110929157,-0.7424265286358844,1.0568779424272554,3.4962357901000978,0.4063650609374996,False,True,False,False,False,5.383337484899234,5.141567395223226,3.9280629566582754,4.15148309535772,1.39,1.5785,1.2973,1.0543
329.2875,-0.38570529858064984,-0.476026064283984,False,328.1527,-0.2564007345403917,-0.16580684758730696,False,31.7604,-0.25069653932346175,-0.712900323453734,False,31.7023,2.866305531764243,0.8689,False,31.5461,-0.3123111604790357,0.9475315122837149,False,b'VFID4503',2254.089417862928,8.799698591793067,-1.1379291400509357,0.38848571941932986,0.8956034392731577,1.9400631276245104,0.4081584737622066,False,False,True,False,False,2.685944656622028,2.83596708276434,2.3332821097207788,2.0896954822604585,0.8612,1.0954,0.7904,1.391
634.856,-0.12440761364424782,1.5303391654364376,False,635.3063,-0.11652498104982939,1.0466994348512633,False,60.5139,-0.0060518285280800515,1.5522377523993915,False,60.4743,2.55670561216566,1.2997,False,60.4859,-1.3105125749519269,2.004761737667468,False,b'VFID4513',2154.060443683492,9.655165369207797,-2.9456273776842004,-2.1025698254311536,0.3169309114594899,4.1103532967529315,-0.2602926129785157,True,False,False,True,False,3.126781971658457,3.061680967382513,2.621594450544217,0.8308643186881192,1.6895,1.5957,1.6661,2.0761
641.3786,0.4265859559279938,-0.8272550372520646,False,640.1226,0.49826643262253334,-0.5140721939523328,False,61.4795,0.6665509300799886,-0.5685647009430518,False,61.4804,3.723437987596793,0.7707,False,62.0819,0.6628014515566314,-0.18624026787895226,False,b'VFID4541',3082.0777780876792,9.586375220929629,-0.9507666958583803,-0.05275873321943414,0.9722213186741697,2.5742294459228514,0.538095899162597,False,False,False,False,True,4.05636742080503,4.053753966075958,3.414252812738635,3.319409371887749,0.7162,0.9517,0.8462,0.6563
717.4808,2.013792484830544,2.5164447854040626,False,717.8914,1.704691441314628,1.9337218201651085,False,68.4928,1.2254933588157033,1.4350620588557736,False,68.3812,3.924170569746734,1.1172,False,67.4253,0.6697711479156131,0.7836461671724105,False,b'VFID4571',2471.1493238629955,9.495937952491214,-1.174900129392748,-0.20464977246828453,0.8171443562668066,2.5920761634521483,-0.057666824116211046,False,False,True,False,False,6.734155648358568,6.000530790629608,4.072963150233386,3.328198851495886,2.0966,1.9617,1.6208,1.2848
678.6677,0.5507303809210116,0.8419303784189996,False,678.2581,0.48351554118100293,0.5622301047303954,False,64.8607,0.43400290488141857,0.11612417501712004,False,64.8128,3.4636955476256963,0.8861,False,65.0151,0.4378585220481153,-0.5653987358059528,False,b'VFID4613',2472.5274975021875,9.484995805188522,-0.380458194271118,0.5985328835245165,0.9667338137661011,1.9134155805053723,0.9256829085351566,False,True,False,False,False,4.265812426044872,4.029950834183815,3.140196344152463,3.035733987756878,1.4053,1.3958,1.1109,0.4106
165.2231,-1.5237907819324021,3.4017840241615342,False,165.5819,-1.5347529889102862,1.2371911274350562,False,16.0231,-1.6719885484137627,-0.017088809916574393,False,16.0214,0.46320624562919366,4.4173,False,15.8808,-1.393505734740304,2.7109193075632576,False,b'VFID4614',2089.2078783532465,8.269703798263295,-1.3683821148242705,0.5813990570586958,1.1031505517754017,1.522715099365234,0.46914595357177724,False,False,True,False,False,0.7658719667899847,0.7731231227230702,0.6582979058840376,0.7262016981085676,2.4621,1.6743,1.0594,2.5337
454.6749,-0.22895870396441917,-0.04195549907101818,False,455.1389,-0.4159926051482075,-0.021362765170079488,False,43.5236,-0.770843992690088,0.5918109309259812,False,42.79,0.007673466717576969,1.5341,False,43.3851,-0.8296268954338615,0.7435235779737861,False,b'VFID4644',3462.666468739013,9.952527699932258,0.2579381044090671,0.8634589960266188,0.835503173164098,2.5585606325073247,1.6719796051586915,False,False,True,False,False,2.950393030623279,2.5784378100387317,1.7202914206275193,1.4373089407012662,1.0404,1.155,1.2948,1.2588
282.8411,-0.22944965370210288,-0.24857502592741326,False,283.0209,-0.2740437227250946,-0.14859958273559004,False,26.9888,-0.25243810248114945,-0.505191533353236,False,26.9768,2.6245008508858474,0.7186,False,26.783,0.2732405083290737,0.430567382224516,False,b'VFID4654',3605.253157529546,9.341658198665602,-0.8963460160332382,0.19714489203339358,1.2131512956255224,2.354749229248048,-0.19008466704833893,False,True,False,False,False,2.949564745580375,2.807497049180496,2.3312296878676664,2.828134316237342,0.9551,1.1025,0.8707,1.056
656.5779,1.4558174770397205,-0.730606512966365,False,656.1759,1.3907569199144536,-0.6747541178493491,False,62.6088,1.1518641863217685,-0.3430079575213404,False,62.5693,4.108175029469581,0.7759,False,62.4932,0.4558193397356194,-0.482684474996481,False,b'VFID4662',3699.762814741695,9.754597441624236,-1.1478822407557296,-0.38425224203417985,0.7672446949047674,2.9890172991333017,0.823550773227538,False,False,False,False,True,5.792791761603099,5.49394277538963,3.986191607102114,3.058384363423006,0.7561,0.8854,0.9334,0.4642
330.8651,-0.40213029154942304,1.3922698450282958,False,331.0955,-0.5318927008119497,1.2934176830068629,False,31.4383,-0.7043898814388765,1.1458734818540837,False,0.0,0.0,0.0,False,31.8605,-0.16204905121316301,-0.4288276148798659,False,b'VFID4675',2298.3208737385658,9.091143273150214,-1.3817941578928774,-0.08818886848782959,1.2671977161801269,2.291208890808104,-0.1563055300366205,False,True,False,False,False,2.6582339258453334,2.3914128241704966,1.7986071966354575,2.2791909318815926,1.6325,1.6975,1.509,0.4991
571.7067,0.940404006002047,-0.6123997965467629,False,571.8721,0.8605396225948518,-0.41373687495781597,False,54.6735,0.6911703338978694,0.45394195816936206,False,54.6808,3.5266790119329623,0.9368,False,54.3747,0.16201271074409274,0.7132773184240541,False,b'VFID4709',2552.2157120348566,9.43995533280367,-1.4976421317545672,-0.4826721746648488,0.7806148340055019,3.1654513979492176,-0.12213397158447137,True,False,False,False,False,4.923233767772589,4.638344840199018,3.4432666341342975,2.6878650120414274,0.8049,0.9931,1.2415,1.2392
421.1153,0.9937037635362902,-0.2231412037469659,False,421.9379,0.8117806018881024,-0.02354396775691711,False,40.4061,0.8283101316792414,-0.08666996127029017,False,40.4059,3.9632834221741255,0.8075,False,40.5823,1.109922221635753,-0.428518979578338,False,b'VFID4751',4158.138868296078,10.199350347191798,0.04522002774321941,0.45357597497657276,1.0772252124940254,2.3956628128662114,1.1586235896386707,False,False,False,False,True,5.01315619478991,4.559663669951446,3.6048850725213444,3.883273088263345,0.9656,1.1541,1.0325,0.4993
581.1597,0.7960251972997952,-0.41450043729509245,False,581.1407,0.6328380121299758,-0.4217346177762194,False,55.3988,0.9040250918292745,-0.16582175426001902,False,55.3679,3.861089265616703,0.7331,False,55.4543,0.9114537043197298,-0.5715714418365104,False,b'VFID4760',3812.3214447622427,9.62689899726383,-1.062719257765738,-0.19708218246586462,0.9834520201550675,2.7754885583496094,0.18668109104003783,False,False,False,False,True,4.679651179614756,4.27090864236428,3.6941147040357056,3.632984568368454,0.8866,0.9898,1.0019,0.4066
601.6858,0.7326406189695323,1.4133435834063803,False,600.4737,0.9696673665374993,1.3607926073558383,False,57.1963,1.2851965997419366,1.7700345161162276,False,57.0671,4.175042940361028,1.9173,False,56.7036,-0.13255362660331557,0.9060200642282151,False,b'VFID4778',2111.006508947762,9.900927654507914,-0.705678657774259,-0.05893901982499472,0.5590651649088021,2.7719666740722655,0.28565201845214894,True,False,False,True,False,4.572714574598028,4.814441457305529,4.143323065598918,2.3163875929395026,1.6412,1.7253,1.7503,1.3641
345.3507,-0.30843505174918723,-0.6567273152041138,False,344.7267,-0.3004102106647408,-0.7622445771658238,False,33.0181,0.0016273408857595377,-0.8569772799742535,False,33.1143,2.7098166425913996,0.6009,False,33.2451,0.03588887422621658,-1.1118375371610643,False,b'VFID4779',3184.3334149233983,9.187968426897124,-1.6574963831257323,-0.44123620878796843,0.9612893376660196,2.531324924926759,-0.32586162629394444,False,False,False,False,True,2.816307878759549,2.7649501297317487,2.630644306157632,2.5288103227011556,0.7866,0.8493,0.7347,0.0565
238.3447,-1.4924636648850593,-1.291361735325749,False,238.4063,-1.467927742295011,-1.387280296216208,False,22.9045,-1.3532376310246461,0.1474227598267841,False,22.8924,1.1462110929663496,0.6639,False,23.0764,-1.4024291262852813,2.879897135149772,False,b'VFID4780',2392.961800354838,8.17551031248636,-1.244769368531825,0.7802547099108248,0.6914769410391127,1.542401980407714,0.1168139314013672,False,True,False,False,False,0.8187241846362462,0.8809572943196432,1.0339439716963439,0.714948414754419,0.5246,0.5914,1.123,2.6432
245.1756,-1.0617955361973836,-0.28926914141612864,False,245.0148,-0.9979040375440182,-0.011910887293784382,False,23.4848,-0.6355922003581064,2.584832385128144,False,23.53,1.9836685769871274,0.9415,False,23.6576,-1.01772366695011,1.230395766134017,False,b'VFID4793',3012.270783499224,9.222927554554612,-1.2663153636098794,-0.07798096730277204,0.6384582070160243,2.350797318603515,-0.5035238101489252,False,False,False,False,True,1.5453076657285014,1.6394223864782356,1.8796848557891483,1.2001002227823137,0.9383,1.1589,2.0653,1.5743
670.7676,0.7490977093394694,-1.1363365334639752,False,667.4306,0.5753885300914526,-1.1519527726807592,False,63.2289,0.45475918787639613,-0.8060200799122387,False,63.1955,3.3414853137282856,0.7443,False,63.1369,0.6826787993965486,-0.47095633353842153,False,b'VFID4810',2338.49133963217,10.23586572940643,0.17755134546512116,0.5567383595253959,1.056821056275212,3.0652978804321283,1.4948776694165051,True,False,False,False,False,4.600479457144771,4.178203899500522,3.164657500568311,3.3444766824998746,0.5886,0.6885,0.7544,0.4718
595.4095,-0.0798683373990987,0.013998909725965443,False,595.2933,-0.22934565361855025,-0.21185445775387246,False,56.8629,-0.2725877805856505,-0.2167789543220342,False,0.0,0.0,0.0,False,56.8273,-0.07926652794201246,-0.3275952359787213,False,b'VFID4816',2426.251215012714,9.57983885956924,-1.1821803077906625,-0.27895101988677373,1.0329816053194916,2.95130987878418,0.5576088506201167,False,False,False,False,True,3.2019245239484104,2.8796251668935517,2.307483411717816,2.3835879188843663,1.0635,1.0764,0.9822,0.5647
602.8122,0.4458794947731799,-0.846390960606877,False,601.9471,0.5039866618832294,-0.651972668609048,False,57.4857,0.7784114022434543,-0.543474099897288,False,57.4378,3.784418073136279,0.778,False,57.2333,0.8394940809045786,-0.5130850521969772,False,b'VFID4827',2700.2915750219177,9.809733370735163,-0.4701815451475808,0.24940520017957524,0.9989161601887802,2.5988062098999016,0.88707592202881,False,False,False,False,True,4.088917697184757,4.062984552043278,3.546079715802311,3.5422363334325655,0.7083,0.8948,0.8559,0.4445
643.1542,0.7103137947410083,-0.9108233101306767,False,641.0468,0.6325209499861116,-0.945465594460159,False,61.1967,0.4646446399501941,0.08042826837469316,False,61.2077,3.3270468722893494,0.7613,False,61.4511,0.18857707488885725,-0.08500788897780763,False,b'VFID4880',3216.700758088516,9.70399107431025,-0.9617669806010799,-0.1577119977553766,0.8567701206050323,2.6375865156249994,0.6179189190112311,False,False,True,False,False,4.535046819338014,4.270397007385586,3.1763074472122765,2.7213653146267243,0.6817,0.7737,1.0971,0.7219
187.9007,-0.9409451083787427,-0.5617743790637775,False,187.9989,-0.9487414200867019,-0.7447949564711253,False,17.8475,-0.8006030374693535,-0.5458020938087507,False,17.7575,1.9581842721310159,0.6131,False,17.4004,-0.358304892953022,-1.1146152548748154,False,b'VFID4901',3303.657526153483,8.896036178482744,-1.9799544810025898,-0.5304952620810013,1.2055946031858158,2.7395536238403313,-0.27601145234863367,False,True,False,False,False,1.7491953432390785,1.7187548303605615,1.685220562839158,2.031692815736652,0.8258,0.8565,0.855,0.0547
410.9388,-0.4208368285712912,-1.0273344384049157,False,410.8638,-0.4323185667058767,-1.0986344872247356,False,39.3817,-0.22805360309980297,-0.6456471660114805,False,39.4753,2.474770072561844,0.6666,False,39.2244,-0.22058025287425154,-0.5232700171473972,False,b'VFID4906',2478.430931248701,9.479127684721206,-0.671058990876192,0.3126196131996438,0.9344950899699155,2.247273584228516,0.6843553401220692,False,False,True,False,False,2.626673984713987,2.552093028249534,2.359966675777958,2.2053772710071256,0.6336,0.7105,0.8164,0.4379
981.9612,1.7445399618280497,1.3024036733240485,False,983.6188,1.257126208632906,1.314987353032254,False,94.3851,0.9824856762452621,2.262793227375815,False,94.3887,4.205242594035037,2.18,False,93.9491,1.5501473586292618,2.3314522043347288,False,b'VFID4913',2448.6238078081706,10.447285343194874,-1.6109393486557135,-1.4006369035648938,1.172150246994128,3.8522693388671883,0.20866882023437583,False,False,True,False,False,6.279897665414349,5.278306353815803,3.786580037464755,4.4384407261773475,1.5954,1.7064,1.9408,2.2878
561.8926,2.038766614673446,1.6134229845592318,False,562.5741,1.7940856399795861,1.5604938219729443,False,53.4972,1.3526456517810963,1.4526513461868242,False,53.541,4.773597586397039,1.2365,False,53.1081,2.5168532545375206,3.389454017972301,False,b'VFID4930',3898.8431675765346,9.578827136984824,-0.5810619369549734,0.3229755273026791,1.3397597977243996,2.34210743017578,0.2949181022973626,False,False,False,False,True,6.7762896930899466,6.144783896257081,4.222811373425024,5.657552911488204,1.7238,1.8077,1.6276,2.9734
601.131,1.1933210114318293,0.47011212082865245,False,601.5707,1.1410378250991522,0.2980622358800973,False,57.4982,1.0998556585672998,0.13578279026947115,False,57.4999,4.417260789554769,1.0474,False,58.7886,-0.30815898463818114,0.9507721829497576,False,b'VFID4940',3168.8303522992696,9.347403380684858,-0.7971514693739515,0.2917501171458917,0.5337542001832808,2.1593607600707987,-0.19965965200683478,False,False,True,False,False,5.349931974562505,5.090977532683012,3.924899865576531,2.0949317885502667,1.2518,1.2868,1.1185,1.3931
962.879,1.9758861959474558,-1.1021825436788033,False,963.1938,1.9406309961505528,-1.1541339752675965,False,92.4124,1.7378157035312194,-1.2723948601752493,False,92.4312,4.809369329448218,0.4944,False,92.2945,1.6618584503168266,-0.9868402400422729,False,b'VFID4970',2465.4723739603896,10.492150446785303,-0.41017405408176966,-0.2357104015507615,0.9791708220544239,4.608851232788087,0.7802704306469739,False,False,False,False,True,6.670203659582689,6.3812603461682835,4.67673199518759,4.579319512256059,0.6027,0.6876,0.5741,0.1375
289.5479,-1.0221601124460733,-1.409083997989533,False,289.3003,-1.0108593621263562,-1.3237830653549438,False,27.4342,-0.9230213129558805,-1.3714639344074917,False,27.4205,1.6556795761309835,0.5236,False,27.3975,-0.632568327574897,-0.8513493426715337,False,b'VFID4983',2186.769776263517,9.241002596586306,-0.8539394365449711,0.3199563954873865,1.0940120679075476,2.2503414324951176,0.8572468603027339,False,False,True,False,False,1.6121768911145264,1.6185167143728403,1.540951351171593,1.685819374240164,0.476,0.6176,0.5358,0.2253
212.6485,-1.036179314282356,-0.014826088745207579,False,212.3709,-0.972459602101661,-0.25717500039149227,False,20.1656,-0.75165462469542,0.04706035564372922,False,20.2623,1.6302677183667489,0.6871,False,19.8325,-0.7363931998868309,2.4152466886995483,False,b'VFID4984',3014.403148950168,8.450102325516182,-1.7960235873584938,0.009653038253214508,0.8921226473887574,2.303753443786622,-0.9542806781787121,False,False,False,True,False,1.5885249888867479,1.680481413666949,1.7429059770079858,1.5548858943580526,1.0516,1.0577,1.0842,2.3421
468.2754,2.1476515116308352,-0.5394895062961476,False,468.0511,2.0800360809921163,-0.4869283395383573,False,45.0188,1.8343332344775347,-0.7961907722860632,False,44.9837,5.1966805715336415,0.6362,False,44.6742,2.47825272648476,-0.7065993862549579,False,b'VFID4987',5635.065769400177,9.910377312728544,-2.2383556542272847,-1.599164518646853,1.1708381901027871,4.3879234129638665,-0.06534479585449127,False,True,False,False,False,6.95999023232127,6.606214724964452,4.79047733301713,5.608873810318204,0.835,0.9629,0.7582,0.3191
405.9938,0.08442577698153435,-0.879818269758322,False,406.1105,0.12644771802861435,-0.9726094488741348,False,39.0517,0.21102341527540708,-0.9674276577736468,False,39.2081,3.020249398205325,0.6501,False,39.5151,0.07357883084790473,-0.4345373679581317,False,b'VFID4990',3490.8867986518067,9.047045532671431,-0.7375496156955471,0.5912814872460744,0.8953661202185793,1.616951748718261,0.4603373635644541,False,False,False,False,True,3.479106376047385,3.453759725827652,2.877416338016568,2.5763411028234464,0.6945,0.7625,0.692,0.4954
440.1721,0.3319351082873825,1.2382135506781582,False,440.289,0.1806261275159352,0.8978929472603615,False,42.0311,0.004091509720608639,1.7558078866572893,False,42.0765,2.8697826299147495,0.7634,False,41.5462,1.2192294168819011,-0.5663246417105365,False,b'VFID5002',3655.407224882323,8.786682680628909,-1.508187667081993,0.02862446115304862,1.5268830649194758,2.3846823889160156,-0.7434492238525401,False,False,False,False,True,3.896681254622712,3.541186023542948,2.633548314515915,4.02112032208158,1.5689,1.5343,1.7448,0.41
327.9872,-0.08987130101652349,-0.9292325528517622,False,324.8809,-0.004640013955299332,-0.9263194828645872,False,30.9702,0.4142912083407371,-0.9216437775148819,False,30.6704,3.244644055054069,0.6935,False,31.6504,0.12571989822694404,-0.017108122641673974,False,b'VFID5010',2951.5319334649935,9.087763689377969,-0.8081730040573064,0.4881319381303967,0.8476499189627228,1.6899288560180672,0.03915034749023505,False,False,True,False,False,3.1850484478186663,3.242226844155837,3.1169662266781537,2.6420961694532807,0.6741,0.7816,0.7097,0.7659
664.2527,0.3543922316807065,-0.7049304639080087,False,662.8748,0.2510896230370642,-0.9532209814355809,False,63.0797,0.06603781801593524,-0.613572583231329,False,76.5027,0.003556803306282892,3.8808,False,65.1046,-1.0592354901804144,2.3385508162698705,False,b'VFID5011',2437.243884057507,8.621095020866031,-1.2979758517440736,0.3711097209675893,0.42406346837127046,1.9786440633544924,-0.28194467237792864,True,False,False,False,False,3.9345688385963866,3.654891143272097,2.7065516714735636,1.1477496891311387,0.7667,0.7705,0.8288,2.2924
669.5414,-0.027606675821948767,0.5701518214050779,False,644.3513,-0.007939909550940734,0.786409259488676,False,60.924,0.22524757571937826,-0.48372225616974746,False,257.5,0.006623139335311378,6.287,False,62.2552,-0.4125923315242295,0.8205280857049922,False,b'VFID5021',3676.1062119697735,9.735195544417936,-1.6250554561714639,-0.8459269850605233,0.6783376813584147,3.7191298423461916,0.24493244095947375,False,False,False,False,True,3.290095571367452,3.2369018880062574,2.894179426744366,1.9632309617729988,1.2931,1.4883,0.879,1.3087
105.0274,-1.333810008199039,-0.21902334682251243,False,105.1123,-1.3521895372237376,-0.052384313071765685,False,10.0184,-1.4859119998981558,-0.657028469578631,False,9.9773,1.177183468223563,0.5787,False,9.948,-1.1302333288697248,3.189921295534527,False,b'VFID5022',3259.259373071635,8.758074081888445,-1.3613227795857938,0.19834224663977174,1.2058213449314152,2.2687423218383795,0.3793187643212903,False,False,False,False,True,1.086389977585004,1.0677210415271572,0.8775880147952885,1.0582143602961454,0.9673,1.1422,0.812,2.8441
621.2685,1.6953455557054955,-1.5289863025544985,False,621.7954,1.738946481676233,-1.6407845079753016,False,59.6959,2.1528549566539783,-1.1593578224742311,False,59.8404,5.3968726075416145,0.6356,False,59.7352,1.2486790346309289,-0.7565983051024745,False,b'VFID5032',2371.0229946996783,9.108052787703256,-1.1049547969082847,0.17514296580328081,0.7855931993153007,2.1057493707275388,-0.5210771706176764,True,False,False,False,False,6.196901408041625,6.0558072630333255,5.165853293630528,4.0582592161366895,0.4265,0.4868,0.6178,0.2867
271.3644,-0.21672121796870503,0.2613125520710761,False,272.057,-0.2319298407490308,0.12792843410678595,False,26.2845,-0.13990344438183522,-0.12546985979466685,False,26.3825,2.6152830519829124,0.8498,False,27.0073,-0.37336890650474674,-0.9573655687463605,False,b'VFID5043',3227.7556983249538,9.497097376906172,-0.9026189958657784,0.06670519867921532,0.8168901057401813,2.3469685800781246,0.21367201808105563,False,False,True,False,False,2.9710389864818607,2.8754551309777816,2.463851115058526,2.0126955979082233,1.1656,1.2166,1.0175,0.1566
957.4999,0.29189668421391524,1.578542314140333,False,958.9545,0.40144297986025634,1.561463245344872,False,91.0297,0.18602199378191894,1.204331995630812,False,90.9113,2.71203138600056,1.1723,False,90.4577,-0.6163015650211107,0.1517153872940763,False,b'VFID5045',2161.6483897743215,9.19845499843151,-0.9332615238469942,0.2746218491059923,0.5991439433306895,2.010781762817384,-0.7485474536572276,False,False,True,False,False,3.829132124322789,3.8975124653172704,2.847952311055732,1.7063333780636818,1.7094,1.8081,1.5316,0.8753
303.8106,-0.5955978005275265,-0.7957655431238918,False,302.6348,-0.5934341198706063,-0.8254994521841063,False,29.1694,-0.5502448424474186,-1.185483087480645,False,29.177,2.2596127428971653,0.6385,False,29.0832,-0.5039892369962963,-0.392717284601104,False,b'VFID5057',3455.5037894956104,9.654054944091163,-0.735102577480419,0.10884199591430521,0.933192907444668,3.1531197646484372,1.2712182087622068,False,False,True,False,False,2.331833417454102,2.2921050284017217,1.9802662109401574,1.8479703829016818,0.7292,0.8232,0.6077,0.5225
331.8047,-1.3611385704768286,-0.3069517035034871,False,331.8637,-1.3855971804058098,-0.3776258543535091,False,32.0037,-1.5127339162142648,0.44669931044481137,False,0.0,0.0,0.0,False,31.9147,-1.3536707878254262,-0.4768204042674512,False,b'VFID5060',2471.0651428481515,10.037899565214651,-0.5203490885749323,0.01697571464770442,0.9177981265129986,2.7727616598510743,0.9313400443969719,False,False,False,False,True,1.0402837519547274,1.013811992028652,0.8459785454823157,0.776437524113861,0.931,1.008,1.2387,0.468
580.9702,1.0616150770344603,-1.5612024773163982,False,580.806,1.1445797238550732,-1.4059416961258164,False,55.3018,1.4539025834303052,-1.1265072417235922,False,54.7126,0.005587425925307824,20.0,False,54.797,1.4682699461489321,-0.78854205881061,False,b'VFID5082',3040.435298284064,10.154660121621871,-0.6877767488412194,-0.24372170374612678,0.9983978200259881,2.9551533809814465,0.8249445764257821,False,False,True,False,False,5.1277298891967975,5.09669300307136,4.342142066876229,4.335185173812365,0.4132,0.5837,0.6305,0.266
479.1461,1.9403808515269878,1.313303882829955,False,479.3873,1.8776194284762375,1.4921494742520416,False,46.1479,1.2648648955730275,0.9316980419995231,False,46.2972,4.006236885379835,1.0299,False,45.4879,0.32235838706632003,0.057427302677309056,False,b'VFID5094',2898.8502860718095,9.142568161054635,-0.8146046874338189,0.43792177360513884,0.7015835583786594,1.8102918492431659,-0.6801767148364259,False,True,False,True,False,6.610302322502062,6.279580209613307,4.119362272811656,2.8900768416100027,1.5999,1.7795,1.4262,0.8142
306.8868,-0.2391537056923932,-0.31882082052102917,False,304.48,-0.2514962921143792,-0.362115080402666,False,29.2288,-0.39106072293027544,-0.9844996131243725,False,29.5101,2.5178685439172073,0.6221,False,31.9135,-0.3272377226144611,-1.0982575838938375,False,b'VFID5113',3302.7304425476086,8.342827090222446,-1.5374327124735165,0.35393668094264097,0.9552591128678084,2.0210332897949215,0.5299726927978519,False,True,False,False,False,2.9331929655341233,2.843881254622125,2.167863751760451,2.0708716043249673,0.9261,1.0144,0.6854,0.0653
378.3485,0.2022140104795392,-0.8066657526297977,False,378.0987,0.24146159032535375,-0.9180793842032016,False,35.9477,0.44407137865765134,-1.0750327096812522,False,35.9443,3.375757600073929,0.611,False,35.9595,0.35371382821287006,-0.8657008841925801,False,b'VFID5124',3863.0983585617446,9.930556449400418,-1.2866906044490922,-0.6636188096333986,0.9294294294294294,3.695242255615236,0.665051028151856,False,True,False,False,False,3.677827802189307,3.6393546359764444,3.1520619807873502,2.929619168329384,0.7247,0.785,0.6504,0.216
553.149,1.1164017352199371,0.42505792153757466,False,552.896,1.0674333837300198,0.650447631575816,False,53.1645,1.4740584174354259,0.7333012275448757,False,53.4652,4.142230251672159,0.9967,False,52.6775,0.6658915872565218,1.976675925228431,False,b'VFID5140',2772.90994839539,9.600427036493222,-1.00340046043938,-0.11661725964807612,0.7611969332875614,2.7135996223144527,0.0882031968798831,False,False,True,False,False,5.220160877631244,4.972203949899786,4.365895597718453,3.323306340036951,1.2332,1.4322,1.3495,2.0579
193.3816,-0.7929514296845912,-0.9960871711546523,False,193.5507,-0.7631689369576895,-1.036349035578381,False,18.5242,-0.6419156723263535,-1.1883284133724326,False,18.4722,2.115110088666449,0.5844,False,17.9682,-0.4559211220691595,0.3012491908843341,False,b'VFID5143',3340.9327812013826,9.071804821887477,-1.1634493803591424,0.14560370004088963,1.0194187242798354,2.3293072215576167,0.1663847134106451,False,False,True,False,False,1.9988766061012924,2.018208345355324,1.8722326815754922,1.9085890518067035,0.6465,0.7362,0.6066,0.9722
640.3296,1.3274575925192174,0.9264675588092479,False,640.4999,1.3599814060057667,1.0646337672319257,False,61.4839,1.2759789417611143,-0.3549065930688161,False,61.7599,4.734196723922892,0.7063,False,62.0633,1.292852011169643,-0.36941531933574906,False,b'VFID5167',3376.683804386175,9.642199711251351,-0.9055591008017094,-0.052144422659808676,0.9955246072990122,2.6333607515258777,0.28758479900634626,False,False,False,False,True,5.5762348224776055,5.444281124802568,4.132460110333216,4.113965728518308,1.4402,1.6031,0.9288,0.5376
329.9223,-0.4347514202814395,1.1335715394214612,False,329.8851,-0.4081576319730912,0.8610548591271087,False,31.5489,-0.3438992452503185,0.6769120416894483,False,31.6091,2.232356157119579,1.0706,False,28.6462,0.014972415080162192,-0.428673297229102,False,b'VFID5195',2228.3808595341266,9.363231153598251,-3.027615984353254,-1.9513578160968637,1.1254762463660821,4.624739922363283,-2.6632456551318366,True,False,False,True,False,2.603198571027016,2.591080903549245,2.223443273518325,2.5024325894873183,1.5257,1.5191,1.3277,0.4992
240.1929,-0.8899412481391235,1.1284847749853717,False,240.0503,-0.9151770435925598,0.8428781709034647,False,22.9698,-1.0587364920177182,0.3176249813537178,False,22.9982,1.7829129451352712,0.7991,False,22.8783,-0.8148767150173577,0.2885951435216911,False,b'VFID5200',3630.7151447019146,9.867937966725824,-0.12180692238691672,0.5512852809732853,1.054234558544903,2.8109843684692386,1.5093301150219727,False,False,True,False,False,1.835244344438609,1.772916796349834,1.3810118174969124,1.4559103837641518,1.5236,1.5116,1.1888,0.964
675.8736,0.8229604479431958,0.19857579069263961,False,675.9055,0.9114306512076488,-0.0763775415269763,False,64.4881,1.738131327912196,0.1934653060757115,False,64.261,4.961600712789941,1.0232,False,59.3136,0.7702278168366042,0.5984649862556827,False,b'VFID5206',2101.2246793542035,9.136662893697334,-3.0484463027231117,-1.7912026420146612,0.7386803295938354,4.053170256225586,-2.5800227899829107,True,False,False,True,False,4.7250938461900835,4.720466376446428,4.677103956648782,3.454884692241954,1.1397,1.1323,1.1408,1.1648
434.6289,0.18983988058875145,0.2237673859951777,False,434.5775,0.2658753595359592,0.7544182882150622,False,41.4491,0.23802343523349748,-0.12158986994222959,False,41.4844,3.3277148829607044,0.9022,False,41.4634,0.3008223101610958,-0.23299851606042607,False,b'VFID5210',3590.5490634729413,10.000925343541567,-0.6234325760134762,-0.056572313055829326,0.9840789824779863,2.885780620727541,0.684893744909667,False,False,False,False,True,3.6569513133742815,3.678750503731817,2.9092357014153842,2.8629177088374824,1.1501,1.4751,1.019,0.626
1080.9093,1.6215083557663106,0.9552925572804214,False,1079.9471,1.239448581104371,1.0825680996125884,False,102.8839,1.004991016801776,0.6075895563258945,False,102.7383,0.004511648037080115,2.0756,False,102.4889,1.5678655626001305,-0.840084154165766,False,b'VFID5223',2635.941489321848,10.357255939483942,-1.6985109813449972,-1.416291949293081,1.169857144636385,3.4199738704833997,0.2140359076635736,False,False,False,False,True,6.072330105471835,5.249780423618987,3.813102447844206,4.460785141841033,1.4521,1.6105,1.3009,0.2326
235.5544,-0.5712049431296485,-1.0079562881721944,False,235.945,-0.5436132345860133,-0.9852119527091949,False,22.4586,-0.05634034250694111,-0.4459570216060207,False,22.3787,3.000921541512303,0.9328,False,21.0958,-0.49612899071274047,-1.1160041137316907,False,b'VFID5231',3188.4207868498675,8.661880048752298,-1.573892078825821,0.06261391561704444,0.7250756641632105,2.1017306885375966,-0.2688146740332016,False,True,False,False,False,2.3729867930148703,2.3724997020465763,2.562329735052762,1.8578829344485244,0.6416,0.7573,0.8936,0.0538
535.3017,0.7542055617545075,-0.672714289146109,False,532.3111,0.5516367038568974,-0.6929308060729934,False,50.7875,0.7712271693285357,-0.14823246692896835,False,50.7846,3.846547339654491,0.7893,False,51.3712,0.9606541009018102,-1.107670960590438,False,b'VFID5252',2977.9574416837795,9.230843140926337,-1.1889282527795522,-0.006916923517052087,1.0444983696064305,2.359196862121582,-0.23460237378173865,False,False,False,False,True,4.609096953869994,4.139876192000172,3.537613139917687,3.6950311569423104,0.78,0.8779,1.0087,0.0592
186.7324,-1.1444034078855867,0.3371295648566,False,187.2011,-1.2159545024973284,0.02880489432717882,False,18.0051,-1.301925634997441,-0.3264533341509397,False,18.0102,1.303015778620904,0.7285,False,17.9387,-0.7990549346805207,-1.105047560527451,False,b'VFID5253',2161.721880184243,8.147112728919325,-1.9607224915952914,0.08698592334081012,1.3485409252669038,1.859984673339845,-1.0511584053759755,True,False,False,True,False,1.4059392960287669,1.2875599924663155,1.0944148547120816,1.4758632207992746,1.1969,1.1757,0.9398,0.0609
305.8332,-1.6086796715946028,-0.12043700751354097,False,305.8886,-1.5869620286207262,0.8014353217535553,False,29.3265,-1.696229321157558,0.49532851659536414,False,29.188,1.0788292332084255,0.7425,False,28.2214,-1.2158086348237767,-1.1138436666209954,False,b'VFID5270',3163.6984595064323,8.468177065200168,-2.1480911037954997,-0.3568528009395009,1.5090514120202752,2.866155099609376,-0.1810598883496084,False,False,False,False,True,0.6226552742876516,0.6888747460662615,0.6297302989637388,0.9502953968431803,1.008,1.4945,1.2575,0.0552
582.6337,-0.3718057405407204,0.16393734715164965,False,583.7782,-0.27625183449355756,-0.22469931743191468,False,56.2452,-0.1522598336426917,0.6254375096471082,False,56.3611,2.571947586136126,0.9759,False,56.5374,-1.2853340180586763,2.8386943223957997,False,b'VFID5271',2392.1398594453735,9.096555336276507,-2.3128205045062598,-1.0235384372088547,0.3521907443251804,3.787095473632812,-0.3211236100097654,True,False,False,False,False,2.709394706889434,2.803933876346796,2.4492891835933377,0.8626169806373509,1.1254,1.0711,1.3078,2.6165
646.3843,-0.6424141434711422,0.6047902649460678,False,646.8536,-0.6952642451448301,0.7762303140834351,False,62.0948,-0.8300935042214123,0.705106634617162,False,62.103,1.6799253086845722,1.2878,False,62.1828,-0.5319489198955286,-0.4674070275708509,False,b'VFID5279',2212.580034998628,10.073578728569599,-1.5235014179965738,-1.0146775661115015,1.098302055406613,3.7401975549926743,0.2472283416894534,False,False,False,False,True,2.2528492085886027,2.1277843897404183,1.6504662226630764,1.8127104447300453,1.3074,1.4841,1.3386,0.4741
588.1646,0.8505570655953185,0.21625835277999836,False,589.7205,0.9271400667535724,0.2886103580038022,False,55.3714,1.166050744833333,-0.6774630828014696,False,53.3332,5.043839073769382,0.5494,False,55.4944,0.6818345718337289,0.7621960137162228,False,b'VFID5297',2317.0519221626405,9.190345652637982,-0.898338957470736,0.3160222599188346,0.8352452861671951,1.8795245126953137,-0.1675726049658195,False,False,False,True,False,4.771652310084663,4.745816253887416,4.002910382175567,3.3434120276618673,1.147,1.2829,0.8041,1.2709
434.2661,1.5502696146883588,1.0328051582113082,False,434.4566,1.511378086976131,1.012042549304848,False,42.1955,1.451530940146781,-0.24290421932844802,False,42.4612,4.589737883291381,0.7364,False,41.515,1.480561457617608,-0.025904228735218613,False,b'VFID5308',3244.0910652124085,9.834554719511408,-0.691394499032972,0.008364649818148995,1.0026130409600906,2.505121016723633,-0.20712851560546852,False,False,False,False,True,5.952142682644023,5.688586032031718,4.339347099331466,4.350685991042068,1.4841,1.5814,0.9721,0.7602
306.8959,-1.467784670918453,0.40931317447348786,False,306.989,-1.404050186583667,-0.0249981028148085,False,29.5919,-1.628726999283957,-0.3551652590589786,False,29.5637,1.047179122995794,0.515,False,37.431,0.808489571930227,1.0197521728412389,False,b'VFID5350',3373.1422160681122,8.20330162062557,-2.0333109246480428,-0.030486882484356492,4.938994087910205,2.441337371093752,-0.5102367309374998,False,False,False,False,True,0.8603603033821392,0.9840348533656006,0.7092813849738212,3.5031365670504653,1.2267,1.1535,0.9287,1.4378
1142.6101,0.432078524369288,0.03386151371450567,False,1142.8297,0.5125494326981102,1.1203756111177687,False,108.865,0.39568278321240724,0.4994671724379645,False,108.8128,3.154706901194015,1.2092,False,108.9304,0.7300994127526266,-0.9070580145973159,False,b'VFID5352',2734.893197598964,10.345783376040146,-1.214233831953593,-0.9228503761405065,1.0999156225622084,3.5446709250488286,0.496574122927246,False,True,False,False,False,4.065633974869232,4.076802073775894,3.095036308020424,3.404278787588924,1.0717,1.6261,1.2591,0.1892
174.7614,-1.119559861282239,-0.8032745763390714,False,174.8952,-1.1249544265486873,-0.9217147218479306,False,16.9487,-1.1390543843996512,-1.3414586795486403,False,16.8992,1.5477935491060144,0.5866,False,16.5994,-0.9743988199155574,1.142897658150863,False,b'VFID5364',3311.440802353056,9.01647161828376,-1.806558897189683,-0.4533049781216547,0.9754185798432355,2.866518176818847,0.7030277909399398,False,False,False,False,True,1.4478530327818033,1.434404460720082,1.2863576576446354,1.2547371595902013,0.7261,0.7835,0.5474,1.5176
403.3379,-0.5554116212496956,0.4596963650785646,False,402.6195,-0.5535217006624938,0.26510184123455593,False,38.7686,-0.7592184995534508,0.6784640376304233,False,38.3843,0.005119314119805905,4.7825,False,38.7426,-0.950482785924547,-0.040410087907028915,False,b'VFID5367',2785.709119178054,9.718242027870684,0.13579528545691397,0.928466432591585,0.741005528379982,2.690197362487792,1.7794795958056646,False,False,False,False,True,2.3996318266850274,2.356510666685414,1.733991995344845,1.2848976547171662,1.2475,1.2732,1.3283,0.7508
304.9393,-0.6477420163744032,-1.3000819029304735,False,305.0243,-0.6308379881132272,-1.2568928526919325,False,29.4926,-0.5787164180340809,-1.3174027424635268,False,29.5261,2.018917822180678,0.4878,False,26.8384,1.1421560227529024,-1.1121461724625923,False,b'VFID5386',2802.5706021633328,8.756610810177783,-1.6915021633602452,-0.1306682578253655,2.015666338123152,2.48941126977539,-2.1892670782373074,False,True,False,True,False,2.2438605136214025,2.231747373911175,1.9467126279600302,3.923923114178293,0.521,0.6452,0.5567,0.0563
305.3549,-1.6203738601976314,1.5778156335066058,False,305.3423,-1.5880145093608187,1.306747254370869,False,29.5579,-1.6614870430118258,-0.2597175086890112,False,29.6698,1.1406264417525105,0.6744,False,29.2408,-1.496404044606152,3.5105933738219943,False,b'VFID5387',2998.8779324215025,8.551181121563905,-1.5656814686396596,0.1592521804970617,0.8893095947796665,2.194253287292483,0.3243737923437493,False,False,True,False,False,0.602925919599555,0.6871763851251844,0.6706738677217523,0.5964367055329431,1.7091,1.703,0.9656,3.0519
275.7323,-1.0735960458939537,0.14601255818638245,False,276.3436,-1.0752389114320033,0.809433064571959,False,26.4945,-1.1541312175506606,-0.6358178583853049,False,26.4686,1.5477396563426706,0.6959,False,26.3589,-0.7327438060356918,-0.4430248387501484,False,b'VFID5405',2739.864689429061,9.694246278491015,-1.5928597834555909,-0.7810205387236007,1.229308533405969,3.7555067891845706,-0.011651597060547303,False,True,False,True,False,1.52539893591345,1.5146291012510613,1.2685896991883105,1.5594881426031015,1.118,1.4978,0.8202,0.4899
508.25,1.0561683467878384,-1.1155050219637996,False,509.0243,1.020016751870969,-1.0205959057845557,False,48.4696,1.3599314789151584,-1.0256275055602122,False,48.4707,4.449144447787609,0.6635,False,48.3618,1.5728447031748247,-0.6579893262643168,False,b'VFID5422',3198.1511785454277,10.070016350754102,-0.7941017124338977,-0.2824321896524694,1.0556947546162645,2.9396142368164053,0.37307600133300767,False,False,True,False,False,5.11854066910006,4.89568895780619,4.231397677494411,4.467064332826293,0.5972,0.7427,0.6695,0.3506
588.096,0.4453835563766928,-1.2642323249999383,False,588.2263,0.512713086674843,-1.2471986189726556,False,55.8537,0.6632510386392682,-1.009848880160299,False,55.1357,0.25159294605939003,2.2457,False,55.6898,0.5175467021782914,-0.5155541346092002,False,b'VFID5424',2684.947300437778,10.055987239146672,-1.0269903488647267,-0.5041142004330597,0.9196170212765957,3.336209420166016,0.8315893542236328,False,False,False,False,True,4.088080995737578,4.077066157964181,3.410363910245529,3.136228700609197,0.5358,0.6492,0.6756,0.4429
528.9703,0.14494072216408843,-0.006832601774210226,False,529.0658,0.22399732970835842,0.019837728136847508,False,50.4844,0.35123405937870833,-0.03338476729681263,False,50.5319,3.078103924683738,1.1864,False,50.3513,0.00831219953295944,0.7694489433021282,False,b'VFID5429',2213.3024793453565,9.94656786489011,-0.6630183319574523,-0.052736651337470075,0.8196901785012188,2.714691348754883,0.7527464416577132,True,False,False,True,False,3.5812016011173924,3.6111730104446673,3.042653750582562,2.4940333959324232,1.0549,1.172,1.0531,1.2756
382.8947,0.03515153224110256,0.7411639972088467,False,383.3105,0.1076762200690202,0.34871460706331997,False,36.2847,0.4004204266069807,0.06904696480754269,False,36.2124,3.2776022431048473,0.881,False,35.8325,0.257875290947511,-1.1207879609053728,False,b'VFID5432',2992.154199937568,9.715938215692185,-0.9227496649287266,-0.12823820449586942,0.9058696710480563,2.9967211753540024,0.3885527715258785,False,True,False,True,False,3.395975422334164,3.423468645216258,3.100619592664655,2.8087572504522886,1.3637,1.3077,1.0927,0.0507
170.9212,-0.9076476326754338,-0.10323889918200076,False,170.9643,-0.8935934047181691,0.45947122730605927,False,16.5,-1.0654579787674154,-0.5320927963301375,False,16.4982,1.6797669703241156,0.6929,False,16.5206,-0.7008748516217838,-0.536541335113096,False,b'VFID5433',3150.4277699888808,9.220589492500022,-1.984841565265328,-0.7946394964408137,1.1650200487784714,2.981151022827147,0.9451441920239265,False,False,True,False,False,1.8053717681856298,1.8077457560012526,1.373090585223717,1.5996780605745944,1.0151,1.3534,0.8603,0.4293
423.5404,-0.5729098896382586,-1.452442609135248,False,423.7154,-0.5296229059582374,-1.5697742459815975,False,40.4251,-0.2508996196930757,-1.5538234574720633,False,40.3897,2.477941541148604,0.487,False,40.6135,0.0003301772888245021,-1.0788135598975812,False,b'VFID5463',2229.6807634731836,9.559791189786525,-1.6386239778847447,-0.7193803665724152,1.064689980543072,3.2751302082519533,0.11750391567871077,True,False,False,True,False,2.3701103647705124,2.3950755334030323,2.333042780709543,2.483967272799798,0.4581,0.5161,0.4653,0.0779
567.5339,-0.39199235131975524,-1.0944312835857146,False,566.4109,-0.3188996804108014,-1.11050992353085,False,53.846,-0.14208929781699298,-0.9723423115867342,False,53.8247,2.6485767961502242,0.6705,False,53.9857,-0.23163695366732326,-0.7828323057323444,False,b'VFID5475',2122.9304477619703,9.423991998758323,-1.4333148738202683,-0.4055932105796649,0.8903651903651904,2.7985616345214854,0.5464413827392587,True,False,False,True,False,2.6753377220459553,2.735114150752053,2.4612750997482484,2.191433672728452,0.6059,0.7056,0.6901,0.2697
469.3931,1.7048121999388368,2.3589973147631986,False,469.0306,1.7743647790307486,2.3556633427966402,False,45.0025,1.2270737608919051,1.390054176567496,False,44.9088,4.3324508244385385,1.361,False,44.6703,1.162003004759003,-0.5157084522599641,False,b'VFID5477',2812.593216389888,10.024230652697042,-0.8196211822492474,-0.27137748480742285,0.9691094723489984,2.799086838134766,0.6787782198999022,False,True,False,False,False,6.212872655652361,6.112960853151349,4.0748256447077225,3.948952130456868,2.0316,2.1358,1.6034,0.4428
409.8164,-0.26434281213991445,-1.0052917925151947,False,410.7543,-0.23083512693406563,-1.1694023933754576,False,39.4873,-0.015995182083787758,-1.1200405919695293,False,39.4986,2.556912409771332,0.5767,False,39.2989,-0.1092696597249591,-0.683297420989603,False,b'VFID5484',2027.3828382518554,8.971313528922671,-2.0494349534280443,-0.6601082011891877,0.8987977774978656,2.846503742248535,-0.7326400876879884,True,False,False,True,False,2.890696232135223,2.8772216423391495,2.6098762673472016,2.3457509886360906,0.6427,0.6813,0.633,0.3342
310.7727,1.0566731985241662,-0.9176056627121294,False,311.1973,1.0812883696292819,-0.9941791188995259,False,30.162,1.3045540563679558,-1.6296125925896798,False,31.2628,0.01075585517953474,4.5535,False,29.5007,-0.6536810899677822,2.1728136593493987,False,b'VFID5522',5740.315540647324,9.347525306346448,-1.6877418210791681,-0.5989376302665397,0.39825732939453373,2.835061450134276,-1.0564347042626956,False,True,False,False,False,5.119392408310794,4.9945613821967525,4.166135713434594,1.659194083127652,0.6789,0.7536,0.436,2.185
439.955,-0.2219965565660754,-0.44429434327790224,False,439.8089,-0.3000334602719535,-0.6093180402442293,False,42.2855,-0.336223350462663,-0.30369072701663846,False,42.4724,2.2613566742751288,0.6171,False,35.9184,2.251557284754628,-1.1059734664320346,False,b'VFID5561',2127.8299486232177,8.471979723368582,-1.8943295499365314,-0.10612885685666962,2.3843287426589277,2.250869809326174,-0.5334912421972682,False,False,False,False,True,2.962138922542378,2.765558082093508,2.232489270004202,5.322988334148667,0.8743,0.9124,0.9486,0.0603
469.8543,0.2577958787122295,0.4885213635497382,False,469.9413,0.5463537313980608,0.7090977455774419,False,45.0695,0.39193180364632746,-0.17202973802391924,False,45.0992,3.344360058746833,1.0407,False,44.8342,0.02049382755146728,0.028569901984452202,False,b'VFID5571',2292.6611245401346,9.626142409611562,-1.2800387029401086,-0.4137972561855201,0.8119403384031435,3.2009322094116204,0.3630346495458987,True,False,False,True,False,3.77160039555297,4.1313511960215425,3.09061580084673,2.5093956392135963,1.2594,1.4564,0.9995,0.7955
675.6068,-0.2373856551900896,0.6474221954580557,False,675.7171,-0.30804473876193145,0.7301827039168697,False,64.4038,-0.5292061429654583,0.47489390337252557,False,65.7736,0.004055542462603282,0.6766,False,64.4014,-0.5105934823664906,0.08782787987780515,False,b'VFID5573',2648.2207632258655,10.585033104944504,-0.05974219014816849,0.040525660929666044,0.9174995240814773,4.045081488525389,1.0227368903881846,False,True,False,False,False,2.9361758570070196,2.752630489257678,2.0050601935110626,1.8396417733011143,1.325,1.4651,1.2496,0.8339
516.0256,1.2994620729357726,0.372010235275499,False,516.2698,0.8968832131456392,0.005538733400913902,False,49.3937,1.3266240682460329,0.025073746479915743,False,49.3567,4.788463897657698,0.9331,False,48.3177,1.7148760181520941,-1.0582893123459771,False,b'VFID5576',3156.4056464106543,9.544683981825868,-0.4099189595207387,0.5213924739725568,1.1083060895044563,1.763005977111817,0.10229341208251874,False,False,False,False,True,5.52900336809553,4.696991552009182,4.192145091548194,4.646179933049079,1.2113,1.1661,1.0757,0.0912
298.8392,-0.2530183949630137,-0.18826053332806691,False,299.5,-0.24768691678879465,-0.4302170722805869,False,28.668,0.0620870098016027,-0.11796854607995425,False,28.6019,3.050386365316929,0.9075,False,31.515,0.9392145392937766,3.6079678114540408,False,b'VFID5588',2756.9301879967306,9.063909319161501,-1.1920217190212976,0.12333838536189168,1.3575630561070666,2.479347281066895,0.46524145409667916,False,True,False,False,False,2.909801742633077,2.8500283450309305,2.7018956674229737,3.667993739549175,0.98,0.9863,1.0204,3.115
530.2998,0.10802886464487939,-0.24251935397968757,False,530.4689,0.04408682877694363,-0.22760758754769744,False,50.5467,0.2989507863840486,-0.1433178131158806,False,50.376,2.8281102985925415,0.8602,False,50.5083,0.3566748722384231,-0.6993464566690528,False,b'VFID5594',2393.0389420513493,9.41796939335406,-1.1350438619423202,-0.10251126796758969,0.9840039339330653,2.355601226440429,-0.631277004079589,False,False,False,False,True,3.5189273250719086,3.320856089638439,2.9810382234207715,2.9333533390508753,0.9576,1.0699,1.0106,0.3238
388.2163,-0.8511909317541613,-0.5205958098192438,False,388.1051,-0.831032126400843,-0.7581245278351313,False,36.8727,-0.7821089296548699,-0.826454693135077,False,36.8346,1.7919809104548419,0.6123,False,37.4089,0.3436726146932997,3.344856216901523,False,b'VFID5610',2313.986464138362,8.652976791911636,-2.775334876454244,-1.1317168517365324,1.7088044938331908,3.7432906760253903,-0.20254288665527476,False,True,False,True,False,1.9006202984433935,1.9086992722704974,1.7070157592204709,2.916956200400017,0.8428,0.851,0.7465,2.9445
400.489,-0.5286696385807866,0.06074869716240674,False,400.869,-0.5342859409472087,-0.1010978375111326,False,38.7248,-0.4329557481282436,0.007225793158702019,False,38.7812,2.264975765579028,0.7731,False,39.2669,-0.20783987219514094,-0.07590314758273514,False,b'VFID5618',2640.631388969997,9.315716876782789,-2.757232710161712,-1.6430195574264248,1.0485975431741112,3.774766372070312,-0.0754857163330076,False,True,False,False,False,2.4447484293881163,2.3875509144808387,2.11849071302026,2.221444156910216,1.0828,1.1221,1.0688,0.7278
431.8733,0.13274108869385395,-0.8308884404206998,False,432.2443,0.1105247379791175,-0.9212300101619667,False,41.4433,0.3539266018207523,-0.7708415052501368,False,41.453,3.256289870506362,0.671,False,41.202,0.6885264196843193,-0.1735862205163092,False,b'VFID5620',3333.7710113525804,9.211588383526239,-1.381653216238191,-0.18426095166010104,1.1004732794320646,2.6998090313720695,0.12055062065429567,False,True,False,False,False,3.560619506542939,3.4280652248724732,3.04582689588257,3.3518511126942765,0.7147,0.7837,0.768,0.6645
446.1976,-0.6734752872244948,-0.42394728553354427,False,446.0669,-0.6716491380103724,-0.6141651571038679,False,42.5037,-0.4953759472657381,0.07085762673868008,False,42.4624,2.150442101957076,0.8413,False,42.7109,0.12561271196064533,0.5075718899557221,False,b'VFID5625',2084.1296404227087,9.021572839645398,-1.6117994743982043,-0.2626204732407733,1.2919573999265517,2.6493012894287116,-0.4413017724829089,True,False,False,True,False,2.200445716313035,2.165891477166063,2.044928878515494,2.641960996921598,0.8827,0.9104,1.0934,1.1059
522.8681,1.1766530306295957,0.035557101859868635,False,522.9158,1.2186019890703148,0.3424133551457895,False,49.785,1.3625165301924445,0.3825501448845083,False,49.5586,3.9418434943094796,0.8732,False,48.4903,0.7804162439907488,-0.5178688993706593,False,b'VFID5627',2591.8451812667454,9.620283778661534,-1.0430606166170584,-0.17213922392454606,0.8189347154830172,2.830639072143555,0.19339261322753742,False,True,False,True,False,5.321811297160699,5.216140817385341,4.234444145094221,3.4677333111914637,1.0724,1.3051,1.2139,0.4414
205.7618,-1.2016033797808776,-0.25608405914259286,False,205.7357,-1.1613304339274528,-0.6633633932291986,False,19.7045,-1.1290556236286797,-0.19453367916805797,False,19.6182,1.5117068123144923,0.7032,False,22.5316,-1.6118858153214974,-1.0951712308785588,False,b'VFID5631',2234.4478460169676,8.4248865794289,-2.1318430194572557,-0.306023747981786,0.34726787818644167,2.5851036002197283,-1.2289248606542955,False,False,False,False,True,1.3094367876478883,1.37570543871328,1.2981411379162506,0.45080271855070925,0.952,0.8901,0.9908,0.0673
682.1935,0.8557791118748916,-0.6472804669656619,False,682.7098,0.9772030169358195,-0.09988605829622312,False,65.4414,0.5951197221987148,0.47773922926431295,False,65.4557,3.557359277217415,1.0389,False,65.3333,-0.07297303775902572,1.874054687470411,False,b'VFID5678',3471.4843119475045,9.846921724615555,-0.09774058462694539,0.5921396495434076,0.7181601337264992,2.0162435524902342,1.1221120353369152,False,False,True,False,False,4.780462464148766,4.826601541395043,3.330071557868503,2.3915246353176562,0.7905,1.1226,1.2507,1.9914
495.0623,1.1775995841948312,-0.8364596586126072,False,494.9364,1.3525916379123821,-0.9389219866996472,False,47.532,2.034962363846155,-0.6254712187788044,False,0.0,0.0,0.0,False,47.4788,1.7922141078597704,1.1124970809503667,False,b'VFID5686',4158.490999822225,9.405461059550053,-1.1052881433197699,-0.06276373957317172,0.9436619718309859,2.4041997456054673,0.1424335950610356,False,False,True,False,False,5.32340823489223,5.4323564472143415,5.026917572160561,4.743710948376868,0.7124,0.7764,0.8242,1.4979
239.5388,-1.02084395482562,-0.33844119763165986,False,239.0102,-1.1240446704162668,-0.5307947471180857,False,22.929,-1.3757495544842666,-0.2524748609644608,False,22.9737,1.2616800894363283,0.5979,False,23.1572,-0.9899879933435174,-0.9910068166128992,False,b'VFID5688',2719.227732029364,8.625108373441805,-1.6977418807045492,-0.03186222303424224,1.2259884258133542,2.4112928728027363,-0.22033180286132747,False,False,False,False,True,1.614397390663562,1.4358725106542523,1.0074138034046214,1.2350776629786757,0.918,0.9448,0.9684,0.1348
559.1385,0.4538019230421377,0.951174700355968,False,558.9979,0.4020633157496689,1.2008377509877677,False,53.4917,0.2523676126859216,0.8424582753934562,False,52.9979,0.013160239665158342,19.9995,False,53.508,0.235211330753682,0.1365922575192103,False,b'VFID5713',3335.3686520173287,10.185070724050194,-1.0494291760991366,-0.6296664915432504,0.9501170575430239,3.2148211435546887,0.36227835481201254,False,True,False,False,False,4.102283686276877,3.898513485293022,2.9261402294758914,2.7801757447879027,1.4504,1.6593,1.3917,0.8655
181.0948,-0.7246452212134991,-0.476510518039802,False,181.0196,-0.7213971589461371,-0.6621516140142891,False,17.5655,-0.6798982177993387,-0.41905575862911915,False,17.3474,2.577279609360209,0.7768,False,17.6751,0.028781846674082668,-1.1035043840198115,False,b'VFID5728',3056.2821661187254,8.394060318891388,-1.5634473210467619,0.28699634374080296,1.3788718814029168,1.82563106994629,-0.67766875012207,False,False,False,True,False,2.1141165308256307,2.085614382835806,1.8274704769884973,2.519847654813415,0.861,0.8906,0.904,0.0619
280.9828,-1.3449973626787264,0.9380944489488813,False,280.9792,-1.3056336443217305,0.39815519903163255,False,27.0317,-1.3917549718370619,0.40117409617620947,False,0.0,0.0,0.0,False,26.9987,-1.5359330630749495,0.4618938653295958,False,b'VFID5738',2071.68388290178,9.063272735587246,-1.2547393488473728,0.0611292662677434,0.5529167453275439,2.452420462585449,0.30543542503417953,True,False,False,True,False,1.0675157066078746,1.1428470814343425,0.9885515139733978,0.5465866856947871,1.445,1.3281,1.2211,1.0763
684.4887,-0.1739042178792261,-0.3842220775564649,False,684.942,-0.08605374951824625,-0.4828082902076645,False,65.4833,-0.061542700407587345,-0.3230906762788268,False,65.4562,2.6969027779439227,0.7472,False,65.713,-0.40995232894021644,-0.7849927528430395,False,b'VFID5776',2540.543945135443,9.435499499428035,-1.3901394228546426,-0.3716100916578615,0.7693299430576944,3.041726265808105,0.7400917268652343,False,True,False,True,False,3.0432758735478695,3.1108516053698714,2.556198787119082,1.9665602673384714,0.8991,0.9646,0.9411,0.2683
953.3474,-0.22181569734829973,-1.0329056565968233,False,953.6722,-0.23972674075062247,-0.9786683449486828,False,91.1118,-0.19778221032858467,-0.7139349874143839,False,91.1302,2.440596495678887,0.788,False,91.1882,0.15764865277990878,-0.3115462002992716,False,b'VFID5778',3061.583632404988,10.065286245806583,0.2385411036478894,0.7539890920169116,1.1196840966130184,1.9595591329345705,1.7485919792333995,False,False,True,False,False,2.9624440515066213,2.8628734751623766,2.3956413326363903,2.682361501341784,0.6313,0.76,0.79,0.5751
472.0148,-0.3920962472814289,2.1392975364997167,False,472.0345,-0.47642868448863196,1.3908447318855968,False,45.048,-0.778194208246914,2.145358867842034,False,45.0384,1.7499193353394091,1.0041,False,45.1857,-1.2696395583674998,0.425166264447778,False,b'VFID5787',2142.3922530949103,9.345001179395737,-2.245925739825279,-1.155105245584334,0.5155376150099223,4.018741585266113,0.6700813191601558,False,True,False,True,False,2.675162438377451,2.480913672376519,1.7116292351837563,0.882409253687891,1.9409,1.7377,1.8954,1.0525
432.466,-0.2667729251524021,0.0190856741620554,False,432.0216,-0.19817308135349207,-0.3029802547150764,False,39.9735,0.37078153155226906,-1.0137288700127365,False,39.7696,3.2553489265713966,0.4979,False,38.2023,-0.025660214033320864,-1.1167757019855105,False,b'VFID5827',2623.830438292616,8.538282908813056,-1.8315266551622844,-0.09628975619045899,0.7995559050747097,2.4438498453369153,-1.4452272527929715,False,False,False,False,True,2.88659636995726,2.929927540277812,3.065690330614141,2.4511908069729755,1.0656,1.0388,0.6741,0.0533
1455.3868,0.7795812359301615,1.5807223560415138,False,1454.6498,0.7936287730405585,1.6615562084964066,False,138.9104,-0.035429139680626186,2.0297351702393907,False,138.4497,0.004635344507786161,2.6802,False,138.7213,-1.0674889509328995,-0.3266693300741376,False,b'VFID5839',2276.8149419868723,9.981942526828277,0.6447482477364122,1.2267722164685764,0.439641639578213,2.6815649851074213,2.0947013439477544,False,True,False,True,False,4.651908447104453,4.5303725333544245,2.5869734635710993,1.1373412550697266,1.7103,1.8494,1.8507,0.5653
277.8095,-0.5058786530489289,-1.0537371680969991,False,277.8179,-0.4809723663829778,-1.1020274690264826,False,26.5337,-0.38712356094376094,-1.136077883359605,False,26.5378,2.3152991679770323,0.6266,False,26.2587,-0.6456923847670729,-0.6769703973082815,False,b'VFID5858',2697.657881457813,9.102474293080096,-0.8294281601093725,0.4551257722216948,0.7683617083156222,1.7829294340209962,0.4933703096972657,False,False,False,False,True,2.483199274719347,2.473581650455284,2.172503673812485,1.6692686341325267,0.6227,0.7091,0.6268,0.3383
359.1389,-0.2613326541439005,0.011818867824784493,False,359.4927,-0.19822074103883058,-0.14859958273559004,False,34.5015,-0.21686934058503693,-0.4120717768947315,False,34.449,2.2606611848796936,0.6685,False,33.5922,-0.5297883732335995,-0.20907928019201544,False,b'VFID5864',2317.52987970529,8.831651153278454,-1.315867649046018,0.18502311416263306,0.76499049897952,2.25871402459717,-0.39272681246581875,False,True,False,True,False,2.8957746926241525,2.9298506330766068,2.373147262824097,1.8154351087396878,1.0626,1.1025,0.9067,0.6415
660.8882,1.4229516295788407,-0.2197500274562397,False,660.2138,1.4819709087647452,-0.21427801618369197,False,62.6112,2.4228566269745926,0.1657880451283228,False,62.8253,6.3496604171128945,1.0608,False,63.0041,1.5552815408653198,-1.10736232528891,False,b'VFID5873',2575.85788464498,9.062913197572636,-1.2128465675990496,0.10330925087216758,0.810517140705261,2.058349063964844,-0.9399755050683609,False,False,False,False,True,5.737343539952848,5.641132429358552,5.484048660876719,4.4449154401023145,0.967,1.0754,1.1301,0.0594
206.7063,-1.098495968023313,-0.8497821368976035,False,206.7684,-1.063714209707294,-1.1502562817798856,False,19.7102,-0.922783199949724,-0.846630640367753,False,19.4351,2.0262140078386772,0.7641,False,19.3011,-1.5825778050349777,-0.8988791791068271,False,b'VFID5878',2085.891949153755,8.576656722465316,-2.2667002467032575,-0.5621168186287027,0.31647606739655215,2.7155069161376932,-0.9879712237573255,False,False,False,False,True,1.4833900875809642,1.5332262142633992,1.5412319659372355,0.48776303152567313,0.7069,0.6892,0.7387,0.1945
177.0165,-1.5825584606969965,1.5213767709538037,False,176.8026,-1.614195649883015,0.8123413346877423,False,17.008,-1.7846552891297076,0.9976578694909641,False,17.0166,0.773233117046569,0.6939,False,17.2081,-1.5714009093947767,2.1427217174504305,False,b'VFID5896',2017.4643318739027,8.138861073179099,-1.697160717784908,0.357139220510833,0.9549730253147047,1.835536823181151,-0.05523423431152352,False,True,False,False,False,0.6667245682058269,0.6449285560087684,0.5255208201127859,0.5018582074489718,1.6858,1.499,1.4517,2.1655
877.8597,0.8338083506397987,-0.6242689135643047,False,877.386,0.7610604870514422,-0.6514879569230843,False,84.4162,0.6204693190870064,0.025073746479915743,False,84.4628,3.5094686159084194,1.1292,False,84.573,0.5429375845877693,0.5473858438528184,False,b'VFID5905',2167.4343303262176,10.228081107072809,-0.5038244494461073,-0.1184189840139589,0.9429464680039981,3.9738346425170885,0.8209497258984371,False,True,False,True,False,4.743395425477749,4.477817932842799,3.359945907467284,3.1682491261307635,0.8,0.895,1.0757,1.1317
108.7096,-1.447982256552109,0.10483398894184856,False,108.9469,-1.4770046385793654,0.08697029664284084,False,10.5013,-1.5771640360034265,0.05844165921087968,False,10.5,1.180283217002041,0.6635,False,9.6987,-0.9565032397198687,-0.7212595630775323,False,b'VFID5912',3367.7987383957316,8.644070595687527,-1.3569734438924987,0.29375895911544614,1.658734536285557,1.9822789216918935,0.055506879511717955,False,False,False,False,True,0.8937691075306443,0.8663101416181129,0.7700480314092585,1.2773052642972424,1.101,1.1997,1.0886,0.3096
603.5458,0.4697996013980026,0.05590415960422631,False,603.514,0.38064580896668887,-0.05868556498929611,False,57.3489,0.45528283652814566,-0.7491135620764858,False,57.3027,3.4154330901455516,0.6499,False,66.6797,0.8833770057224767,2.5677125276543213,False,b'VFID5919',2255.122937380451,8.578030609198816,-1.4228224771502567,0.28066347342614995,1.1365765997047685,1.9471989925537088,-0.07221913561035187,False,True,False,True,False,4.129273491314501,3.863952608699434,3.165274617398935,3.597577061775094,1.0808,1.1396,0.7764,2.4409
393.8468,-0.8136410940159969,0.07697789798231097,False,394.4117,-0.7389762721259023,-0.19464719290215607,False,37.6017,-0.458717763078296,0.37142750730752033,False,36.3748,0.0005460934353019264,19.7835,False,36.9615,-0.4207359180307165,1.4967480313525772,False,b'VFID5937',2243.5500680376476,8.93889524447357,-1.3662119570222393,0.04901091666821489,0.9352678139336805,2.0219055249633815,-0.7937701008032221,False,True,False,True,False,1.9639709157769336,2.05724742269489,2.0881303311815116,1.9529610900527445,1.0895,1.0835,1.2096,1.7469
508.6664,0.3383034938797946,2.0751074138538264,False,508.4144,0.16013110608440273,2.0328453599447163,False,48.5915,-0.0758953317095664,1.9645513407184372,False,48.6094,2.493021589998962,1.3621,False,49.1269,0.1716380779064908,-0.8638490723834128,False,b'VFID5949',2018.6827970648155,9.161565306832303,-0.5580979481670788,0.679253360865775,1.0632931335758689,1.6367858427734383,0.5158887101269531,True,False,False,True,False,3.9074254064752587,3.5081137376949507,2.5392842962470095,2.700003556396477,1.9144,2.0026,1.8255,0.2172
552.6935,0.7697813728035209,-1.2329850577496748,False,552.4695,0.7453084038909679,-1.3097264264619923,False,52.8988,0.8106760920294835,-1.0654620680452391,False,52.8593,3.5028482313176004,0.5928,False,52.7585,0.639480797277743,0.05974206743876807,False,b'VFID5955',3097.519922552382,9.444482525863238,-1.2215501894354641,-0.21019660943965035,0.9179421702505333,2.732238452026367,0.3322262773876954,False,False,False,False,True,4.635375023360097,4.452399203776085,3.5841034613715848,3.2899997097338805,0.5487,0.6234,0.6541,0.8157
246.0756,-1.2383573886756023,1.2663118685156047,False,245.8243,-1.1537694929055262,0.564411307317233,False,23.6009,-1.1532369519574357,1.0799136543626433,False,23.5645,1.2930201797771552,0.901,False,21.607,-1.619137751423227,-1.0383823353974289,False,b'VFID5990',2069.3685782672437,8.578672593029792,-2.2623410422345125,-0.5593679161810381,0.34785928231632113,2.7689696623535145,-0.6712724145678699,True,False,False,True,False,1.2474288192193925,1.3879063336278024,1.2696435858865445,0.4416573065840138,1.5805,1.3967,1.4835,0.1041
632.4242,1.3630411664560838,-0.730364286088456,False,632.0702,1.3192487393604846,-0.2799564496317934,False,60.516,1.4172602583496026,-0.2920507574593255,False,59.9577,0.005185341596595485,2.201,False,60.7179,1.8481713193859692,-0.7456417518982347,False,b'VFID5992',2878.071181864055,10.374819916935108,-0.35787708925152545,-0.08968837684723491,1.119870696933877,2.7050136107177742,0.13747360239990236,False,True,False,False,False,5.636268141171365,5.378551874450512,4.298959304073453,4.814278551943113,0.7562,1.0483,0.9531,0.2938
629.012,2.0656331943120274,-0.31252292169539475,False,628.8678,2.0498460359508783,-0.2918318859379075,False,59.8287,1.5757748046284281,-0.4493196794781333,False,0.0,0.0,0.0,False,59.8169,1.1820089398132818,-0.08022404180412551,False,b'VFID5995',3029.7769791707055,9.764029621860928,-1.8962351245776712,-1.1401396665979742,0.885953490636066,3.9151941166992206,0.5075674257885741,True,False,False,False,False,6.821616504289851,6.557497830341859,4.485767756803248,3.974181602322553,0.9287,1.0434,0.8923,0.725
513.0076,-0.5348837473898795,0.03313483308077815,False,515.2666,-0.5268542971613452,-0.3550867609561899,False,49.7462,-0.43583938184673787,-0.3233493422689896,False,49.69,2.445872525340025,0.9014,False,48.558,-0.47030433466681193,-1.118010243191622,False,b'VFID6017',2118.3358310158446,9.016843191118856,-1.386780807320093,-0.033823705169717666,0.8937909381259134,2.3254785044555657,-0.6759189383007804,True,False,False,True,False,2.4342645590721146,2.3995431657906336,2.1150923677842095,1.890450391624808,1.0714,1.0173,0.941,0.0525
556.7479,1.6367365885241514,0.8663952930878108,False,556.2961,1.715267508146185,1.293660038849845,False,53.4863,1.2580320379401053,0.9304047120487107,False,53.3712,4.302056504789544,1.225,False,52.322,0.7643335954282806,0.21606584766263937,False,b'VFID6037',2437.7625178233347,9.832727955105062,-0.7001587428359463,0.0010596477281173966,0.8385287582257928,2.35361307836914,0.1445282741479481,False,False,False,False,True,6.098021772978764,6.017597116057433,4.111309790613057,3.4474514934043112,1.4154,1.6976,1.4257,0.917
422.0209,-0.23278790712870145,-0.671745381634473,False,422.0367,-0.19497771581926837,-0.7675764057114264,False,40.4912,0.043163190393840666,-0.6557351396278186,False,40.4994,2.8879787423920242,0.6751,False,40.5286,-0.1978115227731891,-0.3081512119824648,False,b'VFID6048',2873.585145103606,9.428578620140803,-1.028092274389122,-0.004034460312396071,0.8337422957281141,2.602926602416991,0.25755429135498176,False,True,False,False,False,2.943932752790806,2.9350838189716266,2.679594058477358,2.234090901934327,0.7804,0.8471,0.8125,0.5773
484.6327,-0.14628903266772308,-0.9779201553114755,False,484.124,-0.0015134069736090162,-0.9275312620794967,False,46.4766,0.30361663113521914,-0.9322490831115449,False,46.6219,3.0941020866249036,0.6411,False,47.4096,-0.028968211911470802,-0.8596824958127864,False,b'VFID6060',2471.1493238629955,9.92979416022575,-0.2869910072750031,0.3366897134411168,0.819350029815146,2.464023966918946,1.0295619235449216,False,True,False,True,False,3.0898656629133425,3.2472721689523123,2.986536893789549,2.447019092970501,0.654,0.7811,0.7056,0.2199
200.6869,-1.2502196916947053,-0.42176724363236306,False,200.7054,-1.279699765365779,-0.5412160483663084,False,19.5345,-1.3328188607097076,-0.568306034952889,False,19.4497,1.2145009161898122,0.7169,False,18.668,-1.3157366626971057,-0.7390060929153853,False,b'VFID6071',2000.4641272296844,8.569186940705615,-1.749011740564569,-0.03846135961285402,0.7790836314086186,2.1943082442016593,-0.6522623521289077,True,False,False,True,False,1.2274158374191035,1.1846959109583268,1.0580073714203622,0.8242762249832627,0.8836,0.9405,0.8463,0.2981
547.9998,-0.35524709127663423,0.49481926237537255,False,547.9968,-0.4582205065565261,0.6279085381784973,False,52.3258,-0.8824120507269133,1.033353776133391,False,53.3303,0.007849222803574736,7.1984,False,52.3751,-0.9228677031012522,2.683913718679568,False,b'VFID6074',2923.913682414957,10.337450677918172,-0.33083928443291816,-0.0327995676161103,0.8306366047745357,4.2615490095214845,1.5969088228808594,False,False,False,False,True,2.7373309302202546,2.510295738033465,1.5888091258779466,1.319723017954055,1.262,1.4229,1.4655,2.5162
848.7381,2.7071166706279812,-1.4289466019780728,False,846.4524,2.5604682992568444,-1.516455960525574,False,80.7092,2.2927062997078167,-0.9865689410456726,False,81.1541,5.958223267188224,0.598,False,79.8754,2.256050538326797,-1.071560630311676,False,b'VFID6093',2724.4316039043465,10.167382271610402,-1.6307967730092914,-1.1969043366650007,0.9996224677716391,4.68433064691162,0.21043436115478542,True,False,False,False,False,7.903868164530121,7.381475766096748,5.330667272040541,5.328654773346678,0.4678,0.5381,0.6846,0.0826
352.1837,-0.7288403668756628,0.41730666144448575,False,352.8992,-0.828646972167249,-0.014334445723603902,False,34.091,-0.9883060671566797,-0.021486131749336626,False,34.134,1.7662968971851642,0.6975,False,33.9286,-0.9886415220486601,-0.21602357447639264,False,b'VFID6097',2916.885305583636,8.832656975021354,-1.250079561268932,0.250007739250208,0.8447842630483166,1.924203835937499,0.4335282820263675,False,False,False,True,False,2.1070388686169315,1.9125481339498327,1.4640136555127727,1.2367756970650299,1.23,1.1579,1.0577,0.637
757.7198,0.9730742166640538,1.5572263488843388,False,756.5545,0.6997666640343152,2.273504712025767,False,72.6078,-0.6573337614346356,1.3432356323480812,False,72.6392,1.8385544401632634,1.3825,False,72.5987,-0.5176488974024851,-0.3445701775627547,False,b'VFID6106',3118.7034823620143,10.492483462020775,-0.25217442036793153,-0.07797678447319961,0.9874230990696123,3.382435708068847,1.539161891860351,False,False,True,False,False,4.97835192908894,4.37890967640057,1.8540625549973169,1.8307441939243743,1.7006,2.1019,1.5853,0.5537
1392.3245,-0.4224640048041409,0.566760645114352,False,1391.7448,-0.4673649267627677,0.7275167896440683,False,132.5411,-0.49165791334046804,0.3706515093370329,False,132.505,2.3398069402664414,0.9363,False,132.3962,0.08199796140089192,-0.5834539009453338,False,b'VFID6115',2381.992397527258,9.782679861916217,-1.0974857515632557,-0.3562883330628386,1.2623555034344112,3.075796548156738,0.670411084460449,False,True,False,True,False,2.623928763294382,2.4955396237261276,2.049310559446876,2.5869584629640157,1.2917,1.464,1.2093,0.3989
396.9265,-0.09966629012451915,-0.6419514756516634,False,396.2302,-0.060528377481414763,-0.5186769549689895,False,38.1974,-0.032488901541881034,-0.4938102297860855,False,38.2297,3.169482039904435,0.8242,False,38.8643,-0.057929611062401035,0.7284004481989202,False,b'VFID6131',2267.317289164746,9.155509975472809,-0.9884082916213404,0.25378009003826985,0.9305358438199767,1.9924881685180669,-0.5146229873095702,False,False,True,False,False,3.1685232470683005,3.1520412378471403,2.590438516780727,2.410495891076322,0.7927,0.9498,0.8751,1.249
522.0316,0.17762272750375932,0.4800434228229223,False,522.1904,0.09843765056172969,0.43426621963593914,False,49.9627,0.16604347424063295,0.8879834896620586,False,49.9857,3.240864352887633,0.9033,False,49.9432,0.4456509744956795,-0.027138769941330167,False,b'VFID6133',3867.3249182566897,10.001986829620604,-0.22030174105998487,0.3457105938567723,1.0783007696862048,2.436983220703125,0.8629388991894533,False,False,False,False,True,3.6363396613242918,3.4085606046175974,2.824407744257586,3.0455610445406327,1.2559,1.343,1.4093,0.7594
1005.5334,1.5735143178953113,1.7594857919383715,False,1006.5455,1.3460401131706685,1.0784480502818956,False,95.8723,0.9338570167105413,0.0923269039221686,False,94.8537,2.180749309240146,0.9473,False,92.6894,0.3958605726374027,-0.9638469100784459,False,b'VFID6164',2162.514744193473,9.300238174898146,-1.3214983663174493,-0.1949206375187016,0.7998265720822842,2.7756434985961906,-0.7563083604223628,False,False,False,False,True,5.9913589985217,5.421784421236129,3.7292714505920648,2.9827704006913787,1.7841,1.6088,1.1017,0.1524
412.8994,-0.4233858516501514,1.9460004879283177,False,412.9931,-0.5169165895617241,2.2100074811645025,False,39.5141,-0.7005600535194552,0.8680662084195451,False,39.5015,1.8972103521944437,1.2313,False,39.6165,-0.19445367808205105,-0.8295905539138182,False,b'VFID6179',2950.4828652994274,10.213066404806785,-1.1836608489207396,-0.7862614559860113,1.241362028301887,3.7654352421875004,0.6425584297558586,False,False,False,True,False,2.622373508457092,2.415579387441167,1.80312062612596,2.2383254777206902,1.8611,2.0757,1.4016,0.2394
465.091,-1.0447755194492392,3.2479699566893063,False,464.8246,-1.046080881251107,1.647499569603455,False,44.4323,-1.1964664468752677,1.751410564824527,False,44.4013,1.2751848183791372,0.8345,False,44.4221,-1.1894655077355958,0.6353469047882644,False,b'VFID6195',2153.3310427812494,9.143598565361067,-1.5828264074206033,-0.33112304592306385,0.8070225702734536,2.920706496887208,-0.39068811024169925,False,False,False,True,False,1.5740222656567529,1.5616806601932485,1.2186978824954768,0.9835166975183148,2.3986,1.8436,1.7431,1.1887
988.7715,1.923002480064118,-0.5135712303598822,False,989.5982,2.0260621413729787,-0.20628027336528826,False,94.6121,2.336303114683728,-0.28506677572493755,False,94.6673,5.075231436701596,0.8729,False,93.9395,2.033689751213937,0.5581880794062943,False,b'VFID6222',2113.35603226335,9.482844559547415,-0.8732965586355784,0.10741296044530657,0.9379770924860807,2.1356344771118163,-2.374168711381836,False,False,True,False,False,6.580983139604357,6.519118374985509,5.382045859941688,5.048235727334853,0.8457,1.0787,0.9558,1.1387
287.6559,1.1485227518262195,0.6418509772661483,False,287.2819,1.2917479112422885,0.7801080075711461,False,27.0895,0.9774429601086365,0.42005671345807255,False,25.0247,2.7924373861524696,0.2729,False,25.0009,-0.3832098825246854,-1.1197077373500253,False,b'VFID6257',2727.8573803103154,8.64761604258115,-1.4888710953957383,0.15902916134297285,0.5290867728306793,2.3190856909179676,0.5032946020141615,False,False,False,False,True,5.274352489471971,5.334174499602672,3.780637226403229,2.000285149361215,1.3227,1.4857,1.2284,0.0514
1239.1172,0.11102992144379409,-0.13884625023462668,False,1238.9714,0.20788988475660702,-0.2954672235826365,False,118.0423,0.4460035277522407,0.497397844516664,False,0.0,0.0,0.0,False,117.9943,-0.24964075519700446,-0.02683013463980215,False,b'VFID6269',2107.3722901284264,9.467047800476756,-1.619292699563448,-0.6259645364553725,0.6875383670963781,2.966896413330076,-0.10851934258788987,False,True,False,True,False,3.5239904308618715,3.585180843249096,3.1543390070368442,2.168729090166523,1.0004,1.0419,1.2583,0.7596
303.1534,-1.5954100497282315,-0.4564056871733533,False,302.9584,-1.5908180261878737,-0.21621686292754716,False,29.2179,-1.7486220601192557,0.3093476696685172,False,29.1876,0.9576972763849928,0.7268,False,28.6002,-1.5123167922771497,-0.5720343947888022,False,b'VFID6338',2570.7798289029556,8.312312409502232,-1.973603242497506,-0.05785834953176194,1.014759846693305,2.404648626586912,0.09313011723144626,False,True,False,False,False,0.6450425544372769,0.6826524225524311,0.5679857668089746,0.5763691496510545,0.8693,1.0746,1.1856,0.4063
673.3099,-0.06469367248106338,-0.5610476984300504,False,673.4013,-0.08469687365366983,-0.6686952217748009,False,64.3127,0.08056022308784488,-0.38077319208506744,False,64.2668,2.921344132792356,0.7734,False,63.9842,0.014541297838722338,-0.19256729156027377,False,b'VFID6342',2167.933344920783,9.354473405872051,-1.752471747342034,-0.6692177832681252,0.9185739689095394,3.1671036876220704,0.4287470240185538,False,True,False,True,False,3.22752581674468,3.1130411608481827,2.7236662397266675,2.5018889078106454,0.8261,0.8879,0.9188,0.6522
147.6707,-1.6283144615415814,2.035139978998837,False,147.8246,-1.5900756418972009,1.4419818147547827,False,14.6713,-1.7064764724529355,0.28555039857356573,False,14.6753,0.8820666595372755,0.7311,False,15.1082,-1.2616225343457514,3.2104455430861316,False,b'VFID6375',2257.491306205141,8.455414877553663,-1.2661051309220492,0.5353277632548097,1.4450151455287765,1.4545372741699207,0.45609155078125063,False,False,True,True,False,0.5895292705741587,0.6838503888757262,0.6176540919321745,0.8925195175398153,1.8979,1.7588,1.1764,2.8574
671.2426,1.4039488860975358,-0.9534552406426644,False,672.923,1.5660049900826711,-0.7743623693149201,False,64.3926,1.9461194960367596,-0.5597700572775263,False,64.3849,5.032150129875295,0.8944,False,63.8772,1.3113657603835696,-0.41571061456493097,False,b'VFID6385',2132.729449484465,9.90590186506642,-0.5713043005260162,0.07146187729301967,0.8405386416861826,2.7100155823974603,0.4906526297167968,False,False,False,False,True,5.705283866647042,5.7767360522971645,4.92221677932381,4.137313405777772,0.6641,0.8443,0.8496,0.5076
269.7878,-0.7650550800893755,-1.6178835667471094,False,271.6248,-0.7497148735150512,-1.6223654639086755,False,25.5689,-0.5861359290042536,-1.4195758085777193,False,25.2986,2.3237699147592608,0.5432,False,24.2396,-0.3369978138939041,-0.7386974576138574,False,b'VFID6388',2153.6256857652197,8.561195025320263,-1.2966048386637328,0.4203295818806667,1.0622272053818123,1.771502196166992,-1.155920892915038,False,False,False,False,True,2.045940750040668,2.039918819456485,1.9379687782825898,2.0585631594723206,0.3898,0.4944,0.5172,0.2983
666.8376,1.2338078316188699,0.28262851732707034,False,666.998,1.2083612029310205,0.21929658691097179,False,64.5058,1.8985113741703246,0.5237817755132403,False,65.8855,4.943833694809887,0.8762,False,73.2556,2.463475268619089,-1.1027327957659918,False,b'VFID6390',2000.8930101729952,8.90262098302376,-1.6901162859590777,-0.24591708930661693,1.1488102293605167,2.199776846923829,-0.3560004498046876,False,True,False,True,False,5.4182375973618875,5.19961552573642,4.866110890040964,5.590237967681668,1.1744,1.2543,1.2685,0.0624
595.3063,1.2791765457355233,-0.23452586700868996,False,594.3378,1.277248481349963,-0.25741735623447415,False,56.7425,1.175012740437902,0.20924393147562478,False,56.7989,4.032174108375978,1.2283,False,56.86,0.29956557470066775,0.03644010217341313,False,b'VFID6399',2317.0519221626405,9.963900739635939,-0.6750859543128442,-0.0786499856776548,0.7129320477215755,2.8987565639648434,0.9834119569189443,False,False,True,False,False,5.494779500604194,5.310777144706804,4.013472040847042,2.8613328405543728,0.9609,1.0576,1.1469,0.8006
340.172,-0.8896305931653512,-1.2429163597439448,False,339.8883,-0.8832016614901809,-1.3322655198593112,False,32.3974,-0.7042240820951466,-1.2421309393262354,False,32.3544,1.788568055568952,0.561,False,32.6651,1.869601665936261,1.377151852010524,False,b'VFID6445',2050.748908120672,8.609896239411832,-1.6016921716867585,0.07633912438985258,2.691403923179624,2.212435625488281,-0.15421833451416056,True,False,False,True,False,1.8357684528116849,1.8245146431987187,1.7988025901787814,4.841304348232841,0.5446,0.6141,0.5858,1.6694
213.8307,-1.3513981747436736,0.01666340538296492,False,214.0381,-1.3769941211544048,-0.06741037533664553,False,20.5223,-1.4797484581561309,0.36185686567150727,False,20.5444,1.0763623954895478,0.8705,False,20.6518,-1.032405075354038,-0.12050094865351386,False,b'VFID6446',2136.1748282347176,9.049143050239485,-1.298530084758736,0.02862549553842131,1.3353486146753077,2.645829007019044,0.8430497277612314,False,True,False,True,False,1.0567168478064626,1.0276945261689672,0.8848517121857974,1.1815855080603788,1.0646,1.136,1.2059,0.6989
584.7316,0.13335087545346583,-0.7078371864429172,False,584.3701,0.12202378560274718,-0.6883260450563368,False,56.1019,0.23040143982939307,-0.9330250810820323,False,56.2333,3.1620426844174334,0.6717,False,56.46,0.24421515340491845,-0.46478362750786395,False,b'VFID6451',2471.1493238629955,9.15761855343104,-0.9901317970076056,0.25037222683281524,0.9625126646403241,2.185910837707519,0.21366896915283107,False,False,False,True,False,3.5616482824309363,3.446620940525608,2.9002532250333757,2.7915304597585684,0.7655,0.8798,0.7053,0.4758
322.1477,-0.35572228759916735,-0.4481699733244464,False,322.1627,-0.2652543912134737,-0.5174651757540797,False,31.0487,0.12902446719899716,-0.526402144546562,False,31.0068,2.917424476512158,0.8078,False,31.9329,-0.04337512167088006,1.3557016985543362,False,b'VFID6459',2372.3033509084757,9.015068179883087,-1.8531166355041466,-0.4987416327054013,0.8734418468821566,2.846489671325685,-0.4666134758911138,False,False,False,False,True,2.7365292228840734,2.8216801660479858,2.780781063997737,2.428850548313113,0.8727,0.9503,0.8625,1.6555
296.2259,-1.1262428466916332,-1.3097709780468343,False,296.7629,-1.1156151197526463,-1.4798602282353035,False,28.7751,-1.002695515533713,-1.6422872261076429,False,29.1545,1.5507211317459009,0.3546,False,29.9987,0.9523691714920797,-0.7741905172895637,False,b'VFID6494',2055.6771252952317,8.209864647811493,-2.6979004478922866,-0.7003190319805732,2.5462619334032914,3.341128120605468,1.0250274392651342,False,False,False,True,False,1.4365781171811463,1.449475058475379,1.44705577593609,3.684583037777429,0.517,0.5532,0.4311,0.2753
267.662,-0.8750412712853257,-0.21732775867714949,False,268.2579,-0.7913596236597139,-0.5397619133084167,False,26.0154,-0.8059853260848282,-0.4648396388878841,False,25.9923,1.8684841988923795,0.8164,False,26.7489,-0.8896920178691737,-0.562312382790674,False,b'VFID6519',2264.6704263172255,8.729532297094384,-1.7239347010210444,-0.14147014860115248,0.8109947262254843,2.2875555941772454,-0.6964930174438475,False,True,False,True,False,1.8603822089089042,1.972717763558407,1.67887756762512,1.361560853322241,0.968,0.9411,0.8863,0.4126
611.351,0.3176954540441785,-0.1725157862639804,False,612.9988,0.2809754005044053,-0.03808531833583262,False,58.4708,0.42855548021102746,0.629576165489708,False,58.5267,3.636668887479721,1.056,False,61.6278,0.32781427879285147,-1.0851405835789028,False,b'VFID6543',2346.379147788418,9.254416060053266,-1.333691978626006,-0.17051098499209516,0.9244300553082423,2.2604887380371093,-0.47690939308105484,False,False,True,True,False,3.872657425459629,3.7031170491825374,3.133776586483991,2.89695726316707,0.9865,1.1481,1.3094,0.0738
1116.179,2.866738253517117,-0.9706533489742049,False,1117.8801,2.594266050636265,-0.687841333370373,False,106.8813,2.1848910925818155,1.0618070350512672,False,106.676,5.465760521434734,1.0757,False,106.4331,1.3679940327732467,1.2498397901302734,False,b'VFID6550',2027.3828382518554,9.791725149226348,-1.343969961060352,-0.6099980285080122,0.8088094903832654,3.6468458796386702,0.4390097340625001,False,False,True,False,False,8.17316695315061,7.436014323100646,5.203607689833346,4.20872728376855,0.657,0.88,1.4765,1.5869
967.3959,2.873032710793326,-0.5947172344594042,False,967.708,3.019806786346878,-0.0354194040630312,False,92.4802,2.736388323997523,-0.11227789429637901,False,92.4508,6.103585715166331,1.064,False,91.7246,2.763749128356467,-0.45182094484369295,False,b'VFID6551',2274.760958453673,10.65091612993475,0.032811645273052796,0.08045133154393136,1.0197092966266645,2.8645812886352555,0.8339614432446272,False,False,False,False,True,8.183786379977644,8.122698398958,5.853543906439708,5.968913139608933,0.8122,1.1492,1.0226,0.4842
547.2211,0.5937811770476941,-0.7543447470014492,False,548.702,0.5521252051915654,-0.9129899115005812,False,52.3857,0.808582420420341,-0.7708415052501368,False,52.4004,4.0179760775401965,0.7068,False,51.4918,0.8348492855673416,-0.5885463834205438,False,b'VFID6558',3183.726599334895,9.045886871289518,-1.1338943103419568,0.1958623454590218,0.9873640716836692,2.1546404364624028,-0.3736630670751957,False,True,False,False,False,4.338443752186497,4.140664473965685,3.581636081796588,3.5363787850118222,0.7463,0.7871,0.768,0.3956
258.5027,0.252661853288116,1.0977219614909257,False,258.9429,0.2706047957295742,0.7692019946369596,False,25.7308,-0.35707746279709734,0.6776880396599358,False,25.5257,2.8846298035263005,1.065,False,24.0602,-1.5899937035981426,-1.0957885014816147,False,b'VFID6563',3000.7580612150596,8.752869443436971,-1.831342805136673,-0.2675202501664058,0.21668013418545998,2.4114817712402328,-2.023423218530276,False,False,False,False,True,3.762938742144729,3.6863822725600484,2.2079128222919744,0.4784108466040228,1.5109,1.4812,1.328,0.0669
526.2499,1.512020037239922,1.2568650202771527,False,526.2429,1.1911802332066597,0.8891681369130121,False,50.8023,1.6862652862304393,1.5527550843797167,False,50.7276,5.7870772069973295,1.4806,False,50.1043,-0.016538918487417276,1.5110995728736238,False,b'VFID6578',2264.1176446743984,9.444387682972554,-1.7260486220642037,-0.7146192804092606,0.5335147889253176,3.050263668884277,-0.07093401094726559,False,False,True,False,False,5.887611529114091,5.17189103938894,4.615980134114886,2.462693666935762,1.5766,1.5307,1.6663,1.7562
219.5768,-0.6654448647413846,-0.7422334031059982,False,220.1807,-0.6852811711479704,-0.6539115153529035,False,20.811,-0.572250479088858,-0.5005355455303107,False,20.6114,2.321101254156691,0.7429,False,21.2836,-0.48628215719548445,-0.5137023228000329,False,b'VFID6579',3196.7833101439783,9.214049972535815,-1.0447991225189122,0.1506267947018407,0.9570022397736649,2.284022652465822,-0.0027735875659189446,False,False,False,False,True,2.2139939032666396,2.1438938179724807,1.9543326986611615,1.870300769881643,0.7513,0.894,0.8725,0.4441
538.3214,0.7157130753181398,0.5398734616664503,False,539.2436,0.824984243403632,0.7292132805449415,False,51.5006,0.873973923729783,0.008260457119351956,False,50.9732,0.004215957303426519,0.6012,False,51.3525,1.0473960962167155,-0.647341408361605,False,b'VFID6602',2316.855719494522,10.394692192577349,0.0050086293264711024,0.2573231253033273,1.0398288648031946,2.7862495287475575,1.3449844157446282,False,False,True,False,False,4.544155986735843,4.580970044667612,3.658699580646876,3.8044214315999647,1.2806,1.4647,1.0692,0.3575
306.2884,-1.6505403254845727,1.3716805604060291,False,306.4619,-1.6549392926518816,0.8261556177377116,False,29.5922,-1.8259448363725463,-0.08977395315223999,False,0.0,0.0,0.0,False,35.3798,0.7717469518221853,-1.104584607575159,False,b'VFID6623',2528.6809912765975,8.325885932196817,-1.4220651814582885,0.4828370158436275,7.249068501003153,1.5869655447998046,-0.05525774615234269,False,False,True,True,False,0.5520318461810648,0.579181593770052,0.47686133355196925,3.456800472397938,1.624,1.5047,1.0313,0.0612
664.6691,0.5169501752255984,1.1204912880143738,False,664.9046,0.4114813841420329,0.8511182695648498,False,63.6434,0.17608753074722128,0.33599026665525594,False,63.5721,3.1320546006883907,1.0373,False,62.9441,-0.05855176310710608,0.5066459840511383,False,b'VFID6637',2197.3545662350302,9.124800352366652,-0.8887382739137617,0.37798132965361053,0.8496133552943804,1.757341698059081,-0.10046414429687545,False,False,True,False,False,4.208821583650808,3.913711178598628,2.8362446052850023,2.409711295531776,1.5203,1.515,1.1959,1.1053
786.7022,1.2497887741807816,1.4181881209645608,False,785.7898,1.501312105929656,2.6062592844399495,False,74.9884,1.2082818439759202,1.7237333038771379,False,74.9909,4.474555603007141,1.9813,False,74.5004,0.8911908307874928,0.2689968018746708,False,b'VFID6667',2329.003934973807,10.666796623822313,-1.1450475180127417,-1.1100933641632158,0.8901348077281479,4.511931306396486,-0.9281288058862316,False,True,False,True,False,5.445199167314025,5.672342818838617,4.052679482066427,3.60743107155301,1.6432,2.2392,1.7324,0.9513
216.6901,-0.6886119742382588,-0.9440083924042125,False,216.9942,-0.6902013797548104,-1.0845778483317838,False,21.3372,0.4114163010625301,-1.8505133481884657,False,21.2067,3.4187069056050263,0.2188,False,22.7125,-0.26877558490145376,-1.115232525477871,False,b'VFID6682',3134.529109351436,8.17360393018337,-1.8327270637664037,0.19381985613717867,0.688788928590862,2.3049253660888667,0.916028794233398,False,False,False,False,True,2.1749084963284084,2.1359542046365885,3.11357816550023,2.144598168698805,0.668,0.7163,0.3506,0.0543
667.829,-0.3233963304464443,1.008340243542497,False,668.9435,-0.13803816256708093,0.8111295554728323,False,63.8737,-0.17834158879893425,0.454976622130012,False,63.7926,2.2816680782994863,1.0685,False,63.5496,-0.5735054133399945,-0.7900852353182495,False,b'VFID6689',2040.1725203470633,9.961966470740045,-0.2839809639199083,0.3140001223271269,0.7278336727560109,2.5373002884521476,1.1165398403100575,False,True,False,False,False,2.791066591482106,3.0269657029454757,2.4185519898177916,1.7603035775004416,1.474,1.4985,1.2419,0.265
387.498,-0.7684249803151811,-0.6538205926692056,False,388.0472,-0.7567647611839663,-0.5244934952005555,False,37.0064,-0.7201451453924046,-0.2630801665611238,False,37.0092,1.9019975866873509,0.8601,False,36.7468,-0.8209116345876327,1.0933616922556382,False,b'VFID6717',2017.6298004762612,9.255832624338773,-1.1738720345109905,-0.011822609724871702,0.8136333932363993,2.4956470402221704,0.06044747958251939,False,False,True,False,False,2.0402553656950455,2.0285425981160228,1.7800397115017526,1.4482997505647124,0.7878,0.9474,0.9643,1.4855
706.0273,1.2471015016069262,-0.9849447347708371,False,705.8812,1.194116253678036,-0.8407678702919676,False,67.6743,1.310454128474713,-0.5579593953463888,False,67.8467,4.2835475253075455,0.7389,False,67.3308,1.1124653312171051,-0.46663543931703116,False,b'VFID6719',3056.277692797411,9.92997185303053,-0.5024485031869494,0.12109027434704855,0.9313197688227377,2.6686861741943364,0.8440424789990235,False,False,True,False,False,5.440665449280826,5.176628819664472,4.173088913422428,3.8864802021253064,0.6511,0.8169,0.8503,0.4746
556.7969,1.3255954407408448,-0.6150642922037621,False,558.0436,1.4228274103538159,-0.6066521259714281,False,53.2932,1.9708512400309541,-0.7806708128763123,False,53.154,5.594088427299399,0.7187,False,53.7761,1.4364626706591228,-1.1166213843347466,False,b'VFID6738',2484.768570734591,9.28129127757179,-1.2114775806815659,-0.0697648389531671,0.8674526681253504,2.180232663574218,-0.3487073904785145,False,False,False,False,True,5.573093172024913,5.545694096101314,4.951362992951032,4.295073039092493,0.8038,0.9135,0.7642,0.0534
304.3184,-0.7618253113797553,0.09151151065685226,False,303.6813,-0.6978760303022082,-0.3010414079712207,False,29.2127,-0.5303762056895386,-0.07684065364411462,False,29.086,2.2033343509361654,0.9041,False,28.1446,-1.1916536426620141,-0.17080850280255824,False,b'VFID6744',2405.370265922811,8.925775585691936,-1.2093072723729759,0.216395744945874,0.48947766843300533,1.8633476394042958,-0.39252606675048796,False,False,True,True,False,2.051389717437697,2.1235698196026447,2.003681281529712,0.9807572419660194,1.0955,1.0396,1.0363,0.6663
560.2919,-0.0910089230555219,-1.1777573295864179,False,559.2805,-0.1135483846575176,-1.2898532473374742,False,53.3278,-0.19273898768840672,-0.8525799581414908,False,53.4489,2.62505033987799,0.7072,False,53.6344,-0.29453429771556816,-0.3115462002992716,False,b'VFID6745',3037.7739644795743,9.808141007322218,-0.5873971743325651,0.13346157033192296,0.8794667274384687,3.030250537719727,1.2409914101196282,False,False,True,False,False,3.1831291570093336,3.066484223971901,2.401584740609349,2.112113872489868,0.5715,0.6316,0.7364,0.5751
306.181,-1.0079413283190837,-0.7230974797511854,False,305.6142,-0.92329372579006,-0.8509468156972085,False,29.9117,-0.6458431165943549,-0.3507679372262158,False,0.0,0.0,0.0,False,31.3205,-0.32863968088086976,-1.0135371936244346,False,b'VFID6750',2062.7109227706223,8.834329199612194,-1.7679677299992118,-0.2692162229014263,1.107891909101763,2.370300389038084,-0.822696616433106,False,True,False,True,False,1.6361655101455381,1.759819116278123,1.8676042117970952,2.0691035956543775,0.7592,0.8127,0.9304,0.1202
